timestamps_key,date,time,labels
858918_2022-05-02_06:45:00.000000,2022-05-02,06:45:00.000000,3
858918_2022-05-02_09:15:00.000000,2022-05-02,09:15:00.000000,3
858918_2022-05-02_09:30:00.000000,2022-05-02,09:30:00.000000,3
858918_2022-05-02_10:15:00.000000,2022-05-02,10:15:00.000000,3
859062_2022-05-03_07:00:00.000000,2022-05-03,07:00:00.000000,3
859062_2022-05-03_07:45:00.000000,2022-05-03,07:45:00.000000,3
859062_2022-05-03_09:15:00.000000,2022-05-03,09:15:00.000000,3
859062_2022-05-03_09:30:00.000000,2022-05-03,09:30:00.000000,3
859062_2022-05-03_10:00:00.000000,2022-05-03,10:00:00.000000,3
859062_2022-05-03_11:15:00.000000,2022-05-03,11:15:00.000000,3
859062_2022-05-03_12:30:00.000000,2022-05-03,12:30:00.000000,3
859062_2022-05-03_13:30:00.000000,2022-05-03,13:30:00.000000,3
859062_2022-05-03_13:45:00.000000,2022-05-03,13:45:00.000000,3
859062_2022-05-03_15:45:00.000000,2022-05-03,15:45:00.000000,3
859140_2022-05-04_09:45:00.000000,2022-05-04,09:45:00.000000,4
859140_2022-05-04_10:00:00.000000,2022-05-04,10:00:00.000000,4
859140_2022-05-04_10:15:00.000000,2022-05-04,10:15:00.000000,4
859140_2022-05-04_10:30:00.000000,2022-05-04,10:30:00.000000,4
859140_2022-05-04_10:45:00.000000,2022-05-04,10:45:00.000000,4
859140_2022-05-04_11:00:00.000000,2022-05-04,11:00:00.000000,4
859140_2022-05-04_10:45:00.000000,2022-05-04,10:45:00.000000,3
859140_2022-05-04_15:00:00.000000,2022-05-04,15:00:00.000000,4
859140_2022-05-04_15:15:00.000000,2022-05-04,15:15:00.000000,4
859140_2022-05-04_15:30:00.000000,2022-05-04,15:30:00.000000,4
859140_2022-05-04_15:45:00.000000,2022-05-04,15:45:00.000000,4
859140_2022-05-04_16:00:00.000000,2022-05-04,16:00:00.000000,4
859344_2022-05-05_06:45:00.000000,2022-05-05,06:45:00.000000,3
859344_2022-05-05_11:30:00.000000,2022-05-05,11:30:00.000000,3
859344_2022-05-05_13:30:00.000000,2022-05-05,13:30:00.000000,3
859340_2022-05-06_12:15:00.000000,2022-05-06,12:15:00.000000,3
859336_2022-05-07_10:00:00.000000,2022-05-07,10:00:00.000000,3
859336_2022-05-07_11:45:00.000000,2022-05-07,11:45:00.000000,3
859336_2022-05-07_14:15:00.000000,2022-05-07,14:15:00.000000,3
859336_2022-05-07_15:00:00.000000,2022-05-07,15:00:00.000000,3
859332_2022-05-08_07:30:00.000000,2022-05-08,07:30:00.000000,3
859332_2022-05-08_09:30:00.000000,2022-05-08,09:30:00.000000,3
859332_2022-05-08_10:15:00.000000,2022-05-08,10:15:00.000000,3
859332_2022-05-08_14:00:00.000000,2022-05-08,14:00:00.000000,3
859332_2022-05-08_14:30:00.000000,2022-05-08,14:30:00.000000,3
859332_2022-05-08_14:45:00.000000,2022-05-08,14:45:00.000000,3
859332_2022-05-08_15:00:00.000000,2022-05-08,15:00:00.000000,3
859332_2022-05-08_15:15:00.000000,2022-05-08,15:15:00.000000,3
859332_2022-05-08_15:30:00.000000,2022-05-08,15:30:00.000000,3
859332_2022-05-08_15:45:00.000000,2022-05-08,15:45:00.000000,3
859332_2022-05-08_14:45:00.000000,2022-05-08,14:45:00.000000,3
859332_2022-05-08_15:30:00.000000,2022-05-08,15:30:00.000000,3
859332_2022-05-08_16:00:00.000000,2022-05-08,16:00:00.000000,3
859328_2022-05-09_06:45:00.000000,2022-05-09,06:45:00.000000,3
859328_2022-05-09_10:45:00.000000,2022-05-09,10:45:00.000000,3
859328_2022-05-09_11:00:00.000000,2022-05-09,11:00:00.000000,3
859328_2022-05-09_12:30:00.000000,2022-05-09,12:30:00.000000,3
859690_2022-05-11_12:22:44.000000,2022-05-11,12:22:44.000000,3
859690_2022-05-11_12:22:44.000000,2022-05-11,12:22:44.000000,3
859690_2022-05-11_17:07:44.000000,2022-05-11,17:07:44.000000,3
859728_2022-05-12_07:30:00.000000,2022-05-12,07:30:00.000000,3
859726_2022-05-12_07:30:00.000000,2022-05-12,07:30:00.000000,3
859702_2022-05-12_07:30:00.000000,2022-05-12,07:30:00.000000,3
859728_2022-05-12_07:45:00.000000,2022-05-12,07:45:00.000000,3
859702_2022-05-12_07:45:00.000000,2022-05-12,07:45:00.000000,3
859728_2022-05-12_09:15:00.000000,2022-05-12,09:15:00.000000,3
859702_2022-05-12_09:15:00.000000,2022-05-12,09:15:00.000000,3
859728_2022-05-12_10:15:00.000000,2022-05-12,10:15:00.000000,3
859702_2022-05-12_10:15:00.000000,2022-05-12,10:15:00.000000,3
859728_2022-05-12_11:45:00.000000,2022-05-12,11:45:00.000000,3
859702_2022-05-12_11:45:00.000000,2022-05-12,11:45:00.000000,3
859728_2022-05-12_12:45:00.000000,2022-05-12,12:45:00.000000,3
859702_2022-05-12_12:45:00.000000,2022-05-12,12:45:00.000000,3
859728_2022-05-12_12:45:00.000000,2022-05-12,12:45:00.000000,3
859702_2022-05-12_12:45:00.000000,2022-05-12,12:45:00.000000,3
859736_2022-05-13_06:45:00.000000,2022-05-13,06:45:00.000000,3
859736_2022-05-13_07:45:00.000000,2022-05-13,07:45:00.000000,3
859736_2022-05-13_08:00:00.000000,2022-05-13,08:00:00.000000,3
859736_2022-05-13_11:30:00.000000,2022-05-13,11:30:00.000000,3
859736_2022-05-13_11:45:00.000000,2022-05-13,11:45:00.000000,3
859736_2022-05-13_12:00:00.000000,2022-05-13,12:00:00.000000,3
859736_2022-05-13_12:30:00.000000,2022-05-13,12:30:00.000000,3
859736_2022-05-13_14:45:00.000000,2022-05-13,14:45:00.000000,3
859736_2022-05-13_15:30:00.000000,2022-05-13,15:30:00.000000,3
860142_2022-05-14_11:45:00.000000,2022-05-14,11:45:00.000000,3
860142_2022-05-14_12:30:00.000000,2022-05-14,12:30:00.000000,3
860142_2022-05-14_14:15:00.000000,2022-05-14,14:15:00.000000,3
860524_2022-05-18_10:15:00.000000,2022-05-18,10:15:00.000000,3
860524_2022-05-18_12:15:00.000000,2022-05-18,12:15:00.000000,3
860524_2022-05-18_15:15:00.000000,2022-05-18,15:15:00.000000,3
860524_2022-05-18_15:30:00.000000,2022-05-18,15:30:00.000000,3
861374_2022-05-20_11:30:00.000000,2022-05-20,11:30:00.000000,3
861374_2022-05-20_11:45:00.000000,2022-05-20,11:45:00.000000,3
861374_2022-05-20_12:45:00.000000,2022-05-20,12:45:00.000000,3
861374_2022-05-20_14:15:00.000000,2022-05-20,14:15:00.000000,3
861374_2022-05-20_16:45:00.000000,2022-05-20,16:45:00.000000,3
861374_2022-05-20_17:00:00.000000,2022-05-20,17:00:00.000000,3
861460_2022-05-21_14:15:00.000000,2022-05-21,14:15:00.000000,3
861426_2022-05-21_14:15:00.000000,2022-05-21,14:15:00.000000,3
861428_2022-05-21_14:15:00.000000,2022-05-21,14:15:00.000000,3
861460_2022-05-21_14:30:00.000000,2022-05-21,14:30:00.000000,3
861426_2022-05-21_14:30:00.000000,2022-05-21,14:30:00.000000,3
861428_2022-05-21_14:30:00.000000,2022-05-21,14:30:00.000000,3
861460_2022-05-21_16:30:00.000000,2022-05-21,16:30:00.000000,3
861460_2022-05-21_16:45:00.000000,2022-05-21,16:45:00.000000,3
861456_2022-05-22_07:45:00.000000,2022-05-22,07:45:00.000000,3
861416_2022-05-22_07:45:00.000000,2022-05-22,07:45:00.000000,3
861414_2022-05-22_07:45:00.000000,2022-05-22,07:45:00.000000,3
861456_2022-05-22_09:45:00.000000,2022-05-22,09:45:00.000000,3
861416_2022-05-22_09:45:00.000000,2022-05-22,09:45:00.000000,3
861414_2022-05-22_09:45:00.000000,2022-05-22,09:45:00.000000,3
861456_2022-05-22_14:00:00.000000,2022-05-22,14:00:00.000000,3
861416_2022-05-22_14:00:00.000000,2022-05-22,14:00:00.000000,3
861414_2022-05-22_14:00:00.000000,2022-05-22,14:00:00.000000,3
861456_2022-05-22_15:30:00.000000,2022-05-22,15:30:00.000000,3
861456_2022-05-22_16:45:00.000000,2022-05-22,16:45:00.000000,3
861452_2022-05-23_11:45:00.000000,2022-05-23,11:45:00.000000,3
861402_2022-05-23_11:45:00.000000,2022-05-23,11:45:00.000000,3
861404_2022-05-23_11:45:00.000000,2022-05-23,11:45:00.000000,3
862114_2022-05-24_06:30:00.000000,2022-05-24,06:30:00.000000,3
862114_2022-05-24_14:15:00.000000,2022-05-24,14:15:00.000000,3
862240_2022-05-24_14:15:00.000000,2022-05-24,14:15:00.000000,3
862238_2022-05-24_14:15:00.000000,2022-05-24,14:15:00.000000,3
862114_2022-05-24_16:00:00.000000,2022-05-24,16:00:00.000000,3
862114_2022-05-24_16:15:00.000000,2022-05-24,16:15:00.000000,3
862222_2022-05-25_09:30:00.000000,2022-05-25,09:30:00.000000,3
862162_2022-05-25_09:30:00.000000,2022-05-25,09:30:00.000000,3
862164_2022-05-25_09:30:00.000000,2022-05-25,09:30:00.000000,3
862222_2022-05-25_10:45:00.000000,2022-05-25,10:45:00.000000,3
862162_2022-05-25_10:45:00.000000,2022-05-25,10:45:00.000000,3
862164_2022-05-25_10:45:00.000000,2022-05-25,10:45:00.000000,3
862222_2022-05-25_12:30:00.000000,2022-05-25,12:30:00.000000,3
862162_2022-05-25_12:30:00.000000,2022-05-25,12:30:00.000000,3
862164_2022-05-25_12:30:00.000000,2022-05-25,12:30:00.000000,3
862222_2022-05-25_16:45:00.000000,2022-05-25,16:45:00.000000,3
862222_2022-05-25_17:30:00.000000,2022-05-25,17:30:00.000000,3
862222_2022-05-25_17:30:00.000000,2022-05-25,17:30:00.000000,3
862222_2022-05-25_18:00:00.000000,2022-05-25,18:00:00.000000,3
862222_2022-05-25_18:15:00.000000,2022-05-25,18:15:00.000000,3
862222_2022-05-25_18:15:00.000000,2022-05-25,18:15:00.000000,2
862222_2022-05-25_18:30:00.000000,2022-05-25,18:30:00.000000,2
862222_2022-05-25_18:15:00.000000,2022-05-25,18:15:00.000000,4
862222_2022-05-25_18:30:00.000000,2022-05-25,18:30:00.000000,4
862222_2022-05-25_18:45:00.000000,2022-05-25,18:45:00.000000,4
862344_2022-05-26_06:45:00.000000,2022-05-26,06:45:00.000000,3
862344_2022-05-26_14:45:00.000000,2022-05-26,14:45:00.000000,3
862356_2022-05-27_10:45:00.000000,2022-05-27,10:45:00.000000,3
862188_2022-05-27_10:45:00.000000,2022-05-27,10:45:00.000000,3
862186_2022-05-27_10:45:00.000000,2022-05-27,10:45:00.000000,3
862356_2022-05-27_12:45:00.000000,2022-05-27,12:45:00.000000,3
862188_2022-05-27_12:45:00.000000,2022-05-27,12:45:00.000000,3
862186_2022-05-27_12:45:00.000000,2022-05-27,12:45:00.000000,3
862356_2022-05-27_14:15:00.000000,2022-05-27,14:15:00.000000,3
862188_2022-05-27_14:15:00.000000,2022-05-27,14:15:00.000000,3
862186_2022-05-27_14:15:00.000000,2022-05-27,14:15:00.000000,3
862356_2022-05-27_14:30:00.000000,2022-05-27,14:30:00.000000,3
862188_2022-05-27_14:30:00.000000,2022-05-27,14:30:00.000000,3
862186_2022-05-27_14:30:00.000000,2022-05-27,14:30:00.000000,3
862356_2022-05-27_18:45:00.000000,2022-05-27,18:45:00.000000,3
862352_2022-05-28_09:30:00.000000,2022-05-28,09:30:00.000000,3
862198_2022-05-28_09:30:00.000000,2022-05-28,09:30:00.000000,3
862200_2022-05-28_09:30:00.000000,2022-05-28,09:30:00.000000,3
862352_2022-05-28_12:00:00.000000,2022-05-28,12:00:00.000000,3
862198_2022-05-28_12:00:00.000000,2022-05-28,12:00:00.000000,3
862200_2022-05-28_12:00:00.000000,2022-05-28,12:00:00.000000,3
862352_2022-05-28_12:45:00.000000,2022-05-28,12:45:00.000000,3
862198_2022-05-28_12:45:00.000000,2022-05-28,12:45:00.000000,3
862200_2022-05-28_12:45:00.000000,2022-05-28,12:45:00.000000,3
862352_2022-05-28_13:00:00.000000,2022-05-28,13:00:00.000000,3
862198_2022-05-28_13:00:00.000000,2022-05-28,13:00:00.000000,3
862200_2022-05-28_13:00:00.000000,2022-05-28,13:00:00.000000,3
862352_2022-05-28_13:45:00.000000,2022-05-28,13:45:00.000000,3
862198_2022-05-28_13:45:00.000000,2022-05-28,13:45:00.000000,3
862200_2022-05-28_13:45:00.000000,2022-05-28,13:45:00.000000,3
862352_2022-05-28_15:00:00.000000,2022-05-28,15:00:00.000000,3
862352_2022-05-28_15:45:00.000000,2022-05-28,15:45:00.000000,2
862352_2022-05-28_16:00:00.000000,2022-05-28,16:00:00.000000,2
862352_2022-05-28_16:45:00.000000,2022-05-28,16:45:00.000000,3
862352_2022-05-28_18:45:00.000000,2022-05-28,18:45:00.000000,3
862352_2022-05-28_19:00:00.000000,2022-05-28,19:00:00.000000,3
862348_2022-05-29_06:45:00.000000,2022-05-29,06:45:00.000000,3
862348_2022-05-29_10:45:00.000000,2022-05-29,10:45:00.000000,3
862348_2022-05-29_12:45:00.000000,2022-05-29,12:45:00.000000,3
862348_2022-05-29_14:00:00.000000,2022-05-29,14:00:00.000000,3
862348_2022-05-29_14:30:00.000000,2022-05-29,14:30:00.000000,3
862616_2022-05-31_07:15:00.000000,2022-05-31,07:15:00.000000,3
862616_2022-05-31_08:00:00.000000,2022-05-31,08:00:00.000000,3
862616_2022-05-31_09:00:00.000000,2022-05-31,09:00:00.000000,3
862616_2022-05-31_09:30:00.000000,2022-05-31,09:30:00.000000,3
862616_2022-05-31_10:30:00.000000,2022-05-31,10:30:00.000000,3
862616_2022-05-31_11:45:00.000000,2022-05-31,11:45:00.000000,3
862616_2022-05-31_12:15:00.000000,2022-05-31,12:15:00.000000,3
862616_2022-05-31_13:00:00.000000,2022-05-31,13:00:00.000000,3
862616_2022-05-31_14:45:00.000000,2022-05-31,14:45:00.000000,3
862622_2022-06-01_12:00:00.000000,2022-06-01,12:00:00.000000,3
862622_2022-06-01_12:30:00.000000,2022-06-01,12:30:00.000000,3
862622_2022-06-01_13:00:00.000000,2022-06-01,13:00:00.000000,3
863014_2022-06-02_09:45:00.000000,2022-06-02,09:45:00.000000,3
863016_2022-06-02_09:45:00.000000,2022-06-02,09:45:00.000000,3
863014_2022-06-02_13:00:00.000000,2022-06-02,13:00:00.000000,3
863016_2022-06-02_13:00:00.000000,2022-06-02,13:00:00.000000,3
862918_2022-06-03_07:00:00.000000,2022-06-03,07:00:00.000000,3
862918_2022-06-03_08:15:00.000000,2022-06-03,08:15:00.000000,3
862918_2022-06-03_09:00:00.000000,2022-06-03,09:00:00.000000,3
862918_2022-06-03_09:45:00.000000,2022-06-03,09:45:00.000000,3
862918_2022-06-03_10:00:00.000000,2022-06-03,10:00:00.000000,3
862914_2022-06-04_06:45:00.000000,2022-06-04,06:45:00.000000,3
862914_2022-06-04_10:30:00.000000,2022-06-04,10:30:00.000000,3
862906_2022-06-06_10:15:00.000000,2022-06-06,10:15:00.000000,3
862906_2022-06-06_12:30:00.000000,2022-06-06,12:30:00.000000,3
862906_2022-06-06_16:15:00.000000,2022-06-06,16:15:00.000000,3
864032_2022-06-11_12:00:00.000000,2022-06-11,12:00:00.000000,3
864032_2022-06-11_18:30:00.000000,2022-06-11,18:30:00.000000,3
864028_2022-06-12_10:45:00.000000,2022-06-12,10:45:00.000000,3
864028_2022-06-12_11:00:00.000000,2022-06-12,11:00:00.000000,3
864028_2022-06-12_12:00:00.000000,2022-06-12,12:00:00.000000,3
864028_2022-06-12_14:30:00.000000,2022-06-12,14:30:00.000000,3
864024_2022-06-13_09:30:00.000000,2022-06-13,09:30:00.000000,3
864024_2022-06-13_15:15:00.000000,2022-06-13,15:15:00.000000,3
864024_2022-06-13_15:45:00.000000,2022-06-13,15:45:00.000000,3
864024_2022-06-13_16:00:00.000000,2022-06-13,16:00:00.000000,3
864024_2022-06-13_17:30:00.000000,2022-06-13,17:30:00.000000,3
864024_2022-06-13_18:15:00.000000,2022-06-13,18:15:00.000000,3
864024_2022-06-13_19:00:00.000000,2022-06-13,19:00:00.000000,3
864586_2022-06-15_07:15:00.000000,2022-06-15,07:15:00.000000,3
864586_2022-06-15_09:00:00.000000,2022-06-15,09:00:00.000000,3
864586_2022-06-15_11:00:00.000000,2022-06-15,11:00:00.000000,3
864836_2022-06-17_07:00:00.000000,2022-06-17,07:00:00.000000,3
864836_2022-06-17_07:30:00.000000,2022-06-17,07:30:00.000000,3
864836_2022-06-17_09:30:00.000000,2022-06-17,09:30:00.000000,3
864836_2022-06-17_12:45:00.000000,2022-06-17,12:45:00.000000,3
864836_2022-06-17_13:00:00.000000,2022-06-17,13:00:00.000000,3
864836_2022-06-17_13:45:00.000000,2022-06-17,13:45:00.000000,3
864636_2022-06-19_07:00:00.000000,2022-06-19,07:00:00.000000,3
864636_2022-06-19_11:00:00.000000,2022-06-19,11:00:00.000000,3
864640_2022-06-20_13:15:00.000000,2022-06-20,13:15:00.000000,3
864648_2022-06-22_10:15:00.000000,2022-06-22,10:15:00.000000,3
864648_2022-06-22_13:30:00.000000,2022-06-22,13:30:00.000000,3
864648_2022-06-22_16:15:00.000000,2022-06-22,16:15:00.000000,3
864648_2022-06-22_17:15:00.000000,2022-06-22,17:15:00.000000,3
864648_2022-06-22_18:45:00.000000,2022-06-22,18:45:00.000000,3
864892_2022-06-25_08:15:00.000000,2022-06-25,08:15:00.000000,3
864892_2022-06-25_09:30:00.000000,2022-06-25,09:30:00.000000,3
864892_2022-06-25_09:30:00.000000,2022-06-25,09:30:00.000000,3
864892_2022-06-25_09:45:00.000000,2022-06-25,09:45:00.000000,3
864892_2022-06-25_10:00:00.000000,2022-06-25,10:00:00.000000,3
864892_2022-06-25_10:15:00.000000,2022-06-25,10:15:00.000000,3
864892_2022-06-25_10:30:00.000000,2022-06-25,10:30:00.000000,3
864892_2022-06-25_10:45:00.000000,2022-06-25,10:45:00.000000,3
864892_2022-06-25_13:45:00.000000,2022-06-25,13:45:00.000000,3
864892_2022-06-25_14:00:00.000000,2022-06-25,14:00:00.000000,3
864892_2022-06-25_16:15:00.000000,2022-06-25,16:15:00.000000,3
864892_2022-06-25_17:00:00.000000,2022-06-25,17:00:00.000000,3
864892_2022-06-25_19:00:00.000000,2022-06-25,19:00:00.000000,3
864896_2022-06-26_07:15:00.000000,2022-06-26,07:15:00.000000,3
864896_2022-06-26_08:00:00.000000,2022-06-26,08:00:00.000000,3
864896_2022-06-26_10:00:00.000000,2022-06-26,10:00:00.000000,3
864896_2022-06-26_11:15:00.000000,2022-06-26,11:15:00.000000,3
864896_2022-06-26_13:45:00.000000,2022-06-26,13:45:00.000000,3
864896_2022-06-26_15:45:00.000000,2022-06-26,15:45:00.000000,3
864896_2022-06-26_17:15:00.000000,2022-06-26,17:15:00.000000,3
864896_2022-06-26_18:15:00.000000,2022-06-26,18:15:00.000000,3
865080_2022-07-01_07:45:00.000000,2022-07-01,07:45:00.000000,3
865080_2022-07-01_11:30:00.000000,2022-07-01,11:30:00.000000,3
865080_2022-07-01_11:45:00.000000,2022-07-01,11:45:00.000000,3
865080_2022-07-01_11:45:00.000000,2022-07-01,11:45:00.000000,3
865080_2022-07-01_16:30:00.000000,2022-07-01,16:30:00.000000,3
865380_2022-07-02_08:30:00.000000,2022-07-02,08:30:00.000000,3
865380_2022-07-02_11:15:00.000000,2022-07-02,11:15:00.000000,3
865380_2022-07-02_13:00:00.000000,2022-07-02,13:00:00.000000,3
865380_2022-07-02_13:15:00.000000,2022-07-02,13:15:00.000000,3
865380_2022-07-02_14:45:00.000000,2022-07-02,14:45:00.000000,5
865380_2022-07-02_16:15:00.000000,2022-07-02,16:15:00.000000,3
865380_2022-07-02_16:30:00.000000,2022-07-02,16:30:00.000000,5
865380_2022-07-02_18:15:00.000000,2022-07-02,18:15:00.000000,3
865380_2022-07-02_18:15:00.000000,2022-07-02,18:15:00.000000,3
865384_2022-07-03_06:45:00.000000,2022-07-03,06:45:00.000000,3
865384_2022-07-03_08:15:00.000000,2022-07-03,08:15:00.000000,3
865384_2022-07-03_08:15:00.000000,2022-07-03,08:15:00.000000,3
865384_2022-07-03_08:30:00.000000,2022-07-03,08:30:00.000000,3
865384_2022-07-03_08:15:00.000000,2022-07-03,08:15:00.000000,3
865384_2022-07-03_08:30:00.000000,2022-07-03,08:30:00.000000,3
865384_2022-07-03_08:45:00.000000,2022-07-03,08:45:00.000000,3
865384_2022-07-03_12:15:00.000000,2022-07-03,12:15:00.000000,3
865384_2022-07-03_12:30:00.000000,2022-07-03,12:30:00.000000,3
865384_2022-07-03_12:45:00.000000,2022-07-03,12:45:00.000000,3
865384_2022-07-03_13:00:00.000000,2022-07-03,13:00:00.000000,3
865384_2022-07-03_13:15:00.000000,2022-07-03,13:15:00.000000,3
865384_2022-07-03_13:30:00.000000,2022-07-03,13:30:00.000000,3
865384_2022-07-03_13:00:00.000000,2022-07-03,13:00:00.000000,3
865384_2022-07-03_16:00:00.000000,2022-07-03,16:00:00.000000,3
865384_2022-07-03_16:15:00.000000,2022-07-03,16:15:00.000000,3
865396_2022-07-06_06:30:00.000000,2022-07-06,06:30:00.000000,3
865396_2022-07-06_07:15:00.000000,2022-07-06,07:15:00.000000,3
865396_2022-07-06_18:15:00.000000,2022-07-06,18:15:00.000000,3
865396_2022-07-06_18:30:00.000000,2022-07-06,18:30:00.000000,3
865396_2022-07-06_18:45:00.000000,2022-07-06,18:45:00.000000,3
865396_2022-07-06_19:00:00.000000,2022-07-06,19:00:00.000000,3
865492_2022-07-08_06:51:00.000000,2022-07-08,06:51:00.000000,3
865492_2022-07-08_07:51:00.000000,2022-07-08,07:51:00.000000,3
865492_2022-07-08_08:06:00.000000,2022-07-08,08:06:00.000000,3
865492_2022-07-08_09:36:00.000000,2022-07-08,09:36:00.000000,3
865492_2022-07-08_10:36:00.000000,2022-07-08,10:36:00.000000,3
865492_2022-07-08_11:21:00.000000,2022-07-08,11:21:00.000000,3
865492_2022-07-08_11:36:00.000000,2022-07-08,11:36:00.000000,3
865492_2022-07-08_12:06:00.000000,2022-07-08,12:06:00.000000,3
865492_2022-07-08_13:21:00.000000,2022-07-08,13:21:00.000000,3
865504_2022-07-11_08:30:00.000000,2022-07-11,08:30:00.000000,3
866076_2022-07-15_07:15:00.000000,2022-07-15,07:15:00.000000,3
866076_2022-07-15_07:30:00.000000,2022-07-15,07:30:00.000000,3
866076_2022-07-15_09:15:00.000000,2022-07-15,09:15:00.000000,3
866076_2022-07-15_10:00:00.000000,2022-07-15,10:00:00.000000,3
866076_2022-07-15_10:00:00.000000,2022-07-15,10:00:00.000000,3
866076_2022-07-15_10:15:00.000000,2022-07-15,10:15:00.000000,3
866076_2022-07-15_11:00:00.000000,2022-07-15,11:00:00.000000,3
866076_2022-07-15_11:45:00.000000,2022-07-15,11:45:00.000000,3
866076_2022-07-15_12:00:00.000000,2022-07-15,12:00:00.000000,3
866076_2022-07-15_12:30:00.000000,2022-07-15,12:30:00.000000,3
866076_2022-07-15_13:15:00.000000,2022-07-15,13:15:00.000000,3
866076_2022-07-15_14:00:00.000000,2022-07-15,14:00:00.000000,3
866076_2022-07-15_15:45:00.000000,2022-07-15,15:45:00.000000,3
866076_2022-07-15_16:00:00.000000,2022-07-15,16:00:00.000000,3
866080_2022-07-16_09:45:00.000000,2022-07-16,09:45:00.000000,3
866080_2022-07-16_12:00:00.000000,2022-07-16,12:00:00.000000,3
866080_2022-07-16_18:15:00.000000,2022-07-16,18:15:00.000000,3
866080_2022-07-16_18:30:00.000000,2022-07-16,18:30:00.000000,3
866088_2022-07-18_08:15:00.000000,2022-07-18,08:15:00.000000,3
866088_2022-07-18_14:30:00.000000,2022-07-18,14:30:00.000000,3
866088_2022-07-18_15:30:00.000000,2022-07-18,15:30:00.000000,3
866088_2022-07-18_15:45:00.000000,2022-07-18,15:45:00.000000,3
866088_2022-07-18_16:45:00.000000,2022-07-18,16:45:00.000000,3
866088_2022-07-18_17:30:00.000000,2022-07-18,17:30:00.000000,3
865908_2022-07-19_11:00:00.000000,2022-07-19,11:00:00.000000,3
865908_2022-07-19_11:00:00.000000,2022-07-19,11:00:00.000000,3
865908_2022-07-19_15:45:00.000000,2022-07-19,15:45:00.000000,3
865908_2022-07-19_16:15:00.000000,2022-07-19,16:15:00.000000,3
865908_2022-07-19_18:00:00.000000,2022-07-19,18:00:00.000000,3
865908_2022-07-19_18:45:00.000000,2022-07-19,18:45:00.000000,3
866590_2022-07-22_07:00:00.000000,2022-07-22,07:00:00.000000,3
866590_2022-07-22_08:30:00.000000,2022-07-22,08:30:00.000000,3
866590_2022-07-22_08:45:00.000000,2022-07-22,08:45:00.000000,3
866590_2022-07-22_19:00:00.000000,2022-07-22,19:00:00.000000,3
866594_2022-07-23_08:45:00.000000,2022-07-23,08:45:00.000000,3
866594_2022-07-23_09:30:00.000000,2022-07-23,09:30:00.000000,3
866594_2022-07-23_14:00:00.000000,2022-07-23,14:00:00.000000,3
866594_2022-07-23_15:00:00.000000,2022-07-23,15:00:00.000000,3
866594_2022-07-23_15:15:00.000000,2022-07-23,15:15:00.000000,3
866594_2022-07-23_16:00:00.000000,2022-07-23,16:00:00.000000,3
866594_2022-07-23_18:30:00.000000,2022-07-23,18:30:00.000000,3
866638_2022-07-24_07:00:00.000000,2022-07-24,07:00:00.000000,3
866638_2022-07-24_08:30:00.000000,2022-07-24,08:30:00.000000,3
866638_2022-07-24_11:15:00.000000,2022-07-24,11:15:00.000000,3
866638_2022-07-24_12:15:00.000000,2022-07-24,12:15:00.000000,3
866638_2022-07-24_13:00:00.000000,2022-07-24,13:00:00.000000,3
866776_2022-07-25_07:26:00.000000,2022-07-25,07:26:00.000000,3
866846_2022-07-27_14:26:00.000000,2022-07-27,14:26:00.000000,3
866858_2022-07-30_13:11:00.000000,2022-07-30,13:11:00.000000,3
867624_2022-08-01_12:01:00.000000,2022-08-01,12:01:00.000000,3
867632_2022-08-03_09:45:00.000000,2022-08-03,09:45:00.000000,3
867632_2022-08-03_10:15:00.000000,2022-08-03,10:15:00.000000,3
867632_2022-08-03_16:30:00.000000,2022-08-03,16:30:00.000000,3
867632_2022-08-03_16:45:00.000000,2022-08-03,16:45:00.000000,3
867632_2022-08-03_17:00:00.000000,2022-08-03,17:00:00.000000,2
867632_2022-08-03_17:15:00.000000,2022-08-03,17:15:00.000000,2
867632_2022-08-03_17:00:00.000000,2022-08-03,17:00:00.000000,2
867632_2022-08-03_17:15:00.000000,2022-08-03,17:15:00.000000,2
867632_2022-08-03_17:45:00.000000,2022-08-03,17:45:00.000000,3
867636_2022-08-04_13:00:00.000000,2022-08-04,13:00:00.000000,3
867636_2022-08-04_13:00:00.000000,2022-08-04,13:00:00.000000,3
867640_2022-08-05_06:45:00.000000,2022-08-05,06:45:00.000000,2
867640_2022-08-05_07:00:00.000000,2022-08-05,07:00:00.000000,2
867640_2022-08-05_09:45:00.000000,2022-08-05,09:45:00.000000,3
867640_2022-08-05_10:45:00.000000,2022-08-05,10:45:00.000000,3
867640_2022-08-05_11:45:00.000000,2022-08-05,11:45:00.000000,3
867640_2022-08-05_12:45:00.000000,2022-08-05,12:45:00.000000,3
867640_2022-08-05_13:00:00.000000,2022-08-05,13:00:00.000000,3
867640_2022-08-05_16:30:00.000000,2022-08-05,16:30:00.000000,3
867640_2022-08-05_17:45:00.000000,2022-08-05,17:45:00.000000,3
867644_2022-08-06_06:45:00.000000,2022-08-06,06:45:00.000000,3
867644_2022-08-06_07:15:00.000000,2022-08-06,07:15:00.000000,3
867644_2022-08-06_07:45:00.000000,2022-08-06,07:45:00.000000,3
867644_2022-08-06_15:00:00.000000,2022-08-06,15:00:00.000000,3
867888_2022-08-10_14:30:00.000000,2022-08-10,14:30:00.000000,3
867892_2022-08-11_18:45:00.000000,2022-08-11,18:45:00.000000,3
867896_2022-08-12_11:00:00.000000,2022-08-12,11:00:00.000000,3
867896_2022-08-12_11:15:00.000000,2022-08-12,11:15:00.000000,3
867908_2022-08-15_07:00:00.000000,2022-08-15,07:00:00.000000,3
867908_2022-08-15_08:00:00.000000,2022-08-15,08:00:00.000000,3
867908_2022-08-15_08:45:00.000000,2022-08-15,08:45:00.000000,3
867908_2022-08-15_09:15:00.000000,2022-08-15,09:15:00.000000,3
867908_2022-08-15_09:30:00.000000,2022-08-15,09:30:00.000000,3
867908_2022-08-15_10:15:00.000000,2022-08-15,10:15:00.000000,3
867908_2022-08-15_13:15:00.000000,2022-08-15,13:15:00.000000,3
867908_2022-08-15_14:30:00.000000,2022-08-15,14:30:00.000000,3
867908_2022-08-15_15:45:00.000000,2022-08-15,15:45:00.000000,5
867908_2022-08-15_15:45:00.000000,2022-08-15,15:45:00.000000,3
867908_2022-08-15_16:45:00.000000,2022-08-15,16:45:00.000000,3
867908_2022-08-15_17:15:00.000000,2022-08-15,17:15:00.000000,3
868138_2022-08-17_08:15:00.000000,2022-08-17,08:15:00.000000,3
868138_2022-08-17_08:30:00.000000,2022-08-17,08:30:00.000000,3
868138_2022-08-17_09:00:00.000000,2022-08-17,09:00:00.000000,3
868138_2022-08-17_13:30:00.000000,2022-08-17,13:30:00.000000,3
868138_2022-08-17_14:30:00.000000,2022-08-17,14:30:00.000000,3
868138_2022-08-17_14:45:00.000000,2022-08-17,14:45:00.000000,3
868448_2022-08-18_10:00:00.000000,2022-08-18,10:00:00.000000,3
868448_2022-08-18_10:15:00.000000,2022-08-18,10:15:00.000000,4
868448_2022-08-18_10:30:00.000000,2022-08-18,10:30:00.000000,4
868448_2022-08-18_10:45:00.000000,2022-08-18,10:45:00.000000,4
868448_2022-08-18_11:00:00.000000,2022-08-18,11:00:00.000000,4
868448_2022-08-18_11:15:00.000000,2022-08-18,11:15:00.000000,4
868448_2022-08-18_11:30:00.000000,2022-08-18,11:30:00.000000,4
868448_2022-08-18_10:45:00.000000,2022-08-18,10:45:00.000000,2
868448_2022-08-18_11:00:00.000000,2022-08-18,11:00:00.000000,2
868448_2022-08-18_12:00:00.000000,2022-08-18,12:00:00.000000,3
868448_2022-08-18_12:00:00.000000,2022-08-18,12:00:00.000000,2
868146_2022-08-19_08:45:00.000000,2022-08-19,08:45:00.000000,3
869198_2022-08-19_08:45:00.000000,2022-08-19,08:45:00.000000,3
869196_2022-08-19_08:45:00.000000,2022-08-19,08:45:00.000000,3
868146_2022-08-19_09:00:00.000000,2022-08-19,09:00:00.000000,3
869198_2022-08-19_09:00:00.000000,2022-08-19,09:00:00.000000,3
869196_2022-08-19_09:00:00.000000,2022-08-19,09:00:00.000000,3
868146_2022-08-19_14:30:00.000000,2022-08-19,14:30:00.000000,3
869198_2022-08-19_14:30:00.000000,2022-08-19,14:30:00.000000,3
869196_2022-08-19_14:30:00.000000,2022-08-19,14:30:00.000000,3
868146_2022-08-19_19:00:00.000000,2022-08-19,19:00:00.000000,3
868336_2022-08-22_18:30:00.000000,2022-08-22,18:30:00.000000,3
869118_2022-08-23_13:00:00.000000,2022-08-23,13:00:00.000000,3
869116_2022-08-23_13:00:00.000000,2022-08-23,13:00:00.000000,3
869118_2022-08-23_13:30:00.000000,2022-08-23,13:30:00.000000,3
869116_2022-08-23_13:30:00.000000,2022-08-23,13:30:00.000000,3
868372_2022-09-05_10:26:00.000000,2022-09-05,10:26:00.000000,3
868372_2022-09-05_11:41:00.000000,2022-09-05,11:41:00.000000,3
868372_2022-09-05_13:11:00.000000,2022-09-05,13:11:00.000000,3
868368_2022-09-06_09:41:00.000000,2022-09-06,09:41:00.000000,3
871152_2022-09-06_09:45:00.000000,2022-09-06,09:45:00.000000,3
871150_2022-09-06_09:45:00.000000,2022-09-06,09:45:00.000000,3
868368_2022-09-06_10:41:00.000000,2022-09-06,10:41:00.000000,3
871152_2022-09-06_10:45:00.000000,2022-09-06,10:45:00.000000,3
871150_2022-09-06_10:45:00.000000,2022-09-06,10:45:00.000000,3
868368_2022-09-06_11:41:00.000000,2022-09-06,11:41:00.000000,3
871152_2022-09-06_11:45:00.000000,2022-09-06,11:45:00.000000,3
871150_2022-09-06_11:45:00.000000,2022-09-06,11:45:00.000000,3
870626_2022-09-08_08:26:00.000000,2022-09-08,08:26:00.000000,3
870626_2022-09-08_13:41:00.000000,2022-09-08,13:41:00.000000,3
871956_2022-09-11_06:41:00.000000,2022-09-11,06:41:00.000000,3
871956_2022-09-11_06:56:00.000000,2022-09-11,06:56:00.000000,3
871956_2022-09-11_07:26:00.000000,2022-09-11,07:26:00.000000,3
871956_2022-09-11_11:26:00.000000,2022-09-11,11:26:00.000000,3
871956_2022-09-11_13:41:00.000000,2022-09-11,13:41:00.000000,3
871960_2022-09-12_07:41:00.000000,2022-09-12,07:41:00.000000,3
871960_2022-09-12_09:56:00.000000,2022-09-12,09:56:00.000000,3
871960_2022-09-12_14:26:00.000000,2022-09-12,14:26:00.000000,3
871980_2022-09-17_12:15:00.000000,2022-09-17,12:15:00.000000,3
871980_2022-09-17_14:00:00.000000,2022-09-17,14:00:00.000000,3
871984_2022-09-18_06:45:00.000000,2022-09-18,06:45:00.000000,3
871984_2022-09-18_07:00:00.000000,2022-09-18,07:00:00.000000,3
871984_2022-09-18_07:45:00.000000,2022-09-18,07:45:00.000000,3
871984_2022-09-18_09:30:00.000000,2022-09-18,09:30:00.000000,3
871984_2022-09-18_10:30:00.000000,2022-09-18,10:30:00.000000,3
871984_2022-09-18_10:45:00.000000,2022-09-18,10:45:00.000000,3
871984_2022-09-18_11:15:00.000000,2022-09-18,11:15:00.000000,3
871984_2022-09-18_11:15:00.000000,2022-09-18,11:15:00.000000,3
871984_2022-09-18_13:00:00.000000,2022-09-18,13:00:00.000000,3
871984_2022-09-18_15:00:00.000000,2022-09-18,15:00:00.000000,3
871992_2022-09-20_07:15:00.000000,2022-09-20,07:15:00.000000,3
871992_2022-09-20_08:15:00.000000,2022-09-20,08:15:00.000000,3
871992_2022-09-20_09:15:00.000000,2022-09-20,09:15:00.000000,3
871992_2022-09-20_10:15:00.000000,2022-09-20,10:15:00.000000,3
871992_2022-09-20_11:15:00.000000,2022-09-20,11:15:00.000000,3
871992_2022-09-20_12:15:00.000000,2022-09-20,12:15:00.000000,3
871992_2022-09-20_13:00:00.000000,2022-09-20,13:00:00.000000,3
871992_2022-09-20_15:00:00.000000,2022-09-20,15:00:00.000000,3
871996_2022-09-21_08:45:00.000000,2022-09-21,08:45:00.000000,3
871996_2022-09-21_10:00:00.000000,2022-09-21,10:00:00.000000,3
871996_2022-09-21_11:30:00.000000,2022-09-21,11:30:00.000000,3
871996_2022-09-21_11:30:00.000000,2022-09-21,11:30:00.000000,3
871996_2022-09-21_12:45:00.000000,2022-09-21,12:45:00.000000,3
871996_2022-09-21_13:15:00.000000,2022-09-21,13:15:00.000000,3
871996_2022-09-21_13:30:00.000000,2022-09-21,13:30:00.000000,3
872000_2022-09-22_07:15:00.000000,2022-09-22,07:15:00.000000,3
872000_2022-09-22_14:30:00.000000,2022-09-22,14:30:00.000000,3
872004_2022-09-23_06:30:00.000000,2022-09-23,06:30:00.000000,3
872004_2022-09-23_07:45:00.000000,2022-09-23,07:45:00.000000,3
872004_2022-09-23_09:15:00.000000,2022-09-23,09:15:00.000000,3
872004_2022-09-23_10:45:00.000000,2022-09-23,10:45:00.000000,3
872004_2022-09-23_11:45:00.000000,2022-09-23,11:45:00.000000,3
872004_2022-09-23_12:30:00.000000,2022-09-23,12:30:00.000000,3
872004_2022-09-23_13:45:00.000000,2022-09-23,13:45:00.000000,4
872004_2022-09-23_14:00:00.000000,2022-09-23,14:00:00.000000,4
872004_2022-09-23_14:15:00.000000,2022-09-23,14:15:00.000000,4
872004_2022-09-23_14:30:00.000000,2022-09-23,14:30:00.000000,4
872004_2022-09-23_13:45:00.000000,2022-09-23,13:45:00.000000,2
872004_2022-09-23_14:00:00.000000,2022-09-23,14:00:00.000000,2
872004_2022-09-23_14:00:00.000000,2022-09-23,14:00:00.000000,2
872008_2022-09-24_07:00:00.000000,2022-09-24,07:00:00.000000,3
872008_2022-09-24_08:45:00.000000,2022-09-24,08:45:00.000000,3
872008_2022-09-24_13:00:00.000000,2022-09-24,13:00:00.000000,3
872008_2022-09-24_14:30:00.000000,2022-09-24,14:30:00.000000,3
872008_2022-09-24_15:00:00.000000,2022-09-24,15:00:00.000000,3
873252_2022-09-28_14:26:00.000000,2022-09-28,14:26:00.000000,3
873260_2022-09-30_06:56:00.000000,2022-09-30,06:56:00.000000,3
873260_2022-09-30_09:56:00.000000,2022-09-30,09:56:00.000000,3
873260_2022-09-30_12:56:00.000000,2022-09-30,12:56:00.000000,3
873260_2022-09-30_13:11:00.000000,2022-09-30,13:11:00.000000,3
873260_2022-09-30_14:11:00.000000,2022-09-30,14:11:00.000000,3
873260_2022-09-30_15:11:00.000000,2022-09-30,15:11:00.000000,3
873264_2022-10-01_06:41:00.000000,2022-10-01,06:41:00.000000,3
873264_2022-10-01_07:41:00.000000,2022-10-01,07:41:00.000000,3
873264_2022-10-01_07:56:00.000000,2022-10-01,07:56:00.000000,3
873264_2022-10-01_08:41:00.000000,2022-10-01,08:41:00.000000,3
873264_2022-10-01_09:26:00.000000,2022-10-01,09:26:00.000000,3
873264_2022-10-01_10:41:00.000000,2022-10-01,10:41:00.000000,3
873268_2022-10-02_11:30:00.000000,2022-10-02,11:30:00.000000,3
873268_2022-10-02_14:00:00.000000,2022-10-02,14:00:00.000000,3
873272_2022-10-04_13:00:00.000000,2022-10-04,13:00:00.000000,4
873272_2022-10-04_13:15:00.000000,2022-10-04,13:15:00.000000,4
873272_2022-10-04_13:30:00.000000,2022-10-04,13:30:00.000000,4
873272_2022-10-04_13:45:00.000000,2022-10-04,13:45:00.000000,4
873272_2022-10-04_14:00:00.000000,2022-10-04,14:00:00.000000,4
873272_2022-10-04_14:15:00.000000,2022-10-04,14:15:00.000000,4
873276_2022-10-05_09:00:00.000000,2022-10-05,09:00:00.000000,3
873276_2022-10-05_09:30:00.000000,2022-10-05,09:30:00.000000,3
873280_2022-10-06_10:30:00.000000,2022-10-06,10:30:00.000000,3
873280_2022-10-06_11:00:00.000000,2022-10-06,11:00:00.000000,3
873280_2022-10-06_13:00:00.000000,2022-10-06,13:00:00.000000,3
873280_2022-10-06_13:30:00.000000,2022-10-06,13:30:00.000000,3
873280_2022-10-06_13:45:00.000000,2022-10-06,13:45:00.000000,3
873288_2022-10-08_13:15:00.000000,2022-10-08,13:15:00.000000,3
873296_2022-10-10_09:00:00.000000,2022-10-10,09:00:00.000000,3
873296_2022-10-10_12:30:00.000000,2022-10-10,12:30:00.000000,3
873300_2022-10-11_07:15:00.000000,2022-10-11,07:15:00.000000,3
873300_2022-10-11_07:30:00.000000,2022-10-11,07:30:00.000000,3
873300_2022-10-11_08:30:00.000000,2022-10-11,08:30:00.000000,5
873300_2022-10-11_08:45:00.000000,2022-10-11,08:45:00.000000,2
873300_2022-10-11_09:00:00.000000,2022-10-11,09:00:00.000000,2
873300_2022-10-11_09:30:00.000000,2022-10-11,09:30:00.000000,3
873300_2022-10-11_10:45:00.000000,2022-10-11,10:45:00.000000,3
873300_2022-10-11_11:00:00.000000,2022-10-11,11:00:00.000000,2
873300_2022-10-11_11:45:00.000000,2022-10-11,11:45:00.000000,3
873300_2022-10-11_13:00:00.000000,2022-10-11,13:00:00.000000,3
873300_2022-10-11_13:15:00.000000,2022-10-11,13:15:00.000000,3
873300_2022-10-11_14:15:00.000000,2022-10-11,14:15:00.000000,3
873300_2022-10-11_15:00:00.000000,2022-10-11,15:00:00.000000,3
873304_2022-10-12_07:15:00.000000,2022-10-12,07:15:00.000000,3
873304_2022-10-12_09:30:00.000000,2022-10-12,09:30:00.000000,3
873304_2022-10-12_09:45:00.000000,2022-10-12,09:45:00.000000,3
873304_2022-10-12_10:15:00.000000,2022-10-12,10:15:00.000000,3
873304_2022-10-12_14:15:00.000000,2022-10-12,14:15:00.000000,3
873304_2022-10-12_14:15:00.000000,2022-10-12,14:15:00.000000,2
873304_2022-10-12_14:30:00.000000,2022-10-12,14:30:00.000000,2
874262_2022-10-16_08:00:00.000000,2022-10-16,08:00:00.000000,3
874266_2022-10-17_12:45:00.000000,2022-10-17,12:45:00.000000,3
874270_2022-10-18_09:45:00.000000,2022-10-18,09:45:00.000000,3
874274_2022-10-19_12:15:00.000000,2022-10-19,12:15:00.000000,3
874278_2022-10-20_07:45:00.000000,2022-10-20,07:45:00.000000,3
874278_2022-10-20_12:15:00.000000,2022-10-20,12:15:00.000000,3
874286_2022-10-22_10:45:00.000000,2022-10-22,10:45:00.000000,3
874286_2022-10-22_11:15:00.000000,2022-10-22,11:15:00.000000,3
874294_2022-10-24_07:45:00.000000,2022-10-24,07:45:00.000000,3
874298_2022-10-25_14:30:00.000000,2022-10-25,14:30:00.000000,3
874704_2022-10-26_07:30:00.000000,2022-10-26,07:30:00.000000,3
874704_2022-10-26_12:30:00.000000,2022-10-26,12:30:00.000000,3
874704_2022-10-26_12:45:00.000000,2022-10-26,12:45:00.000000,3
874708_2022-10-27_07:15:00.000000,2022-10-27,07:15:00.000000,3
874712_2022-10-28_09:15:00.000000,2022-10-28,09:15:00.000000,3
874716_2022-10-29_06:30:00.000000,2022-10-29,06:30:00.000000,3
874716_2022-10-29_07:30:00.000000,2022-10-29,07:30:00.000000,3
874716_2022-10-29_07:45:00.000000,2022-10-29,07:45:00.000000,3
874716_2022-10-29_08:30:00.000000,2022-10-29,08:30:00.000000,3
874720_2022-10-30_13:30:00.000000,2022-10-30,13:30:00.000000,3
874740_2022-11-04_07:45:00.000000,2022-11-04,07:45:00.000000,3
874740_2022-11-04_12:00:00.000000,2022-11-04,12:00:00.000000,3
874740_2022-11-04_13:30:00.000000,2022-11-04,13:30:00.000000,3
874740_2022-11-04_14:30:00.000000,2022-11-04,14:30:00.000000,3
874748_2022-11-06_06:45:00.000000,2022-11-06,06:45:00.000000,3
874748_2022-11-06_07:45:00.000000,2022-11-06,07:45:00.000000,3
874752_2022-11-07_14:45:00.000000,2022-11-07,14:45:00.000000,3
874764_2022-11-10_07:00:00.000000,2022-11-10,07:00:00.000000,3
874764_2022-11-10_09:30:00.000000,2022-11-10,09:30:00.000000,3
874764_2022-11-10_10:45:00.000000,2022-11-10,10:45:00.000000,3
874764_2022-11-10_11:15:00.000000,2022-11-10,11:15:00.000000,3
874764_2022-11-10_11:30:00.000000,2022-11-10,11:30:00.000000,3
874764_2022-11-10_12:45:00.000000,2022-11-10,12:45:00.000000,3
874764_2022-11-10_14:00:00.000000,2022-11-10,14:00:00.000000,3
874768_2022-11-11_07:00:00.000000,2022-11-11,07:00:00.000000,3
874768_2022-11-11_07:00:00.000000,2022-11-11,07:00:00.000000,4
874768_2022-11-11_07:15:00.000000,2022-11-11,07:15:00.000000,4
874768_2022-11-11_07:30:00.000000,2022-11-11,07:30:00.000000,4
874768_2022-11-11_07:45:00.000000,2022-11-11,07:45:00.000000,4
874768_2022-11-11_08:00:00.000000,2022-11-11,08:00:00.000000,4
874768_2022-11-11_08:15:00.000000,2022-11-11,08:15:00.000000,4
874768_2022-11-11_08:30:00.000000,2022-11-11,08:30:00.000000,3
874768_2022-11-11_09:15:00.000000,2022-11-11,09:15:00.000000,3
874768_2022-11-11_10:30:00.000000,2022-11-11,10:30:00.000000,3
874768_2022-11-11_10:45:00.000000,2022-11-11,10:45:00.000000,3
874768_2022-11-11_11:30:00.000000,2022-11-11,11:30:00.000000,3
874768_2022-11-11_12:00:00.000000,2022-11-11,12:00:00.000000,4
874768_2022-11-11_12:15:00.000000,2022-11-11,12:15:00.000000,4
874768_2022-11-11_12:30:00.000000,2022-11-11,12:30:00.000000,4
874768_2022-11-11_12:45:00.000000,2022-11-11,12:45:00.000000,4
874768_2022-11-11_13:00:00.000000,2022-11-11,13:00:00.000000,4
874768_2022-11-11_13:15:00.000000,2022-11-11,13:15:00.000000,4
874768_2022-11-11_13:15:00.000000,2022-11-11,13:15:00.000000,3
874768_2022-11-11_13:30:00.000000,2022-11-11,13:30:00.000000,3
874768_2022-11-11_13:30:00.000000,2022-11-11,13:30:00.000000,3
874768_2022-11-11_13:45:00.000000,2022-11-11,13:45:00.000000,3
874772_2022-11-12_07:30:00.000000,2022-11-12,07:30:00.000000,3
874772_2022-11-12_11:30:00.000000,2022-11-12,11:30:00.000000,3
874772_2022-11-12_12:45:00.000000,2022-11-12,12:45:00.000000,3
874772_2022-11-12_14:15:00.000000,2022-11-12,14:15:00.000000,3
874772_2022-11-12_14:30:00.000000,2022-11-12,14:30:00.000000,3
874776_2022-11-13_10:15:00.000000,2022-11-13,10:15:00.000000,3
874776_2022-11-13_12:45:00.000000,2022-11-13,12:45:00.000000,3
874780_2022-11-14_08:15:00.000000,2022-11-14,08:15:00.000000,3
874780_2022-11-14_14:00:00.000000,2022-11-14,14:00:00.000000,3
874784_2022-11-15_07:30:00.000000,2022-11-15,07:30:00.000000,3
874784_2022-11-15_10:15:00.000000,2022-11-15,10:15:00.000000,3
874784_2022-11-15_10:45:00.000000,2022-11-15,10:45:00.000000,3
874784_2022-11-15_11:00:00.000000,2022-11-15,11:00:00.000000,3
874784_2022-11-15_13:45:00.000000,2022-11-15,13:45:00.000000,3
874784_2022-11-15_15:00:00.000000,2022-11-15,15:00:00.000000,3
874788_2022-11-16_13:00:00.000000,2022-11-16,13:00:00.000000,3
876494_2022-11-18_06:41:00.000000,2022-11-18,06:41:00.000000,3
876494_2022-11-18_07:26:00.000000,2022-11-18,07:26:00.000000,3
876494_2022-11-18_10:11:00.000000,2022-11-18,10:11:00.000000,3
876494_2022-11-18_11:11:00.000000,2022-11-18,11:11:00.000000,3
876494_2022-11-18_13:56:00.000000,2022-11-18,13:56:00.000000,3
876498_2022-11-19_12:41:00.000000,2022-11-19,12:41:00.000000,3
876498_2022-11-19_12:41:00.000000,2022-11-19,12:41:00.000000,4
876498_2022-11-19_12:56:00.000000,2022-11-19,12:56:00.000000,4
876498_2022-11-19_13:11:00.000000,2022-11-19,13:11:00.000000,4
876498_2022-11-19_13:26:00.000000,2022-11-19,13:26:00.000000,4
876498_2022-11-19_13:41:00.000000,2022-11-19,13:41:00.000000,4
876498_2022-11-19_13:56:00.000000,2022-11-19,13:56:00.000000,4
876498_2022-11-19_12:56:00.000000,2022-11-19,12:56:00.000000,2
876498_2022-11-19_13:11:00.000000,2022-11-19,13:11:00.000000,2
876498_2022-11-19_13:56:00.000000,2022-11-19,13:56:00.000000,3
876476_2022-11-22_12:26:00.000000,2022-11-22,12:26:00.000000,3
876476_2022-11-22_12:41:00.000000,2022-11-22,12:41:00.000000,3
876476_2022-11-22_12:56:00.000000,2022-11-22,12:56:00.000000,3
876468_2022-11-24_06:56:00.000000,2022-11-24,06:56:00.000000,3
876448_2022-11-30_06:26:00.000000,2022-11-30,06:26:00.000000,3
876448_2022-11-30_07:56:00.000000,2022-11-30,07:56:00.000000,3
876448_2022-11-30_10:56:00.000000,2022-11-30,10:56:00.000000,3
876448_2022-11-30_11:11:00.000000,2022-11-30,11:11:00.000000,3
877564_2022-12-02_07:41:00.000000,2022-12-02,07:41:00.000000,3
877564_2022-12-02_07:56:00.000000,2022-12-02,07:56:00.000000,3
877572_2022-12-04_06:41:00.000000,2022-12-04,06:41:00.000000,3
877572_2022-12-04_08:41:00.000000,2022-12-04,08:41:00.000000,3
877628_2022-12-07_11:10:00.000000,2022-12-07,11:10:00.000000,3
877628_2022-12-07_11:25:00.000000,2022-12-07,11:25:00.000000,3
877628_2022-12-07_13:10:00.000000,2022-12-07,13:10:00.000000,3
877628_2022-12-07_14:10:00.000000,2022-12-07,14:10:00.000000,3
877628_2022-12-07_15:10:00.000000,2022-12-07,15:10:00.000000,3
877624_2022-12-08_09:11:00.000000,2022-12-08,09:11:00.000000,3
877624_2022-12-08_09:26:00.000000,2022-12-08,09:26:00.000000,3
877624_2022-12-08_15:11:00.000000,2022-12-08,15:11:00.000000,3
877620_2022-12-09_12:56:00.000000,2022-12-09,12:56:00.000000,3
877616_2022-12-10_14:11:00.000000,2022-12-10,14:11:00.000000,3
877612_2022-12-11_12:26:00.000000,2022-12-11,12:26:00.000000,3
877612_2022-12-11_13:26:00.000000,2022-12-11,13:26:00.000000,3
877612_2022-12-11_13:26:00.000000,2022-12-11,13:26:00.000000,3
877612_2022-12-11_14:26:00.000000,2022-12-11,14:26:00.000000,3
877604_2022-12-13_07:26:00.000000,2022-12-13,07:26:00.000000,3
877604_2022-12-13_07:56:00.000000,2022-12-13,07:56:00.000000,3
877604_2022-12-13_08:56:00.000000,2022-12-13,08:56:00.000000,3
877604_2022-12-13_10:26:00.000000,2022-12-13,10:26:00.000000,3
877604_2022-12-13_11:26:00.000000,2022-12-13,11:26:00.000000,3
877604_2022-12-13_11:56:00.000000,2022-12-13,11:56:00.000000,3
877604_2022-12-13_12:56:00.000000,2022-12-13,12:56:00.000000,3
877604_2022-12-13_13:26:00.000000,2022-12-13,13:26:00.000000,3
877604_2022-12-13_13:41:00.000000,2022-12-13,13:41:00.000000,3
877604_2022-12-13_14:41:00.000000,2022-12-13,14:41:00.000000,3
877600_2022-12-14_06:56:00.000000,2022-12-14,06:56:00.000000,3
877600_2022-12-14_08:26:00.000000,2022-12-14,08:26:00.000000,2
877600_2022-12-14_10:26:00.000000,2022-12-14,10:26:00.000000,3
877600_2022-12-14_12:26:00.000000,2022-12-14,12:26:00.000000,3
877600_2022-12-14_12:56:00.000000,2022-12-14,12:56:00.000000,3
877600_2022-12-14_13:41:00.000000,2022-12-14,13:41:00.000000,3
877596_2022-12-15_06:41:00.000000,2022-12-15,06:41:00.000000,3
877596_2022-12-15_11:11:00.000000,2022-12-15,11:11:00.000000,3
879210_2022-12-17_09:11:00.000000,2022-12-17,09:11:00.000000,3
879210_2022-12-17_10:11:00.000000,2022-12-17,10:11:00.000000,3
877592_2022-12-18_06:41:00.000000,2022-12-18,06:41:00.000000,3
877592_2022-12-18_13:26:00.000000,2022-12-18,13:26:00.000000,3
877592_2022-12-18_14:11:00.000000,2022-12-18,14:11:00.000000,3
877592_2022-12-18_14:26:00.000000,2022-12-18,14:26:00.000000,3
879372_2022-12-19_06:26:00.000000,2022-12-19,06:26:00.000000,3
879372_2022-12-19_07:26:00.000000,2022-12-19,07:26:00.000000,3
879372_2022-12-19_08:11:00.000000,2022-12-19,08:11:00.000000,5
879372_2022-12-19_08:11:00.000000,2022-12-19,08:11:00.000000,3
879372_2022-12-19_09:26:00.000000,2022-12-19,09:26:00.000000,3
879372_2022-12-19_10:56:00.000000,2022-12-19,10:56:00.000000,3
879372_2022-12-19_12:41:00.000000,2022-12-19,12:41:00.000000,3
879628_2022-12-20_07:11:00.000000,2022-12-20,07:11:00.000000,3
879628_2022-12-20_08:11:00.000000,2022-12-20,08:11:00.000000,3
879628_2022-12-20_09:41:00.000000,2022-12-20,09:41:00.000000,3
879628_2022-12-20_12:26:00.000000,2022-12-20,12:26:00.000000,3
879628_2022-12-20_13:56:00.000000,2022-12-20,13:56:00.000000,3
879644_2022-12-24_07:41:00.000000,2022-12-24,07:41:00.000000,3
879644_2022-12-24_07:56:00.000000,2022-12-24,07:56:00.000000,3
879644_2022-12-24_08:11:00.000000,2022-12-24,08:11:00.000000,3
879644_2022-12-24_08:56:00.000000,2022-12-24,08:56:00.000000,3
879648_2022-12-25_06:41:00.000000,2022-12-25,06:41:00.000000,3
879648_2022-12-25_06:56:00.000000,2022-12-25,06:56:00.000000,3
879648_2022-12-25_07:11:00.000000,2022-12-25,07:11:00.000000,2
879648_2022-12-25_07:26:00.000000,2022-12-25,07:26:00.000000,2
879652_2022-12-26_06:41:00.000000,2022-12-26,06:41:00.000000,3
879652_2022-12-26_08:11:00.000000,2022-12-26,08:11:00.000000,3
879652_2022-12-26_10:26:00.000000,2022-12-26,10:26:00.000000,3
879652_2022-12-26_13:41:00.000000,2022-12-26,13:41:00.000000,3
879668_2022-12-28_06:56:00.000000,2022-12-28,06:56:00.000000,3
879668_2022-12-28_08:11:00.000000,2022-12-28,08:11:00.000000,3
879668_2022-12-28_09:11:00.000000,2022-12-28,09:11:00.000000,3
879660_2022-12-30_07:41:00.000000,2022-12-30,07:41:00.000000,3
879660_2022-12-30_13:41:00.000000,2022-12-30,13:41:00.000000,3
879660_2022-12-30_15:11:00.000000,2022-12-30,15:11:00.000000,3
879656_2022-12-31_10:26:00.000000,2022-12-31,10:26:00.000000,3
879656_2022-12-31_11:41:00.000000,2022-12-31,11:41:00.000000,3
879656_2022-12-31_12:11:00.000000,2022-12-31,12:11:00.000000,3
879656_2022-12-31_13:11:00.000000,2022-12-31,13:11:00.000000,3
880290_2023-01-03_06:26:00.000000,2023-01-03,06:26:00.000000,3
880290_2023-01-03_13:26:00.000000,2023-01-03,13:26:00.000000,3
880290_2023-01-03_14:11:00.000000,2023-01-03,14:11:00.000000,3
880294_2023-01-04_09:11:00.000000,2023-01-04,09:11:00.000000,3
880294_2023-01-04_11:11:00.000000,2023-01-04,11:11:00.000000,3
880294_2023-01-04_11:26:00.000000,2023-01-04,11:26:00.000000,3
880294_2023-01-04_13:56:00.000000,2023-01-04,13:56:00.000000,3
880294_2023-01-04_14:56:00.000000,2023-01-04,14:56:00.000000,3
880302_2023-01-06_06:26:00.000000,2023-01-06,06:26:00.000000,3
880302_2023-01-06_07:41:00.000000,2023-01-06,07:41:00.000000,3
880302_2023-01-06_08:26:00.000000,2023-01-06,08:26:00.000000,3
880306_2023-01-07_07:26:00.000000,2023-01-07,07:26:00.000000,3
880306_2023-01-07_09:56:00.000000,2023-01-07,09:56:00.000000,3
880306_2023-01-07_14:56:00.000000,2023-01-07,14:56:00.000000,3
880310_2023-01-08_07:11:00.000000,2023-01-08,07:11:00.000000,3
880310_2023-01-08_07:26:00.000000,2023-01-08,07:26:00.000000,3
880310_2023-01-08_10:26:00.000000,2023-01-08,10:26:00.000000,3
880310_2023-01-08_11:41:00.000000,2023-01-08,11:41:00.000000,3
880310_2023-01-08_11:56:00.000000,2023-01-08,11:56:00.000000,3
880310_2023-01-08_12:41:00.000000,2023-01-08,12:41:00.000000,5
880314_2023-01-09_06:26:00.000000,2023-01-09,06:26:00.000000,3
880314_2023-01-09_08:41:00.000000,2023-01-09,08:41:00.000000,3
880318_2023-01-10_08:26:00.000000,2023-01-10,08:26:00.000000,3
880318_2023-01-10_08:56:00.000000,2023-01-10,08:56:00.000000,3
880318_2023-01-10_12:26:00.000000,2023-01-10,12:26:00.000000,3
880318_2023-01-10_14:26:00.000000,2023-01-10,14:26:00.000000,3
880318_2023-01-10_14:41:00.000000,2023-01-10,14:41:00.000000,3
880322_2023-01-11_11:41:00.000000,2023-01-11,11:41:00.000000,3
880322_2023-01-11_11:56:00.000000,2023-01-11,11:56:00.000000,3
880322_2023-01-11_12:41:00.000000,2023-01-11,12:41:00.000000,3
880322_2023-01-11_13:41:00.000000,2023-01-11,13:41:00.000000,3
880322_2023-01-11_13:41:00.000000,2023-01-11,13:41:00.000000,3
880322_2023-01-11_14:56:00.000000,2023-01-11,14:56:00.000000,3
880326_2023-01-12_07:11:00.000000,2023-01-12,07:11:00.000000,3
880326_2023-01-12_09:11:00.000000,2023-01-12,09:11:00.000000,3
880326_2023-01-12_09:56:00.000000,2023-01-12,09:56:00.000000,3
880326_2023-01-12_12:26:00.000000,2023-01-12,12:26:00.000000,3
880326_2023-01-12_13:26:00.000000,2023-01-12,13:26:00.000000,3
880326_2023-01-12_14:41:00.000000,2023-01-12,14:41:00.000000,3
880330_2023-01-13_09:26:00.000000,2023-01-13,09:26:00.000000,3
880330_2023-01-13_10:11:00.000000,2023-01-13,10:11:00.000000,3
880330_2023-01-13_10:11:00.000000,2023-01-13,10:11:00.000000,2
880330_2023-01-13_13:11:00.000000,2023-01-13,13:11:00.000000,3
880330_2023-01-13_13:56:00.000000,2023-01-13,13:56:00.000000,2
880330_2023-01-13_14:11:00.000000,2023-01-13,14:11:00.000000,2
880334_2023-01-14_10:11:00.000000,2023-01-14,10:11:00.000000,3
880334_2023-01-14_12:41:00.000000,2023-01-14,12:41:00.000000,3
880334_2023-01-14_12:41:00.000000,2023-01-14,12:41:00.000000,2
880334_2023-01-14_12:56:00.000000,2023-01-14,12:56:00.000000,2
880338_2023-01-15_08:11:00.000000,2023-01-15,08:11:00.000000,3
880342_2023-01-16_07:11:00.000000,2023-01-16,07:11:00.000000,3
880342_2023-01-16_11:11:00.000000,2023-01-16,11:11:00.000000,3
880342_2023-01-16_12:41:00.000000,2023-01-16,12:41:00.000000,3
880346_2023-01-17_11:56:00.000000,2023-01-17,11:56:00.000000,3
880346_2023-01-17_13:11:00.000000,2023-01-17,13:11:00.000000,3
880350_2023-01-18_11:56:00.000000,2023-01-18,11:56:00.000000,3
880354_2023-01-19_09:56:00.000000,2023-01-19,09:56:00.000000,3
880354_2023-01-19_10:11:00.000000,2023-01-19,10:11:00.000000,3
880354_2023-01-19_10:26:00.000000,2023-01-19,10:26:00.000000,3
880354_2023-01-19_10:26:00.000000,2023-01-19,10:26:00.000000,3
880354_2023-01-19_14:11:00.000000,2023-01-19,14:11:00.000000,3
880362_2023-01-21_09:26:00.000000,2023-01-21,09:26:00.000000,3
880362_2023-01-21_12:26:00.000000,2023-01-21,12:26:00.000000,3
881028_2023-01-22_07:11:00.000000,2023-01-22,07:11:00.000000,3
881028_2023-01-22_10:11:00.000000,2023-01-22,10:11:00.000000,3
881024_2023-01-23_14:11:00.000000,2023-01-23,14:11:00.000000,3
881020_2023-01-24_10:26:00.000000,2023-01-24,10:26:00.000000,3
881020_2023-01-24_10:56:00.000000,2023-01-24,10:56:00.000000,3
881020_2023-01-24_11:11:00.000000,2023-01-24,11:11:00.000000,3
881020_2023-01-24_12:26:00.000000,2023-01-24,12:26:00.000000,3
881020_2023-01-24_12:41:00.000000,2023-01-24,12:41:00.000000,3
881020_2023-01-24_13:41:00.000000,2023-01-24,13:41:00.000000,3
881000_2023-01-27_06:41:00.000000,2023-01-27,06:41:00.000000,3
881004_2023-01-28_13:41:00.000000,2023-01-28,13:41:00.000000,3
881008_2023-01-29_13:41:00.000000,2023-01-29,13:41:00.000000,3
881008_2023-01-29_13:56:00.000000,2023-01-29,13:56:00.000000,3
881008_2023-01-29_14:41:00.000000,2023-01-29,14:41:00.000000,3
881008_2023-01-29_14:56:00.000000,2023-01-29,14:56:00.000000,3
881012_2023-01-30_07:56:00.000000,2023-01-30,07:56:00.000000,3
881012_2023-01-30_09:56:00.000000,2023-01-30,09:56:00.000000,3
881012_2023-01-30_11:11:00.000000,2023-01-30,11:11:00.000000,3
881012_2023-01-30_11:26:00.000000,2023-01-30,11:26:00.000000,3
881012_2023-01-30_12:26:00.000000,2023-01-30,12:26:00.000000,3
881012_2023-01-30_12:56:00.000000,2023-01-30,12:56:00.000000,3
881012_2023-01-30_14:56:00.000000,2023-01-30,14:56:00.000000,3
880992_2023-01-31_06:56:00.000000,2023-01-31,06:56:00.000000,3
880992_2023-01-31_08:56:00.000000,2023-01-31,08:56:00.000000,3
881016_2023-02-01_07:56:00.000000,2023-02-01,07:56:00.000000,3
881242_2023-02-03_12:26:00.000000,2023-02-03,12:26:00.000000,3
881242_2023-02-03_14:41:00.000000,2023-02-03,14:41:00.000000,3
881238_2023-02-04_06:41:00.000000,2023-02-04,06:41:00.000000,3
881238_2023-02-04_07:26:00.000000,2023-02-04,07:26:00.000000,3
881238_2023-02-04_09:11:00.000000,2023-02-04,09:11:00.000000,3
881238_2023-02-04_09:26:00.000000,2023-02-04,09:26:00.000000,3
881234_2023-02-05_08:41:00.000000,2023-02-05,08:41:00.000000,3
881234_2023-02-05_10:41:00.000000,2023-02-05,10:41:00.000000,3
881234_2023-02-05_12:56:00.000000,2023-02-05,12:56:00.000000,3
881226_2023-02-07_07:41:00.000000,2023-02-07,07:41:00.000000,3
881226_2023-02-07_13:56:00.000000,2023-02-07,13:56:00.000000,3
881226_2023-02-07_14:11:00.000000,2023-02-07,14:11:00.000000,3
881226_2023-02-07_14:56:00.000000,2023-02-07,14:56:00.000000,3
881222_2023-02-08_06:26:00.000000,2023-02-08,06:26:00.000000,3
881222_2023-02-08_07:41:00.000000,2023-02-08,07:41:00.000000,3
881222_2023-02-08_10:56:00.000000,2023-02-08,10:56:00.000000,3
881218_2023-02-09_07:11:00.000000,2023-02-09,07:11:00.000000,3
881218_2023-02-09_07:11:00.000000,2023-02-09,07:11:00.000000,2
881218_2023-02-09_07:26:00.000000,2023-02-09,07:26:00.000000,2
881218_2023-02-09_07:26:00.000000,2023-02-09,07:26:00.000000,4
881218_2023-02-09_07:41:00.000000,2023-02-09,07:41:00.000000,4
881218_2023-02-09_07:56:00.000000,2023-02-09,07:56:00.000000,4
881218_2023-02-09_08:11:00.000000,2023-02-09,08:11:00.000000,4
881218_2023-02-09_08:26:00.000000,2023-02-09,08:26:00.000000,4
881218_2023-02-09_08:41:00.000000,2023-02-09,08:41:00.000000,4
881218_2023-02-09_08:41:00.000000,2023-02-09,08:41:00.000000,4
881218_2023-02-09_08:56:00.000000,2023-02-09,08:56:00.000000,4
881218_2023-02-09_09:11:00.000000,2023-02-09,09:11:00.000000,4
881218_2023-02-09_09:26:00.000000,2023-02-09,09:26:00.000000,4
881218_2023-02-09_09:41:00.000000,2023-02-09,09:41:00.000000,4
881218_2023-02-09_09:56:00.000000,2023-02-09,09:56:00.000000,4
881218_2023-02-09_08:56:00.000000,2023-02-09,08:56:00.000000,2
881218_2023-02-09_09:11:00.000000,2023-02-09,09:11:00.000000,3
881218_2023-02-09_09:41:00.000000,2023-02-09,09:41:00.000000,3
881218_2023-02-09_10:41:00.000000,2023-02-09,10:41:00.000000,3
881218_2023-02-09_11:11:00.000000,2023-02-09,11:11:00.000000,3
881218_2023-02-09_12:11:00.000000,2023-02-09,12:11:00.000000,3
881218_2023-02-09_13:11:00.000000,2023-02-09,13:11:00.000000,3
881218_2023-02-09_13:26:00.000000,2023-02-09,13:26:00.000000,3
881218_2023-02-09_13:26:00.000000,2023-02-09,13:26:00.000000,3
881218_2023-02-09_14:56:00.000000,2023-02-09,14:56:00.000000,3
881214_2023-02-10_08:56:00.000000,2023-02-10,08:56:00.000000,3
881214_2023-02-10_09:11:00.000000,2023-02-10,09:11:00.000000,3
881214_2023-02-10_11:11:00.000000,2023-02-10,11:11:00.000000,3
881214_2023-02-10_13:56:00.000000,2023-02-10,13:56:00.000000,3
881214_2023-02-10_15:11:00.000000,2023-02-10,15:11:00.000000,3
881210_2023-02-11_07:26:00.000000,2023-02-11,07:26:00.000000,3
881210_2023-02-11_10:11:00.000000,2023-02-11,10:11:00.000000,3
881210_2023-02-11_14:11:00.000000,2023-02-11,14:11:00.000000,3
881210_2023-02-11_14:41:00.000000,2023-02-11,14:41:00.000000,3
881206_2023-02-12_15:11:00.000000,2023-02-12,15:11:00.000000,3
881202_2023-02-13_08:56:00.000000,2023-02-13,08:56:00.000000,3
881202_2023-02-13_09:11:00.000000,2023-02-13,09:11:00.000000,3
881202_2023-02-13_10:11:00.000000,2023-02-13,10:11:00.000000,3
881202_2023-02-13_10:41:00.000000,2023-02-13,10:41:00.000000,3
881202_2023-02-13_12:41:00.000000,2023-02-13,12:41:00.000000,3
881202_2023-02-13_12:56:00.000000,2023-02-13,12:56:00.000000,3
881202_2023-02-13_14:11:00.000000,2023-02-13,14:11:00.000000,3
881202_2023-02-13_14:26:00.000000,2023-02-13,14:26:00.000000,3
881202_2023-02-13_15:11:00.000000,2023-02-13,15:11:00.000000,3
881198_2023-02-14_08:41:00.000000,2023-02-14,08:41:00.000000,3
881198_2023-02-14_09:11:00.000000,2023-02-14,09:11:00.000000,3
881158_2023-02-15_14:11:00.000000,2023-02-15,14:11:00.000000,3
881158_2023-02-15_14:56:00.000000,2023-02-15,14:56:00.000000,3
881162_2023-02-16_06:26:00.000000,2023-02-16,06:26:00.000000,3
881162_2023-02-16_06:41:00.000000,2023-02-16,06:41:00.000000,3
881162_2023-02-16_07:11:00.000000,2023-02-16,07:11:00.000000,3
881162_2023-02-16_07:26:00.000000,2023-02-16,07:26:00.000000,3
881162_2023-02-16_10:11:00.000000,2023-02-16,10:11:00.000000,3
881162_2023-02-16_12:41:00.000000,2023-02-16,12:41:00.000000,3
881166_2023-02-17_11:26:00.000000,2023-02-17,11:26:00.000000,3
881166_2023-02-17_11:41:00.000000,2023-02-17,11:41:00.000000,3
881166_2023-02-17_15:11:00.000000,2023-02-17,15:11:00.000000,3
881170_2023-02-18_07:26:00.000000,2023-02-18,07:26:00.000000,3
881170_2023-02-18_08:56:00.000000,2023-02-18,08:56:00.000000,3
881174_2023-02-19_09:56:00.000000,2023-02-19,09:56:00.000000,3
881174_2023-02-19_12:56:00.000000,2023-02-19,12:56:00.000000,3
881178_2023-02-20_06:41:00.000000,2023-02-20,06:41:00.000000,3
881178_2023-02-20_07:11:00.000000,2023-02-20,07:11:00.000000,3
881178_2023-02-20_08:56:00.000000,2023-02-20,08:56:00.000000,3
881178_2023-02-20_10:11:00.000000,2023-02-20,10:11:00.000000,3
881178_2023-02-20_12:11:00.000000,2023-02-20,12:11:00.000000,3
881178_2023-02-20_12:41:00.000000,2023-02-20,12:41:00.000000,3
881178_2023-02-20_14:41:00.000000,2023-02-20,14:41:00.000000,3
881178_2023-02-20_14:56:00.000000,2023-02-20,14:56:00.000000,3
881178_2023-02-20_14:56:00.000000,2023-02-20,14:56:00.000000,3
881182_2023-02-21_06:41:00.000000,2023-02-21,06:41:00.000000,3
881182_2023-02-21_11:26:00.000000,2023-02-21,11:26:00.000000,3
881182_2023-02-21_14:26:00.000000,2023-02-21,14:26:00.000000,3
881190_2023-02-23_06:26:00.000000,2023-02-23,06:26:00.000000,3
881190_2023-02-23_07:11:00.000000,2023-02-23,07:11:00.000000,3
881190_2023-02-23_07:41:00.000000,2023-02-23,07:41:00.000000,3
881190_2023-02-23_07:56:00.000000,2023-02-23,07:56:00.000000,3
881190_2023-02-23_10:26:00.000000,2023-02-23,10:26:00.000000,3
881190_2023-02-23_10:41:00.000000,2023-02-23,10:41:00.000000,3
881190_2023-02-23_12:11:00.000000,2023-02-23,12:11:00.000000,3
881190_2023-02-23_12:26:00.000000,2023-02-23,12:26:00.000000,3
881190_2023-02-23_14:56:00.000000,2023-02-23,14:56:00.000000,3
881190_2023-02-23_15:11:00.000000,2023-02-23,15:11:00.000000,3
881194_2023-02-24_06:26:00.000000,2023-02-24,06:26:00.000000,3
881194_2023-02-24_06:56:00.000000,2023-02-24,06:56:00.000000,3
881194_2023-02-24_07:41:00.000000,2023-02-24,07:41:00.000000,3
881194_2023-02-24_10:11:00.000000,2023-02-24,10:11:00.000000,3
881848_2023-02-25_06:26:00.000000,2023-02-25,06:26:00.000000,3
881848_2023-02-25_07:41:00.000000,2023-02-25,07:41:00.000000,3
881848_2023-02-25_13:11:00.000000,2023-02-25,13:11:00.000000,3
881848_2023-02-25_14:56:00.000000,2023-02-25,14:56:00.000000,3
881848_2023-02-25_15:11:00.000000,2023-02-25,15:11:00.000000,3
882428_2023-03-01_11:41:00.000000,2023-03-01,11:41:00.000000,3
882428_2023-03-01_13:11:00.000000,2023-03-01,13:11:00.000000,3
882428_2023-03-01_13:41:00.000000,2023-03-01,13:41:00.000000,3
882424_2023-03-02_06:26:00.000000,2023-03-02,06:26:00.000000,3
882424_2023-03-02_06:56:00.000000,2023-03-02,06:56:00.000000,3
882420_2023-03-03_06:26:00.000000,2023-03-03,06:26:00.000000,3
882420_2023-03-03_11:26:00.000000,2023-03-03,11:26:00.000000,3
882420_2023-03-03_11:56:00.000000,2023-03-03,11:56:00.000000,3
882420_2023-03-03_12:56:00.000000,2023-03-03,12:56:00.000000,3
882420_2023-03-03_14:26:00.000000,2023-03-03,14:26:00.000000,3
882420_2023-03-03_14:41:00.000000,2023-03-03,14:41:00.000000,3
882420_2023-03-03_15:11:00.000000,2023-03-03,15:11:00.000000,3
882416_2023-03-04_06:56:00.000000,2023-03-04,06:56:00.000000,3
882416_2023-03-04_07:11:00.000000,2023-03-04,07:11:00.000000,3
882416_2023-03-04_07:26:00.000000,2023-03-04,07:26:00.000000,3
882416_2023-03-04_11:56:00.000000,2023-03-04,11:56:00.000000,3
882416_2023-03-04_12:56:00.000000,2023-03-04,12:56:00.000000,3
882416_2023-03-04_14:26:00.000000,2023-03-04,14:26:00.000000,3
882416_2023-03-04_14:26:00.000000,2023-03-04,14:26:00.000000,3
882412_2023-03-05_07:41:00.000000,2023-03-05,07:41:00.000000,3
882412_2023-03-05_09:41:00.000000,2023-03-05,09:41:00.000000,3
882408_2023-03-06_08:56:00.000000,2023-03-06,08:56:00.000000,3
882612_2023-03-10_13:11:00.000000,2023-03-10,13:11:00.000000,3
883472_2023-03-13_08:15:00.000000,2023-03-13,08:15:00.000000,3
883474_2023-03-13_08:15:00.000000,2023-03-13,08:15:00.000000,3
883834_2023-03-15_15:15:00.000000,2023-03-15,15:15:00.000000,3
883836_2023-03-15_15:15:00.000000,2023-03-15,15:15:00.000000,3
884134_2023-03-17_09:00:00.000000,2023-03-17,09:00:00.000000,3
884132_2023-03-17_09:00:00.000000,2023-03-17,09:00:00.000000,3
884134_2023-03-17_13:00:00.000000,2023-03-17,13:00:00.000000,5
884132_2023-03-17_13:00:00.000000,2023-03-17,13:00:00.000000,5
884134_2023-03-17_13:00:00.000000,2023-03-17,13:00:00.000000,3
884132_2023-03-17_13:00:00.000000,2023-03-17,13:00:00.000000,3
884166_2023-03-18_10:45:00.000000,2023-03-18,10:45:00.000000,3
884164_2023-03-18_10:45:00.000000,2023-03-18,10:45:00.000000,3
884166_2023-03-18_11:30:00.000000,2023-03-18,11:30:00.000000,3
884164_2023-03-18_11:30:00.000000,2023-03-18,11:30:00.000000,3
884166_2023-03-18_14:15:00.000000,2023-03-18,14:15:00.000000,3
884164_2023-03-18_14:15:00.000000,2023-03-18,14:15:00.000000,3
884166_2023-03-18_14:30:00.000000,2023-03-18,14:30:00.000000,3
884164_2023-03-18_14:30:00.000000,2023-03-18,14:30:00.000000,3
884166_2023-03-18_15:15:00.000000,2023-03-18,15:15:00.000000,3
884164_2023-03-18_15:15:00.000000,2023-03-18,15:15:00.000000,3
884204_2023-03-19_09:15:00.000000,2023-03-19,09:15:00.000000,3
884202_2023-03-19_09:15:00.000000,2023-03-19,09:15:00.000000,3
884230_2023-03-20_09:15:00.000000,2023-03-20,09:15:00.000000,3
884232_2023-03-20_09:15:00.000000,2023-03-20,09:15:00.000000,3
884230_2023-03-20_09:30:00.000000,2023-03-20,09:30:00.000000,3
884232_2023-03-20_09:30:00.000000,2023-03-20,09:30:00.000000,3
884230_2023-03-20_15:00:00.000000,2023-03-20,15:00:00.000000,3
884232_2023-03-20_15:00:00.000000,2023-03-20,15:00:00.000000,3
884258_2023-03-21_08:30:00.000000,2023-03-21,08:30:00.000000,3
884260_2023-03-21_08:30:00.000000,2023-03-21,08:30:00.000000,3
884258_2023-03-21_14:15:00.000000,2023-03-21,14:15:00.000000,3
884260_2023-03-21_14:15:00.000000,2023-03-21,14:15:00.000000,3
885540_2023-03-23_08:45:00.000000,2023-03-23,08:45:00.000000,3
885538_2023-03-23_08:45:00.000000,2023-03-23,08:45:00.000000,3
885540_2023-03-23_13:15:00.000000,2023-03-23,13:15:00.000000,3
885538_2023-03-23_13:15:00.000000,2023-03-23,13:15:00.000000,3
885572_2023-03-24_09:30:00.000000,2023-03-24,09:30:00.000000,3
885570_2023-03-24_09:30:00.000000,2023-03-24,09:30:00.000000,3
885608_2023-03-25_11:30:00.000000,2023-03-25,11:30:00.000000,3
885606_2023-03-25_11:30:00.000000,2023-03-25,11:30:00.000000,3
885644_2023-03-26_11:45:00.000000,2023-03-26,11:45:00.000000,3
885642_2023-03-26_11:45:00.000000,2023-03-26,11:45:00.000000,3
885644_2023-03-26_12:15:00.000000,2023-03-26,12:15:00.000000,3
885642_2023-03-26_12:15:00.000000,2023-03-26,12:15:00.000000,3
885644_2023-03-26_12:45:00.000000,2023-03-26,12:45:00.000000,3
885642_2023-03-26_12:45:00.000000,2023-03-26,12:45:00.000000,3
885644_2023-03-26_13:00:00.000000,2023-03-26,13:00:00.000000,3
885642_2023-03-26_13:00:00.000000,2023-03-26,13:00:00.000000,3
885904_2023-03-27_08:15:00.000000,2023-03-27,08:15:00.000000,3
885902_2023-03-27_08:15:00.000000,2023-03-27,08:15:00.000000,3
885934_2023-03-29_10:45:00.000000,2023-03-29,10:45:00.000000,3
885936_2023-03-29_10:45:00.000000,2023-03-29,10:45:00.000000,3
885934_2023-03-29_11:45:00.000000,2023-03-29,11:45:00.000000,3
885936_2023-03-29_11:45:00.000000,2023-03-29,11:45:00.000000,3
885934_2023-03-29_13:00:00.000000,2023-03-29,13:00:00.000000,3
885936_2023-03-29_13:00:00.000000,2023-03-29,13:00:00.000000,3
885934_2023-03-29_13:30:00.000000,2023-03-29,13:30:00.000000,3
885936_2023-03-29_13:30:00.000000,2023-03-29,13:30:00.000000,3
885934_2023-03-29_13:45:00.000000,2023-03-29,13:45:00.000000,3
885936_2023-03-29_13:45:00.000000,2023-03-29,13:45:00.000000,3
885934_2023-03-29_15:30:00.000000,2023-03-29,15:30:00.000000,3
885936_2023-03-29_15:30:00.000000,2023-03-29,15:30:00.000000,3
886180_2023-03-30_08:00:00.000000,2023-03-30,08:00:00.000000,4
886178_2023-03-30_08:00:00.000000,2023-03-30,08:00:00.000000,4
886180_2023-03-30_08:15:00.000000,2023-03-30,08:15:00.000000,3
886178_2023-03-30_08:15:00.000000,2023-03-30,08:15:00.000000,3
886180_2023-03-30_09:00:00.000000,2023-03-30,09:00:00.000000,3
886178_2023-03-30_09:00:00.000000,2023-03-30,09:00:00.000000,3
886180_2023-03-30_11:00:00.000000,2023-03-30,11:00:00.000000,3
886178_2023-03-30_11:00:00.000000,2023-03-30,11:00:00.000000,3
886206_2023-03-31_09:00:00.000000,2023-03-31,09:00:00.000000,3
886208_2023-03-31_09:00:00.000000,2023-03-31,09:00:00.000000,3
886206_2023-03-31_11:00:00.000000,2023-03-31,11:00:00.000000,3
886208_2023-03-31_11:00:00.000000,2023-03-31,11:00:00.000000,3
886206_2023-03-31_11:15:00.000000,2023-03-31,11:15:00.000000,3
886208_2023-03-31_11:15:00.000000,2023-03-31,11:15:00.000000,3
886206_2023-03-31_13:45:00.000000,2023-03-31,13:45:00.000000,3
886208_2023-03-31_13:45:00.000000,2023-03-31,13:45:00.000000,3
886234_2023-04-01_14:30:00.000000,2023-04-01,14:30:00.000000,3
886236_2023-04-01_14:30:00.000000,2023-04-01,14:30:00.000000,3
886538_2023-04-04_07:41:00.000000,2023-04-04,07:41:00.000000,3
886538_2023-04-04_11:26:00.000000,2023-04-04,11:26:00.000000,3
886618_2023-04-05_10:30:00.000000,2023-04-05,10:30:00.000000,3
886620_2023-04-05_10:30:00.000000,2023-04-05,10:30:00.000000,3
886658_2023-04-06_08:45:00.000000,2023-04-06,08:45:00.000000,3
886660_2023-04-06_08:45:00.000000,2023-04-06,08:45:00.000000,3
886658_2023-04-06_09:30:00.000000,2023-04-06,09:30:00.000000,3
886660_2023-04-06_09:30:00.000000,2023-04-06,09:30:00.000000,3
886658_2023-04-06_15:15:00.000000,2023-04-06,15:15:00.000000,3
886660_2023-04-06_15:15:00.000000,2023-04-06,15:15:00.000000,3
886716_2023-04-08_13:00:00.000000,2023-04-08,13:00:00.000000,3
886714_2023-04-08_13:00:00.000000,2023-04-08,13:00:00.000000,3
886716_2023-04-08_13:15:00.000000,2023-04-08,13:15:00.000000,3
886714_2023-04-08_13:15:00.000000,2023-04-08,13:15:00.000000,3
886716_2023-04-08_14:00:00.000000,2023-04-08,14:00:00.000000,3
886714_2023-04-08_14:00:00.000000,2023-04-08,14:00:00.000000,3
887024_2023-04-09_15:30:00.000000,2023-04-09,15:30:00.000000,3
887026_2023-04-09_15:30:00.000000,2023-04-09,15:30:00.000000,3
887048_2023-04-10_14:30:00.000000,2023-04-10,14:30:00.000000,3
887046_2023-04-10_14:30:00.000000,2023-04-10,14:30:00.000000,3
887376_2023-04-13_06:26:00.000000,2023-04-13,06:26:00.000000,3
887376_2023-04-13_10:41:00.000000,2023-04-13,10:41:00.000000,3
887376_2023-04-13_11:26:00.000000,2023-04-13,11:26:00.000000,3
887376_2023-04-13_11:56:00.000000,2023-04-13,11:56:00.000000,3
887376_2023-04-13_14:11:00.000000,2023-04-13,14:11:00.000000,3
887372_2023-04-14_09:11:00.000000,2023-04-14,09:11:00.000000,3
887372_2023-04-14_10:11:00.000000,2023-04-14,10:11:00.000000,3
887372_2023-04-14_13:56:00.000000,2023-04-14,13:56:00.000000,3
887372_2023-04-14_15:41:00.000000,2023-04-14,15:41:00.000000,3
887372_2023-04-14_16:11:00.000000,2023-04-14,16:11:00.000000,3
887360_2023-04-17_06:26:00.000000,2023-04-17,06:26:00.000000,3
887360_2023-04-17_06:56:00.000000,2023-04-17,06:56:00.000000,3
887360_2023-04-17_10:41:00.000000,2023-04-17,10:41:00.000000,3
887360_2023-04-17_12:11:00.000000,2023-04-17,12:11:00.000000,3
887360_2023-04-17_13:11:00.000000,2023-04-17,13:11:00.000000,3
887360_2023-04-17_14:26:00.000000,2023-04-17,14:26:00.000000,3
887360_2023-04-17_16:11:00.000000,2023-04-17,16:11:00.000000,3
887356_2023-04-18_09:56:00.000000,2023-04-18,09:56:00.000000,3
887356_2023-04-18_11:11:00.000000,2023-04-18,11:11:00.000000,3
887356_2023-04-18_14:11:00.000000,2023-04-18,14:11:00.000000,3
887356_2023-04-18_15:11:00.000000,2023-04-18,15:11:00.000000,3
887356_2023-04-18_16:56:00.000000,2023-04-18,16:56:00.000000,3
887352_2023-04-19_07:26:00.000000,2023-04-19,07:26:00.000000,3
887352_2023-04-19_10:26:00.000000,2023-04-19,10:26:00.000000,3
887352_2023-04-19_12:26:00.000000,2023-04-19,12:26:00.000000,3
887348_2023-04-20_10:26:00.000000,2023-04-20,10:26:00.000000,3
887348_2023-04-20_10:41:00.000000,2023-04-20,10:41:00.000000,3
887348_2023-04-20_12:11:00.000000,2023-04-20,12:11:00.000000,3
887348_2023-04-20_13:56:00.000000,2023-04-20,13:56:00.000000,3
887348_2023-04-20_17:11:00.000000,2023-04-20,17:11:00.000000,3
887344_2023-04-21_06:26:00.000000,2023-04-21,06:26:00.000000,3
887344_2023-04-21_07:41:00.000000,2023-04-21,07:41:00.000000,3
887344_2023-04-21_07:41:00.000000,2023-04-21,07:41:00.000000,3
887344_2023-04-21_10:56:00.000000,2023-04-21,10:56:00.000000,3
887344_2023-04-21_12:26:00.000000,2023-04-21,12:26:00.000000,3
887898_2023-04-22_07:41:00.000000,2023-04-22,07:41:00.000000,3
887898_2023-04-22_08:11:00.000000,2023-04-22,08:11:00.000000,3
887898_2023-04-22_10:41:00.000000,2023-04-22,10:41:00.000000,3
887898_2023-04-22_12:56:00.000000,2023-04-22,12:56:00.000000,3
887898_2023-04-22_13:11:00.000000,2023-04-22,13:11:00.000000,3
887898_2023-04-22_13:26:00.000000,2023-04-22,13:26:00.000000,3
887898_2023-04-22_13:41:00.000000,2023-04-22,13:41:00.000000,3
887898_2023-04-22_13:56:00.000000,2023-04-22,13:56:00.000000,3
887898_2023-04-22_14:11:00.000000,2023-04-22,14:11:00.000000,3
887902_2023-04-23_16:11:00.000000,2023-04-23,16:11:00.000000,3
887902_2023-04-23_16:26:00.000000,2023-04-23,16:26:00.000000,3
887902_2023-04-23_16:41:00.000000,2023-04-23,16:41:00.000000,3
887906_2023-04-24_10:56:00.000000,2023-04-24,10:56:00.000000,3
887906_2023-04-24_11:11:00.000000,2023-04-24,11:11:00.000000,3
887910_2023-04-25_09:56:00.000000,2023-04-25,09:56:00.000000,3
887922_2023-04-28_08:56:00.000000,2023-04-28,08:56:00.000000,3
887922_2023-04-28_10:56:00.000000,2023-04-28,10:56:00.000000,3
887922_2023-04-28_11:26:00.000000,2023-04-28,11:26:00.000000,3
887922_2023-04-28_14:41:00.000000,2023-04-28,14:41:00.000000,3
887862_2023-04-29_08:11:00.000000,2023-04-29,08:11:00.000000,3
887862_2023-04-29_08:26:00.000000,2023-04-29,08:26:00.000000,3
887862_2023-04-29_10:41:00.000000,2023-04-29,10:41:00.000000,3
887862_2023-04-29_11:11:00.000000,2023-04-29,11:11:00.000000,3
887862_2023-04-29_13:11:00.000000,2023-04-29,13:11:00.000000,3
887862_2023-04-29_13:26:00.000000,2023-04-29,13:26:00.000000,3
887862_2023-04-29_14:41:00.000000,2023-04-29,14:41:00.000000,3
888128_2023-04-30_06:26:00.000000,2023-04-30,06:26:00.000000,3
888128_2023-04-30_08:11:00.000000,2023-04-30,08:11:00.000000,3
888128_2023-04-30_08:26:00.000000,2023-04-30,08:26:00.000000,3
888128_2023-04-30_11:26:00.000000,2023-04-30,11:26:00.000000,3
888128_2023-04-30_13:56:00.000000,2023-04-30,13:56:00.000000,3
888128_2023-04-30_16:41:00.000000,2023-04-30,16:41:00.000000,3
888130_2023-05-01_06:56:00.000000,2023-05-01,06:56:00.000000,3
888130_2023-05-01_07:41:00.000000,2023-05-01,07:41:00.000000,3
888130_2023-05-01_09:26:00.000000,2023-05-01,09:26:00.000000,3
888130_2023-05-01_09:41:00.000000,2023-05-01,09:41:00.000000,3
888130_2023-05-01_12:41:00.000000,2023-05-01,12:41:00.000000,3
888130_2023-05-01_12:56:00.000000,2023-05-01,12:56:00.000000,3
888130_2023-05-01_13:11:00.000000,2023-05-01,13:11:00.000000,3
888130_2023-05-01_14:26:00.000000,2023-05-01,14:26:00.000000,3
888130_2023-05-01_15:26:00.000000,2023-05-01,15:26:00.000000,3
888130_2023-05-01_16:26:00.000000,2023-05-01,16:26:00.000000,3
888132_2023-05-02_06:26:00.000000,2023-05-02,06:26:00.000000,3
888132_2023-05-02_10:26:00.000000,2023-05-02,10:26:00.000000,3
888132_2023-05-02_11:26:00.000000,2023-05-02,11:26:00.000000,3
888132_2023-05-02_13:56:00.000000,2023-05-02,13:56:00.000000,3
888132_2023-05-02_14:56:00.000000,2023-05-02,14:56:00.000000,3
888132_2023-05-02_16:26:00.000000,2023-05-02,16:26:00.000000,3
888136_2023-05-03_07:26:00.000000,2023-05-03,07:26:00.000000,3
888136_2023-05-03_11:56:00.000000,2023-05-03,11:56:00.000000,3
888136_2023-05-03_12:11:00.000000,2023-05-03,12:11:00.000000,3
888136_2023-05-03_15:56:00.000000,2023-05-03,15:56:00.000000,3
888140_2023-05-04_07:56:00.000000,2023-05-04,07:56:00.000000,3
888140_2023-05-04_08:11:00.000000,2023-05-04,08:11:00.000000,3
888140_2023-05-04_08:26:00.000000,2023-05-04,08:26:00.000000,2
888140_2023-05-04_08:41:00.000000,2023-05-04,08:41:00.000000,2
888140_2023-05-04_08:41:00.000000,2023-05-04,08:41:00.000000,4
888140_2023-05-04_08:56:00.000000,2023-05-04,08:56:00.000000,4
888140_2023-05-04_09:11:00.000000,2023-05-04,09:11:00.000000,4
888140_2023-05-04_09:26:00.000000,2023-05-04,09:26:00.000000,4
888140_2023-05-04_09:41:00.000000,2023-05-04,09:41:00.000000,4
888140_2023-05-04_09:56:00.000000,2023-05-04,09:56:00.000000,4
888140_2023-05-04_09:11:00.000000,2023-05-04,09:11:00.000000,3
888140_2023-05-04_09:41:00.000000,2023-05-04,09:41:00.000000,4
888140_2023-05-04_09:56:00.000000,2023-05-04,09:56:00.000000,4
888140_2023-05-04_10:11:00.000000,2023-05-04,10:11:00.000000,4
888140_2023-05-04_10:26:00.000000,2023-05-04,10:26:00.000000,4
888140_2023-05-04_10:41:00.000000,2023-05-04,10:41:00.000000,4
888140_2023-05-04_10:56:00.000000,2023-05-04,10:56:00.000000,4
888144_2023-05-05_06:56:00.000000,2023-05-05,06:56:00.000000,2
888144_2023-05-05_07:11:00.000000,2023-05-05,07:11:00.000000,2
888144_2023-05-05_07:26:00.000000,2023-05-05,07:26:00.000000,4
888144_2023-05-05_07:41:00.000000,2023-05-05,07:41:00.000000,4
888144_2023-05-05_07:56:00.000000,2023-05-05,07:56:00.000000,4
888144_2023-05-05_08:11:00.000000,2023-05-05,08:11:00.000000,4
888144_2023-05-05_08:26:00.000000,2023-05-05,08:26:00.000000,4
888144_2023-05-05_08:41:00.000000,2023-05-05,08:41:00.000000,4
888144_2023-05-05_07:41:00.000000,2023-05-05,07:41:00.000000,2
888144_2023-05-05_07:56:00.000000,2023-05-05,07:56:00.000000,2
888144_2023-05-05_09:56:00.000000,2023-05-05,09:56:00.000000,4
888144_2023-05-05_10:11:00.000000,2023-05-05,10:11:00.000000,4
888144_2023-05-05_10:26:00.000000,2023-05-05,10:26:00.000000,4
888144_2023-05-05_10:41:00.000000,2023-05-05,10:41:00.000000,4
888144_2023-05-05_10:56:00.000000,2023-05-05,10:56:00.000000,4
888144_2023-05-05_11:11:00.000000,2023-05-05,11:11:00.000000,4
888144_2023-05-05_15:41:00.000000,2023-05-05,15:41:00.000000,3
888148_2023-05-06_06:41:00.000000,2023-05-06,06:41:00.000000,3
888148_2023-05-06_08:11:00.000000,2023-05-06,08:11:00.000000,3
888148_2023-05-06_08:56:00.000000,2023-05-06,08:56:00.000000,3
888148_2023-05-06_11:41:00.000000,2023-05-06,11:41:00.000000,3
888148_2023-05-06_12:26:00.000000,2023-05-06,12:26:00.000000,3
888148_2023-05-06_15:11:00.000000,2023-05-06,15:11:00.000000,3
888148_2023-05-06_16:56:00.000000,2023-05-06,16:56:00.000000,3
888152_2023-05-07_06:26:00.000000,2023-05-07,06:26:00.000000,3
888152_2023-05-07_06:41:00.000000,2023-05-07,06:41:00.000000,3
888152_2023-05-07_07:56:00.000000,2023-05-07,07:56:00.000000,3
888152_2023-05-07_09:26:00.000000,2023-05-07,09:26:00.000000,3
888152_2023-05-07_11:11:00.000000,2023-05-07,11:11:00.000000,3
888156_2023-05-08_06:41:00.000000,2023-05-08,06:41:00.000000,3
888156_2023-05-08_06:56:00.000000,2023-05-08,06:56:00.000000,3
888156_2023-05-08_08:11:00.000000,2023-05-08,08:11:00.000000,3
888156_2023-05-08_08:26:00.000000,2023-05-08,08:26:00.000000,3
888156_2023-05-08_08:26:00.000000,2023-05-08,08:26:00.000000,2
888156_2023-05-08_09:41:00.000000,2023-05-08,09:41:00.000000,3
888156_2023-05-08_09:56:00.000000,2023-05-08,09:56:00.000000,3
888156_2023-05-08_10:41:00.000000,2023-05-08,10:41:00.000000,3
888156_2023-05-08_10:56:00.000000,2023-05-08,10:56:00.000000,3
888156_2023-05-08_14:11:00.000000,2023-05-08,14:11:00.000000,3
888156_2023-05-08_17:11:00.000000,2023-05-08,17:11:00.000000,3
888160_2023-05-09_07:26:00.000000,2023-05-09,07:26:00.000000,3
888160_2023-05-09_07:41:00.000000,2023-05-09,07:41:00.000000,3
888160_2023-05-09_10:41:00.000000,2023-05-09,10:41:00.000000,3
888160_2023-05-09_11:56:00.000000,2023-05-09,11:56:00.000000,3
888160_2023-05-09_13:56:00.000000,2023-05-09,13:56:00.000000,3
888164_2023-05-10_06:56:00.000000,2023-05-10,06:56:00.000000,3
888164_2023-05-10_07:11:00.000000,2023-05-10,07:11:00.000000,3
888164_2023-05-10_07:56:00.000000,2023-05-10,07:56:00.000000,3
888164_2023-05-10_09:26:00.000000,2023-05-10,09:26:00.000000,3
888164_2023-05-10_14:11:00.000000,2023-05-10,14:11:00.000000,3
888164_2023-05-10_14:26:00.000000,2023-05-10,14:26:00.000000,3
888164_2023-05-10_14:41:00.000000,2023-05-10,14:41:00.000000,3
888164_2023-05-10_14:56:00.000000,2023-05-10,14:56:00.000000,3
888164_2023-05-10_15:41:00.000000,2023-05-10,15:41:00.000000,3
888168_2023-05-11_08:41:00.000000,2023-05-11,08:41:00.000000,5
888168_2023-05-11_08:56:00.000000,2023-05-11,08:56:00.000000,2
888168_2023-05-11_12:56:00.000000,2023-05-11,12:56:00.000000,3
888172_2023-05-12_07:26:00.000000,2023-05-12,07:26:00.000000,3
888172_2023-05-12_12:41:00.000000,2023-05-12,12:41:00.000000,3
888172_2023-05-12_13:56:00.000000,2023-05-12,13:56:00.000000,3
888172_2023-05-12_16:11:00.000000,2023-05-12,16:11:00.000000,3
888176_2023-05-13_08:26:00.000000,2023-05-13,08:26:00.000000,3
888176_2023-05-13_10:11:00.000000,2023-05-13,10:11:00.000000,3
888176_2023-05-13_14:41:00.000000,2023-05-13,14:41:00.000000,3
888180_2023-05-14_11:26:00.000000,2023-05-14,11:26:00.000000,3
888180_2023-05-14_14:41:00.000000,2023-05-14,14:41:00.000000,3
888184_2023-05-15_06:41:00.000000,2023-05-15,06:41:00.000000,3
888184_2023-05-15_08:26:00.000000,2023-05-15,08:26:00.000000,3
888184_2023-05-15_08:26:00.000000,2023-05-15,08:26:00.000000,3
888184_2023-05-15_09:56:00.000000,2023-05-15,09:56:00.000000,3
888184_2023-05-15_11:56:00.000000,2023-05-15,11:56:00.000000,3
888184_2023-05-15_12:41:00.000000,2023-05-15,12:41:00.000000,3
888184_2023-05-15_14:26:00.000000,2023-05-15,14:26:00.000000,3
888184_2023-05-15_14:41:00.000000,2023-05-15,14:41:00.000000,3
888188_2023-05-16_06:56:00.000000,2023-05-16,06:56:00.000000,3
888188_2023-05-16_07:11:00.000000,2023-05-16,07:11:00.000000,3
888188_2023-05-16_10:26:00.000000,2023-05-16,10:26:00.000000,3
888188_2023-05-16_11:11:00.000000,2023-05-16,11:11:00.000000,3
888464_2023-05-17_15:00:00.000000,2023-05-17,15:00:00.000000,3
888464_2023-05-17_15:00:00.000000,2023-05-17,15:00:00.000000,5
888464_2023-05-17_15:15:00.000000,2023-05-17,15:15:00.000000,2
888464_2023-05-17_15:30:00.000000,2023-05-17,15:30:00.000000,2
888468_2023-05-18_08:11:00.000000,2023-05-18,08:11:00.000000,3
888468_2023-05-18_12:41:00.000000,2023-05-18,12:41:00.000000,3
888468_2023-05-18_13:56:00.000000,2023-05-18,13:56:00.000000,3
888468_2023-05-18_14:41:00.000000,2023-05-18,14:41:00.000000,3
888468_2023-05-18_15:56:00.000000,2023-05-18,15:56:00.000000,3
888468_2023-05-18_16:41:00.000000,2023-05-18,16:41:00.000000,3
888472_2023-05-19_07:11:00.000000,2023-05-19,07:11:00.000000,3
888472_2023-05-19_07:56:00.000000,2023-05-19,07:56:00.000000,3
888472_2023-05-19_08:26:00.000000,2023-05-19,08:26:00.000000,3
888472_2023-05-19_09:11:00.000000,2023-05-19,09:11:00.000000,3
888472_2023-05-19_09:56:00.000000,2023-05-19,09:56:00.000000,3
888472_2023-05-19_16:11:00.000000,2023-05-19,16:11:00.000000,3
888472_2023-05-19_16:56:00.000000,2023-05-19,16:56:00.000000,3
888472_2023-05-19_17:11:00.000000,2023-05-19,17:11:00.000000,3
888476_2023-05-20_06:26:00.000000,2023-05-20,06:26:00.000000,3
888476_2023-05-20_07:11:00.000000,2023-05-20,07:11:00.000000,3
888476_2023-05-20_07:26:00.000000,2023-05-20,07:26:00.000000,3
888476_2023-05-20_07:41:00.000000,2023-05-20,07:41:00.000000,3
888476_2023-05-20_07:56:00.000000,2023-05-20,07:56:00.000000,3
888476_2023-05-20_09:11:00.000000,2023-05-20,09:11:00.000000,3
888476_2023-05-20_11:26:00.000000,2023-05-20,11:26:00.000000,3
888480_2023-05-21_06:56:00.000000,2023-05-21,06:56:00.000000,3
888480_2023-05-21_07:11:00.000000,2023-05-21,07:11:00.000000,3
888480_2023-05-21_09:56:00.000000,2023-05-21,09:56:00.000000,3
888572_2023-05-21_10:00:00.000000,2023-05-21,10:00:00.000000,3
888574_2023-05-21_10:00:00.000000,2023-05-21,10:00:00.000000,3
888480_2023-05-21_13:26:00.000000,2023-05-21,13:26:00.000000,3
888572_2023-05-21_13:30:00.000000,2023-05-21,13:30:00.000000,3
888574_2023-05-21_13:30:00.000000,2023-05-21,13:30:00.000000,3
888484_2023-05-22_09:26:00.000000,2023-05-22,09:26:00.000000,3
888484_2023-05-22_13:26:00.000000,2023-05-22,13:26:00.000000,3
888484_2023-05-22_13:26:00.000000,2023-05-22,13:26:00.000000,2
888484_2023-05-22_13:41:00.000000,2023-05-22,13:41:00.000000,2
888504_2023-05-23_08:41:00.000000,2023-05-23,08:41:00.000000,3
888504_2023-05-23_10:56:00.000000,2023-05-23,10:56:00.000000,4
888504_2023-05-23_11:11:00.000000,2023-05-23,11:11:00.000000,4
888504_2023-05-23_11:26:00.000000,2023-05-23,11:26:00.000000,4
888504_2023-05-23_11:41:00.000000,2023-05-23,11:41:00.000000,4
888504_2023-05-23_11:56:00.000000,2023-05-23,11:56:00.000000,4
888504_2023-05-23_12:11:00.000000,2023-05-23,12:11:00.000000,4
888504_2023-05-23_11:11:00.000000,2023-05-23,11:11:00.000000,3
888504_2023-05-23_11:11:00.000000,2023-05-23,11:11:00.000000,4
888504_2023-05-23_11:26:00.000000,2023-05-23,11:26:00.000000,4
888504_2023-05-23_11:41:00.000000,2023-05-23,11:41:00.000000,4
888504_2023-05-23_11:56:00.000000,2023-05-23,11:56:00.000000,4
888504_2023-05-23_12:11:00.000000,2023-05-23,12:11:00.000000,4
888504_2023-05-23_12:26:00.000000,2023-05-23,12:26:00.000000,4
888504_2023-05-23_11:56:00.000000,2023-05-23,11:56:00.000000,3
888508_2023-05-24_09:11:00.000000,2023-05-24,09:11:00.000000,4
888508_2023-05-24_09:26:00.000000,2023-05-24,09:26:00.000000,4
888508_2023-05-24_09:41:00.000000,2023-05-24,09:41:00.000000,4
888508_2023-05-24_09:56:00.000000,2023-05-24,09:56:00.000000,4
888508_2023-05-24_10:11:00.000000,2023-05-24,10:11:00.000000,4
888508_2023-05-24_10:26:00.000000,2023-05-24,10:26:00.000000,4
888508_2023-05-24_12:41:00.000000,2023-05-24,12:41:00.000000,3
888508_2023-05-24_15:11:00.000000,2023-05-24,15:11:00.000000,3
888508_2023-05-24_15:26:00.000000,2023-05-24,15:26:00.000000,3
888512_2023-05-25_06:56:00.000000,2023-05-25,06:56:00.000000,3
888512_2023-05-25_07:41:00.000000,2023-05-25,07:41:00.000000,3
888512_2023-05-25_09:11:00.000000,2023-05-25,09:11:00.000000,3
888512_2023-05-25_09:26:00.000000,2023-05-25,09:26:00.000000,3
888512_2023-05-25_12:41:00.000000,2023-05-25,12:41:00.000000,3
888512_2023-05-25_14:26:00.000000,2023-05-25,14:26:00.000000,3
888512_2023-05-25_16:26:00.000000,2023-05-25,16:26:00.000000,3
888516_2023-05-26_14:41:00.000000,2023-05-26,14:41:00.000000,3
888520_2023-05-27_08:11:00.000000,2023-05-27,08:11:00.000000,3
888520_2023-05-27_09:41:00.000000,2023-05-27,09:41:00.000000,3
888520_2023-05-27_10:11:00.000000,2023-05-27,10:11:00.000000,3
888520_2023-05-27_12:41:00.000000,2023-05-27,12:41:00.000000,3
888520_2023-05-27_12:56:00.000000,2023-05-27,12:56:00.000000,3
888520_2023-05-27_13:11:00.000000,2023-05-27,13:11:00.000000,3
888524_2023-05-28_07:11:00.000000,2023-05-28,07:11:00.000000,3
888524_2023-05-28_07:56:00.000000,2023-05-28,07:56:00.000000,3
888524_2023-05-28_08:26:00.000000,2023-05-28,08:26:00.000000,3
888524_2023-05-28_10:26:00.000000,2023-05-28,10:26:00.000000,3
888524_2023-05-28_10:41:00.000000,2023-05-28,10:41:00.000000,3
888524_2023-05-28_11:56:00.000000,2023-05-28,11:56:00.000000,3
888524_2023-05-28_13:26:00.000000,2023-05-28,13:26:00.000000,3
888524_2023-05-28_16:26:00.000000,2023-05-28,16:26:00.000000,3
888528_2023-05-29_06:56:00.000000,2023-05-29,06:56:00.000000,3
888528_2023-05-29_09:11:00.000000,2023-05-29,09:11:00.000000,3
888528_2023-05-29_10:56:00.000000,2023-05-29,10:56:00.000000,3
888528_2023-05-29_11:56:00.000000,2023-05-29,11:56:00.000000,3
888528_2023-05-29_12:41:00.000000,2023-05-29,12:41:00.000000,3
888528_2023-05-29_12:56:00.000000,2023-05-29,12:56:00.000000,3
888528_2023-05-29_13:26:00.000000,2023-05-29,13:26:00.000000,3
888528_2023-05-29_13:41:00.000000,2023-05-29,13:41:00.000000,3
2019321_2023-06-15_12:31:00.000000,2023-06-15,12:31:00.000000,3
2019743_2023-06-28_05:52:01.000000,2023-06-28,05:52:01.000000,3
2019743_2023-06-28_05:52:01.000000,2023-06-28,05:52:01.000000,3
2019743_2023-06-28_14:22:01.000000,2023-06-28,14:22:01.000000,3
2019743_2023-06-28_15:07:01.000000,2023-06-28,15:07:01.000000,3
2019743_2023-06-28_15:22:01.000000,2023-06-28,15:22:01.000000,3
2019743_2023-06-28_15:52:01.000000,2023-06-28,15:52:01.000000,3
2019743_2023-06-28_16:37:01.000000,2023-06-28,16:37:01.000000,3
2019743_2023-06-28_17:52:01.000000,2023-06-28,17:52:01.000000,3
2020027_2023-06-28_18:51:00.000000,2023-06-28,18:51:00.000000,3
2020021_2023-06-29_08:37:00.000000,2023-06-29,08:37:00.000000,3
2020021_2023-06-29_14:07:00.000000,2023-06-29,14:07:00.000000,5
2020024_2023-06-29_22:05:00.000000,2023-06-29,22:05:00.000000,3
2020402_2023-06-30_08:38:00.000000,2023-06-30,08:38:00.000000,3
2021008_2023-07-01_05:09:00.000000,2023-07-01,05:09:00.000000,3
2021008_2023-07-01_07:09:00.000000,2023-07-01,07:09:00.000000,3
2021008_2023-07-01_10:24:00.000000,2023-07-01,10:24:00.000000,3
2021008_2023-07-01_10:54:00.000000,2023-07-01,10:54:00.000000,3
2021008_2023-07-01_11:24:00.000000,2023-07-01,11:24:00.000000,3
2021008_2023-07-01_12:54:00.000000,2023-07-01,12:54:00.000000,3
2021008_2023-07-01_13:39:00.000000,2023-07-01,13:39:00.000000,3
2021011_2023-07-01_22:05:00.000000,2023-07-01,22:05:00.000000,3
2021011_2023-07-02_00:05:00.000000,2023-07-02,00:05:00.000000,3
2021011_2023-07-02_02:20:00.000000,2023-07-02,02:20:00.000000,3
2021011_2023-07-02_02:20:00.000000,2023-07-02,02:20:00.000000,2
2021011_2023-07-02_02:35:00.000000,2023-07-02,02:35:00.000000,2
2021014_2023-07-02_07:24:00.000000,2023-07-02,07:24:00.000000,3
2021014_2023-07-02_12:24:00.000000,2023-07-02,12:24:00.000000,3
2021017_2023-07-02_23:35:00.000000,2023-07-02,23:35:00.000000,3
2021020_2023-07-03_12:25:00.000000,2023-07-03,12:25:00.000000,3
2021020_2023-07-03_17:25:00.000000,2023-07-03,17:25:00.000000,3
2021020_2023-07-03_18:10:00.000000,2023-07-03,18:10:00.000000,3
2021023_2023-07-03_18:35:00.000000,2023-07-03,18:35:00.000000,2
2021023_2023-07-03_19:05:00.000000,2023-07-03,19:05:00.000000,3
2021023_2023-07-03_20:50:00.000000,2023-07-03,20:50:00.000000,5
2021023_2023-07-03_21:05:00.000000,2023-07-03,21:05:00.000000,5
2021023_2023-07-03_21:05:00.000000,2023-07-03,21:05:00.000000,2
2021023_2023-07-03_21:05:00.000000,2023-07-03,21:05:00.000000,2
2021023_2023-07-03_21:20:00.000000,2023-07-03,21:20:00.000000,2
2021023_2023-07-03_21:20:00.000000,2023-07-03,21:20:00.000000,2
2021023_2023-07-03_21:35:00.000000,2023-07-03,21:35:00.000000,2
2021023_2023-07-04_00:20:00.000000,2023-07-04,00:20:00.000000,3
2021023_2023-07-04_00:20:00.000000,2023-07-04,00:20:00.000000,3
2021023_2023-07-04_00:35:00.000000,2023-07-04,00:35:00.000000,3
2021023_2023-07-04_02:20:00.000000,2023-07-04,02:20:00.000000,3
2021023_2023-07-04_02:35:00.000000,2023-07-04,02:35:00.000000,3
2021023_2023-07-04_03:05:00.000000,2023-07-04,03:05:00.000000,3
2021023_2023-07-04_03:50:00.000000,2023-07-04,03:50:00.000000,3
2020414_2023-07-04_06:25:00.000000,2023-07-04,06:25:00.000000,3
2020414_2023-07-04_06:40:00.000000,2023-07-04,06:40:00.000000,3
2020414_2023-07-04_07:25:00.000000,2023-07-04,07:25:00.000000,3
2020414_2023-07-04_13:55:00.000000,2023-07-04,13:55:00.000000,3
2020414_2023-07-04_14:25:00.000000,2023-07-04,14:25:00.000000,3
2020417_2023-07-05_00:34:00.000000,2023-07-05,00:34:00.000000,3
2020417_2023-07-05_01:19:00.000000,2023-07-05,01:19:00.000000,3
2020420_2023-07-05_07:56:00.000000,2023-07-05,07:56:00.000000,3
2020420_2023-07-05_08:56:00.000000,2023-07-05,08:56:00.000000,3
2020420_2023-07-05_09:11:00.000000,2023-07-05,09:11:00.000000,3
2020420_2023-07-05_10:11:00.000000,2023-07-05,10:11:00.000000,3
2020420_2023-07-05_11:26:00.000000,2023-07-05,11:26:00.000000,3
2020420_2023-07-05_12:11:00.000000,2023-07-05,12:11:00.000000,3
2020420_2023-07-05_13:41:00.000000,2023-07-05,13:41:00.000000,3
2021282_2023-07-06_05:27:00.000000,2023-07-06,05:27:00.000000,3
2021282_2023-07-06_07:12:00.000000,2023-07-06,07:12:00.000000,3
2021282_2023-07-06_11:27:00.000000,2023-07-06,11:27:00.000000,3
2021282_2023-07-06_16:27:00.000000,2023-07-06,16:27:00.000000,3
2021282_2023-07-06_17:27:00.000000,2023-07-06,17:27:00.000000,3
2021285_2023-07-06_19:03:00.000000,2023-07-06,19:03:00.000000,3
2021285_2023-07-07_00:48:00.000000,2023-07-07,00:48:00.000000,3
2021285_2023-07-07_01:33:00.000000,2023-07-07,01:33:00.000000,3
2021311_2023-07-07_04:43:00.000000,2023-07-07,04:43:00.000000,3
2021311_2023-07-07_05:28:00.000000,2023-07-07,05:28:00.000000,3
2021311_2023-07-07_05:58:00.000000,2023-07-07,05:58:00.000000,3
2021311_2023-07-07_06:13:00.000000,2023-07-07,06:13:00.000000,3
2021311_2023-07-07_06:58:00.000000,2023-07-07,06:58:00.000000,3
2021311_2023-07-07_09:43:00.000000,2023-07-07,09:43:00.000000,3
2021311_2023-07-07_09:58:00.000000,2023-07-07,09:58:00.000000,2
2021311_2023-07-07_10:13:00.000000,2023-07-07,10:13:00.000000,2
2021311_2023-07-07_13:43:00.000000,2023-07-07,13:43:00.000000,3
2021311_2023-07-07_14:28:00.000000,2023-07-07,14:28:00.000000,3
2021354_2023-07-07_22:18:00.000000,2023-07-07,22:18:00.000000,2
2021354_2023-07-07_22:33:00.000000,2023-07-07,22:33:00.000000,2
2021354_2023-07-08_00:48:00.000000,2023-07-08,00:48:00.000000,3
2021354_2023-07-08_01:18:00.000000,2023-07-08,01:18:00.000000,3
2021354_2023-07-08_01:33:00.000000,2023-07-08,01:33:00.000000,3
2021354_2023-07-08_01:48:00.000000,2023-07-08,01:48:00.000000,3
2021354_2023-07-08_02:03:00.000000,2023-07-08,02:03:00.000000,3
2021354_2023-07-08_02:18:00.000000,2023-07-08,02:18:00.000000,3
2021314_2023-07-08_06:58:00.000000,2023-07-08,06:58:00.000000,3
2021314_2023-07-08_07:58:00.000000,2023-07-08,07:58:00.000000,3
2021314_2023-07-08_11:28:00.000000,2023-07-08,11:28:00.000000,3
2021314_2023-07-08_16:13:00.000000,2023-07-08,16:13:00.000000,3
2021314_2023-07-08_17:43:00.000000,2023-07-08,17:43:00.000000,3
2021317_2023-07-09_08:29:00.000000,2023-07-09,08:29:00.000000,3
2021317_2023-07-09_09:29:00.000000,2023-07-09,09:29:00.000000,3
2021338_2023-07-10_08:00:00.000000,2023-07-10,08:00:00.000000,3
2021338_2023-07-10_11:45:00.000000,2023-07-10,11:45:00.000000,2
2021338_2023-07-10_16:45:00.000000,2023-07-10,16:45:00.000000,3
2021338_2023-07-10_17:30:00.000000,2023-07-10,17:30:00.000000,3
2021335_2023-07-11_00:46:00.000000,2023-07-11,00:46:00.000000,3
2021757_2023-07-12_22:30:00.000000,2023-07-12,22:30:00.000000,3
2022218_2023-07-14_18:29:00.000000,2023-07-14,18:29:00.000000,3
2022218_2023-07-14_18:44:00.000000,2023-07-14,18:44:00.000000,3
2022218_2023-07-15_00:14:00.000000,2023-07-15,00:14:00.000000,2
2022218_2023-07-15_00:29:00.000000,2023-07-15,00:29:00.000000,3
2022218_2023-07-15_01:44:00.000000,2023-07-15,01:44:00.000000,3
2022218_2023-07-15_04:29:00.000000,2023-07-15,04:29:00.000000,3
2022421_2023-07-15_07:20:00.000000,2023-07-15,07:20:00.000000,3
2022421_2023-07-15_08:20:00.000000,2023-07-15,08:20:00.000000,3
2022421_2023-07-15_09:20:00.000000,2023-07-15,09:20:00.000000,3
2022421_2023-07-15_09:35:00.000000,2023-07-15,09:35:00.000000,3
2022421_2023-07-15_09:50:00.000000,2023-07-15,09:50:00.000000,3
2022421_2023-07-15_09:50:00.000000,2023-07-15,09:50:00.000000,2
2022421_2023-07-15_10:05:00.000000,2023-07-15,10:05:00.000000,2
2022421_2023-07-15_10:05:00.000000,2023-07-15,10:05:00.000000,3
2022421_2023-07-15_10:05:00.000000,2023-07-15,10:05:00.000000,2
2022421_2023-07-15_10:20:00.000000,2023-07-15,10:20:00.000000,2
2022421_2023-07-15_13:05:00.000000,2023-07-15,13:05:00.000000,3
2022421_2023-07-15_13:35:00.000000,2023-07-15,13:35:00.000000,3
2022421_2023-07-15_14:50:00.000000,2023-07-15,14:50:00.000000,3
2022421_2023-07-15_16:20:00.000000,2023-07-15,16:20:00.000000,2
2022421_2023-07-15_16:35:00.000000,2023-07-15,16:35:00.000000,2
2022424_2023-07-15_19:45:00.000000,2023-07-15,19:45:00.000000,5
2022424_2023-07-15_20:00:00.000000,2023-07-15,20:00:00.000000,5
2022424_2023-07-15_19:45:00.000000,2023-07-15,19:45:00.000000,2
2022424_2023-07-15_20:00:00.000000,2023-07-15,20:00:00.000000,2
2022424_2023-07-15_20:00:00.000000,2023-07-15,20:00:00.000000,4
2022424_2023-07-15_20:15:00.000000,2023-07-15,20:15:00.000000,4
2022424_2023-07-16_01:15:00.000000,2023-07-16,01:15:00.000000,3
2022424_2023-07-16_01:45:00.000000,2023-07-16,01:45:00.000000,3
2022424_2023-07-16_04:00:00.000000,2023-07-16,04:00:00.000000,3
2022427_2023-07-16_05:37:00.000000,2023-07-16,05:37:00.000000,3
2022427_2023-07-16_05:52:00.000000,2023-07-16,05:52:00.000000,3
2022427_2023-07-16_07:22:00.000000,2023-07-16,07:22:00.000000,3
2022427_2023-07-16_08:07:00.000000,2023-07-16,08:07:00.000000,3
2022427_2023-07-16_08:22:00.000000,2023-07-16,08:22:00.000000,3
2022427_2023-07-16_08:22:00.000000,2023-07-16,08:22:00.000000,3
2022427_2023-07-16_08:22:00.000000,2023-07-16,08:22:00.000000,3
2022427_2023-07-16_10:37:00.000000,2023-07-16,10:37:00.000000,3
2022427_2023-07-16_12:07:00.000000,2023-07-16,12:07:00.000000,3
2022427_2023-07-16_13:22:00.000000,2023-07-16,13:22:00.000000,3
2022427_2023-07-16_15:07:00.000000,2023-07-16,15:07:00.000000,5
2022427_2023-07-16_15:07:00.000000,2023-07-16,15:07:00.000000,4
2022427_2023-07-16_15:22:00.000000,2023-07-16,15:22:00.000000,4
2022427_2023-07-16_16:07:00.000000,2023-07-16,16:07:00.000000,3
2022427_2023-07-16_17:37:00.000000,2023-07-16,17:37:00.000000,5
2022427_2023-07-16_17:37:00.000000,2023-07-16,17:37:00.000000,3
2022427_2023-07-16_18:07:00.000000,2023-07-16,18:07:00.000000,3
2022430_2023-07-16_18:57:00.000000,2023-07-16,18:57:00.000000,3
2022430_2023-07-16_19:12:00.000000,2023-07-16,19:12:00.000000,2
2022430_2023-07-16_19:27:00.000000,2023-07-16,19:27:00.000000,4
2022430_2023-07-16_19:42:00.000000,2023-07-16,19:42:00.000000,4
2022430_2023-07-16_19:57:00.000000,2023-07-16,19:57:00.000000,4
2022430_2023-07-16_20:12:00.000000,2023-07-16,20:12:00.000000,4
2022430_2023-07-16_20:27:00.000000,2023-07-16,20:27:00.000000,4
2022430_2023-07-16_20:42:00.000000,2023-07-16,20:42:00.000000,4
2022430_2023-07-16_20:12:00.000000,2023-07-16,20:12:00.000000,3
2022430_2023-07-16_22:27:00.000000,2023-07-16,22:27:00.000000,3
2022430_2023-07-17_03:57:00.000000,2023-07-17,03:57:00.000000,3
2022433_2023-07-17_08:07:00.000000,2023-07-17,08:07:00.000000,3
2022433_2023-07-17_10:22:00.000000,2023-07-17,10:22:00.000000,3
2022433_2023-07-17_10:37:00.000000,2023-07-17,10:37:00.000000,3
2022433_2023-07-17_11:37:00.000000,2023-07-17,11:37:00.000000,3
2022433_2023-07-17_15:52:00.000000,2023-07-17,15:52:00.000000,3
2022436_2023-07-17_18:41:00.000000,2023-07-17,18:41:00.000000,3
2022436_2023-07-17_20:41:00.000000,2023-07-17,20:41:00.000000,3
2022436_2023-07-18_00:26:00.000000,2023-07-18,00:26:00.000000,3
2022436_2023-07-18_00:41:00.000000,2023-07-18,00:41:00.000000,3
2022439_2023-07-18_05:53:01.000000,2023-07-18,05:53:01.000000,3
2022439_2023-07-18_07:23:01.000000,2023-07-18,07:23:01.000000,3
2022439_2023-07-18_13:23:01.000000,2023-07-18,13:23:01.000000,3
2022439_2023-07-18_13:53:01.000000,2023-07-18,13:53:01.000000,3
2022439_2023-07-18_14:08:01.000000,2023-07-18,14:08:01.000000,1
2022439_2023-07-18_15:08:01.000000,2023-07-18,15:08:01.000000,3
2022439_2023-07-18_16:08:01.000000,2023-07-18,16:08:01.000000,3
2022439_2023-07-18_16:38:01.000000,2023-07-18,16:38:01.000000,3
2022439_2023-07-18_17:23:01.000000,2023-07-18,17:23:01.000000,5
2022439_2023-07-18_17:38:01.000000,2023-07-18,17:38:01.000000,2
2022439_2023-07-18_17:38:01.000000,2023-07-18,17:38:01.000000,4
2022439_2023-07-18_17:53:01.000000,2023-07-18,17:53:01.000000,2
2022442_2023-07-19_02:40:00.000000,2023-07-19,02:40:00.000000,3
2022442_2023-07-19_03:25:00.000000,2023-07-19,03:25:00.000000,3
2022442_2023-07-19_03:55:00.000000,2023-07-19,03:55:00.000000,3
2022442_2023-07-19_03:55:00.000000,2023-07-19,03:55:00.000000,3
2022442_2023-07-19_04:10:00.000000,2023-07-19,04:10:00.000000,3
2022445_2023-07-19_06:54:00.000000,2023-07-19,06:54:00.000000,3
2022445_2023-07-19_07:24:00.000000,2023-07-19,07:24:00.000000,3
2022445_2023-07-19_07:39:00.000000,2023-07-19,07:39:00.000000,3
2022445_2023-07-19_07:54:00.000000,2023-07-19,07:54:00.000000,3
2022445_2023-07-19_13:09:00.000000,2023-07-19,13:09:00.000000,3
2022445_2023-07-19_17:09:00.000000,2023-07-19,17:09:00.000000,2
2022445_2023-07-19_17:24:00.000000,2023-07-19,17:24:00.000000,2
2022448_2023-07-19_19:09:00.000000,2023-07-19,19:09:00.000000,3
2022448_2023-07-19_21:39:00.000000,2023-07-19,21:39:00.000000,3
2022448_2023-07-19_22:09:00.000000,2023-07-19,22:09:00.000000,3
2022448_2023-07-19_23:09:00.000000,2023-07-19,23:09:00.000000,2
2022448_2023-07-19_23:09:00.000000,2023-07-19,23:09:00.000000,3
2022448_2023-07-20_02:39:00.000000,2023-07-20,02:39:00.000000,3
2022551_2023-07-20_22:08:00.000000,2023-07-20,22:08:00.000000,3
2022551_2023-07-20_23:08:00.000000,2023-07-20,23:08:00.000000,3
2022551_2023-07-21_00:23:00.000000,2023-07-21,00:23:00.000000,3
2022551_2023-07-21_01:23:00.000000,2023-07-21,01:23:00.000000,3
2022551_2023-07-21_01:38:00.000000,2023-07-21,01:38:00.000000,3
2022551_2023-07-21_01:53:00.000000,2023-07-21,01:53:00.000000,3
2022551_2023-07-21_02:08:00.000000,2023-07-21,02:08:00.000000,3
2022551_2023-07-21_02:23:00.000000,2023-07-21,02:23:00.000000,3
2022551_2023-07-21_02:38:00.000000,2023-07-21,02:38:00.000000,3
2022554_2023-07-21_05:26:00.000000,2023-07-21,05:26:00.000000,3
2022554_2023-07-21_07:56:00.000000,2023-07-21,07:56:00.000000,3
2022554_2023-07-21_11:11:00.000000,2023-07-21,11:11:00.000000,3
2022554_2023-07-21_13:26:00.000000,2023-07-21,13:26:00.000000,3
2022557_2023-07-21_18:52:00.000000,2023-07-21,18:52:00.000000,3
2022557_2023-07-21_23:07:00.000000,2023-07-21,23:07:00.000000,3
2022557_2023-07-21_23:22:00.000000,2023-07-21,23:22:00.000000,3
2022557_2023-07-21_23:37:00.000000,2023-07-21,23:37:00.000000,3
2022557_2023-07-21_23:52:00.000000,2023-07-21,23:52:00.000000,3
2022557_2023-07-22_00:22:00.000000,2023-07-22,00:22:00.000000,3
2022557_2023-07-22_01:07:00.000000,2023-07-22,01:07:00.000000,3
2022557_2023-07-22_03:52:00.000000,2023-07-22,03:52:00.000000,3
2022557_2023-07-22_04:07:00.000000,2023-07-22,04:07:00.000000,3
2022560_2023-07-22_07:12:00.000000,2023-07-22,07:12:00.000000,3
2022560_2023-07-22_08:27:00.000000,2023-07-22,08:27:00.000000,3
2022560_2023-07-22_16:57:00.000000,2023-07-22,16:57:00.000000,3
2022563_2023-07-22_18:21:00.000000,2023-07-22,18:21:00.000000,3
2022563_2023-07-22_18:36:00.000000,2023-07-22,18:36:00.000000,3
2022566_2023-07-23_05:29:00.000000,2023-07-23,05:29:00.000000,3
2022566_2023-07-23_06:44:00.000000,2023-07-23,06:44:00.000000,3
2022566_2023-07-23_06:59:00.000000,2023-07-23,06:59:00.000000,3
2022566_2023-07-23_07:14:00.000000,2023-07-23,07:14:00.000000,3
2022566_2023-07-23_08:59:00.000000,2023-07-23,08:59:00.000000,3
2022566_2023-07-23_13:14:00.000000,2023-07-23,13:14:00.000000,3
2022566_2023-07-23_14:14:00.000000,2023-07-23,14:14:00.000000,3
2022566_2023-07-23_14:14:00.000000,2023-07-23,14:14:00.000000,4
2022566_2023-07-23_14:29:00.000000,2023-07-23,14:29:00.000000,4
2022566_2023-07-23_14:44:00.000000,2023-07-23,14:44:00.000000,4
2022566_2023-07-23_14:59:00.000000,2023-07-23,14:59:00.000000,4
2022566_2023-07-23_15:14:00.000000,2023-07-23,15:14:00.000000,4
2022566_2023-07-23_15:29:00.000000,2023-07-23,15:29:00.000000,4
2022569_2023-07-24_04:20:00.000000,2023-07-24,04:20:00.000000,3
2022569_2023-07-24_04:35:00.000000,2023-07-24,04:35:00.000000,3
2022569_2023-07-24_04:20:00.000000,2023-07-24,04:20:00.000000,3
2022572_2023-07-24_06:15:00.000000,2023-07-24,06:15:00.000000,3
2022572_2023-07-24_10:15:00.000000,2023-07-24,10:15:00.000000,3
2022572_2023-07-24_12:00:00.000000,2023-07-24,12:00:00.000000,3
2022572_2023-07-24_12:30:00.000000,2023-07-24,12:30:00.000000,3
2022572_2023-07-24_16:30:00.000000,2023-07-24,16:30:00.000000,3
2022572_2023-07-24_17:30:00.000000,2023-07-24,17:30:00.000000,3
2022572_2023-07-24_17:30:00.000000,2023-07-24,17:30:00.000000,2
2022572_2023-07-24_17:45:00.000000,2023-07-24,17:45:00.000000,2
2022572_2023-07-24_18:00:00.000000,2023-07-24,18:00:00.000000,2
2022572_2023-07-24_17:30:00.000000,2023-07-24,17:30:00.000000,2
2022572_2023-07-24_17:45:00.000000,2023-07-24,17:45:00.000000,2
2022572_2023-07-24_18:00:00.000000,2023-07-24,18:00:00.000000,2
2022575_2023-07-24_18:19:00.000000,2023-07-24,18:19:00.000000,3
2022575_2023-07-25_00:49:00.000000,2023-07-25,00:49:00.000000,3
2022578_2023-07-25_15:01:00.000000,2023-07-25,15:01:00.000000,3
2022581_2023-07-25_20:18:00.000000,2023-07-25,20:18:00.000000,3
2022581_2023-07-26_00:03:00.000000,2023-07-26,00:03:00.000000,3
2022581_2023-07-26_03:03:00.000000,2023-07-26,03:03:00.000000,3
2022584_2023-07-26_08:17:00.000000,2023-07-26,08:17:00.000000,3
2022584_2023-07-26_15:17:00.000000,2023-07-26,15:17:00.000000,3
2022584_2023-07-26_17:02:00.000000,2023-07-26,17:02:00.000000,3
2022587_2023-07-27_00:31:00.000000,2023-07-27,00:31:00.000000,3
2022590_2023-07-27_05:48:00.000000,2023-07-27,05:48:00.000000,3
2022590_2023-07-27_09:03:00.000000,2023-07-27,09:03:00.000000,3
2022590_2023-07-27_09:18:00.000000,2023-07-27,09:18:00.000000,3
2022590_2023-07-27_10:03:00.000000,2023-07-27,10:03:00.000000,3
2022590_2023-07-27_16:03:00.000000,2023-07-27,16:03:00.000000,3
2022590_2023-07-27_17:18:00.000000,2023-07-27,17:18:00.000000,3
2022593_2023-07-27_21:45:00.000000,2023-07-27,21:45:00.000000,3
2022593_2023-07-28_01:45:00.000000,2023-07-28,01:45:00.000000,3
2022593_2023-07-28_02:45:00.000000,2023-07-28,02:45:00.000000,3
2022596_2023-07-28_15:35:00.000000,2023-07-28,15:35:00.000000,5
2022596_2023-07-28_15:50:00.000000,2023-07-28,15:50:00.000000,5
2022596_2023-07-28_15:50:00.000000,2023-07-28,15:50:00.000000,2
2022596_2023-07-28_16:05:00.000000,2023-07-28,16:05:00.000000,2
2022596_2023-07-28_17:50:00.000000,2023-07-28,17:50:00.000000,3
2022599_2023-07-28_18:44:00.000000,2023-07-28,18:44:00.000000,3
2022599_2023-07-29_01:44:00.000000,2023-07-29,01:44:00.000000,3
2022599_2023-07-29_03:44:00.000000,2023-07-29,03:44:00.000000,3
2022599_2023-07-29_03:59:00.000000,2023-07-29,03:59:00.000000,3
2022599_2023-07-29_04:44:00.000000,2023-07-29,04:44:00.000000,3
2022602_2023-07-29_07:21:00.000000,2023-07-29,07:21:00.000000,2
2022602_2023-07-29_07:36:00.000000,2023-07-29,07:36:00.000000,2
2022602_2023-07-29_08:36:00.000000,2023-07-29,08:36:00.000000,3
2022602_2023-07-29_08:36:00.000000,2023-07-29,08:36:00.000000,3
2022605_2023-07-30_00:58:00.000000,2023-07-30,00:58:00.000000,3
2022605_2023-07-30_02:28:00.000000,2023-07-30,02:28:00.000000,3
2022608_2023-07-30_05:07:00.000000,2023-07-30,05:07:00.000000,3
2022608_2023-07-30_06:07:00.000000,2023-07-30,06:07:00.000000,3
2022608_2023-07-30_15:07:00.000000,2023-07-30,15:07:00.000000,3
2022608_2023-07-30_15:22:00.000000,2023-07-30,15:22:00.000000,3
2022608_2023-07-30_15:52:00.000000,2023-07-30,15:52:00.000000,3
2022611_2023-07-31_04:26:00.000000,2023-07-31,04:26:00.000000,3
2022614_2023-07-31_06:39:00.000000,2023-07-31,06:39:00.000000,3
2022614_2023-07-31_11:39:00.000000,2023-07-31,11:39:00.000000,3
2022614_2023-07-31_11:39:00.000000,2023-07-31,11:39:00.000000,3
2022614_2023-07-31_13:24:00.000000,2023-07-31,13:24:00.000000,3
2022614_2023-07-31_14:09:00.000000,2023-07-31,14:09:00.000000,3
2022614_2023-07-31_14:39:00.000000,2023-07-31,14:39:00.000000,3
2022617_2023-07-31_18:55:00.000000,2023-07-31,18:55:00.000000,3
2022617_2023-07-31_23:25:00.000000,2023-07-31,23:25:00.000000,3
2022617_2023-07-31_23:40:00.000000,2023-07-31,23:40:00.000000,3
2022617_2023-08-01_02:25:00.000000,2023-08-01,02:25:00.000000,3
2022617_2023-08-01_02:40:00.000000,2023-08-01,02:40:00.000000,3
2022617_2023-08-01_02:55:00.000000,2023-08-01,02:55:00.000000,3
2022620_2023-08-01_06:40:00.000000,2023-08-01,06:40:00.000000,3
2022620_2023-08-01_06:55:00.000000,2023-08-01,06:55:00.000000,3
2022620_2023-08-01_10:40:00.000000,2023-08-01,10:40:00.000000,3
2022620_2023-08-01_16:10:00.000000,2023-08-01,16:10:00.000000,3
2022623_2023-08-01_22:38:00.000000,2023-08-01,22:38:00.000000,3
2022623_2023-08-02_03:08:00.000000,2023-08-02,03:08:00.000000,3
2022629_2023-08-02_23:52:00.000000,2023-08-02,23:52:00.000000,3
2022632_2023-08-03_06:12:00.000000,2023-08-03,06:12:00.000000,3
2022632_2023-08-03_08:42:00.000000,2023-08-03,08:42:00.000000,3
2022632_2023-08-03_09:12:00.000000,2023-08-03,09:12:00.000000,3
2022632_2023-08-03_11:42:00.000000,2023-08-03,11:42:00.000000,3
2022632_2023-08-03_17:12:00.000000,2023-08-03,17:12:00.000000,3
2022635_2023-08-03_19:20:00.000000,2023-08-03,19:20:00.000000,3
2022635_2023-08-03_22:35:00.000000,2023-08-03,22:35:00.000000,3
2022635_2023-08-04_00:20:00.000000,2023-08-04,00:20:00.000000,3
2022635_2023-08-04_03:05:00.000000,2023-08-04,03:05:00.000000,3
2022635_2023-08-04_03:50:00.000000,2023-08-04,03:50:00.000000,3
2022638_2023-08-04_05:44:00.000000,2023-08-04,05:44:00.000000,3
2022638_2023-08-04_14:29:00.000000,2023-08-04,14:29:00.000000,3
2022641_2023-08-04_19:49:00.000000,2023-08-04,19:49:00.000000,3
2022641_2023-08-05_03:04:00.000000,2023-08-05,03:04:00.000000,3
2022641_2023-08-05_04:34:00.000000,2023-08-05,04:34:00.000000,3
2022641_2023-08-05_04:49:00.000000,2023-08-05,04:49:00.000000,3
2022644_2023-08-05_05:15:00.000000,2023-08-05,05:15:00.000000,3
2022644_2023-08-05_07:00:00.000000,2023-08-05,07:00:00.000000,2
2022644_2023-08-05_07:15:00.000000,2023-08-05,07:15:00.000000,2
2022644_2023-08-05_12:30:00.000000,2023-08-05,12:30:00.000000,3
2022644_2023-08-05_13:00:00.000000,2023-08-05,13:00:00.000000,3
2022644_2023-08-05_13:15:00.000000,2023-08-05,13:15:00.000000,3
2022644_2023-08-05_13:45:00.000000,2023-08-05,13:45:00.000000,3
2022644_2023-08-05_14:30:00.000000,2023-08-05,14:30:00.000000,3
2022647_2023-08-05_19:02:00.000000,2023-08-05,19:02:00.000000,3
2022647_2023-08-05_20:47:00.000000,2023-08-05,20:47:00.000000,3
2022647_2023-08-05_21:02:00.000000,2023-08-05,21:02:00.000000,3
2022647_2023-08-05_21:17:00.000000,2023-08-05,21:17:00.000000,3
2022647_2023-08-05_21:32:00.000000,2023-08-05,21:32:00.000000,3
2022647_2023-08-05_21:47:00.000000,2023-08-05,21:47:00.000000,3
2022647_2023-08-05_22:02:00.000000,2023-08-05,22:02:00.000000,3
2022647_2023-08-05_22:02:00.000000,2023-08-05,22:02:00.000000,2
2022647_2023-08-05_22:17:00.000000,2023-08-05,22:17:00.000000,2
2022647_2023-08-06_00:17:00.000000,2023-08-06,00:17:00.000000,3
2022647_2023-08-06_01:32:00.000000,2023-08-06,01:32:00.000000,3
2022650_2023-08-06_06:47:00.000000,2023-08-06,06:47:00.000000,3
2022650_2023-08-06_07:32:00.000000,2023-08-06,07:32:00.000000,3
2022650_2023-08-06_07:47:00.000000,2023-08-06,07:47:00.000000,3
2022650_2023-08-06_08:32:00.000000,2023-08-06,08:32:00.000000,3
2022650_2023-08-06_09:17:00.000000,2023-08-06,09:17:00.000000,3
2022650_2023-08-06_15:17:00.000000,2023-08-06,15:17:00.000000,3
2022650_2023-08-06_16:47:00.000000,2023-08-06,16:47:00.000000,3
2022653_2023-08-06_18:16:00.000000,2023-08-06,18:16:00.000000,3
2022653_2023-08-06_18:31:00.000000,2023-08-06,18:31:00.000000,3
2022653_2023-08-06_18:46:00.000000,2023-08-06,18:46:00.000000,3
2022653_2023-08-06_19:01:00.000000,2023-08-06,19:01:00.000000,3
2022653_2023-08-06_19:16:00.000000,2023-08-06,19:16:00.000000,3
2022653_2023-08-06_19:31:00.000000,2023-08-06,19:31:00.000000,3
2022653_2023-08-06_22:01:00.000000,2023-08-06,22:01:00.000000,3
2022653_2023-08-06_22:31:00.000000,2023-08-06,22:31:00.000000,3
2022653_2023-08-07_00:01:00.000000,2023-08-07,00:01:00.000000,3
2022653_2023-08-07_00:16:00.000000,2023-08-07,00:16:00.000000,3
2022653_2023-08-07_04:46:00.000000,2023-08-07,04:46:00.000000,3
2022656_2023-08-07_05:18:00.000000,2023-08-07,05:18:00.000000,3
2022656_2023-08-07_06:33:00.000000,2023-08-07,06:33:00.000000,3
2022656_2023-08-07_08:18:00.000000,2023-08-07,08:18:00.000000,3
2022656_2023-08-07_08:33:00.000000,2023-08-07,08:33:00.000000,3
2022656_2023-08-07_11:03:00.000000,2023-08-07,11:03:00.000000,3
2022656_2023-08-07_13:18:00.000000,2023-08-07,13:18:00.000000,3
2022656_2023-08-07_16:18:00.000000,2023-08-07,16:18:00.000000,3
2022656_2023-08-07_17:33:00.000000,2023-08-07,17:33:00.000000,3
2022659_2023-08-07_19:29:00.000000,2023-08-07,19:29:00.000000,3
2022659_2023-08-07_20:29:00.000000,2023-08-07,20:29:00.000000,2
2022659_2023-08-07_20:44:00.000000,2023-08-07,20:44:00.000000,2
2022659_2023-08-07_20:59:00.000000,2023-08-07,20:59:00.000000,2
2022659_2023-08-07_21:29:00.000000,2023-08-07,21:29:00.000000,3
2022659_2023-08-07_21:44:00.000000,2023-08-07,21:44:00.000000,3
2022665_2023-08-08_20:27:00.000000,2023-08-08,20:27:00.000000,3
2022665_2023-08-08_20:42:00.000000,2023-08-08,20:42:00.000000,3
2024065_2023-08-09_18:26:00.000000,2023-08-09,18:26:00.000000,3
2024065_2023-08-09_19:11:00.000000,2023-08-09,19:11:00.000000,3
2024065_2023-08-09_21:11:00.000000,2023-08-09,21:11:00.000000,2
2024065_2023-08-09_21:26:00.000000,2023-08-09,21:26:00.000000,3
2024065_2023-08-10_00:11:00.000000,2023-08-10,00:11:00.000000,3
2024065_2023-08-10_00:26:00.000000,2023-08-10,00:26:00.000000,3
2024065_2023-08-10_02:26:00.000000,2023-08-10,02:26:00.000000,3
2024065_2023-08-10_02:41:00.000000,2023-08-10,02:41:00.000000,2
2024065_2023-08-10_02:56:00.000000,2023-08-10,02:56:00.000000,2
2024065_2023-08-10_04:41:00.000000,2023-08-10,04:41:00.000000,3
2024100_2023-08-10_08:37:00.000000,2023-08-10,08:37:00.000000,3
2024100_2023-08-10_09:07:00.000000,2023-08-10,09:07:00.000000,3
2024100_2023-08-10_11:52:00.000000,2023-08-10,11:52:00.000000,3
2024100_2023-08-10_15:37:00.000000,2023-08-10,15:37:00.000000,3
2024103_2023-08-10_20:39:00.000000,2023-08-10,20:39:00.000000,3
2024103_2023-08-10_22:24:00.000000,2023-08-10,22:24:00.000000,3
2024103_2023-08-11_02:39:00.000000,2023-08-11,02:39:00.000000,3
2024103_2023-08-11_04:54:00.000000,2023-08-11,04:54:00.000000,3
2024106_2023-08-11_06:39:00.000000,2023-08-11,06:39:00.000000,3
2024106_2023-08-11_07:24:00.000000,2023-08-11,07:24:00.000000,3
2024106_2023-08-11_08:24:00.000000,2023-08-11,08:24:00.000000,3
2024106_2023-08-11_08:54:00.000000,2023-08-11,08:54:00.000000,3
2024106_2023-08-11_10:09:00.000000,2023-08-11,10:09:00.000000,3
2024106_2023-08-11_10:39:00.000000,2023-08-11,10:39:00.000000,3
2024106_2023-08-11_13:24:00.000000,2023-08-11,13:24:00.000000,3
2024109_2023-08-11_19:52:00.000000,2023-08-11,19:52:00.000000,3
2024109_2023-08-11_22:52:00.000000,2023-08-11,22:52:00.000000,3
2024112_2023-08-12_07:10:00.000000,2023-08-12,07:10:00.000000,3
2024112_2023-08-12_07:25:00.000000,2023-08-12,07:25:00.000000,3
2024112_2023-08-12_08:25:00.000000,2023-08-12,08:25:00.000000,3
2024112_2023-08-12_08:55:00.000000,2023-08-12,08:55:00.000000,3
2024112_2023-08-12_09:40:00.000000,2023-08-12,09:40:00.000000,3
2024112_2023-08-12_10:40:00.000000,2023-08-12,10:40:00.000000,3
2024112_2023-08-12_15:10:00.000000,2023-08-12,15:10:00.000000,3
2024115_2023-08-13_04:20:00.000000,2023-08-13,04:20:00.000000,3
2024118_2023-08-13_06:27:00.000000,2023-08-13,06:27:00.000000,3
2024118_2023-08-13_07:27:00.000000,2023-08-13,07:27:00.000000,3
2024118_2023-08-13_09:27:00.000000,2023-08-13,09:27:00.000000,3
2024118_2023-08-13_10:27:00.000000,2023-08-13,10:27:00.000000,3
2024118_2023-08-13_14:27:00.000000,2023-08-13,14:27:00.000000,3
2024121_2023-08-14_01:04:00.000000,2023-08-14,01:04:00.000000,3
2024124_2023-08-14_06:28:00.000000,2023-08-14,06:28:00.000000,3
2024124_2023-08-14_09:28:00.000000,2023-08-14,09:28:00.000000,3
2024127_2023-08-15_03:32:00.000000,2023-08-15,03:32:00.000000,3
2024127_2023-08-15_04:32:00.000000,2023-08-15,04:32:00.000000,3
2024127_2023-08-15_04:47:00.000000,2023-08-15,04:47:00.000000,3
2024127_2023-08-15_05:02:00.000000,2023-08-15,05:02:00.000000,3
2024130_2023-08-15_09:44:00.000000,2023-08-15,09:44:00.000000,3
2024130_2023-08-15_12:14:00.000000,2023-08-15,12:14:00.000000,3
2024133_2023-08-15_20:45:00.000000,2023-08-15,20:45:00.000000,3
2024136_2023-08-16_14:16:00.000000,2023-08-16,14:16:00.000000,3
2024139_2023-08-16_20:43:00.000000,2023-08-16,20:43:00.000000,3
2024139_2023-08-16_21:43:00.000000,2023-08-16,21:43:00.000000,3
2024139_2023-08-16_22:58:00.000000,2023-08-16,22:58:00.000000,3
2024139_2023-08-16_23:28:00.000000,2023-08-16,23:28:00.000000,3
2024139_2023-08-17_02:28:00.000000,2023-08-17,02:28:00.000000,2
2024139_2023-08-17_02:43:00.000000,2023-08-17,02:43:00.000000,2
2024373_2023-08-17_12:32:00.000000,2023-08-17,12:32:00.000000,2
2024373_2023-08-17_12:47:00.000000,2023-08-17,12:47:00.000000,2
2024373_2023-08-17_14:17:00.000000,2023-08-17,14:17:00.000000,3
2024373_2023-08-17_16:47:00.000000,2023-08-17,16:47:00.000000,3
2024376_2023-08-17_23:41:00.000000,2023-08-17,23:41:00.000000,3
2024379_2023-08-18_14:19:00.000000,2023-08-18,14:19:00.000000,3
2024379_2023-08-18_15:49:00.000000,2023-08-18,15:49:00.000000,3
2024379_2023-08-18_16:34:00.000000,2023-08-18,16:34:00.000000,3
2024382_2023-08-19_04:54:00.000000,2023-08-19,04:54:00.000000,3
2024382_2023-08-19_05:09:00.000000,2023-08-19,05:09:00.000000,3
2024385_2023-08-19_06:35:00.000000,2023-08-19,06:35:00.000000,3
2024385_2023-08-19_09:20:00.000000,2023-08-19,09:20:00.000000,3
2024385_2023-08-19_09:35:00.000000,2023-08-19,09:35:00.000000,3
2024388_2023-08-20_01:52:00.000000,2023-08-20,01:52:00.000000,3
2024391_2023-08-20_06:07:00.000000,2023-08-20,06:07:00.000000,3
2024391_2023-08-20_06:22:00.000000,2023-08-20,06:22:00.000000,2
2024391_2023-08-20_12:22:00.000000,2023-08-20,12:22:00.000000,3
2024391_2023-08-20_13:37:00.000000,2023-08-20,13:37:00.000000,3
2024391_2023-08-20_14:37:00.000000,2023-08-20,14:37:00.000000,3
2024391_2023-08-20_14:52:00.000000,2023-08-20,14:52:00.000000,3
2024391_2023-08-20_15:52:00.000000,2023-08-20,15:52:00.000000,3
2024391_2023-08-20_16:37:00.000000,2023-08-20,16:37:00.000000,3
2024391_2023-08-20_16:52:00.000000,2023-08-20,16:52:00.000000,3
2024394_2023-08-20_17:35:00.000000,2023-08-20,17:35:00.000000,3
2024394_2023-08-20_17:50:00.000000,2023-08-20,17:50:00.000000,3
2024394_2023-08-20_22:05:00.000000,2023-08-20,22:05:00.000000,3
2024397_2023-08-21_05:53:00.000000,2023-08-21,05:53:00.000000,3
2024397_2023-08-21_08:23:00.000000,2023-08-21,08:23:00.000000,3
2024397_2023-08-21_12:23:00.000000,2023-08-21,12:23:00.000000,3
2024400_2023-08-22_05:03:00.000000,2023-08-22,05:03:00.000000,3
2024403_2023-08-22_07:55:00.000000,2023-08-22,07:55:00.000000,3
2024403_2023-08-22_08:55:00.000000,2023-08-22,08:55:00.000000,3
2024403_2023-08-22_10:10:00.000000,2023-08-22,10:10:00.000000,3
2024403_2023-08-22_10:25:00.000000,2023-08-22,10:25:00.000000,3
2024403_2023-08-22_10:55:00.000000,2023-08-22,10:55:00.000000,3
2024406_2023-08-22_23:31:00.000000,2023-08-22,23:31:00.000000,3
2024409_2023-08-23_13:56:00.000000,2023-08-23,13:56:00.000000,3
2024409_2023-08-23_15:26:00.000000,2023-08-23,15:26:00.000000,3
2024412_2023-08-23_23:29:00.000000,2023-08-23,23:29:00.000000,3
2024412_2023-08-23_23:44:00.000000,2023-08-23,23:44:00.000000,3
2024412_2023-08-24_04:44:00.000000,2023-08-24,04:44:00.000000,3
2024412_2023-08-24_04:59:00.000000,2023-08-24,04:59:00.000000,3
2024751_2023-08-25_00:57:00.000000,2023-08-25,00:57:00.000000,3
2024751_2023-08-25_03:12:00.000000,2023-08-25,03:12:00.000000,3
2024751_2023-08-25_03:12:00.000000,2023-08-25,03:12:00.000000,5
2024751_2023-08-25_04:42:00.000000,2023-08-25,04:42:00.000000,3
2024757_2023-08-25_17:40:00.000000,2023-08-25,17:40:00.000000,3
2024760_2023-08-26_07:01:00.000000,2023-08-26,07:01:00.000000,3
2024760_2023-08-26_12:46:00.000000,2023-08-26,12:46:00.000000,2
2024763_2023-08-27_00:08:00.000000,2023-08-27,00:08:00.000000,3
2024769_2023-08-28_00:36:00.000000,2023-08-28,00:36:00.000000,3
2024769_2023-08-28_00:51:00.000000,2023-08-28,00:51:00.000000,3
2024769_2023-08-28_01:06:00.000000,2023-08-28,01:06:00.000000,3
2024769_2023-08-28_01:21:00.000000,2023-08-28,01:21:00.000000,3
2024769_2023-08-28_01:36:00.000000,2023-08-28,01:36:00.000000,3
2024769_2023-08-28_01:51:00.000000,2023-08-28,01:51:00.000000,3
2024769_2023-08-28_02:36:00.000000,2023-08-28,02:36:00.000000,3
2024772_2023-08-28_08:49:00.000000,2023-08-28,08:49:00.000000,3
2024775_2023-08-28_23:19:00.000000,2023-08-28,23:19:00.000000,3
2024781_2023-08-30_02:47:00.000000,2023-08-30,02:47:00.000000,3
2024781_2023-08-30_04:17:00.000000,2023-08-30,04:17:00.000000,3
2024787_2023-08-30_17:14:00.000000,2023-08-30,17:14:00.000000,3
2024787_2023-08-30_20:29:00.000000,2023-08-30,20:29:00.000000,3
2024787_2023-08-30_23:14:00.000000,2023-08-30,23:14:00.000000,3
2024787_2023-08-30_23:29:00.000000,2023-08-30,23:29:00.000000,3
2024787_2023-08-31_02:14:00.000000,2023-08-31,02:14:00.000000,3
2024790_2023-08-31_07:39:00.000000,2023-08-31,07:39:00.000000,3
2024790_2023-08-31_11:39:00.000000,2023-08-31,11:39:00.000000,3
2024790_2023-08-31_16:54:00.000000,2023-08-31,16:54:00.000000,3
2024793_2023-08-31_22:27:00.000000,2023-08-31,22:27:00.000000,3
2024793_2023-08-31_22:57:00.000000,2023-08-31,22:57:00.000000,3
2024793_2023-09-01_02:27:00.000000,2023-09-01,02:27:00.000000,3
2024793_2023-09-01_02:57:00.000000,2023-09-01,02:57:00.000000,4
2024793_2023-09-01_03:12:00.000000,2023-09-01,03:12:00.000000,4
2024793_2023-09-01_03:27:00.000000,2023-09-01,03:27:00.000000,4
2024793_2023-09-01_03:42:00.000000,2023-09-01,03:42:00.000000,4
2024793_2023-09-01_03:57:00.000000,2023-09-01,03:57:00.000000,4
2024793_2023-09-01_02:57:00.000000,2023-09-01,02:57:00.000000,2
2024793_2023-09-01_03:12:00.000000,2023-09-01,03:12:00.000000,2
2024796_2023-09-01_06:25:00.000000,2023-09-01,06:25:00.000000,3
2024799_2023-09-01_22:10:00.000000,2023-09-01,22:10:00.000000,3
2024799_2023-09-02_03:40:00.000000,2023-09-02,03:40:00.000000,3
2024802_2023-09-02_10:42:00.000000,2023-09-02,10:42:00.000000,3
2024802_2023-09-02_14:12:00.000000,2023-09-02,14:12:00.000000,3
2024802_2023-09-02_14:57:00.000000,2023-09-02,14:57:00.000000,3
2024805_2023-09-02_18:23:00.000000,2023-09-02,18:23:00.000000,3
2024805_2023-09-02_18:38:00.000000,2023-09-02,18:38:00.000000,3
2024805_2023-09-02_19:53:00.000000,2023-09-02,19:53:00.000000,3
2024805_2023-09-02_20:38:00.000000,2023-09-02,20:38:00.000000,3
2024805_2023-09-02_20:53:00.000000,2023-09-02,20:53:00.000000,3
2024805_2023-09-03_00:08:00.000000,2023-09-03,00:08:00.000000,3
2024805_2023-09-03_00:23:00.000000,2023-09-03,00:23:00.000000,3
2024805_2023-09-03_01:38:00.000000,2023-09-03,01:38:00.000000,3
2024805_2023-09-03_03:08:00.000000,2023-09-03,03:08:00.000000,3
2024805_2023-09-03_03:53:00.000000,2023-09-03,03:53:00.000000,3
2024805_2023-09-03_04:08:00.000000,2023-09-03,04:08:00.000000,3
2024808_2023-09-03_08:44:00.000000,2023-09-03,08:44:00.000000,3
2024808_2023-09-03_08:59:00.000000,2023-09-03,08:59:00.000000,3
2024811_2023-09-03_17:35:00.000000,2023-09-03,17:35:00.000000,3
2024811_2023-09-04_00:50:00.000000,2023-09-04,00:50:00.000000,3
2024814_2023-09-04_06:45:00.000000,2023-09-04,06:45:00.000000,3
2024817_2023-09-04_17:03:00.000000,2023-09-04,17:03:00.000000,3
2024817_2023-09-04_20:33:00.000000,2023-09-04,20:33:00.000000,3
2024820_2023-09-05_08:02:01.000000,2023-09-05,08:02:01.000000,3
2024820_2023-09-05_08:47:01.000000,2023-09-05,08:47:01.000000,3
2024820_2023-09-05_13:02:01.000000,2023-09-05,13:02:01.000000,3
2024820_2023-09-05_13:17:01.000000,2023-09-05,13:17:01.000000,3
2024823_2023-09-05_20:16:00.000000,2023-09-05,20:16:00.000000,2
2024823_2023-09-05_20:31:00.000000,2023-09-05,20:31:00.000000,3
2024823_2023-09-05_22:16:00.000000,2023-09-05,22:16:00.000000,3
2024826_2023-09-06_10:48:00.000000,2023-09-06,10:48:00.000000,3
2024826_2023-09-06_11:48:00.000000,2023-09-06,11:48:00.000000,3
2024826_2023-09-06_12:48:00.000000,2023-09-06,12:48:00.000000,3
2024826_2023-09-06_14:48:00.000000,2023-09-06,14:48:00.000000,3
2024829_2023-09-07_00:59:00.000000,2023-09-07,00:59:00.000000,3
2024829_2023-09-07_04:59:00.000000,2023-09-07,04:59:00.000000,3
2025127_2023-09-07_08:05:00.000000,2023-09-07,08:05:00.000000,3
2025127_2023-09-07_11:05:00.000000,2023-09-07,11:05:00.000000,3
2025127_2023-09-07_12:05:00.000000,2023-09-07,12:05:00.000000,3
2025127_2023-09-07_15:50:00.000000,2023-09-07,15:50:00.000000,3
2025130_2023-09-07_18:26:00.000000,2023-09-07,18:26:00.000000,3
2025130_2023-09-07_18:56:00.000000,2023-09-07,18:56:00.000000,3
2025130_2023-09-07_18:56:00.000000,2023-09-07,18:56:00.000000,2
2025130_2023-09-07_19:11:00.000000,2023-09-07,19:11:00.000000,2
2025130_2023-09-08_00:41:00.000000,2023-09-08,00:41:00.000000,3
2025130_2023-09-08_03:56:00.000000,2023-09-08,03:56:00.000000,3
2025133_2023-09-08_07:37:00.000000,2023-09-08,07:37:00.000000,3
2025133_2023-09-08_12:22:00.000000,2023-09-08,12:22:00.000000,3
2025133_2023-09-08_14:37:00.000000,2023-09-08,14:37:00.000000,3
2025136_2023-09-08_17:54:00.000000,2023-09-08,17:54:00.000000,3
2025136_2023-09-08_21:09:00.000000,2023-09-08,21:09:00.000000,3
2025136_2023-09-08_21:24:00.000000,2023-09-08,21:24:00.000000,3
2025136_2023-09-08_21:54:00.000000,2023-09-08,21:54:00.000000,3
2025136_2023-09-08_22:54:00.000000,2023-09-08,22:54:00.000000,3
2025136_2023-09-09_02:54:00.000000,2023-09-09,02:54:00.000000,3
2025136_2023-09-09_03:54:00.000000,2023-09-09,03:54:00.000000,3
2025136_2023-09-09_04:54:00.000000,2023-09-09,04:54:00.000000,3
2025139_2023-09-09_06:08:00.000000,2023-09-09,06:08:00.000000,3
2025139_2023-09-09_06:38:00.000000,2023-09-09,06:38:00.000000,3
2025139_2023-09-09_07:08:00.000000,2023-09-09,07:08:00.000000,3
2025139_2023-09-09_07:23:00.000000,2023-09-09,07:23:00.000000,3
2025139_2023-09-09_07:53:00.000000,2023-09-09,07:53:00.000000,3
2025139_2023-09-09_08:23:00.000000,2023-09-09,08:23:00.000000,3
2025139_2023-09-09_08:53:00.000000,2023-09-09,08:53:00.000000,3
2025139_2023-09-09_09:38:00.000000,2023-09-09,09:38:00.000000,3
2025139_2023-09-09_11:38:00.000000,2023-09-09,11:38:00.000000,3
2025142_2023-09-09_17:22:00.000000,2023-09-09,17:22:00.000000,3
2025142_2023-09-09_20:52:00.000000,2023-09-09,20:52:00.000000,3
2025142_2023-09-09_22:37:00.000000,2023-09-09,22:37:00.000000,3
2025142_2023-09-09_23:52:00.000000,2023-09-09,23:52:00.000000,3
2025142_2023-09-10_01:07:00.000000,2023-09-10,01:07:00.000000,3
2025142_2023-09-10_01:22:00.000000,2023-09-10,01:22:00.000000,3
2025145_2023-09-10_09:55:00.000000,2023-09-10,09:55:00.000000,3
2025145_2023-09-10_11:55:00.000000,2023-09-10,11:55:00.000000,3
2025148_2023-09-11_01:19:00.000000,2023-09-11,01:19:00.000000,2
2025148_2023-09-11_01:34:00.000000,2023-09-11,01:34:00.000000,3
2025151_2023-09-11_10:12:00.000000,2023-09-11,10:12:00.000000,3
2025151_2023-09-11_14:27:00.000000,2023-09-11,14:27:00.000000,3
2025154_2023-09-11_17:17:00.000000,2023-09-11,17:17:00.000000,3
2025154_2023-09-11_20:32:00.000000,2023-09-11,20:32:00.000000,3
2025154_2023-09-11_21:17:00.000000,2023-09-11,21:17:00.000000,3
2025157_2023-09-12_07:28:00.000000,2023-09-12,07:28:00.000000,3
2025157_2023-09-12_08:43:00.000000,2023-09-12,08:43:00.000000,3
2025157_2023-09-12_10:43:00.000000,2023-09-12,10:43:00.000000,3
2025160_2023-09-12_19:45:00.000000,2023-09-12,19:45:00.000000,3
2025160_2023-09-13_04:30:00.000000,2023-09-13,04:30:00.000000,3
2025160_2023-09-13_05:30:00.000000,2023-09-13,05:30:00.000000,3
2025163_2023-09-13_09:15:00.000000,2023-09-13,09:15:00.000000,3
2025163_2023-09-13_10:45:00.000000,2023-09-13,10:45:00.000000,3
2025163_2023-09-13_11:00:00.000000,2023-09-13,11:00:00.000000,3
2025163_2023-09-13_11:00:00.000000,2023-09-13,11:00:00.000000,3
2025163_2023-09-13_11:15:00.000000,2023-09-13,11:15:00.000000,3
2025163_2023-09-13_14:00:00.000000,2023-09-13,14:00:00.000000,3
2025163_2023-09-13_14:15:00.000000,2023-09-13,14:15:00.000000,3
2025163_2023-09-13_14:30:00.000000,2023-09-13,14:30:00.000000,3
2025163_2023-09-13_14:45:00.000000,2023-09-13,14:45:00.000000,3
2025163_2023-09-13_15:00:00.000000,2023-09-13,15:00:00.000000,3
2025163_2023-09-13_15:15:00.000000,2023-09-13,15:15:00.000000,3
2025163_2023-09-13_14:00:00.000000,2023-09-13,14:00:00.000000,3
2025169_2023-09-14_07:02:00.000000,2023-09-14,07:02:00.000000,3
2025172_2023-09-14_16:55:00.000000,2023-09-14,16:55:00.000000,3
2025172_2023-09-14_19:25:00.000000,2023-09-14,19:25:00.000000,3
2025172_2023-09-15_05:10:00.000000,2023-09-15,05:10:00.000000,3
2025172_2023-09-15_05:40:00.000000,2023-09-15,05:40:00.000000,3
2025172_2023-09-15_05:55:00.000000,2023-09-15,05:55:00.000000,3
2025681_2023-09-15_15:31:00.000000,2023-09-15,15:31:00.000000,3
2025178_2023-09-15_23:37:00.000000,2023-09-15,23:37:00.000000,3
2025181_2023-09-16_16:05:00.000000,2023-09-16,16:05:00.000000,3
2025184_2023-09-16_19:20:00.000000,2023-09-16,19:20:00.000000,3
2025184_2023-09-17_00:05:00.000000,2023-09-17,00:05:00.000000,3
2025184_2023-09-17_00:20:00.000000,2023-09-17,00:20:00.000000,3
2025184_2023-09-17_04:50:00.000000,2023-09-17,04:50:00.000000,3
2025187_2023-09-17_06:37:00.000000,2023-09-17,06:37:00.000000,3
2025187_2023-09-17_06:52:00.000000,2023-09-17,06:52:00.000000,3
2025187_2023-09-17_10:52:00.000000,2023-09-17,10:52:00.000000,3
2025187_2023-09-17_16:07:00.000000,2023-09-17,16:07:00.000000,2
2025190_2023-09-17_16:47:00.000000,2023-09-17,16:47:00.000000,3
2025190_2023-09-17_18:32:00.000000,2023-09-17,18:32:00.000000,3
2025190_2023-09-18_00:02:00.000000,2023-09-18,00:02:00.000000,3
2025190_2023-09-18_02:02:00.000000,2023-09-18,02:02:00.000000,3
2025196_2023-09-18_20:15:00.000000,2023-09-18,20:15:00.000000,3
2025196_2023-09-19_03:45:00.000000,2023-09-19,03:45:00.000000,3
2025202_2023-09-19_22:28:00.000000,2023-09-19,22:28:00.000000,4
2025202_2023-09-19_22:43:00.000000,2023-09-19,22:43:00.000000,4
2025202_2023-09-19_22:58:00.000000,2023-09-19,22:58:00.000000,4
2025202_2023-09-19_23:13:00.000000,2023-09-19,23:13:00.000000,4
2025202_2023-09-19_23:28:00.000000,2023-09-19,23:28:00.000000,4
2025202_2023-09-19_23:43:00.000000,2023-09-19,23:43:00.000000,4
2025202_2023-09-20_01:58:00.000000,2023-09-20,01:58:00.000000,3
2025202_2023-09-20_02:13:00.000000,2023-09-20,02:13:00.000000,3
2025202_2023-09-20_04:28:00.000000,2023-09-20,04:28:00.000000,3
2025205_2023-09-20_06:42:00.000000,2023-09-20,06:42:00.000000,3
2025205_2023-09-20_14:12:00.000000,2023-09-20,14:12:00.000000,2
2025205_2023-09-20_14:27:00.000000,2023-09-20,14:27:00.000000,2
2025208_2023-09-20_20:25:00.000000,2023-09-20,20:25:00.000000,4
2025208_2023-09-20_20:40:00.000000,2023-09-20,20:40:00.000000,4
2025208_2023-09-20_20:55:00.000000,2023-09-20,20:55:00.000000,4
2025208_2023-09-20_21:10:00.000000,2023-09-20,21:10:00.000000,4
2025208_2023-09-20_21:25:00.000000,2023-09-20,21:25:00.000000,4
2025208_2023-09-20_21:40:00.000000,2023-09-20,21:40:00.000000,4
2025208_2023-09-20_23:10:00.000000,2023-09-20,23:10:00.000000,3
2025208_2023-09-21_00:55:00.000000,2023-09-21,00:55:00.000000,3
2025208_2023-09-21_05:55:00.000000,2023-09-21,05:55:00.000000,3
2025214_2023-09-21_18:23:00.000000,2023-09-21,18:23:00.000000,3
2025214_2023-09-21_23:08:00.000000,2023-09-21,23:08:00.000000,3
2025214_2023-09-22_04:38:00.000000,2023-09-22,04:38:00.000000,3
2025214_2023-09-22_05:53:00.000000,2023-09-22,05:53:00.000000,3
2025217_2023-09-22_07:16:00.000000,2023-09-22,07:16:00.000000,3
2025217_2023-09-22_07:31:00.000000,2023-09-22,07:31:00.000000,3
2025217_2023-09-22_07:31:00.000000,2023-09-22,07:31:00.000000,3
2025217_2023-09-22_08:31:00.000000,2023-09-22,08:31:00.000000,3
2025217_2023-09-22_11:31:00.000000,2023-09-22,11:31:00.000000,3
2025217_2023-09-22_14:46:00.000000,2023-09-22,14:46:00.000000,3
2025217_2023-09-22_15:01:00.000000,2023-09-22,15:01:00.000000,3
2025217_2023-09-22_15:16:00.000000,2023-09-22,15:16:00.000000,3
2025217_2023-09-22_15:16:00.000000,2023-09-22,15:16:00.000000,3
2025220_2023-09-22_17:05:00.000000,2023-09-22,17:05:00.000000,3
2025220_2023-09-22_19:20:00.000000,2023-09-22,19:20:00.000000,2
2025220_2023-09-22_22:35:00.000000,2023-09-22,22:35:00.000000,3
2025223_2023-09-23_07:18:00.000000,2023-09-23,07:18:00.000000,3
2025949_2023-09-23_08:00:00.000000,2023-09-23,08:00:00.000000,3
2025223_2023-09-23_10:48:00.000000,2023-09-23,10:48:00.000000,3
2025223_2023-09-23_14:33:00.000000,2023-09-23,14:33:00.000000,3
2025226_2023-09-23_19:03:00.000000,2023-09-23,19:03:00.000000,3
2025229_2023-09-24_10:34:00.000000,2023-09-24,10:34:00.000000,3
2025229_2023-09-24_14:49:00.000000,2023-09-24,14:49:00.000000,3
2025229_2023-09-24_15:04:00.000000,2023-09-24,15:04:00.000000,2
2025229_2023-09-24_15:34:00.000000,2023-09-24,15:34:00.000000,3
2025229_2023-09-24_15:34:00.000000,2023-09-24,15:34:00.000000,3
2025232_2023-09-24_17:30:00.000000,2023-09-24,17:30:00.000000,3
2025232_2023-09-24_22:45:00.000000,2023-09-24,22:45:00.000000,3
2025232_2023-09-24_23:45:00.000000,2023-09-24,23:45:00.000000,3
2025232_2023-09-25_01:45:00.000000,2023-09-25,01:45:00.000000,3
2025232_2023-09-25_02:00:00.000000,2023-09-25,02:00:00.000000,3
2025232_2023-09-25_02:45:00.000000,2023-09-25,02:45:00.000000,3
2025235_2023-09-25_07:06:00.000000,2023-09-25,07:06:00.000000,3
2025235_2023-09-25_07:21:00.000000,2023-09-25,07:21:00.000000,3
2025235_2023-09-25_09:21:00.000000,2023-09-25,09:21:00.000000,3
2025235_2023-09-25_13:51:00.000000,2023-09-25,13:51:00.000000,3
2025235_2023-09-25_15:21:00.000000,2023-09-25,15:21:00.000000,3
2025235_2023-09-25_15:21:00.000000,2023-09-25,15:21:00.000000,3
2025238_2023-09-25_17:58:00.000000,2023-09-25,17:58:00.000000,3
2025238_2023-09-25_18:13:00.000000,2023-09-25,18:13:00.000000,3
2025238_2023-09-25_19:13:00.000000,2023-09-25,19:13:00.000000,3
2025238_2023-09-25_19:13:00.000000,2023-09-25,19:13:00.000000,3
2025241_2023-09-26_07:23:00.000000,2023-09-26,07:23:00.000000,3
2025241_2023-09-26_08:23:00.000000,2023-09-26,08:23:00.000000,3
2025241_2023-09-26_10:23:00.000000,2023-09-26,10:23:00.000000,3
2025241_2023-09-26_11:08:00.000000,2023-09-26,11:08:00.000000,3
2025241_2023-09-26_12:23:00.000000,2023-09-26,12:23:00.000000,3
2025241_2023-09-26_13:53:00.000000,2023-09-26,13:53:00.000000,3
2025241_2023-09-26_14:38:00.000000,2023-09-26,14:38:00.000000,3
2025244_2023-09-26_17:10:00.000000,2023-09-26,17:10:00.000000,3
2025244_2023-09-27_05:40:00.000000,2023-09-27,05:40:00.000000,3
2025247_2023-09-27_06:40:00.000000,2023-09-27,06:40:00.000000,3
2025247_2023-09-27_07:40:00.000000,2023-09-27,07:40:00.000000,3
2025247_2023-09-27_12:55:00.000000,2023-09-27,12:55:00.000000,3
2025247_2023-09-27_13:40:00.000000,2023-09-27,13:40:00.000000,3
2025247_2023-09-27_14:55:00.000000,2023-09-27,14:55:00.000000,3
2025250_2023-09-27_19:38:00.000000,2023-09-27,19:38:00.000000,3
2025250_2023-09-27_21:23:00.000000,2023-09-27,21:23:00.000000,3
2025250_2023-09-28_00:08:00.000000,2023-09-28,00:08:00.000000,3
2025250_2023-09-28_03:53:00.000000,2023-09-28,03:53:00.000000,3
2025250_2023-09-28_06:08:00.000000,2023-09-28,06:08:00.000000,3
2025250_2023-09-28_06:23:00.000000,2023-09-28,06:23:00.000000,3
2025253_2023-09-28_08:57:00.000000,2023-09-28,08:57:00.000000,5
2025253_2023-09-28_13:57:00.000000,2023-09-28,13:57:00.000000,3
2025256_2023-09-29_02:50:00.000000,2023-09-29,02:50:00.000000,3
2025259_2023-09-29_13:29:00.000000,2023-09-29,13:29:00.000000,3
2025259_2023-09-29_15:14:00.000000,2023-09-29,15:14:00.000000,3
2025259_2023-09-29_15:29:00.000000,2023-09-29,15:29:00.000000,3
2025262_2023-09-29_18:47:00.000000,2023-09-29,18:47:00.000000,3
2025262_2023-09-29_20:02:00.000000,2023-09-29,20:02:00.000000,3
2025262_2023-09-29_20:32:00.000000,2023-09-29,20:32:00.000000,3
2025262_2023-09-29_21:17:00.000000,2023-09-29,21:17:00.000000,3
2025262_2023-09-29_23:02:00.000000,2023-09-29,23:02:00.000000,3
2025262_2023-09-30_01:17:00.000000,2023-09-30,01:17:00.000000,3
2025262_2023-09-30_06:02:00.000000,2023-09-30,06:02:00.000000,3
2025265_2023-09-30_07:00:00.000000,2023-09-30,07:00:00.000000,3
2025265_2023-09-30_09:30:00.000000,2023-09-30,09:30:00.000000,3
2025265_2023-09-30_13:15:00.000000,2023-09-30,13:15:00.000000,3
2025265_2023-09-30_14:45:00.000000,2023-09-30,14:45:00.000000,3
2025265_2023-09-30_15:30:00.000000,2023-09-30,15:30:00.000000,3
2025268_2023-10-01_00:15:00.000000,2023-10-01,00:15:00.000000,3
2025268_2023-10-01_01:00:00.000000,2023-10-01,01:00:00.000000,3
2025268_2023-10-01_01:30:00.000000,2023-10-01,01:30:00.000000,3
2025268_2023-10-01_01:45:00.000000,2023-10-01,01:45:00.000000,3
2025271_2023-10-01_12:47:00.000000,2023-10-01,12:47:00.000000,3
2025271_2023-10-01_14:47:00.000000,2023-10-01,14:47:00.000000,3
2025274_2023-10-01_18:27:00.000000,2023-10-01,18:27:00.000000,3
2025274_2023-10-01_21:27:00.000000,2023-10-01,21:27:00.000000,3
2025274_2023-10-01_21:57:00.000000,2023-10-01,21:57:00.000000,3
2025274_2023-10-01_22:57:00.000000,2023-10-01,22:57:00.000000,3
2025274_2023-10-01_23:12:00.000000,2023-10-01,23:12:00.000000,3
2025277_2023-10-02_09:19:00.000000,2023-10-02,09:19:00.000000,3
2025277_2023-10-02_12:19:00.000000,2023-10-02,12:19:00.000000,3
2025280_2023-10-02_16:55:00.000000,2023-10-02,16:55:00.000000,3
2025280_2023-10-02_19:55:00.000000,2023-10-02,19:55:00.000000,3
2025280_2023-10-02_20:55:00.000000,2023-10-02,20:55:00.000000,3
2025280_2023-10-02_21:25:00.000000,2023-10-02,21:25:00.000000,3
2025280_2023-10-02_22:55:00.000000,2023-10-02,22:55:00.000000,3
2025280_2023-10-03_00:40:00.000000,2023-10-03,00:40:00.000000,3
2025280_2023-10-03_02:55:00.000000,2023-10-03,02:55:00.000000,3
2025280_2023-10-03_05:40:00.000000,2023-10-03,05:40:00.000000,3
2025283_2023-10-03_08:06:00.000000,2023-10-03,08:06:00.000000,3
2025283_2023-10-03_09:21:00.000000,2023-10-03,09:21:00.000000,3
2025283_2023-10-03_13:36:00.000000,2023-10-03,13:36:00.000000,3
2025283_2023-10-03_14:36:00.000000,2023-10-03,14:36:00.000000,3
2025286_2023-10-03_15:52:00.000000,2023-10-03,15:52:00.000000,3
2025286_2023-10-03_18:52:00.000000,2023-10-03,18:52:00.000000,3
2025286_2023-10-03_23:22:00.000000,2023-10-03,23:22:00.000000,3
2025286_2023-10-04_05:37:00.000000,2023-10-04,05:37:00.000000,3
2025286_2023-10-04_06:22:00.000000,2023-10-04,06:22:00.000000,3
2025289_2023-10-04_08:53:00.000000,2023-10-04,08:53:00.000000,3
2025292_2023-10-04_20:05:00.000000,2023-10-04,20:05:00.000000,3
2025292_2023-10-05_05:05:00.000000,2023-10-05,05:05:00.000000,3
2025292_2023-10-05_05:35:00.000000,2023-10-05,05:35:00.000000,3
2027429_2023-10-06_00:17:00.000000,2023-10-06,00:17:00.000000,3
2027432_2023-10-06_08:12:00.000000,2023-10-06,08:12:00.000000,3
2027432_2023-10-06_08:57:00.000000,2023-10-06,08:57:00.000000,3
2027432_2023-10-06_10:42:00.000000,2023-10-06,10:42:00.000000,3
2027435_2023-10-06_17:45:00.000000,2023-10-06,17:45:00.000000,3
2027435_2023-10-07_01:30:00.000000,2023-10-07,01:30:00.000000,3
2027435_2023-10-07_05:15:00.000000,2023-10-07,05:15:00.000000,5
2027435_2023-10-07_05:15:00.000000,2023-10-07,05:15:00.000000,3
2027441_2023-10-07_17:57:00.000000,2023-10-07,17:57:00.000000,3
2027441_2023-10-07_17:57:00.000000,2023-10-07,17:57:00.000000,2
2027441_2023-10-07_18:12:00.000000,2023-10-07,18:12:00.000000,2
2027441_2023-10-07_19:12:00.000000,2023-10-07,19:12:00.000000,3
2027441_2023-10-07_21:42:00.000000,2023-10-07,21:42:00.000000,3
2027441_2023-10-08_02:42:00.000000,2023-10-08,02:42:00.000000,3
2027441_2023-10-08_03:27:00.000000,2023-10-08,03:27:00.000000,3
2027441_2023-10-08_03:42:00.000000,2023-10-08,03:42:00.000000,3
2027441_2023-10-08_03:57:00.000000,2023-10-08,03:57:00.000000,3
2027441_2023-10-08_05:27:00.000000,2023-10-08,05:27:00.000000,3
2027447_2023-10-08_17:39:00.000000,2023-10-08,17:39:00.000000,3
2027447_2023-10-09_05:09:00.000000,2023-10-09,05:09:00.000000,3
2027450_2023-10-09_07:03:00.000000,2023-10-09,07:03:00.000000,3
2027450_2023-10-09_09:18:00.000000,2023-10-09,09:18:00.000000,3
2027450_2023-10-09_13:33:00.000000,2023-10-09,13:33:00.000000,3
2027459_2023-10-10_20:19:00.000000,2023-10-10,20:19:00.000000,3
2027459_2023-10-10_20:34:00.000000,2023-10-10,20:34:00.000000,3
2027459_2023-10-11_04:19:00.000000,2023-10-11,04:19:00.000000,3
2027462_2023-10-11_07:22:00.000000,2023-10-11,07:22:00.000000,3
2027462_2023-10-11_07:37:00.000000,2023-10-11,07:37:00.000000,3
2027465_2023-10-12_00:17:00.000000,2023-10-12,00:17:00.000000,3
2027465_2023-10-12_04:02:00.000000,2023-10-12,04:02:00.000000,3
2027758_2023-10-13_05:44:00.000000,2023-10-13,05:44:00.000000,3
2027758_2023-10-13_06:14:00.000000,2023-10-13,06:14:00.000000,3
2027776_2023-10-16_01:51:00.000000,2023-10-16,01:51:00.000000,3
2027779_2023-10-16_14:03:00.000000,2023-10-16,14:03:00.000000,3
2027782_2023-10-16_16:19:00.000000,2023-10-16,16:19:00.000000,3
2027782_2023-10-16_18:34:00.000000,2023-10-16,18:34:00.000000,3
2027785_2023-10-17_08:35:00.000000,2023-10-17,08:35:00.000000,3
2028168_2023-10-18_16:14:00.000000,2023-10-18,16:14:00.000000,3
2028168_2023-10-19_02:29:00.000000,2023-10-19,02:29:00.000000,3
2028168_2023-10-19_04:29:00.000000,2023-10-19,04:29:00.000000,3
2028168_2023-10-19_05:44:00.000000,2023-10-19,05:44:00.000000,3
2028171_2023-10-19_13:39:00.000000,2023-10-19,13:39:00.000000,3
2028171_2023-10-19_14:39:00.000000,2023-10-19,14:39:00.000000,3
2028174_2023-10-20_02:11:00.000000,2023-10-20,02:11:00.000000,3
2028174_2023-10-20_04:11:00.000000,2023-10-20,04:11:00.000000,3
2028177_2023-10-20_11:42:00.000000,2023-10-20,11:42:00.000000,3
2028180_2023-10-20_15:38:00.000000,2023-10-20,15:38:00.000000,3
2028186_2023-10-21_19:36:00.000000,2023-10-21,19:36:00.000000,3
2028186_2023-10-21_22:36:00.000000,2023-10-21,22:36:00.000000,3
2028198_2023-10-23_19:01:00.000000,2023-10-23,19:01:00.000000,3
2028204_2023-10-24_16:13:00.000000,2023-10-24,16:13:00.000000,3
2028213_2023-10-26_08:10:00.000000,2023-10-26,08:10:00.000000,3
2028213_2023-10-26_13:25:00.000000,2023-10-26,13:25:00.000000,3
2028216_2023-10-26_22:53:00.000000,2023-10-26,22:53:00.000000,3
2028216_2023-10-26_23:08:00.000000,2023-10-26,23:08:00.000000,3
2028216_2023-10-26_23:08:00.000000,2023-10-26,23:08:00.000000,2
2028216_2023-10-26_23:23:00.000000,2023-10-26,23:23:00.000000,2
2028234_2023-10-30_02:45:00.000000,2023-10-30,02:45:00.000000,3
2028237_2023-10-30_11:20:00.000000,2023-10-30,11:20:00.000000,3
2028237_2023-10-30_14:05:00.000000,2023-10-30,14:05:00.000000,3
2028240_2023-10-30_14:58:00.000000,2023-10-30,14:58:00.000000,3
2028240_2023-10-31_06:28:00.000000,2023-10-31,06:28:00.000000,3
2028246_2023-10-31_15:55:00.000000,2023-10-31,15:55:00.000000,3
2028246_2023-10-31_20:10:00.000000,2023-10-31,20:10:00.000000,3
2028246_2023-10-31_21:10:00.000000,2023-10-31,21:10:00.000000,3
2028246_2023-10-31_23:25:00.000000,2023-10-31,23:25:00.000000,3
2028249_2023-11-01_08:40:00.000000,2023-11-01,08:40:00.000000,3
2028249_2023-11-01_09:25:00.000000,2023-11-01,09:25:00.000000,3
2028249_2023-11-01_09:55:00.000000,2023-11-01,09:55:00.000000,3
2028252_2023-11-01_22:08:00.000000,2023-11-01,22:08:00.000000,3
2028252_2023-11-02_01:23:00.000000,2023-11-02,01:23:00.000000,3
2028252_2023-11-02_01:23:00.000000,2023-11-02,01:23:00.000000,3
2028252_2023-11-02_05:08:00.000000,2023-11-02,05:08:00.000000,3
2028252_2023-11-02_06:08:00.000000,2023-11-02,06:08:00.000000,3
2028252_2023-11-02_06:53:00.000000,2023-11-02,06:53:00.000000,3
2028252_2023-11-02_07:08:00.000000,2023-11-02,07:08:00.000000,3
2028255_2023-11-02_12:12:00.000000,2023-11-02,12:12:00.000000,3
2028255_2023-11-02_12:27:00.000000,2023-11-02,12:27:00.000000,2
2028258_2023-11-02_19:05:00.000000,2023-11-02,19:05:00.000000,3
2028258_2023-11-02_20:05:00.000000,2023-11-02,20:05:00.000000,3
2028258_2023-11-02_22:05:00.000000,2023-11-02,22:05:00.000000,3
2028258_2023-11-03_07:20:00.000000,2023-11-03,07:20:00.000000,3
2028264_2023-11-03_23:33:00.000000,2023-11-03,23:33:00.000000,3
2028264_2023-11-04_05:33:00.000000,2023-11-04,05:33:00.000000,3
2028264_2023-11-04_06:48:00.000000,2023-11-04,06:48:00.000000,3
2028264_2023-11-04_07:33:00.000000,2023-11-04,07:33:00.000000,3
2028267_2023-11-04_10:17:00.000000,2023-11-04,10:17:00.000000,3
2028267_2023-11-04_10:47:00.000000,2023-11-04,10:47:00.000000,3
2028267_2023-11-04_11:02:00.000000,2023-11-04,11:02:00.000000,3
2028267_2023-11-04_12:17:00.000000,2023-11-04,12:17:00.000000,3
2028270_2023-11-04_20:15:00.000000,2023-11-04,20:15:00.000000,3
2028270_2023-11-04_21:00:00.000000,2023-11-04,21:00:00.000000,3
2028270_2023-11-04_22:30:00.000000,2023-11-04,22:30:00.000000,3
2028270_2023-11-04_22:45:00.000000,2023-11-04,22:45:00.000000,3
2028273_2023-11-05_09:05:00.000000,2023-11-05,09:05:00.000000,3
2028273_2023-11-05_09:35:00.000000,2023-11-05,09:35:00.000000,3
2028276_2023-11-06_02:43:00.000000,2023-11-06,02:43:00.000000,3
2028279_2023-11-06_08:52:00.000000,2023-11-06,08:52:00.000000,3
2028279_2023-11-06_09:07:00.000000,2023-11-06,09:07:00.000000,3
2028279_2023-11-06_11:07:00.000000,2023-11-06,11:07:00.000000,3
2028279_2023-11-06_12:52:00.000000,2023-11-06,12:52:00.000000,3
2028288_2023-11-07_23:38:00.000000,2023-11-07,23:38:00.000000,3
2028288_2023-11-08_02:38:00.000000,2023-11-08,02:38:00.000000,3
2028288_2023-11-08_04:08:00.000000,2023-11-08,04:08:00.000000,3
2028288_2023-11-08_04:53:00.000000,2023-11-08,04:53:00.000000,3
2028288_2023-11-08_05:53:00.000000,2023-11-08,05:53:00.000000,3
2028288_2023-11-08_07:23:00.000000,2023-11-08,07:23:00.000000,3
2028291_2023-11-08_10:57:00.000000,2023-11-08,10:57:00.000000,3
2028291_2023-11-08_11:42:00.000000,2023-11-08,11:42:00.000000,3
2028297_2023-11-09_10:45:00.000000,2023-11-09,10:45:00.000000,3
2028300_2023-11-09_14:18:00.000000,2023-11-09,14:18:00.000000,3
2028300_2023-11-09_23:48:00.000000,2023-11-09,23:48:00.000000,3
2028300_2023-11-10_04:03:00.000000,2023-11-10,04:03:00.000000,3
2028315_2023-11-12_11:08:00.000000,2023-11-12,11:08:00.000000,3
2028315_2023-11-12_13:23:00.000000,2023-11-12,13:23:00.000000,3
2028318_2023-11-12_14:11:00.000000,2023-11-12,14:11:00.000000,3
2028318_2023-11-12_14:41:00.000000,2023-11-12,14:41:00.000000,3
2028318_2023-11-12_15:41:00.000000,2023-11-12,15:41:00.000000,3
2028318_2023-11-12_16:26:00.000000,2023-11-12,16:26:00.000000,3
2028318_2023-11-12_17:26:00.000000,2023-11-12,17:26:00.000000,3
2028318_2023-11-12_17:26:00.000000,2023-11-12,17:26:00.000000,3
2028318_2023-11-12_21:41:00.000000,2023-11-12,21:41:00.000000,3
2028318_2023-11-12_21:56:00.000000,2023-11-12,21:56:00.000000,3
2028318_2023-11-13_01:56:00.000000,2023-11-13,01:56:00.000000,3
2028321_2023-11-13_09:40:00.000000,2023-11-13,09:40:00.000000,3
2028321_2023-11-13_13:40:00.000000,2023-11-13,13:40:00.000000,3
2028324_2023-11-13_23:09:00.000000,2023-11-13,23:09:00.000000,3
2028324_2023-11-14_00:39:00.000000,2023-11-14,00:39:00.000000,3
2028324_2023-11-14_01:54:00.000000,2023-11-14,01:54:00.000000,3
2028324_2023-11-14_03:24:00.000000,2023-11-14,03:24:00.000000,3
2028324_2023-11-14_04:09:00.000000,2023-11-14,04:09:00.000000,5
2028324_2023-11-14_06:24:00.000000,2023-11-14,06:24:00.000000,3
2028327_2023-11-14_09:43:00.000000,2023-11-14,09:43:00.000000,3
2028327_2023-11-14_11:58:00.000000,2023-11-14,11:58:00.000000,3
2028327_2023-11-14_12:43:00.000000,2023-11-14,12:43:00.000000,3
2028327_2023-11-14_13:43:00.000000,2023-11-14,13:43:00.000000,3
2028330_2023-11-14_14:37:00.000000,2023-11-14,14:37:00.000000,3
2028330_2023-11-14_22:52:00.000000,2023-11-14,22:52:00.000000,3
2028330_2023-11-15_01:07:00.000000,2023-11-15,01:07:00.000000,3
2028333_2023-11-15_12:00:00.000000,2023-11-15,12:00:00.000000,3
2028336_2023-11-16_00:49:00.000000,2023-11-16,00:49:00.000000,3
2028336_2023-11-16_02:19:00.000000,2023-11-16,02:19:00.000000,3
2028342_2023-11-16_15:32:00.000000,2023-11-16,15:32:00.000000,3
2028342_2023-11-16_16:17:00.000000,2023-11-16,16:17:00.000000,3
2028342_2023-11-16_21:17:00.000000,2023-11-16,21:17:00.000000,3
2028342_2023-11-17_02:32:00.000000,2023-11-17,02:32:00.000000,3
2028342_2023-11-17_06:32:00.000000,2023-11-17,06:32:00.000000,3
2028345_2023-11-17_09:35:00.000000,2023-11-17,09:35:00.000000,3
2028369_2023-11-21_13:16:00.000000,2023-11-21,13:16:00.000000,3
2028372_2023-11-21_15:52:00.000000,2023-11-21,15:52:00.000000,3
2028372_2023-11-21_18:22:00.000000,2023-11-21,18:22:00.000000,3
2028372_2023-11-21_21:07:00.000000,2023-11-21,21:07:00.000000,3
2028372_2023-11-22_01:37:00.000000,2023-11-22,01:37:00.000000,3
2028372_2023-11-22_05:07:00.000000,2023-11-22,05:07:00.000000,3
2028375_2023-11-22_12:03:00.000000,2023-11-22,12:03:00.000000,3
2028375_2023-11-22_13:03:00.000000,2023-11-22,13:03:00.000000,3
2028378_2023-11-22_17:05:00.000000,2023-11-22,17:05:00.000000,3
2028378_2023-11-22_18:35:00.000000,2023-11-22,18:35:00.000000,3
2028378_2023-11-22_22:50:00.000000,2023-11-22,22:50:00.000000,3
2028378_2023-11-22_23:35:00.000000,2023-11-22,23:35:00.000000,3
2028378_2023-11-23_00:50:00.000000,2023-11-23,00:50:00.000000,3
2028378_2023-11-23_01:20:00.000000,2023-11-23,01:20:00.000000,3
2028378_2023-11-23_03:05:00.000000,2023-11-23,03:05:00.000000,3
2028378_2023-11-23_04:35:00.000000,2023-11-23,04:35:00.000000,3
2028378_2023-11-23_08:20:00.000000,2023-11-23,08:20:00.000000,3
2028381_2023-11-23_08:51:00.000000,2023-11-23,08:51:00.000000,3
2028381_2023-11-23_12:36:00.000000,2023-11-23,12:36:00.000000,3
2028384_2023-11-23_14:17:00.000000,2023-11-23,14:17:00.000000,3
2028384_2023-11-23_14:32:00.000000,2023-11-23,14:32:00.000000,3
2028384_2023-11-23_15:17:00.000000,2023-11-23,15:17:00.000000,3
2028384_2023-11-23_20:32:00.000000,2023-11-23,20:32:00.000000,3
2028384_2023-11-23_21:47:00.000000,2023-11-23,21:47:00.000000,3
2028384_2023-11-23_22:02:00.000000,2023-11-23,22:02:00.000000,3
2028384_2023-11-23_22:47:00.000000,2023-11-23,22:47:00.000000,3
2028384_2023-11-24_01:02:00.000000,2023-11-24,01:02:00.000000,3
2028384_2023-11-24_07:32:00.000000,2023-11-24,07:32:00.000000,3
2028387_2023-11-24_09:23:00.000000,2023-11-24,09:23:00.000000,3
2028387_2023-11-24_11:23:00.000000,2023-11-24,11:23:00.000000,3
2028387_2023-11-24_11:38:00.000000,2023-11-24,11:38:00.000000,3
2028390_2023-11-24_16:31:00.000000,2023-11-24,16:31:00.000000,3
2028390_2023-11-24_16:46:00.000000,2023-11-24,16:46:00.000000,3
2028390_2023-11-24_18:16:00.000000,2023-11-24,18:16:00.000000,3
2028390_2023-11-24_19:31:00.000000,2023-11-24,19:31:00.000000,3
2028390_2023-11-24_20:16:00.000000,2023-11-24,20:16:00.000000,3
2028390_2023-11-24_22:31:00.000000,2023-11-24,22:31:00.000000,3
2028390_2023-11-25_04:01:00.000000,2023-11-25,04:01:00.000000,3
2028393_2023-11-25_10:26:00.000000,2023-11-25,10:26:00.000000,3
2028393_2023-11-25_10:41:00.000000,2023-11-25,10:41:00.000000,3
2028393_2023-11-25_11:41:00.000000,2023-11-25,11:41:00.000000,3
2028396_2023-11-25_14:44:00.000000,2023-11-25,14:44:00.000000,3
2028396_2023-11-25_16:59:00.000000,2023-11-25,16:59:00.000000,3
2028396_2023-11-25_18:29:00.000000,2023-11-25,18:29:00.000000,3
2028396_2023-11-25_19:59:00.000000,2023-11-25,19:59:00.000000,3
2028396_2023-11-25_19:59:00.000000,2023-11-25,19:59:00.000000,3
2028396_2023-11-25_20:44:00.000000,2023-11-25,20:44:00.000000,3
2028396_2023-11-25_20:59:00.000000,2023-11-25,20:59:00.000000,3
2028396_2023-11-25_21:44:00.000000,2023-11-25,21:44:00.000000,3
2028396_2023-11-26_01:29:00.000000,2023-11-26,01:29:00.000000,3
2028396_2023-11-26_04:59:00.000000,2023-11-26,04:59:00.000000,3
2028396_2023-11-26_05:29:00.000000,2023-11-26,05:29:00.000000,3
2028396_2023-11-26_07:29:00.000000,2023-11-26,07:29:00.000000,3
2028396_2023-11-26_07:44:00.000000,2023-11-26,07:44:00.000000,3
2028396_2023-11-26_07:44:00.000000,2023-11-26,07:44:00.000000,2
2028396_2023-11-26_07:44:00.000000,2023-11-26,07:44:00.000000,4
2028396_2023-11-26_07:59:00.000000,2023-11-26,07:59:00.000000,4
2028396_2023-11-26_08:14:00.000000,2023-11-26,08:14:00.000000,4
2028396_2023-11-26_08:29:00.000000,2023-11-26,08:29:00.000000,4
2028411_2023-11-28_11:48:00.000000,2023-11-28,11:48:00.000000,3
2028414_2023-11-28_15:23:00.000000,2023-11-28,15:23:00.000000,3
2028414_2023-11-28_17:08:00.000000,2023-11-28,17:08:00.000000,3
2028414_2023-11-28_18:23:00.000000,2023-11-28,18:23:00.000000,3
2028414_2023-11-28_19:23:00.000000,2023-11-28,19:23:00.000000,2
2028414_2023-11-28_19:38:00.000000,2023-11-28,19:38:00.000000,2
2028414_2023-11-28_19:23:00.000000,2023-11-28,19:23:00.000000,2
2028414_2023-11-28_19:38:00.000000,2023-11-28,19:38:00.000000,2
2028414_2023-11-28_19:53:00.000000,2023-11-28,19:53:00.000000,2
2028414_2023-11-28_19:38:00.000000,2023-11-28,19:38:00.000000,3
2028414_2023-11-28_19:53:00.000000,2023-11-28,19:53:00.000000,2
2028414_2023-11-28_22:23:00.000000,2023-11-28,22:23:00.000000,3
2028414_2023-11-29_02:23:00.000000,2023-11-29,02:23:00.000000,3
2028414_2023-11-29_07:23:00.000000,2023-11-29,07:23:00.000000,3
2028417_2023-11-29_09:06:00.000000,2023-11-29,09:06:00.000000,3
2028420_2023-11-29_18:07:00.000000,2023-11-29,18:07:00.000000,3
2028420_2023-11-29_18:52:00.000000,2023-11-29,18:52:00.000000,3
2028420_2023-11-29_19:22:00.000000,2023-11-29,19:22:00.000000,3
2028420_2023-11-29_20:52:00.000000,2023-11-29,20:52:00.000000,3
2028420_2023-11-29_21:22:00.000000,2023-11-29,21:22:00.000000,3
2028420_2023-11-30_00:37:00.000000,2023-11-30,00:37:00.000000,3
2028420_2023-11-30_05:52:00.000000,2023-11-30,05:52:00.000000,3
2028420_2023-11-30_07:07:00.000000,2023-11-30,07:07:00.000000,3
2028426_2023-11-30_15:35:00.000000,2023-11-30,15:35:00.000000,3
2028426_2023-11-30_18:05:00.000000,2023-11-30,18:05:00.000000,3
2028426_2023-11-30_18:20:00.000000,2023-11-30,18:20:00.000000,3
2028426_2023-11-30_22:20:00.000000,2023-11-30,22:20:00.000000,5
2028426_2023-11-30_22:20:00.000000,2023-11-30,22:20:00.000000,3
2028426_2023-12-01_05:50:00.000000,2023-12-01,05:50:00.000000,3
2028432_2023-12-01_17:48:00.000000,2023-12-01,17:48:00.000000,3
2028432_2023-12-01_22:33:00.000000,2023-12-01,22:33:00.000000,3
2028432_2023-12-02_02:33:00.000000,2023-12-02,02:33:00.000000,5
2028432_2023-12-02_03:33:00.000000,2023-12-02,03:33:00.000000,3
2028432_2023-12-02_07:48:00.000000,2023-12-02,07:48:00.000000,3
2028435_2023-12-02_12:57:00.000000,2023-12-02,12:57:00.000000,3
2028438_2023-12-02_20:32:00.000000,2023-12-02,20:32:00.000000,3
2028450_2023-12-04_20:44:00.000000,2023-12-04,20:44:00.000000,3
2028450_2023-12-04_23:29:00.000000,2023-12-04,23:29:00.000000,3
2028450_2023-12-05_06:44:00.000000,2023-12-05,06:44:00.000000,3
2028450_2023-12-05_07:14:00.000000,2023-12-05,07:14:00.000000,3
2028453_2023-12-05_11:19:00.000000,2023-12-05,11:19:00.000000,3
2028456_2023-12-06_05:28:00.000000,2023-12-06,05:28:00.000000,3
2028462_2023-12-06_20:42:00.000000,2023-12-06,20:42:00.000000,3
2028462_2023-12-07_02:57:00.000000,2023-12-07,02:57:00.000000,3
2028462_2023-12-07_04:12:00.000000,2023-12-07,04:12:00.000000,3
2031802_2023-12-07_13:26:00.000000,2023-12-07,13:26:00.000000,3
2031802_2023-12-07_13:56:00.000000,2023-12-07,13:56:00.000000,3
2031802_2023-12-07_18:11:00.000000,2023-12-07,18:11:00.000000,3
2031994_2023-12-08_22:45:00.000000,2023-12-08,22:45:00.000000,3
2028477_2023-12-09_09:42:00.000000,2023-12-09,09:42:00.000000,3
2028477_2023-12-09_12:42:00.000000,2023-12-09,12:42:00.000000,3
2028477_2023-12-09_12:57:00.000000,2023-12-09,12:57:00.000000,3
2028480_2023-12-09_18:24:00.000000,2023-12-09,18:24:00.000000,3
2028480_2023-12-09_23:09:00.000000,2023-12-09,23:09:00.000000,3
2028480_2023-12-09_23:54:00.000000,2023-12-09,23:54:00.000000,3
2028480_2023-12-10_01:39:00.000000,2023-12-10,01:39:00.000000,3
2028480_2023-12-10_01:54:00.000000,2023-12-10,01:54:00.000000,3
2028480_2023-12-10_05:39:00.000000,2023-12-10,05:39:00.000000,3
2028486_2023-12-11_01:53:00.000000,2023-12-11,01:53:00.000000,3
2028489_2023-12-11_13:00:00.000000,2023-12-11,13:00:00.000000,3
2028492_2023-12-11_21:52:00.000000,2023-12-11,21:52:00.000000,3
2028492_2023-12-12_01:37:00.000000,2023-12-12,01:37:00.000000,3
2028492_2023-12-12_03:22:00.000000,2023-12-12,03:22:00.000000,3
2028492_2023-12-12_03:37:00.000000,2023-12-12,03:37:00.000000,3
2028495_2023-12-12_10:02:00.000000,2023-12-12,10:02:00.000000,3
2028495_2023-12-12_11:17:00.000000,2023-12-12,11:17:00.000000,3
2028498_2023-12-12_13:22:00.000000,2023-12-12,13:22:00.000000,3
2028498_2023-12-12_14:22:00.000000,2023-12-12,14:22:00.000000,3
2031988_2023-12-13_14:21:00.000000,2023-12-13,14:21:00.000000,5
2031988_2023-12-13_14:36:00.000000,2023-12-13,14:36:00.000000,3
2031991_2023-12-14_06:05:00.000000,2023-12-14,06:05:00.000000,3
2028510_2023-12-14_16:51:00.000000,2023-12-14,16:51:00.000000,2
2028510_2023-12-14_17:06:00.000000,2023-12-14,17:06:00.000000,2
2028510_2023-12-14_17:06:00.000000,2023-12-14,17:06:00.000000,4
2028510_2023-12-14_17:21:00.000000,2023-12-14,17:21:00.000000,4
2028510_2023-12-14_17:36:00.000000,2023-12-14,17:36:00.000000,4
2028510_2023-12-14_17:51:00.000000,2023-12-14,17:51:00.000000,4
2028510_2023-12-14_18:06:00.000000,2023-12-14,18:06:00.000000,4
2028510_2023-12-14_18:21:00.000000,2023-12-14,18:21:00.000000,4
2028510_2023-12-14_17:06:00.000000,2023-12-14,17:06:00.000000,4
2028510_2023-12-14_17:21:00.000000,2023-12-14,17:21:00.000000,4
2028510_2023-12-14_17:36:00.000000,2023-12-14,17:36:00.000000,4
2028510_2023-12-14_17:51:00.000000,2023-12-14,17:51:00.000000,4
2028510_2023-12-14_18:06:00.000000,2023-12-14,18:06:00.000000,4
2028510_2023-12-14_18:21:00.000000,2023-12-14,18:21:00.000000,4
2028510_2023-12-15_00:06:00.000000,2023-12-15,00:06:00.000000,3
2028510_2023-12-15_01:51:00.000000,2023-12-15,01:51:00.000000,3
2028510_2023-12-15_07:21:00.000000,2023-12-15,07:21:00.000000,3
2028510_2023-12-15_07:21:00.000000,2023-12-15,07:21:00.000000,4
2028510_2023-12-15_07:36:00.000000,2023-12-15,07:36:00.000000,4
2028510_2023-12-15_07:51:00.000000,2023-12-15,07:51:00.000000,4
2028510_2023-12-15_08:06:00.000000,2023-12-15,08:06:00.000000,4
2028510_2023-12-15_08:21:00.000000,2023-12-15,08:21:00.000000,4
2028510_2023-12-15_09:06:00.000000,2023-12-15,09:06:00.000000,3
2028513_2023-12-15_09:51:00.000000,2023-12-15,09:51:00.000000,3
2028513_2023-12-15_10:36:00.000000,2023-12-15,10:36:00.000000,3
2028513_2023-12-15_11:51:00.000000,2023-12-15,11:51:00.000000,3
2028516_2023-12-15_18:20:00.000000,2023-12-15,18:20:00.000000,3
2028516_2023-12-15_18:35:00.000000,2023-12-15,18:35:00.000000,3
2028525_2023-12-17_09:53:00.000000,2023-12-17,09:53:00.000000,3
2028528_2023-12-17_21:05:00.000000,2023-12-17,21:05:00.000000,3
2028528_2023-12-18_00:20:00.000000,2023-12-18,00:20:00.000000,3
2028528_2023-12-18_03:35:00.000000,2023-12-18,03:35:00.000000,3
2028534_2023-12-18_14:20:00.000000,2023-12-18,14:20:00.000000,3
2028534_2023-12-19_02:50:00.000000,2023-12-19,02:50:00.000000,3
2028540_2023-12-19_23:20:00.000000,2023-12-19,23:20:00.000000,3
2028540_2023-12-20_03:05:00.000000,2023-12-20,03:05:00.000000,3
2028543_2023-12-20_12:56:00.000000,2023-12-20,12:56:00.000000,3
2032465_2023-12-20_17:35:00.000000,2023-12-20,17:35:00.000000,3
2032465_2023-12-20_20:50:00.000000,2023-12-20,20:50:00.000000,3
2032465_2023-12-20_21:20:00.000000,2023-12-20,21:20:00.000000,3
2032465_2023-12-20_22:05:00.000000,2023-12-20,22:05:00.000000,3
2032465_2023-12-20_22:35:00.000000,2023-12-20,22:35:00.000000,3
2032468_2023-12-21_05:32:00.000000,2023-12-21,05:32:00.000000,3
2032468_2023-12-21_07:02:00.000000,2023-12-21,07:02:00.000000,3
2028549_2023-12-21_10:26:00.000000,2023-12-21,10:26:00.000000,3
2028549_2023-12-21_10:41:00.000000,2023-12-21,10:41:00.000000,3
2028558_2023-12-23_03:36:00.000000,2023-12-23,03:36:00.000000,3
2028558_2023-12-23_06:06:00.000000,2023-12-23,06:06:00.000000,3
2028558_2023-12-23_08:36:00.000000,2023-12-23,08:36:00.000000,3
2028564_2023-12-24_00:52:00.000000,2023-12-24,00:52:00.000000,3
2028564_2023-12-24_01:07:00.000000,2023-12-24,01:07:00.000000,3
2028564_2023-12-24_01:22:00.000000,2023-12-24,01:22:00.000000,3
2028564_2023-12-24_01:37:00.000000,2023-12-24,01:37:00.000000,3
2028564_2023-12-24_01:52:00.000000,2023-12-24,01:52:00.000000,3
2028564_2023-12-24_02:07:00.000000,2023-12-24,02:07:00.000000,3
2028564_2023-12-24_08:07:00.000000,2023-12-24,08:07:00.000000,3
2028567_2023-12-24_10:58:00.000000,2023-12-24,10:58:00.000000,3
2028570_2023-12-25_01:07:00.000000,2023-12-25,01:07:00.000000,3
2028570_2023-12-25_03:07:00.000000,2023-12-25,03:07:00.000000,3
2028573_2023-12-25_12:28:00.000000,2023-12-25,12:28:00.000000,3
2028576_2023-12-25_21:38:00.000000,2023-12-25,21:38:00.000000,3
2028576_2023-12-25_23:23:00.000000,2023-12-25,23:23:00.000000,3
2028576_2023-12-25_23:23:00.000000,2023-12-25,23:23:00.000000,3
2028576_2023-12-25_23:38:00.000000,2023-12-25,23:38:00.000000,3
2028576_2023-12-26_03:08:00.000000,2023-12-26,03:08:00.000000,5
2028576_2023-12-26_09:23:00.000000,2023-12-26,09:23:00.000000,3
2028579_2023-12-26_09:43:00.000000,2023-12-26,09:43:00.000000,3
2028579_2023-12-26_10:28:00.000000,2023-12-26,10:28:00.000000,3
2028579_2023-12-26_11:43:00.000000,2023-12-26,11:43:00.000000,3
2028582_2023-12-26_14:39:00.000000,2023-12-26,14:39:00.000000,3
2028582_2023-12-26_23:09:00.000000,2023-12-26,23:09:00.000000,3
2028582_2023-12-27_08:54:00.000000,2023-12-27,08:54:00.000000,3
2028585_2023-12-27_11:28:00.000000,2023-12-27,11:28:00.000000,3
2028588_2023-12-28_03:25:00.000000,2023-12-28,03:25:00.000000,3
2028588_2023-12-28_03:55:00.000000,2023-12-28,03:55:00.000000,3
2028642_2024-01-05_15:24:00.000000,2024-01-05,15:24:00.000000,3
2028642_2024-01-05_18:54:00.000000,2024-01-05,18:54:00.000000,3
2028642_2024-01-06_01:09:00.000000,2024-01-06,01:09:00.000000,3
2028642_2024-01-06_02:24:00.000000,2024-01-06,02:24:00.000000,3
2028642_2024-01-06_04:39:00.000000,2024-01-06,04:39:00.000000,3
2028642_2024-01-06_05:39:00.000000,2024-01-06,05:39:00.000000,3
2028642_2024-01-06_07:54:00.000000,2024-01-06,07:54:00.000000,3
2028645_2024-01-06_12:51:00.000000,2024-01-06,12:51:00.000000,3
2028648_2024-01-06_19:26:00.000000,2024-01-06,19:26:00.000000,3
2028648_2024-01-06_21:26:00.000000,2024-01-06,21:26:00.000000,3
2028648_2024-01-07_04:11:00.000000,2024-01-07,04:11:00.000000,3
2028648_2024-01-07_06:26:00.000000,2024-01-07,06:26:00.000000,3
2028648_2024-01-07_07:26:00.000000,2024-01-07,07:26:00.000000,3
2028648_2024-01-07_08:41:00.000000,2024-01-07,08:41:00.000000,3
2028651_2024-01-07_09:50:00.000000,2024-01-07,09:50:00.000000,3
2028660_2024-01-08_15:00:00.000000,2024-01-08,15:00:00.000000,3
2028660_2024-01-08_15:15:00.000000,2024-01-08,15:15:00.000000,3
2028660_2024-01-08_16:15:00.000000,2024-01-08,16:15:00.000000,3
2028660_2024-01-08_19:15:00.000000,2024-01-08,19:15:00.000000,3
2028660_2024-01-09_06:15:00.000000,2024-01-09,06:15:00.000000,3
2028663_2024-01-09_11:03:00.000000,2024-01-09,11:03:00.000000,3
2028663_2024-01-09_12:03:00.000000,2024-01-09,12:03:00.000000,3
2033594_2024-01-09_17:46:00.000000,2024-01-09,17:46:00.000000,3
2033594_2024-01-10_03:16:00.000000,2024-01-10,03:16:00.000000,3
2033594_2024-01-10_03:31:00.000000,2024-01-10,03:31:00.000000,3
2033594_2024-01-10_05:01:00.000000,2024-01-10,05:01:00.000000,3
2033594_2024-01-10_05:16:00.000000,2024-01-10,05:16:00.000000,3
2033594_2024-01-10_05:31:00.000000,2024-01-10,05:31:00.000000,3
2033594_2024-01-10_05:46:00.000000,2024-01-10,05:46:00.000000,3
2033594_2024-01-10_06:01:00.000000,2024-01-10,06:01:00.000000,3
2033594_2024-01-10_06:16:00.000000,2024-01-10,06:16:00.000000,3
2033594_2024-01-10_05:16:00.000000,2024-01-10,05:16:00.000000,3
2033594_2024-01-10_05:46:00.000000,2024-01-10,05:46:00.000000,3
2033594_2024-01-10_06:46:00.000000,2024-01-10,06:46:00.000000,3
2033594_2024-01-10_09:01:00.000000,2024-01-10,09:01:00.000000,3
2028672_2024-01-10_15:05:00.000000,2024-01-10,15:05:00.000000,3
2028672_2024-01-10_15:50:00.000000,2024-01-10,15:50:00.000000,3
2028672_2024-01-10_18:50:00.000000,2024-01-10,18:50:00.000000,3
2028672_2024-01-10_21:05:00.000000,2024-01-10,21:05:00.000000,3
2028672_2024-01-10_21:50:00.000000,2024-01-10,21:50:00.000000,3
2028672_2024-01-10_23:20:00.000000,2024-01-10,23:20:00.000000,3
2028672_2024-01-11_01:20:00.000000,2024-01-11,01:20:00.000000,3
2028672_2024-01-11_03:05:00.000000,2024-01-11,03:05:00.000000,3
2028678_2024-01-11_16:37:00.000000,2024-01-11,16:37:00.000000,3
2028678_2024-01-11_21:22:00.000000,2024-01-11,21:22:00.000000,3
2028678_2024-01-12_02:52:00.000000,2024-01-12,02:52:00.000000,3
2028681_2024-01-12_11:28:00.000000,2024-01-12,11:28:00.000000,3
2028681_2024-01-12_13:13:00.000000,2024-01-12,13:13:00.000000,3
2028684_2024-01-12_14:39:00.000000,2024-01-12,14:39:00.000000,3
2028684_2024-01-12_17:24:00.000000,2024-01-12,17:24:00.000000,3
2028684_2024-01-12_23:24:00.000000,2024-01-12,23:24:00.000000,3
2028684_2024-01-12_23:39:00.000000,2024-01-12,23:39:00.000000,3
2028684_2024-01-13_00:39:00.000000,2024-01-13,00:39:00.000000,3
2028684_2024-01-13_01:54:00.000000,2024-01-13,01:54:00.000000,3
2028684_2024-01-13_03:39:00.000000,2024-01-13,03:39:00.000000,3
2028684_2024-01-13_07:09:00.000000,2024-01-13,07:09:00.000000,3
2028684_2024-01-13_08:24:00.000000,2024-01-13,08:24:00.000000,3
2028684_2024-01-13_09:09:00.000000,2024-01-13,09:09:00.000000,3
2028687_2024-01-13_11:57:00.000000,2024-01-13,11:57:00.000000,3
2028690_2024-01-13_14:42:00.000000,2024-01-13,14:42:00.000000,3
2028690_2024-01-13_15:42:00.000000,2024-01-13,15:42:00.000000,3
2028690_2024-01-14_00:12:00.000000,2024-01-14,00:12:00.000000,5
2028690_2024-01-14_06:12:00.000000,2024-01-14,06:12:00.000000,3
2028693_2024-01-14_11:40:00.000000,2024-01-14,11:40:00.000000,2
2028693_2024-01-14_12:10:00.000000,2024-01-14,12:10:00.000000,3
2028696_2024-01-15_00:29:00.000000,2024-01-15,00:29:00.000000,3
2028696_2024-01-15_00:44:00.000000,2024-01-15,00:44:00.000000,3
2028699_2024-01-15_11:08:00.000000,2024-01-15,11:08:00.000000,3
2028699_2024-01-15_12:23:00.000000,2024-01-15,12:23:00.000000,3
2028702_2024-01-15_14:02:00.000000,2024-01-15,14:02:00.000000,3
2028702_2024-01-16_02:02:00.000000,2024-01-16,02:02:00.000000,3
2028708_2024-01-17_06:19:00.000000,2024-01-17,06:19:00.000000,3
2028711_2024-01-17_11:50:00.000000,2024-01-17,11:50:00.000000,3
2028711_2024-01-17_12:35:00.000000,2024-01-17,12:35:00.000000,3
2028711_2024-01-17_12:35:00.000000,2024-01-17,12:35:00.000000,3
2028714_2024-01-18_01:22:00.000000,2024-01-18,01:22:00.000000,3
2028714_2024-01-18_08:07:00.000000,2024-01-18,08:07:00.000000,3
2028717_2024-01-18_11:48:00.000000,2024-01-18,11:48:00.000000,3
2028726_2024-01-19_23:12:00.000000,2024-01-19,23:12:00.000000,3
2028726_2024-01-20_02:57:00.000000,2024-01-20,02:57:00.000000,3
2028726_2024-01-20_05:42:00.000000,2024-01-20,05:42:00.000000,5
2028726_2024-01-20_08:42:00.000000,2024-01-20,08:42:00.000000,3
2028735_2024-01-21_09:12:00.000000,2024-01-21,09:12:00.000000,3
2028735_2024-01-21_09:57:00.000000,2024-01-21,09:57:00.000000,3
2028735_2024-01-21_10:12:00.000000,2024-01-21,10:12:00.000000,3
2028735_2024-01-21_10:42:00.000000,2024-01-21,10:42:00.000000,3
2028735_2024-01-21_12:27:00.000000,2024-01-21,12:27:00.000000,3
2028738_2024-01-21_14:17:00.000000,2024-01-21,14:17:00.000000,3
2028738_2024-01-22_00:47:00.000000,2024-01-22,00:47:00.000000,3
2028738_2024-01-22_06:02:00.000000,2024-01-22,06:02:00.000000,3
2028738_2024-01-22_06:17:00.000000,2024-01-22,06:17:00.000000,3
2028738_2024-01-22_07:17:00.000000,2024-01-22,07:17:00.000000,3
2028741_2024-01-22_12:25:00.000000,2024-01-22,12:25:00.000000,3
2028741_2024-01-22_13:25:00.000000,2024-01-22,13:25:00.000000,3
2028747_2024-01-23_10:53:00.000000,2024-01-23,10:53:00.000000,3
2028750_2024-01-23_16:22:00.000000,2024-01-23,16:22:00.000000,3
2028750_2024-01-23_17:07:00.000000,2024-01-23,17:07:00.000000,3
2028750_2024-01-23_18:52:00.000000,2024-01-23,18:52:00.000000,3
2028750_2024-01-23_20:52:00.000000,2024-01-23,20:52:00.000000,3
2028750_2024-01-23_22:22:00.000000,2024-01-23,22:22:00.000000,3
2028750_2024-01-24_08:07:00.000000,2024-01-24,08:07:00.000000,3
2028753_2024-01-24_10:51:00.000000,2024-01-24,10:51:00.000000,3
2028756_2024-01-24_22:55:00.000000,2024-01-24,22:55:00.000000,3
2028756_2024-01-24_23:55:00.000000,2024-01-24,23:55:00.000000,3
2028756_2024-01-25_01:40:00.000000,2024-01-25,01:40:00.000000,3
2028756_2024-01-25_02:40:00.000000,2024-01-25,02:40:00.000000,3
2028756_2024-01-25_02:55:00.000000,2024-01-25,02:55:00.000000,3
2028756_2024-01-25_07:25:00.000000,2024-01-25,07:25:00.000000,3
2028759_2024-01-25_09:34:00.000000,2024-01-25,09:34:00.000000,3
2028765_2024-01-26_12:17:00.000000,2024-01-26,12:17:00.000000,3
2028774_2024-01-28_00:33:00.000000,2024-01-28,00:33:00.000000,3
2028774_2024-01-28_02:18:00.000000,2024-01-28,02:18:00.000000,2
2028774_2024-01-28_02:33:00.000000,2024-01-28,02:33:00.000000,2
2028774_2024-01-28_02:48:00.000000,2024-01-28,02:48:00.000000,2
2028774_2024-01-28_02:18:00.000000,2024-01-28,02:18:00.000000,5
2028774_2024-01-28_04:48:00.000000,2024-01-28,04:48:00.000000,3
2028774_2024-01-28_06:33:00.000000,2024-01-28,06:33:00.000000,3
2028774_2024-01-28_08:18:00.000000,2024-01-28,08:18:00.000000,3
2028777_2024-01-28_08:57:00.000000,2024-01-28,08:57:00.000000,3
2028777_2024-01-28_09:57:00.000000,2024-01-28,09:57:00.000000,3
2028777_2024-01-28_10:12:00.000000,2024-01-28,10:12:00.000000,3
2028780_2024-01-28_15:50:00.000000,2024-01-28,15:50:00.000000,3
2028780_2024-01-28_18:50:00.000000,2024-01-28,18:50:00.000000,3
2028780_2024-01-28_19:35:00.000000,2024-01-28,19:35:00.000000,3
2028780_2024-01-28_20:35:00.000000,2024-01-28,20:35:00.000000,3
2028780_2024-01-28_22:20:00.000000,2024-01-28,22:20:00.000000,3
2028780_2024-01-29_01:20:00.000000,2024-01-29,01:20:00.000000,3
2028780_2024-01-29_01:35:00.000000,2024-01-29,01:35:00.000000,3
2028780_2024-01-29_02:05:00.000000,2024-01-29,02:05:00.000000,3
2028780_2024-01-29_04:05:00.000000,2024-01-29,04:05:00.000000,2
2028780_2024-01-29_04:20:00.000000,2024-01-29,04:20:00.000000,2
2028780_2024-01-29_04:35:00.000000,2024-01-29,04:35:00.000000,2
2028780_2024-01-29_04:50:00.000000,2024-01-29,04:50:00.000000,2
2028780_2024-01-29_07:20:00.000000,2024-01-29,07:20:00.000000,3
2028780_2024-01-29_07:35:00.000000,2024-01-29,07:35:00.000000,3
2028780_2024-01-29_07:50:00.000000,2024-01-29,07:50:00.000000,3
2028780_2024-01-29_08:05:00.000000,2024-01-29,08:05:00.000000,3
2028780_2024-01-29_08:20:00.000000,2024-01-29,08:20:00.000000,3
2028780_2024-01-29_08:35:00.000000,2024-01-29,08:35:00.000000,3
2028780_2024-01-29_07:20:00.000000,2024-01-29,07:20:00.000000,3
2028783_2024-01-29_09:55:00.000000,2024-01-29,09:55:00.000000,3
2028783_2024-01-29_10:10:00.000000,2024-01-29,10:10:00.000000,3
2028783_2024-01-29_10:10:00.000000,2024-01-29,10:10:00.000000,2
2028783_2024-01-29_10:25:00.000000,2024-01-29,10:25:00.000000,2
2028786_2024-01-29_14:53:00.000000,2024-01-29,14:53:00.000000,3
2028786_2024-01-29_15:08:00.000000,2024-01-29,15:08:00.000000,3
2028786_2024-01-29_16:08:00.000000,2024-01-29,16:08:00.000000,3
2028786_2024-01-29_16:23:00.000000,2024-01-29,16:23:00.000000,3
2028786_2024-01-29_20:38:00.000000,2024-01-29,20:38:00.000000,3
2028786_2024-01-30_00:38:00.000000,2024-01-30,00:38:00.000000,3
2028786_2024-01-30_00:53:00.000000,2024-01-30,00:53:00.000000,3
2028786_2024-01-30_01:08:00.000000,2024-01-30,01:08:00.000000,3
2028786_2024-01-30_02:23:00.000000,2024-01-30,02:23:00.000000,3
2028786_2024-01-30_03:53:00.000000,2024-01-30,03:53:00.000000,3
2028786_2024-01-30_07:53:00.000000,2024-01-30,07:53:00.000000,3
2028789_2024-01-30_09:38:00.000000,2024-01-30,09:38:00.000000,3
2028789_2024-01-30_11:53:00.000000,2024-01-30,11:53:00.000000,3
2028792_2024-01-30_15:26:00.000000,2024-01-30,15:26:00.000000,3
2028792_2024-01-30_18:56:00.000000,2024-01-30,18:56:00.000000,3
2028792_2024-01-30_19:56:00.000000,2024-01-30,19:56:00.000000,3
2028792_2024-01-30_22:56:00.000000,2024-01-30,22:56:00.000000,3
2028792_2024-01-31_00:41:00.000000,2024-01-31,00:41:00.000000,3
2028792_2024-01-31_04:11:00.000000,2024-01-31,04:11:00.000000,3
2028792_2024-01-31_05:11:00.000000,2024-01-31,05:11:00.000000,3
2028792_2024-01-31_06:26:00.000000,2024-01-31,06:26:00.000000,5
2028792_2024-01-31_06:26:00.000000,2024-01-31,06:26:00.000000,3
2028792_2024-01-31_07:26:00.000000,2024-01-31,07:26:00.000000,3
2028795_2024-01-31_09:05:00.000000,2024-01-31,09:05:00.000000,3
2028795_2024-01-31_12:20:00.000000,2024-01-31,12:20:00.000000,3
2028798_2024-01-31_15:13:00.000000,2024-01-31,15:13:00.000000,3
2028798_2024-01-31_16:13:00.000000,2024-01-31,16:13:00.000000,3
2028798_2024-02-01_00:13:00.000000,2024-02-01,00:13:00.000000,3
2028798_2024-02-01_01:58:00.000000,2024-02-01,01:58:00.000000,3
2028801_2024-02-01_10:33:00.000000,2024-02-01,10:33:00.000000,3
2028804_2024-02-01_14:46:00.000000,2024-02-01,14:46:00.000000,3
2028804_2024-02-01_14:46:00.000000,2024-02-01,14:46:00.000000,3
2028804_2024-02-01_17:01:00.000000,2024-02-01,17:01:00.000000,3
2028804_2024-02-01_19:31:00.000000,2024-02-01,19:31:00.000000,3
2028804_2024-02-01_20:31:00.000000,2024-02-01,20:31:00.000000,5
2028804_2024-02-02_03:01:00.000000,2024-02-02,03:01:00.000000,2
2028804_2024-02-02_06:16:00.000000,2024-02-02,06:16:00.000000,3
2028807_2024-02-02_10:16:00.000000,2024-02-02,10:16:00.000000,3
2028807_2024-02-02_10:46:00.000000,2024-02-02,10:46:00.000000,3
2028807_2024-02-02_11:01:00.000000,2024-02-02,11:01:00.000000,2
2028807_2024-02-02_12:46:00.000000,2024-02-02,12:46:00.000000,3
2028807_2024-02-02_13:16:00.000000,2024-02-02,13:16:00.000000,3
2028807_2024-02-02_13:31:00.000000,2024-02-02,13:31:00.000000,3
2028810_2024-02-02_15:18:00.000000,2024-02-02,15:18:00.000000,3
2028810_2024-02-02_16:18:00.000000,2024-02-02,16:18:00.000000,3
2028810_2024-02-02_16:33:00.000000,2024-02-02,16:33:00.000000,3
2028810_2024-02-02_16:33:00.000000,2024-02-02,16:33:00.000000,3
2028810_2024-02-02_17:33:00.000000,2024-02-02,17:33:00.000000,3
2028810_2024-02-03_08:18:00.000000,2024-02-03,08:18:00.000000,3
2028813_2024-02-03_09:13:00.000000,2024-02-03,09:13:00.000000,3
2028813_2024-02-03_09:43:00.000000,2024-02-03,09:43:00.000000,3
2028813_2024-02-03_11:13:00.000000,2024-02-03,11:13:00.000000,3
2028813_2024-02-03_11:58:00.000000,2024-02-03,11:58:00.000000,3
2028819_2024-02-04_10:56:00.000000,2024-02-04,10:56:00.000000,3
2028819_2024-02-04_13:11:00.000000,2024-02-04,13:11:00.000000,3
2028819_2024-02-04_13:56:00.000000,2024-02-04,13:56:00.000000,3
2028822_2024-02-04_15:09:00.000000,2024-02-04,15:09:00.000000,3
2028822_2024-02-04_20:54:00.000000,2024-02-04,20:54:00.000000,2
2028822_2024-02-04_21:09:00.000000,2024-02-04,21:09:00.000000,2
2028822_2024-02-05_06:09:00.000000,2024-02-05,06:09:00.000000,5
2028822_2024-02-05_06:09:00.000000,2024-02-05,06:09:00.000000,3
2028822_2024-02-05_07:24:00.000000,2024-02-05,07:24:00.000000,3
2028825_2024-02-05_08:38:00.000000,2024-02-05,08:38:00.000000,3
2028825_2024-02-05_11:08:00.000000,2024-02-05,11:08:00.000000,3
2028825_2024-02-05_12:38:00.000000,2024-02-05,12:38:00.000000,3
2028828_2024-02-05_18:26:00.000000,2024-02-05,18:26:00.000000,3
2028828_2024-02-05_22:41:00.000000,2024-02-05,22:41:00.000000,3
2028828_2024-02-05_22:56:00.000000,2024-02-05,22:56:00.000000,3
2028828_2024-02-06_02:56:00.000000,2024-02-06,02:56:00.000000,2
2028828_2024-02-06_03:11:00.000000,2024-02-06,03:11:00.000000,2
2028828_2024-02-06_02:56:00.000000,2024-02-06,02:56:00.000000,2
2028828_2024-02-06_03:11:00.000000,2024-02-06,03:11:00.000000,2
2028828_2024-02-06_03:11:00.000000,2024-02-06,03:11:00.000000,4
2028828_2024-02-06_03:26:00.000000,2024-02-06,03:26:00.000000,4
2028834_2024-02-07_07:59:00.000000,2024-02-07,07:59:00.000000,3
2028837_2024-02-07_08:48:00.000000,2024-02-07,08:48:00.000000,3
2028837_2024-02-07_09:48:00.000000,2024-02-07,09:48:00.000000,3
2028837_2024-02-07_11:18:00.000000,2024-02-07,11:18:00.000000,3
2028837_2024-02-07_13:48:00.000000,2024-02-07,13:48:00.000000,3
2028840_2024-02-07_16:01:00.000000,2024-02-07,16:01:00.000000,3
2028840_2024-02-07_19:16:00.000000,2024-02-07,19:16:00.000000,3
2028840_2024-02-07_20:01:00.000000,2024-02-07,20:01:00.000000,3
2028840_2024-02-07_23:46:00.000000,2024-02-07,23:46:00.000000,3
2028840_2024-02-08_06:46:00.000000,2024-02-08,06:46:00.000000,3
2028843_2024-02-08_11:46:00.000000,2024-02-08,11:46:00.000000,2
2028846_2024-02-08_17:49:00.000000,2024-02-08,17:49:00.000000,3
2028846_2024-02-08_18:04:00.000000,2024-02-08,18:04:00.000000,3
2028846_2024-02-08_18:49:00.000000,2024-02-08,18:49:00.000000,3
2028846_2024-02-08_23:19:00.000000,2024-02-08,23:19:00.000000,3
2028849_2024-02-09_12:29:30.000000,2024-02-09,12:29:30.000000,3
2028849_2024-02-09_12:59:30.000000,2024-02-09,12:59:30.000000,4
2028849_2024-02-09_13:14:30.000000,2024-02-09,13:14:30.000000,4
2028849_2024-02-09_13:29:30.000000,2024-02-09,13:29:30.000000,4
2028849_2024-02-09_12:59:30.000000,2024-02-09,12:59:30.000000,3
2028852_2024-02-10_02:37:00.000000,2024-02-10,02:37:00.000000,3
2028855_2024-02-10_14:11:00.000000,2024-02-10,14:11:00.000000,3
2028855_2024-02-10_14:41:00.000000,2024-02-10,14:41:00.000000,3
2028858_2024-02-10_20:09:00.000000,2024-02-10,20:09:00.000000,3
2028858_2024-02-10_20:24:00.000000,2024-02-10,20:24:00.000000,3
2028858_2024-02-10_22:54:00.000000,2024-02-10,22:54:00.000000,3
2028858_2024-02-10_22:54:00.000000,2024-02-10,22:54:00.000000,4
2028858_2024-02-10_23:09:00.000000,2024-02-10,23:09:00.000000,4
2028858_2024-02-10_23:24:00.000000,2024-02-10,23:24:00.000000,4
2028858_2024-02-10_22:54:00.000000,2024-02-10,22:54:00.000000,2
2028858_2024-02-10_23:09:00.000000,2024-02-10,23:09:00.000000,2
2028858_2024-02-11_04:54:00.000000,2024-02-11,04:54:00.000000,3
2028858_2024-02-11_06:39:00.000000,2024-02-11,06:39:00.000000,3
2028858_2024-02-11_07:09:00.000000,2024-02-11,07:09:00.000000,3
2028861_2024-02-11_08:24:00.000000,2024-02-11,08:24:00.000000,3
2036273_2024-02-11_08:24:00.000000,2024-02-11,08:24:00.000000,3
2028861_2024-02-11_13:09:00.000000,2024-02-11,13:09:00.000000,3
2036273_2024-02-11_13:09:00.000000,2024-02-11,13:09:00.000000,3
2028861_2024-02-11_13:39:00.000000,2024-02-11,13:39:00.000000,3
2036273_2024-02-11_13:39:00.000000,2024-02-11,13:39:00.000000,3
2028864_2024-02-12_01:42:00.000000,2024-02-12,01:42:00.000000,3
2028864_2024-02-12_05:12:00.000000,2024-02-12,05:12:00.000000,3
2028864_2024-02-12_06:27:00.000000,2024-02-12,06:27:00.000000,4
2028864_2024-02-12_06:42:00.000000,2024-02-12,06:42:00.000000,4
2028864_2024-02-12_06:57:00.000000,2024-02-12,06:57:00.000000,4
2028864_2024-02-12_07:12:00.000000,2024-02-12,07:12:00.000000,4
2028864_2024-02-12_07:27:00.000000,2024-02-12,07:27:00.000000,4
2028870_2024-02-12_15:14:00.000000,2024-02-12,15:14:00.000000,3
2028870_2024-02-12_18:29:00.000000,2024-02-12,18:29:00.000000,3
2028870_2024-02-12_19:14:00.000000,2024-02-12,19:14:00.000000,3
2028870_2024-02-12_20:59:00.000000,2024-02-12,20:59:00.000000,3
2028870_2024-02-12_23:29:00.000000,2024-02-12,23:29:00.000000,3
2028870_2024-02-12_23:29:00.000000,2024-02-12,23:29:00.000000,3
2028870_2024-02-13_05:29:00.000000,2024-02-13,05:29:00.000000,3
2028870_2024-02-13_07:44:00.000000,2024-02-13,07:44:00.000000,3
2028873_2024-02-13_11:49:00.000000,2024-02-13,11:49:00.000000,3
2028873_2024-02-13_14:04:00.000000,2024-02-13,14:04:00.000000,3
2028876_2024-02-13_16:47:00.000000,2024-02-13,16:47:00.000000,3
2028876_2024-02-13_18:47:00.000000,2024-02-13,18:47:00.000000,3
2028876_2024-02-14_00:17:00.000000,2024-02-14,00:17:00.000000,3
2028876_2024-02-14_02:02:00.000000,2024-02-14,02:02:00.000000,3
2028876_2024-02-14_03:47:00.000000,2024-02-14,03:47:00.000000,2
2028876_2024-02-14_04:02:00.000000,2024-02-14,04:02:00.000000,2
2028876_2024-02-14_03:47:00.000000,2024-02-14,03:47:00.000000,4
2028876_2024-02-14_04:02:00.000000,2024-02-14,04:02:00.000000,4
2028876_2024-02-14_04:17:00.000000,2024-02-14,04:17:00.000000,4
2028876_2024-02-14_04:32:00.000000,2024-02-14,04:32:00.000000,4
2028876_2024-02-14_07:17:00.000000,2024-02-14,07:17:00.000000,5
2028876_2024-02-14_07:32:00.000000,2024-02-14,07:32:00.000000,5
2028879_2024-02-14_08:16:00.000000,2024-02-14,08:16:00.000000,3
2028879_2024-02-14_09:46:00.000000,2024-02-14,09:46:00.000000,3
2028879_2024-02-14_13:16:00.000000,2024-02-14,13:16:00.000000,3
2028879_2024-02-14_14:46:00.000000,2024-02-14,14:46:00.000000,3
2028882_2024-02-14_20:19:00.000000,2024-02-14,20:19:00.000000,3
2028882_2024-02-15_02:34:00.000000,2024-02-15,02:34:00.000000,2
2028882_2024-02-15_03:49:00.000000,2024-02-15,03:49:00.000000,3
2028885_2024-02-15_08:59:00.000000,2024-02-15,08:59:00.000000,2
2028885_2024-02-15_11:44:00.000000,2024-02-15,11:44:00.000000,3
2028885_2024-02-15_12:44:00.000000,2024-02-15,12:44:00.000000,3
2028888_2024-02-15_21:36:00.000000,2024-02-15,21:36:00.000000,3
2028888_2024-02-16_02:21:00.000000,2024-02-16,02:21:00.000000,3
2028888_2024-02-16_02:51:00.000000,2024-02-16,02:51:00.000000,3
2028888_2024-02-16_06:36:00.000000,2024-02-16,06:36:00.000000,5
2028888_2024-02-16_06:51:00.000000,2024-02-16,06:51:00.000000,5
2028888_2024-02-16_06:51:00.000000,2024-02-16,06:51:00.000000,2
2028888_2024-02-16_07:06:00.000000,2024-02-16,07:06:00.000000,2
2028888_2024-02-16_06:51:00.000000,2024-02-16,06:51:00.000000,4
2028888_2024-02-16_07:06:00.000000,2024-02-16,07:06:00.000000,4
2028888_2024-02-16_07:51:00.000000,2024-02-16,07:51:00.000000,3
2028891_2024-02-16_08:41:00.000000,2024-02-16,08:41:00.000000,3
2028891_2024-02-16_13:41:00.000000,2024-02-16,13:41:00.000000,3
2028891_2024-02-16_13:41:00.000000,2024-02-16,13:41:00.000000,3
2028894_2024-02-16_18:39:00.000000,2024-02-16,18:39:00.000000,3
2028894_2024-02-16_23:09:00.000000,2024-02-16,23:09:00.000000,3
2028894_2024-02-17_00:39:00.000000,2024-02-17,00:39:00.000000,3
2028894_2024-02-17_01:24:00.000000,2024-02-17,01:24:00.000000,3
2028894_2024-02-17_03:09:00.000000,2024-02-17,03:09:00.000000,3
2028894_2024-02-17_03:24:00.000000,2024-02-17,03:24:00.000000,3
2028897_2024-02-17_13:09:00.000000,2024-02-17,13:09:00.000000,3
2028897_2024-02-17_13:24:00.000000,2024-02-17,13:24:00.000000,3
2028897_2024-02-17_13:24:00.000000,2024-02-17,13:24:00.000000,2
2028897_2024-02-17_13:39:00.000000,2024-02-17,13:39:00.000000,2
2028897_2024-02-17_13:39:00.000000,2024-02-17,13:39:00.000000,3
2028897_2024-02-17_13:54:00.000000,2024-02-17,13:54:00.000000,3
2028897_2024-02-17_14:24:00.000000,2024-02-17,14:24:00.000000,3
2028900_2024-02-18_07:11:00.000000,2024-02-18,07:11:00.000000,3
2028903_2024-02-18_10:36:00.000000,2024-02-18,10:36:00.000000,3
2028903_2024-02-18_11:51:00.000000,2024-02-18,11:51:00.000000,3
2028903_2024-02-18_13:51:00.000000,2024-02-18,13:51:00.000000,3
2028903_2024-02-18_14:51:00.000000,2024-02-18,14:51:00.000000,3
2028906_2024-02-18_15:29:00.000000,2024-02-18,15:29:00.000000,3
2028906_2024-02-19_03:29:00.000000,2024-02-19,03:29:00.000000,3
2028906_2024-02-19_03:44:00.000000,2024-02-19,03:44:00.000000,3
2028906_2024-02-19_05:59:00.000000,2024-02-19,05:59:00.000000,3
2028909_2024-02-19_11:03:00.000000,2024-02-19,11:03:00.000000,3
2028912_2024-02-19_15:31:00.000000,2024-02-19,15:31:00.000000,3
2028912_2024-02-19_23:01:00.000000,2024-02-19,23:01:00.000000,3
2028912_2024-02-19_23:16:00.000000,2024-02-19,23:16:00.000000,3
2028912_2024-02-20_00:01:00.000000,2024-02-20,00:01:00.000000,3
2028912_2024-02-20_05:31:00.000000,2024-02-20,05:31:00.000000,3
2028912_2024-02-20_05:46:00.000000,2024-02-20,05:46:00.000000,3
2028915_2024-02-20_13:01:00.000000,2024-02-20,13:01:00.000000,3
2028915_2024-02-20_15:01:00.000000,2024-02-20,15:01:00.000000,3
2028918_2024-02-20_21:03:00.000000,2024-02-20,21:03:00.000000,3
2028918_2024-02-21_00:18:00.000000,2024-02-21,00:18:00.000000,3
2028918_2024-02-21_01:48:00.000000,2024-02-21,01:48:00.000000,2
2028918_2024-02-21_02:03:00.000000,2024-02-21,02:03:00.000000,2
2028918_2024-02-21_02:18:00.000000,2024-02-21,02:18:00.000000,2
2028921_2024-02-21_11:28:00.000000,2024-02-21,11:28:00.000000,3
2028921_2024-02-21_14:28:00.000000,2024-02-21,14:28:00.000000,3
2028921_2024-02-21_14:58:00.000000,2024-02-21,14:58:00.000000,3
2028921_2024-02-21_15:13:00.000000,2024-02-21,15:13:00.000000,3
2028924_2024-02-21_17:21:00.000000,2024-02-21,17:21:00.000000,3
2028924_2024-02-21_19:21:00.000000,2024-02-21,19:21:00.000000,3
2028924_2024-02-21_20:21:00.000000,2024-02-21,20:21:00.000000,3
2028924_2024-02-21_22:36:00.000000,2024-02-21,22:36:00.000000,3
2028924_2024-02-21_23:21:00.000000,2024-02-21,23:21:00.000000,3
2028924_2024-02-21_23:21:00.000000,2024-02-21,23:21:00.000000,3
2028924_2024-02-22_03:36:00.000000,2024-02-22,03:36:00.000000,3
2028927_2024-02-22_08:41:00.000000,2024-02-22,08:41:00.000000,3
2028927_2024-02-22_09:41:00.000000,2024-02-22,09:41:00.000000,2
2028927_2024-02-22_11:56:00.000000,2024-02-22,11:56:00.000000,4
2028927_2024-02-22_12:11:00.000000,2024-02-22,12:11:00.000000,4
2028927_2024-02-22_12:26:00.000000,2024-02-22,12:26:00.000000,4
2028927_2024-02-22_12:41:00.000000,2024-02-22,12:41:00.000000,4
2028927_2024-02-22_12:56:00.000000,2024-02-22,12:56:00.000000,4
2036983_2024-02-22_13:00:00.000000,2024-02-22,13:00:00.000000,4
2028927_2024-02-22_11:56:00.000000,2024-02-22,11:56:00.000000,3
2028930_2024-02-22_16:23:00.000000,2024-02-22,16:23:00.000000,3
2028930_2024-02-22_17:08:00.000000,2024-02-22,17:08:00.000000,3
2028930_2024-02-22_17:53:00.000000,2024-02-22,17:53:00.000000,3
2028930_2024-02-22_19:38:00.000000,2024-02-22,19:38:00.000000,3
2028930_2024-02-22_20:08:00.000000,2024-02-22,20:08:00.000000,3
2028930_2024-02-22_22:23:00.000000,2024-02-22,22:23:00.000000,3
2036964_2024-02-24_13:35:00.000000,2024-02-24,13:35:00.000000,3
2036962_2024-02-24_13:35:00.000000,2024-02-24,13:35:00.000000,3
2037066_2024-02-25_10:00:00.000000,2024-02-25,10:00:00.000000,3
2028954_2024-02-26_17:32:00.000000,2024-02-26,17:32:00.000000,3
2028954_2024-02-27_01:02:00.000000,2024-02-27,01:02:00.000000,3
2028954_2024-02-27_04:02:00.000000,2024-02-27,04:02:00.000000,3
2028954_2024-02-27_06:47:00.000000,2024-02-27,06:47:00.000000,3
2028954_2024-02-27_07:02:00.000000,2024-02-27,07:02:00.000000,3
2028960_2024-02-27_17:20:00.000000,2024-02-27,17:20:00.000000,3
2028960_2024-02-28_02:05:00.000000,2024-02-28,02:05:00.000000,5
2028960_2024-02-28_02:35:00.000000,2024-02-28,02:35:00.000000,3
2028960_2024-02-28_03:50:00.000000,2024-02-28,03:50:00.000000,3
2028960_2024-02-28_05:35:00.000000,2024-02-28,05:35:00.000000,3
2028960_2024-02-28_05:50:00.000000,2024-02-28,05:50:00.000000,3
2028960_2024-02-28_07:05:00.000000,2024-02-28,07:05:00.000000,3
2028963_2024-02-28_08:55:00.000000,2024-02-28,08:55:00.000000,2
2028963_2024-02-28_09:10:00.000000,2024-02-28,09:10:00.000000,2
2028963_2024-02-28_10:55:00.000000,2024-02-28,10:55:00.000000,5
2028963_2024-02-28_11:55:00.000000,2024-02-28,11:55:00.000000,3
2028963_2024-02-28_14:10:00.000000,2024-02-28,14:10:00.000000,3
2028963_2024-02-28_14:25:00.000000,2024-02-28,14:25:00.000000,3
2028966_2024-02-28_23:22:00.000000,2024-02-28,23:22:00.000000,3
2028966_2024-02-29_00:52:00.000000,2024-02-29,00:52:00.000000,3
2028972_2024-03-01_00:39:00.000000,2024-03-01,00:39:00.000000,3
2028972_2024-03-01_00:54:00.000000,2024-03-01,00:54:00.000000,3
2028972_2024-03-01_01:09:00.000000,2024-03-01,01:09:00.000000,3
2028972_2024-03-01_05:54:00.000000,2024-03-01,05:54:00.000000,3
2028975_2024-03-01_10:20:00.000000,2024-03-01,10:20:00.000000,3
2028975_2024-03-01_12:05:00.000000,2024-03-01,12:05:00.000000,3
2028975_2024-03-01_14:35:00.000000,2024-03-01,14:35:00.000000,3
2028978_2024-03-01_20:26:00.000000,2024-03-01,20:26:00.000000,3
2028981_2024-03-02_08:48:00.000000,2024-03-02,08:48:00.000000,3
2028987_2024-03-03_08:00:00.000000,2024-03-03,08:00:00.000000,3
2028987_2024-03-03_15:15:00.000000,2024-03-03,15:15:00.000000,3
2028990_2024-03-04_02:30:00.000000,2024-03-04,02:30:00.000000,3
2028990_2024-03-04_06:45:00.000000,2024-03-04,06:45:00.000000,3
2028993_2024-03-04_08:12:00.000000,2024-03-04,08:12:00.000000,3
2028996_2024-03-04_19:03:00.000000,2024-03-04,19:03:00.000000,3
2028996_2024-03-04_23:33:00.000000,2024-03-04,23:33:00.000000,3
2028996_2024-03-05_00:03:00.000000,2024-03-05,00:03:00.000000,3
2028996_2024-03-05_00:48:00.000000,2024-03-05,00:48:00.000000,3
2028996_2024-03-05_02:18:00.000000,2024-03-05,02:18:00.000000,3
2028999_2024-03-05_10:25:00.000000,2024-03-05,10:25:00.000000,3
2028999_2024-03-05_12:25:00.000000,2024-03-05,12:25:00.000000,3
2028999_2024-03-05_13:25:00.000000,2024-03-05,13:25:00.000000,3
2028999_2024-03-05_14:55:00.000000,2024-03-05,14:55:00.000000,3
2029002_2024-03-05_18:20:00.000000,2024-03-05,18:20:00.000000,3
2029002_2024-03-05_22:20:00.000000,2024-03-05,22:20:00.000000,5
2029002_2024-03-05_23:35:00.000000,2024-03-05,23:35:00.000000,3
2029002_2024-03-06_02:05:00.000000,2024-03-06,02:05:00.000000,3
2029002_2024-03-06_03:20:00.000000,2024-03-06,03:20:00.000000,3
2029002_2024-03-06_03:20:00.000000,2024-03-06,03:20:00.000000,2
2029002_2024-03-06_03:35:00.000000,2024-03-06,03:35:00.000000,2
2029008_2024-03-07_05:07:00.000000,2024-03-07,05:07:00.000000,3
2029008_2024-03-07_05:52:00.000000,2024-03-07,05:52:00.000000,3
2029011_2024-03-07_07:35:00.000000,2024-03-07,07:35:00.000000,3
2029011_2024-03-07_09:50:00.000000,2024-03-07,09:50:00.000000,3
2029011_2024-03-07_12:35:00.000000,2024-03-07,12:35:00.000000,3
2029014_2024-03-07_19:09:00.000000,2024-03-07,19:09:00.000000,3
2029014_2024-03-07_22:24:00.000000,2024-03-07,22:24:00.000000,2
2029014_2024-03-07_22:39:00.000000,2024-03-07,22:39:00.000000,2
2029014_2024-03-08_03:24:00.000000,2024-03-08,03:24:00.000000,3
2029014_2024-03-08_03:39:00.000000,2024-03-08,03:39:00.000000,2
2029017_2024-03-08_11:32:00.000000,2024-03-08,11:32:00.000000,3
2029017_2024-03-08_13:02:00.000000,2024-03-08,13:02:00.000000,3
2029020_2024-03-08_23:41:00.000000,2024-03-08,23:41:00.000000,3
2029020_2024-03-09_00:56:00.000000,2024-03-09,00:56:00.000000,3
2029023_2024-03-09_12:15:00.000000,2024-03-09,12:15:00.000000,3
2029029_2024-03-10_11:57:00.000000,2024-03-10,11:57:00.000000,5
2029029_2024-03-10_12:12:00.000000,2024-03-10,12:12:00.000000,5
2029029_2024-03-10_11:57:00.000000,2024-03-10,11:57:00.000000,2
2029029_2024-03-10_12:12:00.000000,2024-03-10,12:12:00.000000,2
2029029_2024-03-10_12:27:00.000000,2024-03-10,12:27:00.000000,2
2029032_2024-03-10_22:30:00.000000,2024-03-10,22:30:00.000000,3
2029032_2024-03-10_22:45:00.000000,2024-03-10,22:45:00.000000,3
2029032_2024-03-11_00:30:00.000000,2024-03-11,00:30:00.000000,3
2029038_2024-03-12_06:17:00.000000,2024-03-12,06:17:00.000000,3
2029047_2024-03-13_11:50:00.000000,2024-03-13,11:50:00.000000,3
2029047_2024-03-13_14:05:00.000000,2024-03-13,14:05:00.000000,3
2029050_2024-03-13_16:21:00.000000,2024-03-13,16:21:00.000000,3
2029050_2024-03-13_22:51:00.000000,2024-03-13,22:51:00.000000,3
2029050_2024-03-14_02:06:00.000000,2024-03-14,02:06:00.000000,3
2029050_2024-03-14_05:51:00.000000,2024-03-14,05:51:00.000000,3
2029053_2024-03-14_11:17:00.000000,2024-03-14,11:17:00.000000,3
2029053_2024-03-14_12:32:00.000000,2024-03-14,12:32:00.000000,3
2029053_2024-03-14_15:17:00.000000,2024-03-14,15:17:00.000000,3
2037774_2024-03-15_05:01:00.000000,2024-03-15,05:01:00.000000,3
2029068_2024-03-17_00:27:00.000000,2024-03-17,00:27:00.000000,3
2029071_2024-03-17_10:55:00.000000,2024-03-17,10:55:00.000000,3
2029080_2024-03-18_22:01:00.000000,2024-03-18,22:01:00.000000,3
2029086_2024-03-19_21:33:00.000000,2024-03-19,21:33:00.000000,3
2029086_2024-03-20_00:48:00.000000,2024-03-20,00:48:00.000000,3
2029086_2024-03-20_01:48:00.000000,2024-03-20,01:48:00.000000,3
2029089_2024-03-20_08:02:00.000000,2024-03-20,08:02:00.000000,3
2029089_2024-03-20_15:17:00.000000,2024-03-20,15:17:00.000000,3
2029092_2024-03-21_01:35:00.000000,2024-03-21,01:35:00.000000,3
2029092_2024-03-21_04:35:00.000000,2024-03-21,04:35:00.000000,3
2029092_2024-03-21_04:50:00.000000,2024-03-21,04:50:00.000000,3
2029098_2024-03-21_22:06:00.000000,2024-03-21,22:06:00.000000,3
2029101_2024-03-22_07:57:00.000000,2024-03-22,07:57:00.000000,3
2029101_2024-03-22_08:42:00.000000,2024-03-22,08:42:00.000000,3
2029101_2024-03-22_09:42:00.000000,2024-03-22,09:42:00.000000,3
2029101_2024-03-22_10:27:00.000000,2024-03-22,10:27:00.000000,3
2029101_2024-03-22_12:12:00.000000,2024-03-22,12:12:00.000000,3
2029101_2024-03-22_14:27:00.000000,2024-03-22,14:27:00.000000,3
2029104_2024-03-22_22:38:00.000000,2024-03-22,22:38:00.000000,3
2029104_2024-03-23_01:08:00.000000,2024-03-23,01:08:00.000000,2
2029107_2024-03-23_13:40:00.000000,2024-03-23,13:40:00.000000,3
2029107_2024-03-23_15:55:00.000000,2024-03-23,15:55:00.000000,5
2029107_2024-03-23_15:55:00.000000,2024-03-23,15:55:00.000000,3
2029110_2024-03-23_18:25:00.000000,2024-03-23,18:25:00.000000,3
2029110_2024-03-23_19:10:00.000000,2024-03-23,19:10:00.000000,3
2029110_2024-03-23_19:40:00.000000,2024-03-23,19:40:00.000000,3
2029110_2024-03-23_21:40:00.000000,2024-03-23,21:40:00.000000,3
2029110_2024-03-23_21:55:00.000000,2024-03-23,21:55:00.000000,3
2029110_2024-03-23_22:10:00.000000,2024-03-23,22:10:00.000000,3
2029110_2024-03-23_22:25:00.000000,2024-03-23,22:25:00.000000,3
2029110_2024-03-23_22:40:00.000000,2024-03-23,22:40:00.000000,3
2029110_2024-03-23_22:55:00.000000,2024-03-23,22:55:00.000000,3
2029113_2024-03-24_07:07:00.000000,2024-03-24,07:07:00.000000,3
2029113_2024-03-24_07:37:00.000000,2024-03-24,07:37:00.000000,3
2029113_2024-03-24_14:07:00.000000,2024-03-24,14:07:00.000000,3
2029113_2024-03-24_15:22:00.000000,2024-03-24,15:22:00.000000,3
2029116_2024-03-24_17:57:00.000000,2024-03-24,17:57:00.000000,3
2029116_2024-03-24_19:42:00.000000,2024-03-24,19:42:00.000000,3
2029116_2024-03-24_21:42:00.000000,2024-03-24,21:42:00.000000,3
2029116_2024-03-24_22:27:00.000000,2024-03-24,22:27:00.000000,3
2029116_2024-03-25_03:12:00.000000,2024-03-25,03:12:00.000000,3
2029116_2024-03-25_06:12:00.000000,2024-03-25,06:12:00.000000,3
2029122_2024-03-25_19:59:00.000000,2024-03-25,19:59:00.000000,3
2029122_2024-03-25_20:44:00.000000,2024-03-25,20:44:00.000000,3
2029122_2024-03-25_21:14:00.000000,2024-03-25,21:14:00.000000,3
2029122_2024-03-25_21:44:00.000000,2024-03-25,21:44:00.000000,3
2029122_2024-03-25_21:59:00.000000,2024-03-25,21:59:00.000000,3
2029122_2024-03-25_22:29:00.000000,2024-03-25,22:29:00.000000,3
2029122_2024-03-25_22:44:00.000000,2024-03-25,22:44:00.000000,3
2029122_2024-03-25_23:29:00.000000,2024-03-25,23:29:00.000000,3
2029122_2024-03-26_00:29:00.000000,2024-03-26,00:29:00.000000,5
2029122_2024-03-26_00:29:00.000000,2024-03-26,00:29:00.000000,3
2029122_2024-03-26_02:14:00.000000,2024-03-26,02:14:00.000000,3
2029122_2024-03-26_02:59:00.000000,2024-03-26,02:59:00.000000,3
2029122_2024-03-26_05:14:00.000000,2024-03-26,05:14:00.000000,3
2029125_2024-03-26_07:32:00.000000,2024-03-26,07:32:00.000000,3
2029125_2024-03-26_09:17:00.000000,2024-03-26,09:17:00.000000,3
2029128_2024-03-26_22:01:00.000000,2024-03-26,22:01:00.000000,3
2029128_2024-03-26_23:01:00.000000,2024-03-26,23:01:00.000000,3
2029128_2024-03-27_06:01:00.000000,2024-03-27,06:01:00.000000,3
2029131_2024-03-27_06:30:00.000000,2024-03-27,06:30:00.000000,3
2029131_2024-03-27_08:30:00.000000,2024-03-27,08:30:00.000000,3
2029131_2024-03-27_09:00:00.000000,2024-03-27,09:00:00.000000,3
2029131_2024-03-27_09:30:00.000000,2024-03-27,09:30:00.000000,3
2029131_2024-03-27_09:45:00.000000,2024-03-27,09:45:00.000000,3
2029131_2024-03-27_11:15:00.000000,2024-03-27,11:15:00.000000,3
2029131_2024-03-27_11:30:00.000000,2024-03-27,11:30:00.000000,3
2029131_2024-03-27_15:00:00.000000,2024-03-27,15:00:00.000000,3
2029134_2024-03-27_17:02:00.000000,2024-03-27,17:02:00.000000,3
2029134_2024-03-28_06:02:00.000000,2024-03-28,06:02:00.000000,3
2029137_2024-03-28_09:28:00.000000,2024-03-28,09:28:00.000000,3
2029137_2024-03-28_09:43:00.000000,2024-03-28,09:43:00.000000,3
2029137_2024-03-28_10:28:00.000000,2024-03-28,10:28:00.000000,3
2029137_2024-03-28_11:28:00.000000,2024-03-28,11:28:00.000000,3
2029137_2024-03-28_11:28:00.000000,2024-03-28,11:28:00.000000,3
2029137_2024-03-28_16:13:00.000000,2024-03-28,16:13:00.000000,3
2038981_2024-03-28_16:49:00.000000,2024-03-28,16:49:00.000000,3
2038981_2024-03-28_17:19:00.000000,2024-03-28,17:19:00.000000,3
2038981_2024-03-28_20:19:00.000000,2024-03-28,20:19:00.000000,3
2038981_2024-03-28_20:34:00.000000,2024-03-28,20:34:00.000000,3
2038981_2024-03-28_22:04:00.000000,2024-03-28,22:04:00.000000,3
2038981_2024-03-28_22:19:00.000000,2024-03-28,22:19:00.000000,3
2038987_2024-03-29_03:01:00.000000,2024-03-29,03:01:00.000000,3
2038987_2024-03-29_03:31:00.000000,2024-03-29,03:31:00.000000,3
2038987_2024-03-29_03:46:00.000000,2024-03-29,03:46:00.000000,3
2038987_2024-03-29_04:46:00.000000,2024-03-29,04:46:00.000000,3
2029143_2024-03-29_06:25:00.000000,2024-03-29,06:25:00.000000,3
2029143_2024-03-29_09:55:00.000000,2024-03-29,09:55:00.000000,3
2029143_2024-03-29_10:25:00.000000,2024-03-29,10:25:00.000000,3
2029143_2024-03-29_11:10:00.000000,2024-03-29,11:10:00.000000,3
2029143_2024-03-29_14:55:00.000000,2024-03-29,14:55:00.000000,3
2029143_2024-03-29_15:25:00.000000,2024-03-29,15:25:00.000000,3
2029146_2024-03-29_19:51:00.000000,2024-03-29,19:51:00.000000,3
2029146_2024-03-29_22:21:00.000000,2024-03-29,22:21:00.000000,3
2029146_2024-03-29_22:36:00.000000,2024-03-29,22:36:00.000000,3
2029146_2024-03-29_23:21:00.000000,2024-03-29,23:21:00.000000,3
2029146_2024-03-30_03:06:00.000000,2024-03-30,03:06:00.000000,3
2029146_2024-03-30_04:06:00.000000,2024-03-30,04:06:00.000000,3
2029146_2024-03-30_05:06:00.000000,2024-03-30,05:06:00.000000,3
2029146_2024-03-30_05:21:00.000000,2024-03-30,05:21:00.000000,3
2029146_2024-03-30_05:36:00.000000,2024-03-30,05:36:00.000000,3
2029149_2024-03-30_07:53:00.000000,2024-03-30,07:53:00.000000,3
2029149_2024-03-30_08:08:00.000000,2024-03-30,08:08:00.000000,3
2029149_2024-03-30_08:23:00.000000,2024-03-30,08:23:00.000000,3
2029149_2024-03-30_08:38:00.000000,2024-03-30,08:38:00.000000,3
2029149_2024-03-30_08:53:00.000000,2024-03-30,08:53:00.000000,3
2029149_2024-03-30_11:08:00.000000,2024-03-30,11:08:00.000000,3
2029149_2024-03-30_15:53:00.000000,2024-03-30,15:53:00.000000,3
2029152_2024-03-30_18:23:00.000000,2024-03-30,18:23:00.000000,3
2029152_2024-03-30_22:23:00.000000,2024-03-30,22:23:00.000000,3
2029152_2024-03-30_23:23:00.000000,2024-03-30,23:23:00.000000,3
2029152_2024-03-30_23:53:00.000000,2024-03-30,23:53:00.000000,3
2029155_2024-03-31_07:20:00.000000,2024-03-31,07:20:00.000000,3
2029155_2024-03-31_08:35:00.000000,2024-03-31,08:35:00.000000,3
2029158_2024-03-31_18:40:00.000000,2024-03-31,18:40:00.000000,3
2029161_2024-04-01_06:48:00.000000,2024-04-01,06:48:00.000000,5
2029161_2024-04-01_07:33:00.000000,2024-04-01,07:33:00.000000,3
2029161_2024-04-01_10:03:00.000000,2024-04-01,10:03:00.000000,3
2029161_2024-04-01_13:33:00.000000,2024-04-01,13:33:00.000000,3
2029161_2024-04-01_13:48:00.000000,2024-04-01,13:48:00.000000,3
2029164_2024-04-01_19:56:00.000000,2024-04-01,19:56:00.000000,3
2039064_2024-04-04_03:01:00.000000,2024-04-04,03:01:00.000000,3
2029185_2024-04-05_11:24:00.000000,2024-04-05,11:24:00.000000,3
2029185_2024-04-05_16:24:00.000000,2024-04-05,16:24:00.000000,3
2029197_2024-04-07_10:04:00.000000,2024-04-07,10:04:00.000000,3
2029200_2024-04-07_18:22:00.000000,2024-04-07,18:22:00.000000,3
2029203_2024-04-08_09:17:00.000000,2024-04-08,09:17:00.000000,3
2029212_2024-04-09_19:25:00.000000,2024-04-09,19:25:00.000000,3
2029212_2024-04-09_19:25:00.000000,2024-04-09,19:25:00.000000,3
2029212_2024-04-09_21:40:00.000000,2024-04-09,21:40:00.000000,3
2029212_2024-04-10_00:10:00.000000,2024-04-10,00:10:00.000000,3
2039165_2024-04-10_17:57:00.000000,2024-04-10,17:57:00.000000,3
2039165_2024-04-10_20:57:00.000000,2024-04-10,20:57:00.000000,3
2039165_2024-04-10_23:42:00.000000,2024-04-10,23:42:00.000000,3
2039168_2024-04-11_03:20:00.000000,2024-04-11,03:20:00.000000,3
2039168_2024-04-11_03:35:00.000000,2024-04-11,03:35:00.000000,3
2039168_2024-04-11_04:50:00.000000,2024-04-11,04:50:00.000000,3
2039168_2024-04-11_04:50:00.000000,2024-04-11,04:50:00.000000,3
2039177_2024-04-11_06:25:00.000000,2024-04-11,06:25:00.000000,3
2039177_2024-04-11_06:25:00.000000,2024-04-11,06:25:00.000000,3
2039177_2024-04-11_06:40:00.000000,2024-04-11,06:40:00.000000,3
2039177_2024-04-11_07:40:00.000000,2024-04-11,07:40:00.000000,3
2039177_2024-04-11_09:10:00.000000,2024-04-11,09:10:00.000000,3
2039177_2024-04-11_09:40:00.000000,2024-04-11,09:40:00.000000,3
2039177_2024-04-11_09:55:00.000000,2024-04-11,09:55:00.000000,3
2039194_2024-04-11_20:18:00.000000,2024-04-11,20:18:00.000000,3
2039194_2024-04-11_21:18:00.000000,2024-04-11,21:18:00.000000,3
2039194_2024-04-11_21:33:00.000000,2024-04-11,21:33:00.000000,3
2039194_2024-04-11_22:18:00.000000,2024-04-11,22:18:00.000000,3
2039194_2024-04-11_23:33:00.000000,2024-04-11,23:33:00.000000,3
2039194_2024-04-12_00:33:00.000000,2024-04-12,00:33:00.000000,3
2039194_2024-04-12_05:18:00.000000,2024-04-12,05:18:00.000000,3
2029227_2024-04-12_06:38:00.000000,2024-04-12,06:38:00.000000,3
2029227_2024-04-12_15:23:00.000000,2024-04-12,15:23:00.000000,3
2029227_2024-04-12_15:38:00.000000,2024-04-12,15:38:00.000000,3
2029230_2024-04-12_19:15:00.000000,2024-04-12,19:15:00.000000,3
2029230_2024-04-12_19:30:00.000000,2024-04-12,19:30:00.000000,3
2029230_2024-04-12_19:30:00.000000,2024-04-12,19:30:00.000000,3
2029230_2024-04-12_19:30:00.000000,2024-04-12,19:30:00.000000,3
2029230_2024-04-12_19:45:00.000000,2024-04-12,19:45:00.000000,3
2029230_2024-04-12_22:30:00.000000,2024-04-12,22:30:00.000000,3
2029230_2024-04-13_02:30:00.000000,2024-04-13,02:30:00.000000,3
2029230_2024-04-13_03:15:00.000000,2024-04-13,03:15:00.000000,3
2029230_2024-04-13_03:30:00.000000,2024-04-13,03:30:00.000000,3
2029230_2024-04-13_04:45:00.000000,2024-04-13,04:45:00.000000,3
2029230_2024-04-13_05:00:00.000000,2024-04-13,05:00:00.000000,3
2029233_2024-04-13_13:06:00.000000,2024-04-13,13:06:00.000000,3
2029233_2024-04-13_13:21:00.000000,2024-04-13,13:21:00.000000,3
2029239_2024-04-14_15:04:00.000000,2024-04-14,15:04:00.000000,3
2029242_2024-04-14_20:18:00.000000,2024-04-14,20:18:00.000000,3
2029242_2024-04-14_21:03:00.000000,2024-04-14,21:03:00.000000,3
2029242_2024-04-14_23:33:00.000000,2024-04-14,23:33:00.000000,3
2029242_2024-04-15_01:48:00.000000,2024-04-15,01:48:00.000000,3
2029242_2024-04-15_02:03:00.000000,2024-04-15,02:03:00.000000,3
2029242_2024-04-15_02:18:00.000000,2024-04-15,02:18:00.000000,3
2029242_2024-04-15_04:33:00.000000,2024-04-15,04:33:00.000000,3
2029248_2024-04-15_19:20:00.000000,2024-04-15,19:20:00.000000,3
2029248_2024-04-15_21:35:00.000000,2024-04-15,21:35:00.000000,3
2029248_2024-04-15_23:05:00.000000,2024-04-15,23:05:00.000000,3
2029248_2024-04-15_23:50:00.000000,2024-04-15,23:50:00.000000,3
2029248_2024-04-16_00:20:00.000000,2024-04-16,00:20:00.000000,3
2029248_2024-04-16_01:05:00.000000,2024-04-16,01:05:00.000000,3
2029248_2024-04-16_04:05:00.000000,2024-04-16,04:05:00.000000,3
2029248_2024-04-16_04:20:00.000000,2024-04-16,04:20:00.000000,3
2029248_2024-04-16_05:20:00.000000,2024-04-16,05:20:00.000000,3
2029251_2024-04-16_07:30:00.000000,2024-04-16,07:30:00.000000,3
2029251_2024-04-16_13:30:00.000000,2024-04-16,13:30:00.000000,3
2029254_2024-04-17_04:52:00.000000,2024-04-17,04:52:00.000000,3
2029254_2024-04-17_04:52:00.000000,2024-04-17,04:52:00.000000,3
2029260_2024-04-17_18:23:00.000000,2024-04-17,18:23:00.000000,3
2029260_2024-04-17_19:53:00.000000,2024-04-17,19:53:00.000000,5
2029260_2024-04-17_20:08:00.000000,2024-04-17,20:08:00.000000,5
2029260_2024-04-17_20:53:00.000000,2024-04-17,20:53:00.000000,3
2029260_2024-04-18_02:38:00.000000,2024-04-18,02:38:00.000000,5
2029260_2024-04-18_04:23:00.000000,2024-04-18,04:23:00.000000,3
2029263_2024-04-18_09:11:00.000000,2024-04-18,09:11:00.000000,3
2029263_2024-04-18_09:26:00.000000,2024-04-18,09:26:00.000000,3
2029263_2024-04-18_11:11:00.000000,2024-04-18,11:11:00.000000,3
2029263_2024-04-18_15:26:00.000000,2024-04-18,15:26:00.000000,3
2029263_2024-04-18_15:56:00.000000,2024-04-18,15:56:00.000000,3
2029263_2024-04-18_16:56:00.000000,2024-04-18,16:56:00.000000,3
2029269_2024-04-19_12:54:00.000000,2024-04-19,12:54:00.000000,3
2029269_2024-04-19_13:54:00.000000,2024-04-19,13:54:00.000000,3
2029269_2024-04-19_14:24:00.000000,2024-04-19,14:24:00.000000,3
2029269_2024-04-19_14:54:00.000000,2024-04-19,14:54:00.000000,3
2029269_2024-04-19_16:24:00.000000,2024-04-19,16:24:00.000000,3
2029269_2024-04-19_16:39:00.000000,2024-04-19,16:39:00.000000,3
2029269_2024-04-19_16:24:00.000000,2024-04-19,16:24:00.000000,3
2029269_2024-04-19_16:39:00.000000,2024-04-19,16:39:00.000000,3
2029275_2024-04-20_10:22:00.000000,2024-04-20,10:22:00.000000,3
2029275_2024-04-20_14:37:00.000000,2024-04-20,14:37:00.000000,3
2029275_2024-04-20_15:37:00.000000,2024-04-20,15:37:00.000000,3
2029275_2024-04-20_16:07:00.000000,2024-04-20,16:07:00.000000,3
2029278_2024-04-20_17:43:00.000000,2024-04-20,17:43:00.000000,3
2029278_2024-04-20_17:58:00.000000,2024-04-20,17:58:00.000000,3
2029278_2024-04-20_19:58:00.000000,2024-04-20,19:58:00.000000,3
2029278_2024-04-20_20:13:00.000000,2024-04-20,20:13:00.000000,3
2029278_2024-04-20_20:28:00.000000,2024-04-20,20:28:00.000000,3
2029278_2024-04-20_20:43:00.000000,2024-04-20,20:43:00.000000,3
2029278_2024-04-20_20:58:00.000000,2024-04-20,20:58:00.000000,3
2029278_2024-04-20_21:13:00.000000,2024-04-20,21:13:00.000000,3
2029278_2024-04-21_02:13:00.000000,2024-04-21,02:13:00.000000,3
2029278_2024-04-21_04:28:00.000000,2024-04-21,04:28:00.000000,3
2029278_2024-04-21_05:13:00.000000,2024-04-21,05:13:00.000000,3
2029278_2024-04-21_05:13:00.000000,2024-04-21,05:13:00.000000,5
2029281_2024-04-21_06:05:00.000000,2024-04-21,06:05:00.000000,3
2029281_2024-04-21_12:35:00.000000,2024-04-21,12:35:00.000000,3
2029281_2024-04-21_14:05:00.000000,2024-04-21,14:05:00.000000,3
2029281_2024-04-21_15:05:00.000000,2024-04-21,15:05:00.000000,5
2029281_2024-04-21_15:05:00.000000,2024-04-21,15:05:00.000000,3
2029284_2024-04-21_21:30:00.000000,2024-04-21,21:30:00.000000,3
2029284_2024-04-21_21:45:00.000000,2024-04-21,21:45:00.000000,3
2029284_2024-04-21_22:00:00.000000,2024-04-21,22:00:00.000000,2
2029284_2024-04-22_02:00:00.000000,2024-04-22,02:00:00.000000,3
2029284_2024-04-22_02:15:00.000000,2024-04-22,02:15:00.000000,3
2029287_2024-04-22_05:33:00.000000,2024-04-22,05:33:00.000000,3
2029287_2024-04-22_06:18:00.000000,2024-04-22,06:18:00.000000,3
2029287_2024-04-22_10:03:00.000000,2024-04-22,10:03:00.000000,3
2029287_2024-04-22_15:33:00.000000,2024-04-22,15:33:00.000000,3
2029287_2024-04-22_16:18:00.000000,2024-04-22,16:18:00.000000,3
2029290_2024-04-22_17:46:00.000000,2024-04-22,17:46:00.000000,3
2029290_2024-04-22_18:01:00.000000,2024-04-22,18:01:00.000000,3
2029290_2024-04-22_18:16:00.000000,2024-04-22,18:16:00.000000,3
2029290_2024-04-22_21:01:00.000000,2024-04-22,21:01:00.000000,3
2029290_2024-04-22_21:16:00.000000,2024-04-22,21:16:00.000000,2
2029290_2024-04-22_21:31:00.000000,2024-04-22,21:31:00.000000,2
2029290_2024-04-22_23:46:00.000000,2024-04-22,23:46:00.000000,3
2029290_2024-04-23_00:01:00.000000,2024-04-23,00:01:00.000000,3
2029290_2024-04-23_00:31:00.000000,2024-04-23,00:31:00.000000,3
2029290_2024-04-23_01:01:00.000000,2024-04-23,01:01:00.000000,3
2029290_2024-04-23_02:16:00.000000,2024-04-23,02:16:00.000000,3
2029290_2024-04-23_02:46:00.000000,2024-04-23,02:46:00.000000,3
2029290_2024-04-23_03:01:00.000000,2024-04-23,03:01:00.000000,3
2029293_2024-04-23_06:46:00.000000,2024-04-23,06:46:00.000000,3
2029293_2024-04-23_07:01:00.000000,2024-04-23,07:01:00.000000,3
2029293_2024-04-23_07:16:00.000000,2024-04-23,07:16:00.000000,3
2029293_2024-04-23_10:31:00.000000,2024-04-23,10:31:00.000000,5
2029293_2024-04-23_11:16:00.000000,2024-04-23,11:16:00.000000,3
2029293_2024-04-23_15:16:00.000000,2024-04-23,15:16:00.000000,3
2029293_2024-04-23_16:16:00.000000,2024-04-23,16:16:00.000000,3
2029293_2024-04-23_16:46:00.000000,2024-04-23,16:46:00.000000,3
2029296_2024-04-23_17:33:00.000000,2024-04-23,17:33:00.000000,3
2029296_2024-04-23_17:33:00.000000,2024-04-23,17:33:00.000000,2
2029296_2024-04-23_17:48:00.000000,2024-04-23,17:48:00.000000,2
2029296_2024-04-23_18:03:00.000000,2024-04-23,18:03:00.000000,2
2029296_2024-04-23_18:18:00.000000,2024-04-23,18:18:00.000000,2
2029296_2024-04-23_20:33:00.000000,2024-04-23,20:33:00.000000,3
2029296_2024-04-23_22:18:00.000000,2024-04-23,22:18:00.000000,3
2029296_2024-04-23_22:33:00.000000,2024-04-23,22:33:00.000000,3
2029296_2024-04-24_00:03:00.000000,2024-04-24,00:03:00.000000,3
2029296_2024-04-24_01:03:00.000000,2024-04-24,01:03:00.000000,5
2029296_2024-04-24_02:33:00.000000,2024-04-24,02:33:00.000000,5
2029299_2024-04-24_05:29:00.000000,2024-04-24,05:29:00.000000,3
2029299_2024-04-24_09:44:00.000000,2024-04-24,09:44:00.000000,3
2029299_2024-04-24_10:29:00.000000,2024-04-24,10:29:00.000000,3
2029299_2024-04-24_12:29:00.000000,2024-04-24,12:29:00.000000,3
2029299_2024-04-24_13:59:00.000000,2024-04-24,13:59:00.000000,3
2029299_2024-04-24_14:14:00.000000,2024-04-24,14:14:00.000000,2
2029299_2024-04-24_14:29:00.000000,2024-04-24,14:29:00.000000,2
2029299_2024-04-24_14:29:00.000000,2024-04-24,14:29:00.000000,4
2029299_2024-04-24_14:44:00.000000,2024-04-24,14:44:00.000000,4
2029299_2024-04-24_14:59:00.000000,2024-04-24,14:59:00.000000,4
2029299_2024-04-24_15:14:00.000000,2024-04-24,15:14:00.000000,4
2029299_2024-04-24_15:29:00.000000,2024-04-24,15:29:00.000000,4
2029299_2024-04-24_15:44:00.000000,2024-04-24,15:44:00.000000,4
2039462_2024-04-24_17:34:00.000000,2024-04-24,17:34:00.000000,3
2039462_2024-04-24_22:34:00.000000,2024-04-24,22:34:00.000000,3
2039459_2024-04-25_03:45:00.000000,2024-04-25,03:45:00.000000,3
2029305_2024-04-25_05:27:00.000000,2024-04-25,05:27:00.000000,3
2029305_2024-04-25_10:12:00.000000,2024-04-25,10:12:00.000000,3
2029305_2024-04-25_11:57:00.000000,2024-04-25,11:57:00.000000,3
2029305_2024-04-25_12:57:00.000000,2024-04-25,12:57:00.000000,5
2029305_2024-04-25_13:12:00.000000,2024-04-25,13:12:00.000000,3
2029305_2024-04-25_16:12:00.000000,2024-04-25,16:12:00.000000,3
2029305_2024-04-25_16:12:00.000000,2024-04-25,16:12:00.000000,3
2029305_2024-04-25_16:57:00.000000,2024-04-25,16:57:00.000000,3
2029305_2024-04-25_17:12:00.000000,2024-04-25,17:12:00.000000,3
2029308_2024-04-25_18:06:00.000000,2024-04-25,18:06:00.000000,3
2029308_2024-04-25_19:21:00.000000,2024-04-25,19:21:00.000000,3
2029308_2024-04-25_21:36:00.000000,2024-04-25,21:36:00.000000,3
2029308_2024-04-25_23:21:00.000000,2024-04-25,23:21:00.000000,3
2029311_2024-04-26_07:55:00.000000,2024-04-26,07:55:00.000000,3
2029311_2024-04-26_10:25:00.000000,2024-04-26,10:25:00.000000,3
2029311_2024-04-26_10:40:00.000000,2024-04-26,10:40:00.000000,3
2029311_2024-04-26_11:40:00.000000,2024-04-26,11:40:00.000000,3
2029311_2024-04-26_15:10:00.000000,2024-04-26,15:10:00.000000,3
2029317_2024-04-27_05:53:00.000000,2024-04-27,05:53:00.000000,3
2029317_2024-04-27_09:53:00.000000,2024-04-27,09:53:00.000000,3
2029317_2024-04-27_14:08:00.000000,2024-04-27,14:08:00.000000,3
2029317_2024-04-27_14:38:00.000000,2024-04-27,14:38:00.000000,3
2029317_2024-04-27_14:53:00.000000,2024-04-27,14:53:00.000000,3
2029317_2024-04-27_15:38:00.000000,2024-04-27,15:38:00.000000,3
2029317_2024-04-27_16:08:00.000000,2024-04-27,16:08:00.000000,3
2029320_2024-04-27_21:24:00.000000,2024-04-27,21:24:00.000000,3
2029320_2024-04-27_22:54:00.000000,2024-04-27,22:54:00.000000,3
2029320_2024-04-27_23:24:00.000000,2024-04-27,23:24:00.000000,3
2029323_2024-04-28_13:36:00.000000,2024-04-28,13:36:00.000000,3
2029323_2024-04-28_13:51:00.000000,2024-04-28,13:51:00.000000,3
2029323_2024-04-28_15:36:00.000000,2024-04-28,15:36:00.000000,3
2029323_2024-04-28_15:36:00.000000,2024-04-28,15:36:00.000000,3
2029323_2024-04-28_16:36:00.000000,2024-04-28,16:36:00.000000,3
2029326_2024-04-28_20:11:00.000000,2024-04-28,20:11:00.000000,3
2029326_2024-04-28_20:26:00.000000,2024-04-28,20:26:00.000000,3
2029326_2024-04-29_01:56:00.000000,2024-04-29,01:56:00.000000,3
2029326_2024-04-29_02:26:00.000000,2024-04-29,02:26:00.000000,3
2029329_2024-04-29_06:19:00.000000,2024-04-29,06:19:00.000000,3
2029329_2024-04-29_07:04:00.000000,2024-04-29,07:04:00.000000,3
2029329_2024-04-29_12:19:00.000000,2024-04-29,12:19:00.000000,3
2029329_2024-04-29_14:49:00.000000,2024-04-29,14:49:00.000000,3
2029329_2024-04-29_16:49:00.000000,2024-04-29,16:49:00.000000,3
2029332_2024-04-29_18:12:00.000000,2024-04-29,18:12:00.000000,3
2029335_2024-04-30_14:18:00.000000,2024-04-30,14:18:00.000000,3
2029335_2024-04-30_15:33:00.000000,2024-04-30,15:33:00.000000,3
2029335_2024-04-30_16:18:00.000000,2024-04-30,16:18:00.000000,3
2029338_2024-04-30_23:14:00.000000,2024-04-30,23:14:00.000000,3
2029338_2024-05-01_01:14:00.000000,2024-05-01,01:14:00.000000,3
2029347_2024-05-02_06:29:00.000000,2024-05-02,06:29:00.000000,3
2029347_2024-05-02_09:14:00.000000,2024-05-02,09:14:00.000000,3
2029347_2024-05-02_11:14:00.000000,2024-05-02,11:14:00.000000,3
2029347_2024-05-02_16:44:00.000000,2024-05-02,16:44:00.000000,3
2029350_2024-05-02_18:47:00.000000,2024-05-02,18:47:00.000000,3
2029350_2024-05-02_20:47:00.000000,2024-05-02,20:47:00.000000,3
2029350_2024-05-02_23:02:00.000000,2024-05-02,23:02:00.000000,3
2029350_2024-05-03_00:02:00.000000,2024-05-03,00:02:00.000000,3
2029350_2024-05-03_02:17:00.000000,2024-05-03,02:17:00.000000,3
2029350_2024-05-03_02:17:00.000000,2024-05-03,02:17:00.000000,2
2029350_2024-05-03_02:17:00.000000,2024-05-03,02:17:00.000000,4
2029350_2024-05-03_02:32:00.000000,2024-05-03,02:32:00.000000,4
2029350_2024-05-03_02:47:00.000000,2024-05-03,02:47:00.000000,4
2039855_2024-05-03_06:28:00.000000,2024-05-03,06:28:00.000000,3
2039858_2024-05-03_15:32:00.000000,2024-05-03,15:32:00.000000,3
2029356_2024-05-03_18:18:00.000000,2024-05-03,18:18:00.000000,3
2029356_2024-05-03_18:33:00.000000,2024-05-03,18:33:00.000000,3
2029356_2024-05-03_18:48:00.000000,2024-05-03,18:48:00.000000,3
2029356_2024-05-03_18:33:00.000000,2024-05-03,18:33:00.000000,3
2029356_2024-05-03_18:48:00.000000,2024-05-03,18:48:00.000000,3
2029356_2024-05-03_20:18:00.000000,2024-05-03,20:18:00.000000,2
2029356_2024-05-03_20:33:00.000000,2024-05-03,20:33:00.000000,2
2029356_2024-05-03_20:48:00.000000,2024-05-03,20:48:00.000000,2
2029356_2024-05-03_20:33:00.000000,2024-05-03,20:33:00.000000,4
2029356_2024-05-03_20:48:00.000000,2024-05-03,20:48:00.000000,4
2029356_2024-05-03_21:03:00.000000,2024-05-03,21:03:00.000000,4
2029356_2024-05-03_21:18:00.000000,2024-05-03,21:18:00.000000,4
2029356_2024-05-03_21:33:00.000000,2024-05-03,21:33:00.000000,4
2029356_2024-05-03_21:48:00.000000,2024-05-03,21:48:00.000000,4
2029356_2024-05-03_21:48:00.000000,2024-05-03,21:48:00.000000,3
2029356_2024-05-03_22:03:00.000000,2024-05-03,22:03:00.000000,3
2029356_2024-05-03_23:03:00.000000,2024-05-03,23:03:00.000000,3
2029356_2024-05-03_23:18:00.000000,2024-05-03,23:18:00.000000,3
2029359_2024-05-04_05:56:00.000000,2024-05-04,05:56:00.000000,3
2029359_2024-05-04_06:11:00.000000,2024-05-04,06:11:00.000000,3
2029359_2024-05-04_06:11:00.000000,2024-05-04,06:11:00.000000,2
2029359_2024-05-04_06:26:00.000000,2024-05-04,06:26:00.000000,2
2029359_2024-05-04_06:26:00.000000,2024-05-04,06:26:00.000000,4
2029359_2024-05-04_06:41:00.000000,2024-05-04,06:41:00.000000,4
2029359_2024-05-04_06:56:00.000000,2024-05-04,06:56:00.000000,4
2029359_2024-05-04_07:56:00.000000,2024-05-04,07:56:00.000000,3
2029359_2024-05-04_10:41:00.000000,2024-05-04,10:41:00.000000,3
2029359_2024-05-04_14:11:00.000000,2024-05-04,14:11:00.000000,3
2029359_2024-05-04_15:56:00.000000,2024-05-04,15:56:00.000000,3
2029362_2024-05-04_21:49:00.000000,2024-05-04,21:49:00.000000,3
2029362_2024-05-04_22:04:00.000000,2024-05-04,22:04:00.000000,3
2029362_2024-05-04_23:49:00.000000,2024-05-04,23:49:00.000000,3
2029365_2024-05-05_05:54:00.000000,2024-05-05,05:54:00.000000,3
2029365_2024-05-05_07:54:00.000000,2024-05-05,07:54:00.000000,3
2029365_2024-05-05_08:39:00.000000,2024-05-05,08:39:00.000000,3
2029365_2024-05-05_09:24:00.000000,2024-05-05,09:24:00.000000,3
2029365_2024-05-05_10:54:00.000000,2024-05-05,10:54:00.000000,3
2029365_2024-05-05_11:09:00.000000,2024-05-05,11:09:00.000000,3
2029365_2024-05-05_13:39:00.000000,2024-05-05,13:39:00.000000,3
2029365_2024-05-05_16:24:00.000000,2024-05-05,16:24:00.000000,3
2029365_2024-05-05_16:54:00.000000,2024-05-05,16:54:00.000000,3
2029365_2024-05-05_17:24:00.000000,2024-05-05,17:24:00.000000,3
2029368_2024-05-05_18:36:00.000000,2024-05-05,18:36:00.000000,3
2029368_2024-05-05_19:51:00.000000,2024-05-05,19:51:00.000000,3
2029371_2024-05-06_06:23:00.000000,2024-05-06,06:23:00.000000,3
2029371_2024-05-06_06:38:00.000000,2024-05-06,06:38:00.000000,3
2029371_2024-05-06_06:53:00.000000,2024-05-06,06:53:00.000000,3
2029371_2024-05-06_12:08:00.000000,2024-05-06,12:08:00.000000,3
2039897_2024-05-06_20:30:00.000000,2024-05-06,20:30:00.000000,3
2039897_2024-05-06_23:15:00.000000,2024-05-06,23:15:00.000000,3
2029377_2024-05-07_05:06:00.000000,2024-05-07,05:06:00.000000,3
2029377_2024-05-07_05:21:00.000000,2024-05-07,05:21:00.000000,3
2029377_2024-05-07_05:36:00.000000,2024-05-07,05:36:00.000000,3
2029377_2024-05-07_08:06:00.000000,2024-05-07,08:06:00.000000,3
2029377_2024-05-07_08:36:00.000000,2024-05-07,08:36:00.000000,3
2029377_2024-05-07_12:51:00.000000,2024-05-07,12:51:00.000000,3
2029380_2024-05-07_18:54:00.000000,2024-05-07,18:54:00.000000,3
2029380_2024-05-07_19:39:00.000000,2024-05-07,19:39:00.000000,3
2029380_2024-05-08_00:54:00.000000,2024-05-08,00:54:00.000000,3
2029380_2024-05-08_02:54:00.000000,2024-05-08,02:54:00.000000,3
2029380_2024-05-08_03:24:00.000000,2024-05-08,03:24:00.000000,3
2029380_2024-05-08_04:09:00.000000,2024-05-08,04:09:00.000000,3
2029380_2024-05-08_04:39:00.000000,2024-05-08,04:39:00.000000,3
2029383_2024-05-08_05:05:00.000000,2024-05-08,05:05:00.000000,2
2029383_2024-05-08_05:20:00.000000,2024-05-08,05:20:00.000000,2
2029383_2024-05-08_05:05:00.000000,2024-05-08,05:05:00.000000,4
2029383_2024-05-08_05:20:00.000000,2024-05-08,05:20:00.000000,4
2029383_2024-05-08_05:35:00.000000,2024-05-08,05:35:00.000000,4
2029383_2024-05-08_05:50:00.000000,2024-05-08,05:50:00.000000,4
2029383_2024-05-08_06:05:00.000000,2024-05-08,06:05:00.000000,4
2029383_2024-05-08_06:20:00.000000,2024-05-08,06:20:00.000000,4
2029383_2024-05-08_08:20:00.000000,2024-05-08,08:20:00.000000,3
2029383_2024-05-08_08:35:00.000000,2024-05-08,08:35:00.000000,3
2029383_2024-05-08_09:35:00.000000,2024-05-08,09:35:00.000000,4
2029383_2024-05-08_09:50:00.000000,2024-05-08,09:50:00.000000,4
2029383_2024-05-08_10:05:00.000000,2024-05-08,10:05:00.000000,4
2029383_2024-05-08_10:20:00.000000,2024-05-08,10:20:00.000000,4
2029383_2024-05-08_10:35:00.000000,2024-05-08,10:35:00.000000,4
2029383_2024-05-08_10:50:00.000000,2024-05-08,10:50:00.000000,4
2029383_2024-05-08_16:05:00.000000,2024-05-08,16:05:00.000000,4
2029383_2024-05-08_16:20:00.000000,2024-05-08,16:20:00.000000,4
2029383_2024-05-08_16:35:00.000000,2024-05-08,16:35:00.000000,4
2029383_2024-05-08_16:50:00.000000,2024-05-08,16:50:00.000000,4
2029383_2024-05-08_17:05:00.000000,2024-05-08,17:05:00.000000,4
2029383_2024-05-08_17:20:00.000000,2024-05-08,17:20:00.000000,4
2029383_2024-05-08_16:50:00.000000,2024-05-08,16:50:00.000000,3
2029386_2024-05-08_18:25:00.000000,2024-05-08,18:25:00.000000,3
2029386_2024-05-08_20:10:00.000000,2024-05-08,20:10:00.000000,3
2029386_2024-05-08_22:55:00.000000,2024-05-08,22:55:00.000000,4
2029386_2024-05-08_23:10:00.000000,2024-05-08,23:10:00.000000,4
2029386_2024-05-08_23:25:00.000000,2024-05-08,23:25:00.000000,4
2029386_2024-05-08_23:40:00.000000,2024-05-08,23:40:00.000000,4
2029386_2024-05-08_23:55:00.000000,2024-05-08,23:55:00.000000,4
2029389_2024-05-09_08:03:00.000000,2024-05-09,08:03:00.000000,3
2029389_2024-05-09_08:48:00.000000,2024-05-09,08:48:00.000000,2
2029389_2024-05-09_09:03:00.000000,2024-05-09,09:03:00.000000,2
2029389_2024-05-09_09:03:00.000000,2024-05-09,09:03:00.000000,4
2029389_2024-05-09_09:18:00.000000,2024-05-09,09:18:00.000000,4
2029389_2024-05-09_09:33:00.000000,2024-05-09,09:33:00.000000,4
2029389_2024-05-09_09:48:00.000000,2024-05-09,09:48:00.000000,4
2029389_2024-05-09_10:03:00.000000,2024-05-09,10:03:00.000000,4
2029389_2024-05-09_10:18:00.000000,2024-05-09,10:18:00.000000,4
2029389_2024-05-09_09:33:00.000000,2024-05-09,09:33:00.000000,4
2029389_2024-05-09_09:48:00.000000,2024-05-09,09:48:00.000000,4
2029389_2024-05-09_10:03:00.000000,2024-05-09,10:03:00.000000,4
2029389_2024-05-09_10:18:00.000000,2024-05-09,10:18:00.000000,4
2029389_2024-05-09_10:33:00.000000,2024-05-09,10:33:00.000000,4
2029389_2024-05-09_10:48:00.000000,2024-05-09,10:48:00.000000,4
2040025_2024-05-09_11:45:00.000000,2024-05-09,11:45:00.000000,3
2029389_2024-05-09_11:48:00.000000,2024-05-09,11:48:00.000000,3
2029389_2024-05-09_17:18:00.000000,2024-05-09,17:18:00.000000,2
2029389_2024-05-09_17:33:00.000000,2024-05-09,17:33:00.000000,2
2029389_2024-05-09_17:33:00.000000,2024-05-09,17:33:00.000000,4
2029392_2024-05-09_17:57:00.000000,2024-05-09,17:57:00.000000,4
2029392_2024-05-09_18:12:00.000000,2024-05-09,18:12:00.000000,4
2029392_2024-05-09_18:27:00.000000,2024-05-09,18:27:00.000000,4
2029392_2024-05-09_18:42:00.000000,2024-05-09,18:42:00.000000,4
2029392_2024-05-09_18:57:00.000000,2024-05-09,18:57:00.000000,4
2040168_2024-05-10_14:00:00.000000,2024-05-10,14:00:00.000000,3
2029398_2024-05-11_01:13:00.000000,2024-05-11,01:13:00.000000,4
2029398_2024-05-11_01:28:00.000000,2024-05-11,01:28:00.000000,4
2029398_2024-05-11_01:43:00.000000,2024-05-11,01:43:00.000000,4
2029398_2024-05-11_01:58:00.000000,2024-05-11,01:58:00.000000,4
2029398_2024-05-11_02:13:00.000000,2024-05-11,02:13:00.000000,4
2029398_2024-05-11_02:28:00.000000,2024-05-11,02:28:00.000000,4
2029398_2024-05-11_01:13:00.000000,2024-05-11,01:13:00.000000,2
2029398_2024-05-11_04:13:00.000000,2024-05-11,04:13:00.000000,4
2029398_2024-05-11_04:28:00.000000,2024-05-11,04:28:00.000000,4
2029401_2024-05-11_05:00:00.000000,2024-05-11,05:00:00.000000,4
2029401_2024-05-11_05:15:00.000000,2024-05-11,05:15:00.000000,4
2029401_2024-05-11_05:30:00.000000,2024-05-11,05:30:00.000000,4
2029401_2024-05-11_05:45:00.000000,2024-05-11,05:45:00.000000,4
2029401_2024-05-11_06:30:00.000000,2024-05-11,06:30:00.000000,3
2029401_2024-05-11_07:30:00.000000,2024-05-11,07:30:00.000000,3
2029401_2024-05-11_08:45:00.000000,2024-05-11,08:45:00.000000,3
2029401_2024-05-11_09:30:00.000000,2024-05-11,09:30:00.000000,4
2029401_2024-05-11_09:45:00.000000,2024-05-11,09:45:00.000000,4
2029401_2024-05-11_10:00:00.000000,2024-05-11,10:00:00.000000,4
2029401_2024-05-11_10:15:00.000000,2024-05-11,10:15:00.000000,4
2029401_2024-05-11_10:30:00.000000,2024-05-11,10:30:00.000000,4
2029401_2024-05-11_10:45:00.000000,2024-05-11,10:45:00.000000,4
2029401_2024-05-11_12:00:00.000000,2024-05-11,12:00:00.000000,3
2029401_2024-05-11_15:15:00.000000,2024-05-11,15:15:00.000000,3
2029401_2024-05-11_15:30:00.000000,2024-05-11,15:30:00.000000,3
2029401_2024-05-11_17:00:00.000000,2024-05-11,17:00:00.000000,4
2029401_2024-05-11_17:15:00.000000,2024-05-11,17:15:00.000000,4
2029401_2024-05-11_17:30:00.000000,2024-05-11,17:30:00.000000,4
2029404_2024-05-11_17:59:00.000000,2024-05-11,17:59:00.000000,4
2029404_2024-05-11_18:14:00.000000,2024-05-11,18:14:00.000000,4
2029404_2024-05-11_18:29:00.000000,2024-05-11,18:29:00.000000,4
2029404_2024-05-12_00:14:00.000000,2024-05-12,00:14:00.000000,4
2029404_2024-05-12_00:29:00.000000,2024-05-12,00:29:00.000000,4
2029404_2024-05-12_00:44:00.000000,2024-05-12,00:44:00.000000,4
2029404_2024-05-12_04:14:00.000000,2024-05-12,04:14:00.000000,3
2029407_2024-05-12_05:14:00.000000,2024-05-12,05:14:00.000000,3
2029407_2024-05-12_06:44:00.000000,2024-05-12,06:44:00.000000,3
2029407_2024-05-12_07:59:00.000000,2024-05-12,07:59:00.000000,3
2029407_2024-05-12_08:44:00.000000,2024-05-12,08:44:00.000000,3
2029407_2024-05-12_09:29:00.000000,2024-05-12,09:29:00.000000,3
2029407_2024-05-12_10:14:00.000000,2024-05-12,10:14:00.000000,3
2029410_2024-05-12_18:31:00.000000,2024-05-12,18:31:00.000000,3
2029410_2024-05-12_20:01:00.000000,2024-05-12,20:01:00.000000,3
2029410_2024-05-12_20:16:00.000000,2024-05-12,20:16:00.000000,3
2029410_2024-05-12_20:46:00.000000,2024-05-12,20:46:00.000000,3
2029410_2024-05-12_23:01:00.000000,2024-05-12,23:01:00.000000,3
2029410_2024-05-13_00:46:00.000000,2024-05-13,00:46:00.000000,3
2040129_2024-05-13_21:47:00.000000,2024-05-13,21:47:00.000000,3
2040129_2024-05-14_01:32:00.000000,2024-05-14,01:32:00.000000,3
2040129_2024-05-14_02:02:00.000000,2024-05-14,02:02:00.000000,2
2040129_2024-05-14_02:17:00.000000,2024-05-14,02:17:00.000000,2
2040129_2024-05-14_02:17:00.000000,2024-05-14,02:17:00.000000,4
2040129_2024-05-14_02:32:00.000000,2024-05-14,02:32:00.000000,4
2040129_2024-05-14_02:47:00.000000,2024-05-14,02:47:00.000000,4
2040129_2024-05-14_04:17:00.000000,2024-05-14,04:17:00.000000,3
2040132_2024-05-14_06:26:00.000000,2024-05-14,06:26:00.000000,3
2040132_2024-05-14_08:56:00.000000,2024-05-14,08:56:00.000000,3
2040132_2024-05-14_11:41:00.000000,2024-05-14,11:41:00.000000,3
2040132_2024-05-14_12:41:00.000000,2024-05-14,12:41:00.000000,3
2040132_2024-05-14_12:41:00.000000,2024-05-14,12:41:00.000000,2
2040132_2024-05-14_12:56:00.000000,2024-05-14,12:56:00.000000,2
2040132_2024-05-14_14:26:00.000000,2024-05-14,14:26:00.000000,3
2040132_2024-05-14_16:41:00.000000,2024-05-14,16:41:00.000000,3
2040132_2024-05-14_16:41:00.000000,2024-05-14,16:41:00.000000,4
2040132_2024-05-14_16:56:00.000000,2024-05-14,16:56:00.000000,4
2040132_2024-05-14_17:11:00.000000,2024-05-14,17:11:00.000000,4
2040132_2024-05-14_16:41:00.000000,2024-05-14,16:41:00.000000,2
2040132_2024-05-14_16:56:00.000000,2024-05-14,16:56:00.000000,2
2040132_2024-05-14_17:11:00.000000,2024-05-14,17:11:00.000000,2
2040132_2024-05-14_16:56:00.000000,2024-05-14,16:56:00.000000,3
2040132_2024-05-14_17:26:00.000000,2024-05-14,17:26:00.000000,2
2040132_2024-05-14_17:41:00.000000,2024-05-14,17:41:00.000000,2
2040135_2024-05-14_18:03:00.000000,2024-05-14,18:03:00.000000,3
2040135_2024-05-14_19:48:00.000000,2024-05-14,19:48:00.000000,3
2040135_2024-05-14_23:33:00.000000,2024-05-14,23:33:00.000000,3
2040138_2024-05-15_08:10:00.000000,2024-05-15,08:10:00.000000,3
2040138_2024-05-15_08:25:00.000000,2024-05-15,08:25:00.000000,4
2040138_2024-05-15_08:40:00.000000,2024-05-15,08:40:00.000000,4
2040138_2024-05-15_08:55:00.000000,2024-05-15,08:55:00.000000,4
2040138_2024-05-15_09:10:00.000000,2024-05-15,09:10:00.000000,4
2040138_2024-05-15_10:25:00.000000,2024-05-15,10:25:00.000000,3
2040138_2024-05-15_10:40:00.000000,2024-05-15,10:40:00.000000,3
2040138_2024-05-15_14:25:00.000000,2024-05-15,14:25:00.000000,3
2040138_2024-05-15_14:25:00.000000,2024-05-15,14:25:00.000000,4
2040138_2024-05-15_14:40:00.000000,2024-05-15,14:40:00.000000,4
2040138_2024-05-15_14:55:00.000000,2024-05-15,14:55:00.000000,4
2040138_2024-05-15_15:10:00.000000,2024-05-15,15:10:00.000000,4
2040138_2024-05-15_14:25:00.000000,2024-05-15,14:25:00.000000,2
2040138_2024-05-15_14:40:00.000000,2024-05-15,14:40:00.000000,2
2040138_2024-05-15_16:25:00.000000,2024-05-15,16:25:00.000000,3
2040141_2024-05-15_18:20:00.000000,2024-05-15,18:20:00.000000,3
2040141_2024-05-15_20:35:00.000000,2024-05-15,20:35:00.000000,3
2040141_2024-05-15_21:20:00.000000,2024-05-15,21:20:00.000000,3
2040141_2024-05-16_04:20:00.000000,2024-05-16,04:20:00.000000,3
2040147_2024-05-16_18:21:00.000000,2024-05-16,18:21:00.000000,3
2040147_2024-05-16_22:36:00.000000,2024-05-16,22:36:00.000000,3
2040150_2024-05-17_10:22:00.000000,2024-05-17,10:22:00.000000,3
2040150_2024-05-17_12:52:00.000000,2024-05-17,12:52:00.000000,3
2040153_2024-05-17_18:07:00.000000,2024-05-17,18:07:00.000000,3
2040153_2024-05-17_19:37:00.000000,2024-05-17,19:37:00.000000,3
2040153_2024-05-17_20:07:00.000000,2024-05-17,20:07:00.000000,5
2040153_2024-05-17_20:07:00.000000,2024-05-17,20:07:00.000000,3
2040153_2024-05-17_20:52:00.000000,2024-05-17,20:52:00.000000,2
2040153_2024-05-17_21:07:00.000000,2024-05-17,21:07:00.000000,2
2040153_2024-05-17_21:07:00.000000,2024-05-17,21:07:00.000000,4
2040153_2024-05-17_21:22:00.000000,2024-05-17,21:22:00.000000,4
2040153_2024-05-17_21:37:00.000000,2024-05-17,21:37:00.000000,4
2040153_2024-05-17_21:52:00.000000,2024-05-17,21:52:00.000000,4
2040153_2024-05-17_22:07:00.000000,2024-05-17,22:07:00.000000,4
2040153_2024-05-17_22:22:00.000000,2024-05-17,22:22:00.000000,4
2040153_2024-05-18_00:22:00.000000,2024-05-18,00:22:00.000000,3
2040153_2024-05-18_00:52:00.000000,2024-05-18,00:52:00.000000,3
2040153_2024-05-18_02:07:00.000000,2024-05-18,02:07:00.000000,3
2040153_2024-05-18_03:22:00.000000,2024-05-18,03:22:00.000000,3
2040153_2024-05-18_04:07:00.000000,2024-05-18,04:07:00.000000,3
2040153_2024-05-18_04:22:00.000000,2024-05-18,04:22:00.000000,3
2040156_2024-05-18_04:51:00.000000,2024-05-18,04:51:00.000000,3
2040156_2024-05-18_05:06:00.000000,2024-05-18,05:06:00.000000,3
2040156_2024-05-18_07:36:00.000000,2024-05-18,07:36:00.000000,3
2040156_2024-05-18_08:51:00.000000,2024-05-18,08:51:00.000000,3
2040156_2024-05-18_09:36:00.000000,2024-05-18,09:36:00.000000,3
2040156_2024-05-18_10:36:00.000000,2024-05-18,10:36:00.000000,3
2040156_2024-05-18_10:51:00.000000,2024-05-18,10:51:00.000000,3
2040156_2024-05-18_16:06:00.000000,2024-05-18,16:06:00.000000,3
2040156_2024-05-18_17:36:00.000000,2024-05-18,17:36:00.000000,3
2040159_2024-05-18_21:54:00.000000,2024-05-18,21:54:00.000000,3
2040159_2024-05-19_01:54:00.000000,2024-05-19,01:54:00.000000,3
2040159_2024-05-19_02:39:00.000000,2024-05-19,02:39:00.000000,3
2040159_2024-05-19_03:54:00.000000,2024-05-19,03:54:00.000000,3
2040162_2024-05-19_05:05:00.000000,2024-05-19,05:05:00.000000,3
2040162_2024-05-19_09:20:00.000000,2024-05-19,09:20:00.000000,3
2040162_2024-05-19_11:35:00.000000,2024-05-19,11:35:00.000000,3
2040162_2024-05-19_11:50:00.000000,2024-05-19,11:50:00.000000,3
2040162_2024-05-19_12:05:00.000000,2024-05-19,12:05:00.000000,3
2040162_2024-05-19_12:20:00.000000,2024-05-19,12:20:00.000000,3
2040162_2024-05-19_12:20:00.000000,2024-05-19,12:20:00.000000,3
2040162_2024-05-19_13:05:00.000000,2024-05-19,13:05:00.000000,3
2040162_2024-05-19_13:35:00.000000,2024-05-19,13:35:00.000000,3
2040162_2024-05-19_15:20:00.000000,2024-05-19,15:20:00.000000,3
2040162_2024-05-19_15:50:00.000000,2024-05-19,15:50:00.000000,3
2040162_2024-05-19_17:05:00.000000,2024-05-19,17:05:00.000000,3
2040162_2024-05-19_17:50:00.000000,2024-05-19,17:50:00.000000,3
2040165_2024-05-19_19:25:00.000000,2024-05-19,19:25:00.000000,3
2040165_2024-05-19_19:55:00.000000,2024-05-19,19:55:00.000000,3
2040165_2024-05-19_20:25:00.000000,2024-05-19,20:25:00.000000,3
2040165_2024-05-19_21:40:00.000000,2024-05-19,21:40:00.000000,3
2040165_2024-05-19_21:55:00.000000,2024-05-19,21:55:00.000000,3
2040165_2024-05-20_01:10:00.000000,2024-05-20,01:10:00.000000,3
2040239_2024-05-20_07:49:00.000000,2024-05-20,07:49:00.000000,3
2040239_2024-05-20_14:04:00.000000,2024-05-20,14:04:00.000000,3
2040242_2024-05-21_02:11:00.000000,2024-05-21,02:11:00.000000,3
2040242_2024-05-21_02:26:00.000000,2024-05-21,02:26:00.000000,3
2040248_2024-05-22_04:27:00.000000,2024-05-22,04:27:00.000000,3
2040254_2024-05-22_18:43:00.000000,2024-05-22,18:43:00.000000,3
2040254_2024-05-22_20:43:00.000000,2024-05-22,20:43:00.000000,3
2040254_2024-05-22_22:13:00.000000,2024-05-22,22:13:00.000000,3
2040254_2024-05-23_00:43:00.000000,2024-05-23,00:43:00.000000,3
2040254_2024-05-23_01:43:00.000000,2024-05-23,01:43:00.000000,3
2040260_2024-05-23_20:30:00.000000,2024-05-23,20:30:00.000000,3
2040260_2024-05-24_01:00:00.000000,2024-05-24,01:00:00.000000,3
2040260_2024-05-24_01:15:00.000000,2024-05-24,01:15:00.000000,3
2040260_2024-05-24_02:30:00.000000,2024-05-24,02:30:00.000000,3
2040263_2024-05-24_06:45:00.000000,2024-05-24,06:45:00.000000,3
2040263_2024-05-24_07:00:00.000000,2024-05-24,07:00:00.000000,3
2040263_2024-05-24_10:00:00.000000,2024-05-24,10:00:00.000000,3
2040263_2024-05-24_12:45:00.000000,2024-05-24,12:45:00.000000,5
2040263_2024-05-24_13:00:00.000000,2024-05-24,13:00:00.000000,5
2040266_2024-05-24_23:46:00.000000,2024-05-24,23:46:00.000000,3
2040266_2024-05-25_02:46:00.000000,2024-05-25,02:46:00.000000,3
2040269_2024-05-25_15:59:00.000000,2024-05-25,15:59:00.000000,3
2040269_2024-05-25_16:59:00.000000,2024-05-25,16:59:00.000000,3
2040269_2024-05-25_17:44:00.000000,2024-05-25,17:44:00.000000,3
2040269_2024-05-25_17:44:00.000000,2024-05-25,17:44:00.000000,3
2040272_2024-05-25_18:47:00.000000,2024-05-25,18:47:00.000000,3
2040272_2024-05-25_20:32:00.000000,2024-05-25,20:32:00.000000,3
2040272_2024-05-25_22:02:00.000000,2024-05-25,22:02:00.000000,3
2040272_2024-05-26_02:32:00.000000,2024-05-26,02:32:00.000000,3
2040275_2024-05-26_09:13:00.000000,2024-05-26,09:13:00.000000,3
2040275_2024-05-26_10:13:00.000000,2024-05-26,10:13:00.000000,3
2040275_2024-05-26_11:43:00.000000,2024-05-26,11:43:00.000000,3
2040275_2024-05-26_12:43:00.000000,2024-05-26,12:43:00.000000,3
2040275_2024-05-26_15:13:00.000000,2024-05-26,15:13:00.000000,3
2040275_2024-05-26_16:13:00.000000,2024-05-26,16:13:00.000000,3
2040278_2024-05-26_20:48:00.000000,2024-05-26,20:48:00.000000,3
2040278_2024-05-26_21:18:00.000000,2024-05-26,21:18:00.000000,3
2040278_2024-05-26_23:03:00.000000,2024-05-26,23:03:00.000000,3
2040278_2024-05-27_00:18:00.000000,2024-05-27,00:18:00.000000,3
2040278_2024-05-27_00:48:00.000000,2024-05-27,00:48:00.000000,3
2040278_2024-05-27_04:18:00.000000,2024-05-27,04:18:00.000000,3
2040281_2024-05-27_06:57:00.000000,2024-05-27,06:57:00.000000,3
2040281_2024-05-27_06:57:00.000000,2024-05-27,06:57:00.000000,2
2040281_2024-05-27_07:12:00.000000,2024-05-27,07:12:00.000000,2
2040281_2024-05-27_07:27:00.000000,2024-05-27,07:27:00.000000,2
2040281_2024-05-27_06:57:00.000000,2024-05-27,06:57:00.000000,4
2040281_2024-05-27_07:12:00.000000,2024-05-27,07:12:00.000000,4
2040281_2024-05-27_07:27:00.000000,2024-05-27,07:27:00.000000,4
2040281_2024-05-27_07:42:00.000000,2024-05-27,07:42:00.000000,4
2040281_2024-05-27_07:57:00.000000,2024-05-27,07:57:00.000000,4
2040281_2024-05-27_17:42:00.000000,2024-05-27,17:42:00.000000,3
2040284_2024-05-27_19:19:00.000000,2024-05-27,19:19:00.000000,3
2040287_2024-05-28_07:11:00.000000,2024-05-28,07:11:00.000000,3
2040815_2024-05-29_04:40:00.000000,2024-05-29,04:40:00.000000,3
2040812_2024-05-29_13:50:00.000000,2024-05-29,13:50:00.000000,3
2040812_2024-05-29_14:20:00.000000,2024-05-29,14:20:00.000000,2
2040812_2024-05-29_14:35:00.000000,2024-05-29,14:35:00.000000,2
2040812_2024-05-29_14:50:00.000000,2024-05-29,14:50:00.000000,2
2040812_2024-05-29_14:35:00.000000,2024-05-29,14:35:00.000000,3
2040812_2024-05-29_14:35:00.000000,2024-05-29,14:35:00.000000,4
2040812_2024-05-29_14:50:00.000000,2024-05-29,14:50:00.000000,4
2040812_2024-05-29_15:05:00.000000,2024-05-29,15:05:00.000000,4
2040812_2024-05-29_15:20:00.000000,2024-05-29,15:20:00.000000,4
2040812_2024-05-29_15:35:00.000000,2024-05-29,15:35:00.000000,4
2040299_2024-05-30_07:10:00.000000,2024-05-30,07:10:00.000000,3
2040299_2024-05-30_07:55:00.000000,2024-05-30,07:55:00.000000,3
2040299_2024-05-30_16:55:00.000000,2024-05-30,16:55:00.000000,3
2040302_2024-05-31_03:22:00.000000,2024-05-31,03:22:00.000000,3
2040925_2024-05-31_12:25:00.000000,2024-05-31,12:25:00.000000,3
2040925_2024-05-31_14:40:00.000000,2024-05-31,14:40:00.000000,3
2040931_2024-06-01_19:09:00.000000,2024-06-01,19:09:00.000000,2
2040931_2024-06-01_19:24:00.000000,2024-06-01,19:24:00.000000,2
2040931_2024-06-01_19:24:00.000000,2024-06-01,19:24:00.000000,4
2040931_2024-06-01_19:39:00.000000,2024-06-01,19:39:00.000000,4
2040931_2024-06-01_19:54:00.000000,2024-06-01,19:54:00.000000,4
2040931_2024-06-01_20:09:00.000000,2024-06-01,20:09:00.000000,4
2040931_2024-06-01_20:24:00.000000,2024-06-01,20:24:00.000000,4
2040931_2024-06-01_20:39:00.000000,2024-06-01,20:39:00.000000,4
2040931_2024-06-01_19:54:00.000000,2024-06-01,19:54:00.000000,3
2040931_2024-06-01_23:39:00.000000,2024-06-01,23:39:00.000000,3
2040934_2024-06-02_09:23:00.000000,2024-06-02,09:23:00.000000,3
2040937_2024-06-02_23:25:00.000000,2024-06-02,23:25:00.000000,3
2040937_2024-06-03_00:40:00.000000,2024-06-03,00:40:00.000000,3
2040937_2024-06-03_02:40:00.000000,2024-06-03,02:40:00.000000,3
2040940_2024-06-03_06:52:00.000000,2024-06-03,06:52:00.000000,3
2040940_2024-06-03_10:22:00.000000,2024-06-03,10:22:00.000000,3
2040940_2024-06-03_10:52:00.000000,2024-06-03,10:52:00.000000,3
2040940_2024-06-03_14:07:00.000000,2024-06-03,14:07:00.000000,3
2040940_2024-06-03_16:37:00.000000,2024-06-03,16:37:00.000000,3
2040949_2024-06-04_20:42:00.000000,2024-06-04,20:42:00.000000,3
2040949_2024-06-04_21:42:00.000000,2024-06-04,21:42:00.000000,3
2040949_2024-06-05_00:57:00.000000,2024-06-05,00:57:00.000000,3
2040952_2024-06-05_09:06:00.000000,2024-06-05,09:06:00.000000,3
2040952_2024-06-05_16:21:00.000000,2024-06-05,16:21:00.000000,3
2040958_2024-06-06_08:21:00.000000,2024-06-06,08:21:00.000000,3
2040958_2024-06-06_16:36:00.000000,2024-06-06,16:36:00.000000,3
2040967_2024-06-07_18:44:00.000000,2024-06-07,18:44:00.000000,5
2040967_2024-06-07_18:59:00.000000,2024-06-07,18:59:00.000000,5
2040967_2024-06-07_21:59:00.000000,2024-06-07,21:59:00.000000,3
2040967_2024-06-07_23:14:00.000000,2024-06-07,23:14:00.000000,3
2040967_2024-06-08_01:14:00.000000,2024-06-08,01:14:00.000000,2
2040967_2024-06-08_01:29:00.000000,2024-06-08,01:29:00.000000,2
2040967_2024-06-08_01:44:00.000000,2024-06-08,01:44:00.000000,2
2040967_2024-06-08_01:29:00.000000,2024-06-08,01:29:00.000000,4
2040967_2024-06-08_01:44:00.000000,2024-06-08,01:44:00.000000,4
2040967_2024-06-08_01:59:00.000000,2024-06-08,01:59:00.000000,4
2040967_2024-06-08_02:14:00.000000,2024-06-08,02:14:00.000000,4
2040967_2024-06-08_02:29:00.000000,2024-06-08,02:29:00.000000,4
2040967_2024-06-08_02:44:00.000000,2024-06-08,02:44:00.000000,4
2040967_2024-06-08_02:59:00.000000,2024-06-08,02:59:00.000000,3
2040973_2024-06-08_04:50:00.000000,2024-06-08,04:50:00.000000,3
2040973_2024-06-08_07:20:00.000000,2024-06-08,07:20:00.000000,3
2040973_2024-06-08_07:20:00.000000,2024-06-08,07:20:00.000000,3
2040973_2024-06-08_08:20:00.000000,2024-06-08,08:20:00.000000,3
2040973_2024-06-08_09:35:00.000000,2024-06-08,09:35:00.000000,3
2040973_2024-06-08_13:50:00.000000,2024-06-08,13:50:00.000000,3
2040973_2024-06-08_15:20:00.000000,2024-06-08,15:20:00.000000,3
2040973_2024-06-08_17:05:00.000000,2024-06-08,17:05:00.000000,3
2040976_2024-06-08_19:15:00.000000,2024-06-08,19:15:00.000000,3
2040976_2024-06-08_20:00:00.000000,2024-06-08,20:00:00.000000,3
2040976_2024-06-08_20:45:00.000000,2024-06-08,20:45:00.000000,3
2040976_2024-06-08_21:00:00.000000,2024-06-08,21:00:00.000000,3
2040976_2024-06-08_22:45:00.000000,2024-06-08,22:45:00.000000,3
2040976_2024-06-09_00:15:00.000000,2024-06-09,00:15:00.000000,3
2040979_2024-06-09_04:50:00.000000,2024-06-09,04:50:00.000000,3
2040979_2024-06-09_15:05:00.000000,2024-06-09,15:05:00.000000,3
2040985_2024-06-10_06:50:00.000000,2024-06-10,06:50:00.000000,3
2040985_2024-06-10_11:05:00.000000,2024-06-10,11:05:00.000000,3
2040985_2024-06-10_15:20:00.000000,2024-06-10,15:20:00.000000,3
2040985_2024-06-10_17:20:00.000000,2024-06-10,17:20:00.000000,3
2040988_2024-06-10_22:31:00.000000,2024-06-10,22:31:00.000000,3
2040988_2024-06-11_03:01:00.000000,2024-06-11,03:01:00.000000,3
2040991_2024-06-11_08:34:00.000000,2024-06-11,08:34:00.000000,3
2040991_2024-06-11_16:34:00.000000,2024-06-11,16:34:00.000000,3
2040991_2024-06-11_16:34:00.000000,2024-06-11,16:34:00.000000,4
2040991_2024-06-11_17:19:00.000000,2024-06-11,17:19:00.000000,3
2040994_2024-06-11_22:46:00.000000,2024-06-11,22:46:00.000000,2
2040997_2024-06-12_14:04:00.000000,2024-06-12,14:04:00.000000,3
2040997_2024-06-12_15:04:00.000000,2024-06-12,15:04:00.000000,3
2040997_2024-06-12_16:19:00.000000,2024-06-12,16:19:00.000000,3
2040997_2024-06-12_17:19:00.000000,2024-06-12,17:19:00.000000,3
2040997_2024-06-12_17:49:00.000000,2024-06-12,17:49:00.000000,3
2041000_2024-06-13_03:02:00.000000,2024-06-13,03:02:00.000000,3
2041000_2024-06-13_03:47:00.000000,2024-06-13,03:47:00.000000,3
2041006_2024-06-14_04:02:00.000000,2024-06-14,04:02:00.000000,3
2041006_2024-06-14_04:02:00.000000,2024-06-14,04:02:00.000000,3
2041009_2024-06-14_15:19:00.000000,2024-06-14,15:19:00.000000,3
2041009_2024-06-14_15:49:00.000000,2024-06-14,15:49:00.000000,3
2041012_2024-06-14_21:48:00.000000,2024-06-14,21:48:00.000000,3
2041015_2024-06-15_04:49:00.000000,2024-06-15,04:49:00.000000,3
2041015_2024-06-15_06:34:00.000000,2024-06-15,06:34:00.000000,3
2041015_2024-06-15_10:34:00.000000,2024-06-15,10:34:00.000000,3
2041015_2024-06-15_11:04:00.000000,2024-06-15,11:04:00.000000,3
2041015_2024-06-15_16:04:00.000000,2024-06-15,16:04:00.000000,3
2041015_2024-06-15_16:19:00.000000,2024-06-15,16:19:00.000000,3
2041021_2024-06-16_08:49:00.000000,2024-06-16,08:49:00.000000,3
2041021_2024-06-16_16:19:00.000000,2024-06-16,16:19:00.000000,3
2041027_2024-06-17_07:19:00.000000,2024-06-17,07:19:00.000000,3
2041027_2024-06-17_07:49:00.000000,2024-06-17,07:49:00.000000,3
2041027_2024-06-17_10:49:00.000000,2024-06-17,10:49:00.000000,2
2041027_2024-06-17_11:19:00.000000,2024-06-17,11:19:00.000000,3
2041027_2024-06-17_11:49:00.000000,2024-06-17,11:49:00.000000,3
2041027_2024-06-17_16:34:00.000000,2024-06-17,16:34:00.000000,3
2041027_2024-06-17_17:34:00.000000,2024-06-17,17:34:00.000000,3
2041030_2024-06-17_19:19:00.000000,2024-06-17,19:19:00.000000,3
2041030_2024-06-17_21:19:00.000000,2024-06-17,21:19:00.000000,3
2041030_2024-06-17_21:49:00.000000,2024-06-17,21:49:00.000000,3
2041030_2024-06-17_22:49:00.000000,2024-06-17,22:49:00.000000,3
2042040_2024-06-18_13:31:00.000000,2024-06-18,13:31:00.000000,3
2042040_2024-06-18_14:46:00.000000,2024-06-18,14:46:00.000000,3
2042040_2024-06-18_15:31:00.000000,2024-06-18,15:31:00.000000,3
2042040_2024-06-18_17:46:00.000000,2024-06-18,17:46:00.000000,3
2041039_2024-06-19_04:49:00.000000,2024-06-19,04:49:00.000000,3
2041039_2024-06-19_05:49:00.000000,2024-06-19,05:49:00.000000,3
2041039_2024-06-19_07:34:00.000000,2024-06-19,07:34:00.000000,3
2041039_2024-06-19_09:04:00.000000,2024-06-19,09:04:00.000000,3
2041042_2024-06-19_20:20:00.000000,2024-06-19,20:20:00.000000,3
2041042_2024-06-19_21:05:00.000000,2024-06-19,21:05:00.000000,3
2041042_2024-06-20_02:05:00.000000,2024-06-20,02:05:00.000000,3
2041042_2024-06-20_02:20:00.000000,2024-06-20,02:20:00.000000,3
2041042_2024-06-20_03:20:00.000000,2024-06-20,03:20:00.000000,3
2041045_2024-06-20_04:49:00.000000,2024-06-20,04:49:00.000000,3
2041045_2024-06-20_05:04:00.000000,2024-06-20,05:04:00.000000,3
2041045_2024-06-20_05:04:00.000000,2024-06-20,05:04:00.000000,3
2041045_2024-06-20_06:49:00.000000,2024-06-20,06:49:00.000000,3
2041045_2024-06-20_08:49:00.000000,2024-06-20,08:49:00.000000,3
2041045_2024-06-20_10:49:00.000000,2024-06-20,10:49:00.000000,3
2041045_2024-06-20_12:19:00.000000,2024-06-20,12:19:00.000000,3
2041045_2024-06-20_17:19:00.000000,2024-06-20,17:19:00.000000,3
2041045_2024-06-20_17:19:00.000000,2024-06-20,17:19:00.000000,3
2041048_2024-06-20_21:20:00.000000,2024-06-20,21:20:00.000000,3
2041048_2024-06-21_00:20:00.000000,2024-06-21,00:20:00.000000,3
2041048_2024-06-21_02:50:00.000000,2024-06-21,02:50:00.000000,3
2041048_2024-06-21_04:05:00.000000,2024-06-21,04:05:00.000000,3
2041051_2024-06-21_05:50:00.000000,2024-06-21,05:50:00.000000,3
2041051_2024-06-21_07:50:00.000000,2024-06-21,07:50:00.000000,3
2041051_2024-06-21_09:50:00.000000,2024-06-21,09:50:00.000000,3
2041051_2024-06-21_13:50:00.000000,2024-06-21,13:50:00.000000,3
2041051_2024-06-21_14:05:00.000000,2024-06-21,14:05:00.000000,3
2041051_2024-06-21_14:05:00.000000,2024-06-21,14:05:00.000000,3
2041051_2024-06-21_15:50:00.000000,2024-06-21,15:50:00.000000,5
2041051_2024-06-21_15:50:00.000000,2024-06-21,15:50:00.000000,3
2041051_2024-06-21_16:20:00.000000,2024-06-21,16:20:00.000000,3
2041054_2024-06-21_19:50:00.000000,2024-06-21,19:50:00.000000,3
2041054_2024-06-21_22:50:00.000000,2024-06-21,22:50:00.000000,3
2041054_2024-06-21_23:35:00.000000,2024-06-21,23:35:00.000000,2
2041054_2024-06-21_23:50:00.000000,2024-06-21,23:50:00.000000,2
2042148_2024-06-22_06:20:00.000000,2024-06-22,06:20:00.000000,3
2042148_2024-06-22_09:50:00.000000,2024-06-22,09:50:00.000000,3
2042148_2024-06-22_10:20:00.000000,2024-06-22,10:20:00.000000,3
2042148_2024-06-22_10:50:00.000000,2024-06-22,10:50:00.000000,3
2042148_2024-06-22_11:20:00.000000,2024-06-22,11:20:00.000000,3
2042148_2024-06-22_12:05:00.000000,2024-06-22,12:05:00.000000,3
2042151_2024-06-22_19:50:00.000000,2024-06-22,19:50:00.000000,3
2042151_2024-06-22_22:35:00.000000,2024-06-22,22:35:00.000000,3
2042151_2024-06-23_01:05:00.000000,2024-06-23,01:05:00.000000,3
2042151_2024-06-23_01:50:00.000000,2024-06-23,01:50:00.000000,3
2042163_2024-06-24_18:36:00.000000,2024-06-24,18:36:00.000000,3
2042163_2024-06-24_20:51:00.000000,2024-06-24,20:51:00.000000,3
2042163_2024-06-24_22:21:00.000000,2024-06-24,22:21:00.000000,3
2042163_2024-06-24_23:06:00.000000,2024-06-24,23:06:00.000000,3
2042163_2024-06-24_23:21:00.000000,2024-06-24,23:21:00.000000,3
2042163_2024-06-25_00:51:00.000000,2024-06-25,00:51:00.000000,3
2042166_2024-06-25_05:21:00.000000,2024-06-25,05:21:00.000000,3
2042166_2024-06-25_06:06:00.000000,2024-06-25,06:06:00.000000,3
2042166_2024-06-25_06:21:00.000000,2024-06-25,06:21:00.000000,3
2042166_2024-06-25_08:06:00.000000,2024-06-25,08:06:00.000000,3
2042166_2024-06-25_08:21:00.000000,2024-06-25,08:21:00.000000,3
2042166_2024-06-25_09:21:00.000000,2024-06-25,09:21:00.000000,3
2042166_2024-06-25_09:36:00.000000,2024-06-25,09:36:00.000000,3
2042166_2024-06-25_09:51:00.000000,2024-06-25,09:51:00.000000,3
2042166_2024-06-25_11:06:00.000000,2024-06-25,11:06:00.000000,3
2042166_2024-06-25_13:21:00.000000,2024-06-25,13:21:00.000000,3
2042166_2024-06-25_14:21:00.000000,2024-06-25,14:21:00.000000,3
2042166_2024-06-25_14:51:00.000000,2024-06-25,14:51:00.000000,3
2042166_2024-06-25_17:51:00.000000,2024-06-25,17:51:00.000000,3
2042169_2024-06-25_19:36:00.000000,2024-06-25,19:36:00.000000,3
2042169_2024-06-25_20:21:00.000000,2024-06-25,20:21:00.000000,3
2042169_2024-06-25_22:21:00.000000,2024-06-25,22:21:00.000000,3
2042169_2024-06-26_02:06:00.000000,2024-06-26,02:06:00.000000,3
2042172_2024-06-26_10:06:00.000000,2024-06-26,10:06:00.000000,3
2042172_2024-06-26_10:21:00.000000,2024-06-26,10:21:00.000000,3
2042172_2024-06-26_16:21:00.000000,2024-06-26,16:21:00.000000,3
2042175_2024-06-26_19:21:00.000000,2024-06-26,19:21:00.000000,3
2042175_2024-06-26_19:21:00.000000,2024-06-26,19:21:00.000000,3
2042175_2024-06-26_20:06:00.000000,2024-06-26,20:06:00.000000,3
2042175_2024-06-26_20:21:00.000000,2024-06-26,20:21:00.000000,3
2042175_2024-06-26_21:36:00.000000,2024-06-26,21:36:00.000000,3
2042178_2024-06-27_05:07:00.000000,2024-06-27,05:07:00.000000,3
2042178_2024-06-27_06:22:00.000000,2024-06-27,06:22:00.000000,3
2042178_2024-06-27_11:22:00.000000,2024-06-27,11:22:00.000000,3
2042178_2024-06-27_11:37:00.000000,2024-06-27,11:37:00.000000,3
2042178_2024-06-27_13:22:00.000000,2024-06-27,13:22:00.000000,3
2042178_2024-06-27_15:07:00.000000,2024-06-27,15:07:00.000000,5
2042181_2024-06-27_19:06:00.000000,2024-06-27,19:06:00.000000,3
2042181_2024-06-27_23:36:00.000000,2024-06-27,23:36:00.000000,3
2042181_2024-06-27_23:36:00.000000,2024-06-27,23:36:00.000000,5
2042181_2024-06-28_00:06:00.000000,2024-06-28,00:06:00.000000,3
2042181_2024-06-28_01:21:00.000000,2024-06-28,01:21:00.000000,3
2042181_2024-06-28_02:36:00.000000,2024-06-28,02:36:00.000000,3
2042181_2024-06-28_03:21:00.000000,2024-06-28,03:21:00.000000,3
2042187_2024-06-29_01:20:00.000000,2024-06-29,01:20:00.000000,3
2042187_2024-06-29_02:20:00.000000,2024-06-29,02:20:00.000000,3
2042187_2024-06-29_04:20:00.000000,2024-06-29,04:20:00.000000,3
2042190_2024-06-29_06:23:00.000000,2024-06-29,06:23:00.000000,3
2042190_2024-06-29_06:38:00.000000,2024-06-29,06:38:00.000000,3
2042190_2024-06-29_12:53:00.000000,2024-06-29,12:53:00.000000,3
2042193_2024-06-29_22:35:00.000000,2024-06-29,22:35:00.000000,3
2042196_2024-06-30_05:23:00.000000,2024-06-30,05:23:00.000000,3
2042196_2024-06-30_06:23:00.000000,2024-06-30,06:23:00.000000,3
2042196_2024-06-30_07:23:00.000000,2024-06-30,07:23:00.000000,3
2042196_2024-06-30_14:23:00.000000,2024-06-30,14:23:00.000000,3
2042202_2024-07-01_10:54:00.000000,2024-07-01,10:54:00.000000,3
2042202_2024-07-01_11:24:00.000000,2024-07-01,11:24:00.000000,3
2042208_2024-07-02_06:40:00.000000,2024-07-02,06:40:00.000000,3
2042208_2024-07-02_12:25:00.000000,2024-07-02,12:25:00.000000,3
2042208_2024-07-02_12:40:00.000000,2024-07-02,12:40:00.000000,3
2042208_2024-07-02_16:25:00.000000,2024-07-02,16:25:00.000000,3
2042217_2024-07-03_20:34:00.000000,2024-07-03,20:34:00.000000,3
2042217_2024-07-04_03:19:00.000000,2024-07-04,03:19:00.000000,3
2042220_2024-07-04_04:56:00.000000,2024-07-04,04:56:00.000000,3
2042220_2024-07-04_06:56:00.000000,2024-07-04,06:56:00.000000,3
2042220_2024-07-04_10:56:00.000000,2024-07-04,10:56:00.000000,3
2042220_2024-07-04_12:26:00.000000,2024-07-04,12:26:00.000000,3
2042220_2024-07-04_14:26:00.000000,2024-07-04,14:26:00.000000,2
2042220_2024-07-04_14:41:00.000000,2024-07-04,14:41:00.000000,2
2042223_2024-07-04_19:49:00.000000,2024-07-04,19:49:00.000000,3
2042223_2024-07-04_20:04:00.000000,2024-07-04,20:04:00.000000,2
2042223_2024-07-05_00:04:00.000000,2024-07-05,00:04:00.000000,3
2042226_2024-07-05_06:42:00.000000,2024-07-05,06:42:00.000000,3
2042226_2024-07-05_07:42:00.000000,2024-07-05,07:42:00.000000,3
2042226_2024-07-05_12:57:00.000000,2024-07-05,12:57:00.000000,3
2042226_2024-07-05_14:27:00.000000,2024-07-05,14:27:00.000000,3
2042226_2024-07-05_14:57:00.000000,2024-07-05,14:57:00.000000,3
2042226_2024-07-05_15:27:00.000000,2024-07-05,15:27:00.000000,3
2042226_2024-07-05_16:12:00.000000,2024-07-05,16:12:00.000000,3
2042229_2024-07-05_18:49:00.000000,2024-07-05,18:49:00.000000,3
2042229_2024-07-05_19:34:00.000000,2024-07-05,19:34:00.000000,3
2042229_2024-07-05_20:49:00.000000,2024-07-05,20:49:00.000000,3
2042229_2024-07-05_22:04:00.000000,2024-07-05,22:04:00.000000,3
2042232_2024-07-06_04:42:00.000000,2024-07-06,04:42:00.000000,3
2042232_2024-07-06_05:27:00.000000,2024-07-06,05:27:00.000000,3
2042232_2024-07-06_06:57:00.000000,2024-07-06,06:57:00.000000,3
2042232_2024-07-06_08:42:00.000000,2024-07-06,08:42:00.000000,3
2042232_2024-07-06_08:57:00.000000,2024-07-06,08:57:00.000000,3
2042232_2024-07-06_10:12:00.000000,2024-07-06,10:12:00.000000,3
2042232_2024-07-06_11:12:00.000000,2024-07-06,11:12:00.000000,3
2042232_2024-07-06_12:12:00.000000,2024-07-06,12:12:00.000000,3
2042232_2024-07-06_16:57:00.000000,2024-07-06,16:57:00.000000,3
2042232_2024-07-06_18:12:00.000000,2024-07-06,18:12:00.000000,3
2042235_2024-07-06_19:18:00.000000,2024-07-06,19:18:00.000000,3
2042235_2024-07-06_23:03:00.000000,2024-07-06,23:03:00.000000,3
2042235_2024-07-07_01:33:00.000000,2024-07-07,01:33:00.000000,3
2042235_2024-07-07_01:48:00.000000,2024-07-07,01:48:00.000000,3
2042235_2024-07-07_02:48:00.000000,2024-07-07,02:48:00.000000,3
2042238_2024-07-07_06:28:00.000000,2024-07-07,06:28:00.000000,3
2042238_2024-07-07_14:58:00.000000,2024-07-07,14:58:00.000000,3
2042238_2024-07-07_16:13:00.000000,2024-07-07,16:13:00.000000,3
2042241_2024-07-07_19:18:00.000000,2024-07-07,19:18:00.000000,3
2042241_2024-07-07_20:33:00.000000,2024-07-07,20:33:00.000000,3
2042241_2024-07-07_21:18:00.000000,2024-07-07,21:18:00.000000,3
2042241_2024-07-07_21:18:00.000000,2024-07-07,21:18:00.000000,3
2042241_2024-07-08_00:03:00.000000,2024-07-08,00:03:00.000000,3
2042241_2024-07-08_01:18:00.000000,2024-07-08,01:18:00.000000,3
2042244_2024-07-08_07:44:00.000000,2024-07-08,07:44:00.000000,3
2042244_2024-07-08_10:59:00.000000,2024-07-08,10:59:00.000000,3
2042244_2024-07-08_12:59:00.000000,2024-07-08,12:59:00.000000,3
2042244_2024-07-08_14:29:00.000000,2024-07-08,14:29:00.000000,3
2042244_2024-07-08_14:44:00.000000,2024-07-08,14:44:00.000000,3
2042247_2024-07-08_18:47:00.000000,2024-07-08,18:47:00.000000,3
2042247_2024-07-08_19:02:00.000000,2024-07-08,19:02:00.000000,3
2042247_2024-07-08_21:47:00.000000,2024-07-08,21:47:00.000000,3
2042247_2024-07-09_03:02:00.000000,2024-07-09,03:02:00.000000,3
2042250_2024-07-09_08:30:00.000000,2024-07-09,08:30:00.000000,3
2042250_2024-07-09_13:30:00.000000,2024-07-09,13:30:00.000000,3
2042250_2024-07-09_17:00:00.000000,2024-07-09,17:00:00.000000,3
2042262_2024-07-11_06:32:00.000000,2024-07-11,06:32:00.000000,3
2042262_2024-07-11_11:32:00.000000,2024-07-11,11:32:00.000000,3
2042265_2024-07-12_00:30:00.000000,2024-07-12,00:30:00.000000,3
2042839_2024-07-12_15:20:00.000000,2024-07-12,15:20:00.000000,3
2042271_2024-07-13_02:15:00.000000,2024-07-13,02:15:00.000000,3
2042271_2024-07-13_02:30:00.000000,2024-07-13,02:30:00.000000,3
2042271_2024-07-13_03:45:00.000000,2024-07-13,03:45:00.000000,3
2042274_2024-07-13_05:19:00.000000,2024-07-13,05:19:00.000000,3
2042274_2024-07-13_08:49:00.000000,2024-07-13,08:49:00.000000,3
2042274_2024-07-13_10:34:00.000000,2024-07-13,10:34:00.000000,3
2042274_2024-07-13_12:34:00.000000,2024-07-13,12:34:00.000000,2
2042274_2024-07-13_12:49:00.000000,2024-07-13,12:49:00.000000,2
2042274_2024-07-13_12:49:00.000000,2024-07-13,12:49:00.000000,3
2042274_2024-07-13_13:04:00.000000,2024-07-13,13:04:00.000000,3
2042274_2024-07-13_17:49:00.000000,2024-07-13,17:49:00.000000,3
2042277_2024-07-13_18:44:00.000000,2024-07-13,18:44:00.000000,3
2042277_2024-07-13_22:29:00.000000,2024-07-13,22:29:00.000000,3
2042277_2024-07-14_00:44:00.000000,2024-07-14,00:44:00.000000,3
2042277_2024-07-14_02:29:00.000000,2024-07-14,02:29:00.000000,3
2042277_2024-07-14_03:14:00.000000,2024-07-14,03:14:00.000000,3
2042277_2024-07-14_03:59:00.000000,2024-07-14,03:59:00.000000,3
2042280_2024-07-14_14:05:00.000000,2024-07-14,14:05:00.000000,3
2042280_2024-07-14_15:05:00.000000,2024-07-14,15:05:00.000000,3
2042280_2024-07-14_15:20:00.000000,2024-07-14,15:20:00.000000,3
2042280_2024-07-14_16:35:00.000000,2024-07-14,16:35:00.000000,3
2042280_2024-07-14_16:50:00.000000,2024-07-14,16:50:00.000000,3
2042280_2024-07-14_16:35:00.000000,2024-07-14,16:35:00.000000,3
2042280_2024-07-14_17:20:00.000000,2024-07-14,17:20:00.000000,3
2042280_2024-07-14_17:50:00.000000,2024-07-14,17:50:00.000000,3
2042283_2024-07-14_20:58:00.000000,2024-07-14,20:58:00.000000,3
2042283_2024-07-14_21:28:00.000000,2024-07-14,21:28:00.000000,3
2042283_2024-07-14_21:43:00.000000,2024-07-14,21:43:00.000000,3
2042286_2024-07-15_09:21:00.000000,2024-07-15,09:21:00.000000,3
2042289_2024-07-15_19:12:00.000000,2024-07-15,19:12:00.000000,3
2042956_2024-07-16_13:15:00.000000,2024-07-16,13:15:00.000000,3
2042956_2024-07-16_13:15:00.000000,2024-07-16,13:15:00.000000,2
2042956_2024-07-16_13:30:00.000000,2024-07-16,13:30:00.000000,2
2042956_2024-07-16_13:45:00.000000,2024-07-16,13:45:00.000000,2
2042956_2024-07-16_13:30:00.000000,2024-07-16,13:30:00.000000,4
2042956_2024-07-16_13:45:00.000000,2024-07-16,13:45:00.000000,4
2042956_2024-07-16_14:00:00.000000,2024-07-16,14:00:00.000000,4
2042956_2024-07-16_14:15:00.000000,2024-07-16,14:15:00.000000,4
2042956_2024-07-16_14:30:00.000000,2024-07-16,14:30:00.000000,4
2042956_2024-07-16_14:45:00.000000,2024-07-16,14:45:00.000000,4
2042295_2024-07-16_20:41:00.000000,2024-07-16,20:41:00.000000,3
2042295_2024-07-16_21:41:00.000000,2024-07-16,21:41:00.000000,3
2042295_2024-07-16_21:56:00.000000,2024-07-16,21:56:00.000000,2
2042295_2024-07-16_22:11:00.000000,2024-07-16,22:11:00.000000,2
2042295_2024-07-16_22:26:00.000000,2024-07-16,22:26:00.000000,2
2042295_2024-07-16_22:11:00.000000,2024-07-16,22:11:00.000000,4
2042295_2024-07-16_22:26:00.000000,2024-07-16,22:26:00.000000,4
2042295_2024-07-16_22:41:00.000000,2024-07-16,22:41:00.000000,4
2042295_2024-07-16_22:56:00.000000,2024-07-16,22:56:00.000000,4
2042295_2024-07-17_00:11:00.000000,2024-07-17,00:11:00.000000,3
2042295_2024-07-17_02:26:00.000000,2024-07-17,02:26:00.000000,3
2042295_2024-07-17_03:41:00.000000,2024-07-17,03:41:00.000000,3
2042298_2024-07-17_06:08:00.000000,2024-07-17,06:08:00.000000,3
2042298_2024-07-17_06:08:00.000000,2024-07-17,06:08:00.000000,5
2042298_2024-07-17_06:23:00.000000,2024-07-17,06:23:00.000000,3
2042298_2024-07-17_06:38:00.000000,2024-07-17,06:38:00.000000,2
2042298_2024-07-17_06:53:00.000000,2024-07-17,06:53:00.000000,2
2042298_2024-07-17_07:08:00.000000,2024-07-17,07:08:00.000000,4
2042298_2024-07-17_07:23:00.000000,2024-07-17,07:23:00.000000,4
2042298_2024-07-17_07:38:00.000000,2024-07-17,07:38:00.000000,4
2042298_2024-07-17_14:23:00.000000,2024-07-17,14:23:00.000000,3
2042301_2024-07-17_22:25:00.000000,2024-07-17,22:25:00.000000,3
2042301_2024-07-17_23:40:00.000000,2024-07-17,23:40:00.000000,3
2042301_2024-07-18_00:10:00.000000,2024-07-18,00:10:00.000000,3
2042301_2024-07-18_01:25:00.000000,2024-07-18,01:25:00.000000,3
2042301_2024-07-18_04:25:00.000000,2024-07-18,04:25:00.000000,3
2042304_2024-07-18_05:09:00.000000,2024-07-18,05:09:00.000000,3
2042304_2024-07-18_07:09:00.000000,2024-07-18,07:09:00.000000,3
2042304_2024-07-18_10:54:00.000000,2024-07-18,10:54:00.000000,3
2042304_2024-07-18_12:24:00.000000,2024-07-18,12:24:00.000000,3
2042304_2024-07-18_16:24:00.000000,2024-07-18,16:24:00.000000,3
2042304_2024-07-18_16:24:00.000000,2024-07-18,16:24:00.000000,3
2042307_2024-07-18_20:54:00.000000,2024-07-18,20:54:00.000000,3
2042310_2024-07-19_05:55:00.000000,2024-07-19,05:55:00.000000,3
2042310_2024-07-19_08:10:00.000000,2024-07-19,08:10:00.000000,3
2042310_2024-07-19_12:55:00.000000,2024-07-19,12:55:00.000000,3
2042313_2024-07-20_02:38:00.000000,2024-07-20,02:38:00.000000,3
2042313_2024-07-20_02:53:00.000000,2024-07-20,02:53:00.000000,3
2042316_2024-07-20_05:41:00.000000,2024-07-20,05:41:00.000000,3
2042316_2024-07-20_05:56:00.000000,2024-07-20,05:56:00.000000,3
2042316_2024-07-20_06:11:00.000000,2024-07-20,06:11:00.000000,3
2042316_2024-07-20_06:26:00.000000,2024-07-20,06:26:00.000000,3
2042316_2024-07-20_06:41:00.000000,2024-07-20,06:41:00.000000,3
2042316_2024-07-20_06:41:00.000000,2024-07-20,06:41:00.000000,3
2042316_2024-07-20_09:11:00.000000,2024-07-20,09:11:00.000000,3
2042316_2024-07-20_10:11:00.000000,2024-07-20,10:11:00.000000,3
2042316_2024-07-20_14:26:00.000000,2024-07-20,14:26:00.000000,3
2042316_2024-07-20_15:11:00.000000,2024-07-20,15:11:00.000000,3
2042319_2024-07-20_19:07:00.000000,2024-07-20,19:07:00.000000,3
2042319_2024-07-20_22:07:00.000000,2024-07-20,22:07:00.000000,3
2042319_2024-07-20_23:07:00.000000,2024-07-20,23:07:00.000000,3
2042319_2024-07-21_00:37:00.000000,2024-07-21,00:37:00.000000,3
2042319_2024-07-21_01:52:00.000000,2024-07-21,01:52:00.000000,5
2042319_2024-07-21_01:52:00.000000,2024-07-21,01:52:00.000000,5
2042322_2024-07-21_07:42:00.000000,2024-07-21,07:42:00.000000,3
2042322_2024-07-21_10:27:00.000000,2024-07-21,10:27:00.000000,3
2042322_2024-07-21_11:12:00.000000,2024-07-21,11:12:00.000000,3
2042322_2024-07-21_11:27:00.000000,2024-07-21,11:27:00.000000,3
2042322_2024-07-21_12:27:00.000000,2024-07-21,12:27:00.000000,3
2042322_2024-07-21_12:57:00.000000,2024-07-21,12:57:00.000000,3
2042322_2024-07-21_13:27:00.000000,2024-07-21,13:27:00.000000,3
2042322_2024-07-21_15:57:00.000000,2024-07-21,15:57:00.000000,3
2042322_2024-07-21_16:12:00.000000,2024-07-21,16:12:00.000000,3
2042322_2024-07-21_16:27:00.000000,2024-07-21,16:27:00.000000,3
2042322_2024-07-21_16:12:00.000000,2024-07-21,16:12:00.000000,2
2042322_2024-07-21_16:27:00.000000,2024-07-21,16:27:00.000000,2
2042322_2024-07-21_17:12:00.000000,2024-07-21,17:12:00.000000,3
2042325_2024-07-21_18:51:00.000000,2024-07-21,18:51:00.000000,3
2042325_2024-07-21_19:36:00.000000,2024-07-21,19:36:00.000000,3
2042325_2024-07-22_01:21:00.000000,2024-07-22,01:21:00.000000,3
2042325_2024-07-22_01:51:00.000000,2024-07-22,01:51:00.000000,3
2042325_2024-07-22_03:06:00.000000,2024-07-22,03:06:00.000000,3
2042328_2024-07-22_05:43:00.000000,2024-07-22,05:43:00.000000,3
2042328_2024-07-22_09:13:00.000000,2024-07-22,09:13:00.000000,3
2042328_2024-07-22_09:13:00.000000,2024-07-22,09:13:00.000000,5
2042328_2024-07-22_09:13:00.000000,2024-07-22,09:13:00.000000,2
2042328_2024-07-22_09:28:00.000000,2024-07-22,09:28:00.000000,2
2042328_2024-07-22_10:58:00.000000,2024-07-22,10:58:00.000000,3
2042328_2024-07-22_12:58:00.000000,2024-07-22,12:58:00.000000,3
2042328_2024-07-22_14:43:00.000000,2024-07-22,14:43:00.000000,3
2042328_2024-07-22_17:58:00.000000,2024-07-22,17:58:00.000000,3
2042337_2024-07-23_20:34:00.000000,2024-07-23,20:34:00.000000,3
2042337_2024-07-23_23:19:00.000000,2024-07-23,23:19:00.000000,3
2042340_2024-07-24_05:46:00.000000,2024-07-24,05:46:00.000000,3
2042340_2024-07-24_06:46:00.000000,2024-07-24,06:46:00.000000,3
2042340_2024-07-24_07:31:00.000000,2024-07-24,07:31:00.000000,3
2042340_2024-07-24_07:31:00.000000,2024-07-24,07:31:00.000000,5
2042340_2024-07-24_07:31:00.000000,2024-07-24,07:31:00.000000,4
2042340_2024-07-24_07:46:00.000000,2024-07-24,07:46:00.000000,4
2042340_2024-07-24_07:31:00.000000,2024-07-24,07:31:00.000000,2
2042340_2024-07-24_07:46:00.000000,2024-07-24,07:46:00.000000,2
2042340_2024-07-24_08:01:00.000000,2024-07-24,08:01:00.000000,2
2042340_2024-07-24_10:46:00.000000,2024-07-24,10:46:00.000000,3
2042340_2024-07-24_11:16:00.000000,2024-07-24,11:16:00.000000,3
2042340_2024-07-24_11:46:00.000000,2024-07-24,11:46:00.000000,3
2042340_2024-07-24_12:46:00.000000,2024-07-24,12:46:00.000000,3
2042340_2024-07-24_14:01:00.000000,2024-07-24,14:01:00.000000,3
2042340_2024-07-24_16:46:00.000000,2024-07-24,16:46:00.000000,3
2042340_2024-07-24_17:01:00.000000,2024-07-24,17:01:00.000000,3
2042340_2024-07-24_17:16:00.000000,2024-07-24,17:16:00.000000,3
2042340_2024-07-24_17:16:00.000000,2024-07-24,17:16:00.000000,2
2042340_2024-07-24_17:31:00.000000,2024-07-24,17:31:00.000000,2
2042352_2024-07-26_05:18:00.000000,2024-07-26,05:18:00.000000,3
2042352_2024-07-26_08:33:00.000000,2024-07-26,08:33:00.000000,3
2042352_2024-07-26_08:48:00.000000,2024-07-26,08:48:00.000000,3
2042352_2024-07-26_16:48:00.000000,2024-07-26,16:48:00.000000,3
2042352_2024-07-26_17:18:00.000000,2024-07-26,17:18:00.000000,3
2042352_2024-07-26_17:33:00.000000,2024-07-26,17:33:00.000000,3
2042355_2024-07-26_21:00:00.000000,2024-07-26,21:00:00.000000,3
2042355_2024-07-26_21:15:00.000000,2024-07-26,21:15:00.000000,3
2042355_2024-07-26_21:30:00.000000,2024-07-26,21:30:00.000000,3
2042355_2024-07-26_23:15:00.000000,2024-07-26,23:15:00.000000,3
2042355_2024-07-27_00:15:00.000000,2024-07-27,00:15:00.000000,3
2042355_2024-07-27_00:15:00.000000,2024-07-27,00:15:00.000000,3
2042355_2024-07-27_00:15:00.000000,2024-07-27,00:15:00.000000,5
2042355_2024-07-27_01:30:00.000000,2024-07-27,01:30:00.000000,3
2042355_2024-07-27_04:30:00.000000,2024-07-27,04:30:00.000000,2
2042355_2024-07-27_04:45:00.000000,2024-07-27,04:45:00.000000,2
2042355_2024-07-27_04:30:00.000000,2024-07-27,04:30:00.000000,3
2042358_2024-07-27_05:34:00.000000,2024-07-27,05:34:00.000000,2
2042358_2024-07-27_05:49:00.000000,2024-07-27,05:49:00.000000,2
2042358_2024-07-27_06:34:00.000000,2024-07-27,06:34:00.000000,4
2042358_2024-07-27_06:49:00.000000,2024-07-27,06:49:00.000000,4
2042358_2024-07-27_07:04:00.000000,2024-07-27,07:04:00.000000,4
2042358_2024-07-27_07:19:00.000000,2024-07-27,07:19:00.000000,4
2042358_2024-07-27_07:34:00.000000,2024-07-27,07:34:00.000000,4
2042358_2024-07-27_07:49:00.000000,2024-07-27,07:49:00.000000,4
2042358_2024-07-27_06:49:00.000000,2024-07-27,06:49:00.000000,3
2042358_2024-07-27_09:34:00.000000,2024-07-27,09:34:00.000000,3
2042358_2024-07-27_10:49:00.000000,2024-07-27,10:49:00.000000,3
2042358_2024-07-27_17:49:00.000000,2024-07-27,17:49:00.000000,3
2042361_2024-07-27_20:44:00.000000,2024-07-27,20:44:00.000000,3
2042361_2024-07-28_01:44:00.000000,2024-07-28,01:44:00.000000,2
2042361_2024-07-28_01:59:00.000000,2024-07-28,01:59:00.000000,2
2042364_2024-07-28_06:36:00.000000,2024-07-28,06:36:00.000000,3
2042364_2024-07-28_10:36:00.000000,2024-07-28,10:36:00.000000,3
2042367_2024-07-28_18:13:00.000000,2024-07-28,18:13:00.000000,3
2042367_2024-07-29_02:28:00.000000,2024-07-29,02:28:00.000000,2
2042370_2024-07-29_05:07:00.000000,2024-07-29,05:07:00.000000,3
2042370_2024-07-29_05:52:00.000000,2024-07-29,05:52:00.000000,3
2042370_2024-07-29_08:07:00.000000,2024-07-29,08:07:00.000000,3
2042370_2024-07-29_09:37:00.000000,2024-07-29,09:37:00.000000,3
2042370_2024-07-29_12:37:00.000000,2024-07-29,12:37:00.000000,3
2042370_2024-07-29_12:52:00.000000,2024-07-29,12:52:00.000000,3
2042370_2024-07-29_12:52:00.000000,2024-07-29,12:52:00.000000,2
2042370_2024-07-29_13:07:00.000000,2024-07-29,13:07:00.000000,2
2042370_2024-07-29_13:07:00.000000,2024-07-29,13:07:00.000000,4
2042370_2024-07-29_13:22:00.000000,2024-07-29,13:22:00.000000,4
2042370_2024-07-29_14:07:00.000000,2024-07-29,14:07:00.000000,4
2042370_2024-07-29_14:22:00.000000,2024-07-29,14:22:00.000000,4
2042370_2024-07-29_14:37:00.000000,2024-07-29,14:37:00.000000,4
2042370_2024-07-29_14:52:00.000000,2024-07-29,14:52:00.000000,4
2042370_2024-07-29_15:07:00.000000,2024-07-29,15:07:00.000000,4
2042370_2024-07-29_15:22:00.000000,2024-07-29,15:22:00.000000,4
2042370_2024-07-29_17:22:00.000000,2024-07-29,17:22:00.000000,3
2042373_2024-07-29_22:11:00.000000,2024-07-29,22:11:00.000000,3
2043581_2024-07-31_17:07:00.000000,2024-07-31,17:07:00.000000,3
2043542_2024-07-31_18:09:00.000000,2024-07-31,18:09:00.000000,2
2043542_2024-07-31_18:24:00.000000,2024-07-31,18:24:00.000000,2
2043542_2024-07-31_18:09:00.000000,2024-07-31,18:09:00.000000,3
2043542_2024-07-31_18:24:00.000000,2024-07-31,18:24:00.000000,3
2043542_2024-07-31_18:24:00.000000,2024-07-31,18:24:00.000000,4
2043542_2024-07-31_18:39:00.000000,2024-07-31,18:39:00.000000,4
2043542_2024-07-31_18:54:00.000000,2024-07-31,18:54:00.000000,4
2043542_2024-07-31_19:09:00.000000,2024-07-31,19:09:00.000000,4
2043542_2024-07-31_21:39:00.000000,2024-07-31,21:39:00.000000,3
2043542_2024-07-31_23:09:00.000000,2024-07-31,23:09:00.000000,3
2043542_2024-08-01_00:39:00.000000,2024-08-01,00:39:00.000000,3
2043542_2024-08-01_01:39:00.000000,2024-08-01,01:39:00.000000,5
2043542_2024-08-01_02:39:00.000000,2024-08-01,02:39:00.000000,3
2043542_2024-08-01_04:39:00.000000,2024-08-01,04:39:00.000000,3
2043542_2024-08-01_04:39:00.000000,2024-08-01,04:39:00.000000,3
2043545_2024-08-01_05:41:00.000000,2024-08-01,05:41:00.000000,3
2043545_2024-08-01_06:41:00.000000,2024-08-01,06:41:00.000000,3
2043545_2024-08-01_06:56:00.000000,2024-08-01,06:56:00.000000,3
2043545_2024-08-01_06:56:00.000000,2024-08-01,06:56:00.000000,4
2043545_2024-08-01_07:11:00.000000,2024-08-01,07:11:00.000000,4
2043545_2024-08-01_07:26:00.000000,2024-08-01,07:26:00.000000,4
2043545_2024-08-01_07:41:00.000000,2024-08-01,07:41:00.000000,4
2043545_2024-08-01_07:11:00.000000,2024-08-01,07:11:00.000000,2
2043545_2024-08-01_07:56:00.000000,2024-08-01,07:56:00.000000,3
2043545_2024-08-01_12:11:00.000000,2024-08-01,12:11:00.000000,3
2043545_2024-08-01_13:41:00.000000,2024-08-01,13:41:00.000000,3
2043548_2024-08-02_00:37:00.000000,2024-08-02,00:37:00.000000,3
2043548_2024-08-02_00:52:00.000000,2024-08-02,00:52:00.000000,3
2043548_2024-08-02_01:37:00.000000,2024-08-02,01:37:00.000000,3
2043548_2024-08-02_02:22:00.000000,2024-08-02,02:22:00.000000,3
2043548_2024-08-02_02:37:00.000000,2024-08-02,02:37:00.000000,3
2043548_2024-08-02_03:52:00.000000,2024-08-02,03:52:00.000000,3
2043548_2024-08-02_04:22:00.000000,2024-08-02,04:22:00.000000,3
2043548_2024-08-02_04:37:00.000000,2024-08-02,04:37:00.000000,3
2043548_2024-08-02_04:37:00.000000,2024-08-02,04:37:00.000000,2
2043548_2024-08-02_04:52:00.000000,2024-08-02,04:52:00.000000,2
2043548_2024-08-02_04:37:00.000000,2024-08-02,04:37:00.000000,2
2043548_2024-08-02_04:52:00.000000,2024-08-02,04:52:00.000000,2
2043548_2024-08-02_04:52:00.000000,2024-08-02,04:52:00.000000,4
2043551_2024-08-02_05:12:00.000000,2024-08-02,05:12:00.000000,4
2043551_2024-08-02_05:27:00.000000,2024-08-02,05:27:00.000000,4
2043551_2024-08-02_05:42:00.000000,2024-08-02,05:42:00.000000,4
2043551_2024-08-02_05:57:00.000000,2024-08-02,05:57:00.000000,4
2043551_2024-08-02_06:12:00.000000,2024-08-02,06:12:00.000000,4
2043551_2024-08-02_07:42:00.000000,2024-08-02,07:42:00.000000,3
2043551_2024-08-02_07:57:00.000000,2024-08-02,07:57:00.000000,3
2043551_2024-08-02_07:57:00.000000,2024-08-02,07:57:00.000000,3
2043551_2024-08-02_11:12:00.000000,2024-08-02,11:12:00.000000,3
2043551_2024-08-02_12:57:00.000000,2024-08-02,12:57:00.000000,3
2043551_2024-08-02_15:42:00.000000,2024-08-02,15:42:00.000000,3
2043551_2024-08-02_16:27:00.000000,2024-08-02,16:27:00.000000,3
2043551_2024-08-02_17:27:00.000000,2024-08-02,17:27:00.000000,3
2043554_2024-08-02_19:36:00.000000,2024-08-02,19:36:00.000000,3
2043554_2024-08-02_19:51:00.000000,2024-08-02,19:51:00.000000,3
2043554_2024-08-03_01:06:00.000000,2024-08-03,01:06:00.000000,3
2043554_2024-08-03_03:36:00.000000,2024-08-03,03:36:00.000000,3
2043557_2024-08-03_14:43:00.000000,2024-08-03,14:43:00.000000,3
2043557_2024-08-03_15:43:00.000000,2024-08-03,15:43:00.000000,3
2043560_2024-08-03_18:34:00.000000,2024-08-03,18:34:00.000000,3
2043560_2024-08-03_18:34:00.000000,2024-08-03,18:34:00.000000,3
2043560_2024-08-04_04:19:00.000000,2024-08-04,04:19:00.000000,3
2043563_2024-08-04_05:30:00.000000,2024-08-04,05:30:00.000000,3
2043563_2024-08-04_07:45:00.000000,2024-08-04,07:45:00.000000,3
2043563_2024-08-04_08:45:00.000000,2024-08-04,08:45:00.000000,3
2043563_2024-08-04_09:45:00.000000,2024-08-04,09:45:00.000000,3
2043563_2024-08-04_11:30:00.000000,2024-08-04,11:30:00.000000,3
2043563_2024-08-04_15:00:00.000000,2024-08-04,15:00:00.000000,5
2043563_2024-08-04_15:15:00.000000,2024-08-04,15:15:00.000000,5
2043563_2024-08-04_15:00:00.000000,2024-08-04,15:00:00.000000,3
2043563_2024-08-04_17:30:00.000000,2024-08-04,17:30:00.000000,3
2043563_2024-08-04_17:45:00.000000,2024-08-04,17:45:00.000000,3
2043566_2024-08-04_22:03:00.000000,2024-08-04,22:03:00.000000,5
2043566_2024-08-04_22:03:00.000000,2024-08-04,22:03:00.000000,2
2043566_2024-08-04_22:18:00.000000,2024-08-04,22:18:00.000000,2
2043566_2024-08-04_22:03:00.000000,2024-08-04,22:03:00.000000,3
2043566_2024-08-05_02:18:00.000000,2024-08-05,02:18:00.000000,2
2043566_2024-08-05_02:33:00.000000,2024-08-05,02:33:00.000000,2
2043569_2024-08-05_05:16:00.000000,2024-08-05,05:16:00.000000,3
2043569_2024-08-05_05:16:00.000000,2024-08-05,05:16:00.000000,2
2043569_2024-08-05_05:31:00.000000,2024-08-05,05:31:00.000000,2
2043569_2024-08-05_08:46:00.000000,2024-08-05,08:46:00.000000,5
2043569_2024-08-05_08:46:00.000000,2024-08-05,08:46:00.000000,3
2043569_2024-08-05_10:16:00.000000,2024-08-05,10:16:00.000000,3
2043569_2024-08-05_12:01:00.000000,2024-08-05,12:01:00.000000,5
2043569_2024-08-05_12:16:00.000000,2024-08-05,12:16:00.000000,5
2043569_2024-08-05_13:01:00.000000,2024-08-05,13:01:00.000000,3
2043569_2024-08-05_13:16:00.000000,2024-08-05,13:16:00.000000,3
2043569_2024-08-05_13:31:00.000000,2024-08-05,13:31:00.000000,2
2043569_2024-08-05_14:16:00.000000,2024-08-05,14:16:00.000000,3
2043569_2024-08-05_15:16:00.000000,2024-08-05,15:16:00.000000,5
2043569_2024-08-05_15:16:00.000000,2024-08-05,15:16:00.000000,2
2043569_2024-08-05_15:31:00.000000,2024-08-05,15:31:00.000000,2
2043569_2024-08-05_15:46:00.000000,2024-08-05,15:46:00.000000,2
2043569_2024-08-05_16:46:00.000000,2024-08-05,16:46:00.000000,3
2043569_2024-08-05_17:01:00.000000,2024-08-05,17:01:00.000000,3
2043572_2024-08-05_18:31:00.000000,2024-08-05,18:31:00.000000,3
2043572_2024-08-05_19:16:00.000000,2024-08-05,19:16:00.000000,3
2043572_2024-08-05_19:46:00.000000,2024-08-05,19:46:00.000000,3
2043572_2024-08-05_20:46:00.000000,2024-08-05,20:46:00.000000,3
2043572_2024-08-05_23:01:00.000000,2024-08-05,23:01:00.000000,3
2043572_2024-08-05_23:16:00.000000,2024-08-05,23:16:00.000000,3
2043572_2024-08-06_04:31:00.000000,2024-08-06,04:31:00.000000,3
2043572_2024-08-06_04:46:00.000000,2024-08-06,04:46:00.000000,3
2043575_2024-08-06_05:33:00.000000,2024-08-06,05:33:00.000000,3
2043575_2024-08-06_06:03:00.000000,2024-08-06,06:03:00.000000,5
2043575_2024-08-06_08:33:00.000000,2024-08-06,08:33:00.000000,3
2043575_2024-08-06_09:18:00.000000,2024-08-06,09:18:00.000000,3
2043575_2024-08-06_09:48:00.000000,2024-08-06,09:48:00.000000,3
2043578_2024-08-06_22:14:00.000000,2024-08-06,22:14:00.000000,3
2043578_2024-08-06_22:14:00.000000,2024-08-06,22:14:00.000000,5
2043578_2024-08-06_22:59:00.000000,2024-08-06,22:59:00.000000,3
2043578_2024-08-06_23:14:00.000000,2024-08-06,23:14:00.000000,3
2043578_2024-08-07_02:14:00.000000,2024-08-07,02:14:00.000000,3
2043578_2024-08-07_02:14:00.000000,2024-08-07,02:14:00.000000,2
2043578_2024-08-07_02:29:00.000000,2024-08-07,02:29:00.000000,2
2043578_2024-08-07_02:44:00.000000,2024-08-07,02:44:00.000000,2
2043578_2024-08-07_04:14:00.000000,2024-08-07,04:14:00.000000,3
2043991_2024-08-07_10:30:00.000000,2024-08-07,10:30:00.000000,3
2043991_2024-08-07_13:30:00.000000,2024-08-07,13:30:00.000000,3
2043991_2024-08-07_13:45:00.000000,2024-08-07,13:45:00.000000,2
2043991_2024-08-07_14:00:00.000000,2024-08-07,14:00:00.000000,2
2043991_2024-08-07_15:00:00.000000,2024-08-07,15:00:00.000000,3
2043991_2024-08-07_15:45:00.000000,2024-08-07,15:45:00.000000,3
2043841_2024-08-07_18:28:00.000000,2024-08-07,18:28:00.000000,3
2043841_2024-08-07_18:43:00.000000,2024-08-07,18:43:00.000000,3
2043841_2024-08-07_18:43:00.000000,2024-08-07,18:43:00.000000,2
2043841_2024-08-07_18:58:00.000000,2024-08-07,18:58:00.000000,2
2043841_2024-08-07_20:28:00.000000,2024-08-07,20:28:00.000000,3
2043841_2024-08-08_00:43:00.000000,2024-08-08,00:43:00.000000,3
2043841_2024-08-08_03:58:00.000000,2024-08-08,03:58:00.000000,3
2043844_2024-08-08_05:50:00.000000,2024-08-08,05:50:00.000000,3
2043844_2024-08-08_06:20:00.000000,2024-08-08,06:20:00.000000,3
2043844_2024-08-08_06:20:00.000000,2024-08-08,06:20:00.000000,3
2043844_2024-08-08_07:05:00.000000,2024-08-08,07:05:00.000000,3
2043844_2024-08-08_07:05:00.000000,2024-08-08,07:05:00.000000,3
2043844_2024-08-08_07:35:00.000000,2024-08-08,07:35:00.000000,3
2043844_2024-08-08_07:50:00.000000,2024-08-08,07:50:00.000000,3
2043844_2024-08-08_10:05:00.000000,2024-08-08,10:05:00.000000,3
2043847_2024-08-08_19:11:00.000000,2024-08-08,19:11:00.000000,3
2043847_2024-08-08_19:26:00.000000,2024-08-08,19:26:00.000000,3
2043847_2024-08-08_19:26:00.000000,2024-08-08,19:26:00.000000,2
2043847_2024-08-08_19:56:00.000000,2024-08-08,19:56:00.000000,2
2043847_2024-08-08_20:11:00.000000,2024-08-08,20:11:00.000000,2
2043847_2024-08-09_00:11:00.000000,2024-08-09,00:11:00.000000,5
2043850_2024-08-09_07:22:00.000000,2024-08-09,07:22:00.000000,5
2043850_2024-08-09_07:22:00.000000,2024-08-09,07:22:00.000000,3
2043850_2024-08-09_08:22:00.000000,2024-08-09,08:22:00.000000,3
2043850_2024-08-09_09:37:00.000000,2024-08-09,09:37:00.000000,3
2043850_2024-08-09_10:07:00.000000,2024-08-09,10:07:00.000000,3
2043850_2024-08-09_11:52:00.000000,2024-08-09,11:52:00.000000,3
2043850_2024-08-09_12:07:00.000000,2024-08-09,12:07:00.000000,2
2043850_2024-08-09_14:37:00.000000,2024-08-09,14:37:00.000000,3
2043850_2024-08-09_15:07:00.000000,2024-08-09,15:07:00.000000,3
2043850_2024-08-09_15:37:00.000000,2024-08-09,15:37:00.000000,3
2043853_2024-08-09_19:39:00.000000,2024-08-09,19:39:00.000000,3
2043853_2024-08-09_19:54:00.000000,2024-08-09,19:54:00.000000,3
2043853_2024-08-09_20:39:00.000000,2024-08-09,20:39:00.000000,3
2043853_2024-08-09_21:24:00.000000,2024-08-09,21:24:00.000000,2
2043853_2024-08-09_22:54:00.000000,2024-08-09,22:54:00.000000,4
2043853_2024-08-09_23:09:00.000000,2024-08-09,23:09:00.000000,4
2043853_2024-08-09_23:24:00.000000,2024-08-09,23:24:00.000000,4
2043853_2024-08-09_23:39:00.000000,2024-08-09,23:39:00.000000,4
2043853_2024-08-09_23:54:00.000000,2024-08-09,23:54:00.000000,4
2043853_2024-08-09_23:09:00.000000,2024-08-09,23:09:00.000000,3
2043856_2024-08-10_09:08:00.000000,2024-08-10,09:08:00.000000,3
2043856_2024-08-10_16:38:00.000000,2024-08-10,16:38:00.000000,3
2043856_2024-08-10_16:53:00.000000,2024-08-10,16:53:00.000000,3
2043856_2024-08-10_17:08:00.000000,2024-08-10,17:08:00.000000,3
2043856_2024-08-10_17:23:00.000000,2024-08-10,17:23:00.000000,3
2043859_2024-08-10_20:53:00.000000,2024-08-10,20:53:00.000000,3
2043859_2024-08-10_22:38:00.000000,2024-08-10,22:38:00.000000,3
2043859_2024-08-11_02:38:00.000000,2024-08-11,02:38:00.000000,3
2043865_2024-08-12_00:36:00.000000,2024-08-12,00:36:00.000000,3
2043865_2024-08-12_04:21:00.000000,2024-08-12,04:21:00.000000,3
2043868_2024-08-12_07:56:00.000000,2024-08-12,07:56:00.000000,3
2043868_2024-08-12_09:26:00.000000,2024-08-12,09:26:00.000000,3
2043868_2024-08-12_13:56:00.000000,2024-08-12,13:56:00.000000,3
2043871_2024-08-12_18:19:00.000000,2024-08-12,18:19:00.000000,3
2043871_2024-08-12_18:34:00.000000,2024-08-12,18:34:00.000000,5
2043871_2024-08-13_02:34:00.000000,2024-08-13,02:34:00.000000,3
2043871_2024-08-13_02:49:00.000000,2024-08-13,02:49:00.000000,3
2043871_2024-08-13_02:49:00.000000,2024-08-13,02:49:00.000000,3
2043871_2024-08-13_03:49:00.000000,2024-08-13,03:49:00.000000,3
2043874_2024-08-13_06:58:00.000000,2024-08-13,06:58:00.000000,3
2043874_2024-08-13_07:58:00.000000,2024-08-13,07:58:00.000000,3
2043874_2024-08-13_11:58:00.000000,2024-08-13,11:58:00.000000,3
2043874_2024-08-13_14:43:00.000000,2024-08-13,14:43:00.000000,3
2043874_2024-08-13_15:58:00.000000,2024-08-13,15:58:00.000000,3
2043874_2024-08-13_17:13:00.000000,2024-08-13,17:13:00.000000,3
2044342_2024-08-14_06:50:00.000000,2024-08-14,06:50:00.000000,2
2044342_2024-08-14_07:50:00.000000,2024-08-14,07:50:00.000000,3
2044342_2024-08-14_08:05:00.000000,2024-08-14,08:05:00.000000,3
2044342_2024-08-14_13:20:00.000000,2024-08-14,13:20:00.000000,3
2044342_2024-08-14_15:35:00.000000,2024-08-14,15:35:00.000000,3
2044342_2024-08-14_15:35:00.000000,2024-08-14,15:35:00.000000,3
2043883_2024-08-15_03:30:00.000000,2024-08-15,03:30:00.000000,3
2043886_2024-08-15_06:16:00.000000,2024-08-15,06:16:00.000000,3
2043886_2024-08-15_11:46:00.000000,2024-08-15,11:46:00.000000,3
2043889_2024-08-16_04:44:00.000000,2024-08-16,04:44:00.000000,3
2043892_2024-08-16_11:02:00.000000,2024-08-16,11:02:00.000000,3
2043892_2024-08-16_12:47:00.000000,2024-08-16,12:47:00.000000,3
2043892_2024-08-16_13:02:00.000000,2024-08-16,13:02:00.000000,3
2043892_2024-08-16_13:17:00.000000,2024-08-16,13:17:00.000000,3
2043892_2024-08-16_14:17:00.000000,2024-08-16,14:17:00.000000,3
2043895_2024-08-17_00:27:00.000000,2024-08-17,00:27:00.000000,3
2043898_2024-08-17_07:03:00.000000,2024-08-17,07:03:00.000000,3
2043898_2024-08-17_07:18:00.000000,2024-08-17,07:18:00.000000,3
2043898_2024-08-17_10:18:00.000000,2024-08-17,10:18:00.000000,3
2043898_2024-08-17_10:33:00.000000,2024-08-17,10:33:00.000000,3
2043901_2024-08-17_17:40:00.000000,2024-08-17,17:40:00.000000,3
2043901_2024-08-17_18:40:00.000000,2024-08-17,18:40:00.000000,3
2043901_2024-08-17_22:55:00.000000,2024-08-17,22:55:00.000000,3
2043901_2024-08-18_00:25:00.000000,2024-08-18,00:25:00.000000,3
2043901_2024-08-18_04:40:00.000000,2024-08-18,04:40:00.000000,3
2043901_2024-08-18_04:40:00.000000,2024-08-18,04:40:00.000000,3
2043904_2024-08-18_05:35:00.000000,2024-08-18,05:35:00.000000,3
2043904_2024-08-18_05:50:00.000000,2024-08-18,05:50:00.000000,3
2043904_2024-08-18_09:05:00.000000,2024-08-18,09:05:00.000000,3
2043904_2024-08-18_14:35:00.000000,2024-08-18,14:35:00.000000,3
2043907_2024-08-18_21:38:00.000000,2024-08-18,21:38:00.000000,3
2043907_2024-08-18_23:08:00.000000,2024-08-18,23:08:00.000000,3
2043907_2024-08-18_23:23:00.000000,2024-08-18,23:23:00.000000,3
2043907_2024-08-19_00:23:00.000000,2024-08-19,00:23:00.000000,3
2043907_2024-08-19_00:38:00.000000,2024-08-19,00:38:00.000000,3
2043910_2024-08-19_11:51:00.000000,2024-08-19,11:51:00.000000,3
2043916_2024-08-20_05:38:00.000000,2024-08-20,05:38:00.000000,3
2043916_2024-08-20_05:53:00.000000,2024-08-20,05:53:00.000000,3
2043916_2024-08-20_08:23:00.000000,2024-08-20,08:23:00.000000,3
2043916_2024-08-20_09:08:00.000000,2024-08-20,09:08:00.000000,3
2043916_2024-08-20_11:38:00.000000,2024-08-20,11:38:00.000000,3
2043916_2024-08-20_14:23:00.000000,2024-08-20,14:23:00.000000,3
2043919_2024-08-20_21:34:00.000000,2024-08-20,21:34:00.000000,3
2043922_2024-08-21_11:24:00.000000,2024-08-21,11:24:00.000000,3
2043925_2024-08-22_04:02:00.000000,2024-08-22,04:02:00.000000,3
2043925_2024-08-22_04:17:00.000000,2024-08-22,04:17:00.000000,3
2043925_2024-08-22_04:32:00.000000,2024-08-22,04:32:00.000000,3
2043928_2024-08-22_07:26:00.000000,2024-08-22,07:26:00.000000,3
2043928_2024-08-22_09:11:00.000000,2024-08-22,09:11:00.000000,3
2043928_2024-08-22_09:26:00.000000,2024-08-22,09:26:00.000000,3
2043928_2024-08-22_16:11:00.000000,2024-08-22,16:11:00.000000,3
2043928_2024-08-22_17:11:00.000000,2024-08-22,17:11:00.000000,3
2043931_2024-08-22_18:15:00.000000,2024-08-22,18:15:00.000000,3
2043931_2024-08-22_18:30:00.000000,2024-08-22,18:30:00.000000,3
2043931_2024-08-22_20:45:00.000000,2024-08-22,20:45:00.000000,3
2043931_2024-08-22_22:30:00.000000,2024-08-22,22:30:00.000000,3
2043931_2024-08-22_23:15:00.000000,2024-08-22,23:15:00.000000,3
2043931_2024-08-23_00:15:00.000000,2024-08-23,00:15:00.000000,3
2043931_2024-08-23_01:00:00.000000,2024-08-23,01:00:00.000000,3
2043931_2024-08-23_01:15:00.000000,2024-08-23,01:15:00.000000,2
2043931_2024-08-23_01:30:00.000000,2024-08-23,01:30:00.000000,2
2043931_2024-08-23_03:30:00.000000,2024-08-23,03:30:00.000000,2
2043931_2024-08-23_03:45:00.000000,2024-08-23,03:45:00.000000,2
2044755_2024-08-23_10:28:00.000000,2024-08-23,10:28:00.000000,3
2044755_2024-08-23_11:28:00.000000,2024-08-23,11:28:00.000000,3
2044755_2024-08-23_12:28:00.000000,2024-08-23,12:28:00.000000,3
2044755_2024-08-23_13:13:00.000000,2024-08-23,13:13:00.000000,3
2044827_2024-08-25_04:41:00.000000,2024-08-25,04:41:00.000000,5
2044830_2024-08-25_15:16:00.000000,2024-08-25,15:16:00.000000,3
2044830_2024-08-25_17:01:00.000000,2024-08-25,17:01:00.000000,3
2044833_2024-08-25_18:54:00.000000,2024-08-25,18:54:00.000000,3
2044833_2024-08-25_21:24:00.000000,2024-08-25,21:24:00.000000,3
2044833_2024-08-25_22:54:00.000000,2024-08-25,22:54:00.000000,3
2044839_2024-08-26_13:17:00.000000,2024-08-26,13:17:00.000000,3
2044839_2024-08-26_16:32:00.000000,2024-08-26,16:32:00.000000,3
2043955_2024-08-26_22:36:00.000000,2024-08-26,22:36:00.000000,3
2043955_2024-08-26_23:21:00.000000,2024-08-26,23:21:00.000000,3
2043955_2024-08-26_23:36:00.000000,2024-08-26,23:36:00.000000,3
2043964_2024-08-28_08:50:00.000000,2024-08-28,08:50:00.000000,3
2043967_2024-08-28_18:32:00.000000,2024-08-28,18:32:00.000000,3
2043970_2024-08-29_07:22:00.000000,2024-08-29,07:22:00.000000,3
2043973_2024-08-30_00:30:00.000000,2024-08-30,00:30:00.000000,3
2043973_2024-08-30_00:45:00.000000,2024-08-30,00:45:00.000000,3
2043973_2024-08-30_01:00:00.000000,2024-08-30,01:00:00.000000,3
2043973_2024-08-30_02:30:00.000000,2024-08-30,02:30:00.000000,3
2043973_2024-08-30_04:45:00.000000,2024-08-30,04:45:00.000000,3
2043979_2024-08-31_01:28:00.000000,2024-08-31,01:28:00.000000,3
2043979_2024-08-31_04:58:00.000000,2024-08-31,04:58:00.000000,3
862222_2022-05-25_18:15:00.000000,2022-05-25,18:15:00.000000,2
862352_2022-05-28_15:45:00.000000,2022-05-28,15:45:00.000000,2
862352_2022-05-28_16:00:00.000000,2022-05-28,16:00:00.000000,2
867632_2022-08-03_17:00:00.000000,2022-08-03,17:00:00.000000,2
867632_2022-08-03_17:15:00.000000,2022-08-03,17:15:00.000000,2
867640_2022-08-05_06:45:00.000000,2022-08-05,06:45:00.000000,2
867640_2022-08-05_07:00:00.000000,2022-08-05,07:00:00.000000,2
868448_2022-08-18_10:45:00.000000,2022-08-18,10:45:00.000000,2
868448_2022-08-18_11:00:00.000000,2022-08-18,11:00:00.000000,2
868448_2022-08-18_12:00:00.000000,2022-08-18,12:00:00.000000,2
872004_2022-09-23_13:45:00.000000,2022-09-23,13:45:00.000000,2
872004_2022-09-23_14:00:00.000000,2022-09-23,14:00:00.000000,2
873300_2022-10-11_08:45:00.000000,2022-10-11,08:45:00.000000,2
873300_2022-10-11_09:00:00.000000,2022-10-11,09:00:00.000000,2
873300_2022-10-11_11:00:00.000000,2022-10-11,11:00:00.000000,2
876498_2022-11-19_12:41:00.000000,2022-11-19,12:41:00.000000,2
876498_2022-11-19_12:56:00.000000,2022-11-19,12:56:00.000000,2
877600_2022-12-14_08:26:00.000000,2022-12-14,08:26:00.000000,2
880330_2023-01-13_10:11:00.000000,2023-01-13,10:11:00.000000,2
880330_2023-01-13_14:11:00.000000,2023-01-13,14:11:00.000000,2
880334_2023-01-14_12:41:00.000000,2023-01-14,12:41:00.000000,2
881218_2023-02-09_07:11:00.000000,2023-02-09,07:11:00.000000,2
881218_2023-02-09_07:26:00.000000,2023-02-09,07:26:00.000000,2
881218_2023-02-09_08:56:00.000000,2023-02-09,08:56:00.000000,2
888140_2023-05-04_08:26:00.000000,2023-05-04,08:26:00.000000,2
888140_2023-05-04_08:41:00.000000,2023-05-04,08:41:00.000000,2
888144_2023-05-05_06:56:00.000000,2023-05-05,06:56:00.000000,2
888144_2023-05-05_07:11:00.000000,2023-05-05,07:11:00.000000,2
888144_2023-05-05_07:41:00.000000,2023-05-05,07:41:00.000000,2
888144_2023-05-05_07:56:00.000000,2023-05-05,07:56:00.000000,2
888168_2023-05-11_08:56:00.000000,2023-05-11,08:56:00.000000,2
888464_2023-05-17_15:15:00.000000,2023-05-17,15:15:00.000000,2
888484_2023-05-22_13:26:00.000000,2023-05-22,13:26:00.000000,2
888484_2023-05-22_13:41:00.000000,2023-05-22,13:41:00.000000,2
2021311_2023-07-07_09:58:00.000000,2023-07-07,09:58:00.000000,2
2021311_2023-07-07_10:13:00.000000,2023-07-07,10:13:00.000000,2
2021338_2023-07-10_11:45:00.000000,2023-07-10,11:45:00.000000,2
2022421_2023-07-15_09:50:00.000000,2023-07-15,09:50:00.000000,2
2022421_2023-07-15_10:05:00.000000,2023-07-15,10:05:00.000000,2
2022421_2023-07-15_10:20:00.000000,2023-07-15,10:20:00.000000,2
2022421_2023-07-15_16:20:00.000000,2023-07-15,16:20:00.000000,2
2022421_2023-07-15_16:35:00.000000,2023-07-15,16:35:00.000000,2
2022445_2023-07-19_17:09:00.000000,2023-07-19,17:09:00.000000,2
2022445_2023-07-19_17:24:00.000000,2023-07-19,17:24:00.000000,2
2022572_2023-07-24_17:30:00.000000,2023-07-24,17:30:00.000000,2
2022572_2023-07-24_17:45:00.000000,2023-07-24,17:45:00.000000,2
2022572_2023-07-24_18:00:00.000000,2023-07-24,18:00:00.000000,2
2022596_2023-07-28_15:50:00.000000,2023-07-28,15:50:00.000000,2
2022596_2023-07-28_16:05:00.000000,2023-07-28,16:05:00.000000,2
2022602_2023-07-29_07:21:00.000000,2023-07-29,07:21:00.000000,2
2022602_2023-07-29_07:36:00.000000,2023-07-29,07:36:00.000000,2
2022644_2023-08-05_07:00:00.000000,2023-08-05,07:00:00.000000,2
2022644_2023-08-05_07:15:00.000000,2023-08-05,07:15:00.000000,2
2024373_2023-08-17_12:32:00.000000,2023-08-17,12:32:00.000000,2
2024373_2023-08-17_12:47:00.000000,2023-08-17,12:47:00.000000,2
2024391_2023-08-20_06:22:00.000000,2023-08-20,06:22:00.000000,2
2024760_2023-08-26_12:46:00.000000,2023-08-26,12:46:00.000000,2
2025187_2023-09-17_16:07:00.000000,2023-09-17,16:07:00.000000,2
2025205_2023-09-20_14:27:00.000000,2023-09-20,14:27:00.000000,2
2025229_2023-09-24_15:04:00.000000,2023-09-24,15:04:00.000000,2
2028255_2023-11-02_12:27:00.000000,2023-11-02,12:27:00.000000,2
2028693_2024-01-14_11:40:00.000000,2024-01-14,11:40:00.000000,2
2028783_2024-01-29_10:10:00.000000,2024-01-29,10:10:00.000000,2
2028783_2024-01-29_10:25:00.000000,2024-01-29,10:25:00.000000,2
2028807_2024-02-02_11:01:00.000000,2024-02-02,11:01:00.000000,2
2028843_2024-02-08_11:46:00.000000,2024-02-08,11:46:00.000000,2
2028885_2024-02-15_08:59:00.000000,2024-02-15,08:59:00.000000,2
2028885_2024-02-15_09:14:00.000000,2024-02-15,09:14:00.000000,2
2028897_2024-02-17_13:24:00.000000,2024-02-17,13:24:00.000000,2
2028897_2024-02-17_13:39:00.000000,2024-02-17,13:39:00.000000,2
2028963_2024-02-28_08:55:00.000000,2024-02-28,08:55:00.000000,2
2028963_2024-02-28_09:10:00.000000,2024-02-28,09:10:00.000000,2
2029029_2024-03-10_11:57:00.000000,2024-03-10,11:57:00.000000,2
2029029_2024-03-10_12:12:00.000000,2024-03-10,12:12:00.000000,2
2029029_2024-03-10_12:27:00.000000,2024-03-10,12:27:00.000000,2
2029299_2024-04-24_14:14:00.000000,2024-04-24,14:14:00.000000,2
2029299_2024-04-24_14:29:00.000000,2024-04-24,14:29:00.000000,2
2029359_2024-05-04_06:11:00.000000,2024-05-04,06:11:00.000000,2
2029359_2024-05-04_06:26:00.000000,2024-05-04,06:26:00.000000,2
2040132_2024-05-14_12:41:00.000000,2024-05-14,12:41:00.000000,2
2040132_2024-05-14_12:56:00.000000,2024-05-14,12:56:00.000000,2
2040132_2024-05-14_16:41:00.000000,2024-05-14,16:41:00.000000,2
2040132_2024-05-14_16:56:00.000000,2024-05-14,16:56:00.000000,2
2040132_2024-05-14_17:11:00.000000,2024-05-14,17:11:00.000000,2
2040132_2024-05-14_17:26:00.000000,2024-05-14,17:26:00.000000,2
2040132_2024-05-14_17:41:00.000000,2024-05-14,17:41:00.000000,2
2040281_2024-05-27_06:57:00.000000,2024-05-27,06:57:00.000000,2
2040281_2024-05-27_07:12:00.000000,2024-05-27,07:12:00.000000,2
2040281_2024-05-27_07:27:00.000000,2024-05-27,07:27:00.000000,2
2040812_2024-05-29_14:20:00.000000,2024-05-29,14:20:00.000000,2
2040812_2024-05-29_14:35:00.000000,2024-05-29,14:35:00.000000,2
2040812_2024-05-29_14:50:00.000000,2024-05-29,14:50:00.000000,2
2041027_2024-06-17_10:34:00.000000,2024-06-17,10:34:00.000000,2
2041027_2024-06-17_10:49:00.000000,2024-06-17,10:49:00.000000,2
2041027_2024-06-17_11:04:00.000000,2024-06-17,11:04:00.000000,2
2042220_2024-07-04_14:26:00.000000,2024-07-04,14:26:00.000000,2
2042220_2024-07-04_14:41:00.000000,2024-07-04,14:41:00.000000,2
2042274_2024-07-13_12:34:00.000000,2024-07-13,12:34:00.000000,2
2042274_2024-07-13_12:49:00.000000,2024-07-13,12:49:00.000000,2
2042956_2024-07-16_13:15:00.000000,2024-07-16,13:15:00.000000,2
2042956_2024-07-16_13:30:00.000000,2024-07-16,13:30:00.000000,2
2042956_2024-07-16_13:45:00.000000,2024-07-16,13:45:00.000000,2
2042298_2024-07-17_06:23:00.000000,2024-07-17,06:23:00.000000,2
2042298_2024-07-17_06:38:00.000000,2024-07-17,06:38:00.000000,2
2042298_2024-07-17_06:53:00.000000,2024-07-17,06:53:00.000000,2
2042298_2024-07-17_07:08:00.000000,2024-07-17,07:08:00.000000,2
2042322_2024-07-21_16:27:00.000000,2024-07-21,16:27:00.000000,2
2042328_2024-07-22_09:13:00.000000,2024-07-22,09:13:00.000000,2
2042328_2024-07-22_09:28:00.000000,2024-07-22,09:28:00.000000,2
2042340_2024-07-24_07:46:00.000000,2024-07-24,07:46:00.000000,2
2042340_2024-07-24_17:16:00.000000,2024-07-24,17:16:00.000000,2
2042340_2024-07-24_17:31:00.000000,2024-07-24,17:31:00.000000,2
2042358_2024-07-27_05:34:00.000000,2024-07-27,05:34:00.000000,2
2042358_2024-07-27_05:49:00.000000,2024-07-27,05:49:00.000000,2
2042370_2024-07-29_12:52:00.000000,2024-07-29,12:52:00.000000,2
2042370_2024-07-29_13:07:00.000000,2024-07-29,13:07:00.000000,2
2043545_2024-08-01_07:11:00.000000,2024-08-01,07:11:00.000000,2
2043569_2024-08-05_05:16:00.000000,2024-08-05,05:16:00.000000,2
2043569_2024-08-05_05:31:00.000000,2024-08-05,05:31:00.000000,2
2043569_2024-08-05_13:31:00.000000,2024-08-05,13:31:00.000000,2
2043850_2024-08-09_12:07:00.000000,2024-08-09,12:07:00.000000,2
2044342_2024-08-14_06:50:00.000000,2024-08-14,06:50:00.000000,2
2044342_2024-08-14_07:05:00.000000,2024-08-14,07:05:00.000000,2
,18/07/23,17:38,2
858918_2022-05-02_06:30:00.000000,2022-05-02,06:30:00.000000,3
858918_2022-05-02_06:45:00.000000,2022-05-02,06:45:00.000000,3
858918_2022-05-02_07:00:00.000000,2022-05-02,07:00:00.000000,3
858918_2022-05-02_07:15:00.000000,2022-05-02,07:15:00.000000,3
858918_2022-05-02_07:30:00.000000,2022-05-02,07:30:00.000000,3
858918_2022-05-02_07:45:00.000000,2022-05-02,07:45:00.000000,3
858918_2022-05-02_08:00:00.000000,2022-05-02,08:00:00.000000,3
858918_2022-05-02_08:15:00.000000,2022-05-02,08:15:00.000000,3
858918_2022-05-02_08:30:00.000000,2022-05-02,08:30:00.000000,3
858918_2022-05-02_08:45:00.000000,2022-05-02,08:45:00.000000,3
858918_2022-05-02_09:00:00.000000,2022-05-02,09:00:00.000000,3
858918_2022-05-02_09:15:00.000000,2022-05-02,09:15:00.000000,3
858918_2022-05-02_09:30:00.000000,2022-05-02,09:30:00.000000,3
858918_2022-05-02_09:45:00.000000,2022-05-02,09:45:00.000000,3
858918_2022-05-02_10:00:00.000000,2022-05-02,10:00:00.000000,3
858918_2022-05-02_10:15:00.000000,2022-05-02,10:15:00.000000,3
858918_2022-05-02_10:30:00.000000,2022-05-02,10:30:00.000000,3
858918_2022-05-02_10:45:00.000000,2022-05-02,10:45:00.000000,3
858918_2022-05-02_11:00:00.000000,2022-05-02,11:00:00.000000,3
858918_2022-05-02_11:15:00.000000,2022-05-02,11:15:00.000000,3
858918_2022-05-02_11:30:00.000000,2022-05-02,11:30:00.000000,3
858918_2022-05-02_11:45:00.000000,2022-05-02,11:45:00.000000,3
858918_2022-05-02_12:00:00.000000,2022-05-02,12:00:00.000000,3
858918_2022-05-02_12:15:00.000000,2022-05-02,12:15:00.000000,3
858918_2022-05-02_12:30:00.000000,2022-05-02,12:30:00.000000,3
858918_2022-05-02_12:45:00.000000,2022-05-02,12:45:00.000000,3
858918_2022-05-02_13:00:00.000000,2022-05-02,13:00:00.000000,3
858918_2022-05-02_13:15:00.000000,2022-05-02,13:15:00.000000,3
858918_2022-05-02_13:30:00.000000,2022-05-02,13:30:00.000000,3
858918_2022-05-02_13:45:00.000000,2022-05-02,13:45:00.000000,3
858918_2022-05-02_14:00:00.000000,2022-05-02,14:00:00.000000,3
858918_2022-05-02_14:15:00.000000,2022-05-02,14:15:00.000000,3
858918_2022-05-02_14:30:00.000000,2022-05-02,14:30:00.000000,3
858918_2022-05-02_14:45:00.000000,2022-05-02,14:45:00.000000,3
858918_2022-05-02_15:00:00.000000,2022-05-02,15:00:00.000000,3
858918_2022-05-02_15:15:00.000000,2022-05-02,15:15:00.000000,3
858918_2022-05-02_15:30:00.000000,2022-05-02,15:30:00.000000,3
858918_2022-05-02_15:45:00.000000,2022-05-02,15:45:00.000000,3
858918_2022-05-02_16:00:00.000000,2022-05-02,16:00:00.000000,3
859062_2022-05-03_06:30:00.000000,2022-05-03,06:30:00.000000,3
859062_2022-05-03_06:45:00.000000,2022-05-03,06:45:00.000000,3
859062_2022-05-03_07:00:00.000000,2022-05-03,07:00:00.000000,3
859062_2022-05-03_07:15:00.000000,2022-05-03,07:15:00.000000,3
859062_2022-05-03_07:30:00.000000,2022-05-03,07:30:00.000000,3
859062_2022-05-03_07:45:00.000000,2022-05-03,07:45:00.000000,3
859062_2022-05-03_08:00:00.000000,2022-05-03,08:00:00.000000,3
859062_2022-05-03_08:15:00.000000,2022-05-03,08:15:00.000000,3
859062_2022-05-03_08:30:00.000000,2022-05-03,08:30:00.000000,3
859062_2022-05-03_08:45:00.000000,2022-05-03,08:45:00.000000,3
859062_2022-05-03_09:00:00.000000,2022-05-03,09:00:00.000000,3
859062_2022-05-03_09:15:00.000000,2022-05-03,09:15:00.000000,3
859062_2022-05-03_09:30:00.000000,2022-05-03,09:30:00.000000,3
859062_2022-05-03_09:45:00.000000,2022-05-03,09:45:00.000000,3
859062_2022-05-03_10:00:00.000000,2022-05-03,10:00:00.000000,3
859062_2022-05-03_10:15:00.000000,2022-05-03,10:15:00.000000,3
859062_2022-05-03_10:30:00.000000,2022-05-03,10:30:00.000000,3
859062_2022-05-03_10:45:00.000000,2022-05-03,10:45:00.000000,3
859062_2022-05-03_11:00:00.000000,2022-05-03,11:00:00.000000,3
859062_2022-05-03_11:15:00.000000,2022-05-03,11:15:00.000000,3
859062_2022-05-03_11:30:00.000000,2022-05-03,11:30:00.000000,3
859062_2022-05-03_11:45:00.000000,2022-05-03,11:45:00.000000,3
859062_2022-05-03_12:00:00.000000,2022-05-03,12:00:00.000000,3
859062_2022-05-03_12:15:00.000000,2022-05-03,12:15:00.000000,3
859062_2022-05-03_12:30:00.000000,2022-05-03,12:30:00.000000,3
859062_2022-05-03_12:45:00.000000,2022-05-03,12:45:00.000000,3
859062_2022-05-03_13:00:00.000000,2022-05-03,13:00:00.000000,3
859062_2022-05-03_13:15:00.000000,2022-05-03,13:15:00.000000,3
859062_2022-05-03_13:30:00.000000,2022-05-03,13:30:00.000000,5
859062_2022-05-03_13:45:00.000000,2022-05-03,13:45:00.000000,3
859062_2022-05-03_14:00:00.000000,2022-05-03,14:00:00.000000,3
859062_2022-05-03_14:15:00.000000,2022-05-03,14:15:00.000000,3
859062_2022-05-03_14:30:00.000000,2022-05-03,14:30:00.000000,3
859062_2022-05-03_14:45:00.000000,2022-05-03,14:45:00.000000,3
859062_2022-05-03_15:00:00.000000,2022-05-03,15:00:00.000000,3
859062_2022-05-03_15:15:00.000000,2022-05-03,15:15:00.000000,3
859062_2022-05-03_15:30:00.000000,2022-05-03,15:30:00.000000,3
859062_2022-05-03_15:45:00.000000,2022-05-03,15:45:00.000000,3
859062_2022-05-03_16:00:00.000000,2022-05-03,16:00:00.000000,3
859140_2022-05-04_06:30:00.000000,2022-05-04,06:30:00.000000,3
859140_2022-05-04_06:45:00.000000,2022-05-04,06:45:00.000000,3
859140_2022-05-04_07:00:00.000000,2022-05-04,07:00:00.000000,3
859140_2022-05-04_07:15:00.000000,2022-05-04,07:15:00.000000,3
859140_2022-05-04_07:30:00.000000,2022-05-04,07:30:00.000000,3
859140_2022-05-04_07:45:00.000000,2022-05-04,07:45:00.000000,3
859140_2022-05-04_08:00:00.000000,2022-05-04,08:00:00.000000,3
859140_2022-05-04_08:15:00.000000,2022-05-04,08:15:00.000000,3
859140_2022-05-04_08:30:00.000000,2022-05-04,08:30:00.000000,3
859140_2022-05-04_08:45:00.000000,2022-05-04,08:45:00.000000,3
859140_2022-05-04_09:00:00.000000,2022-05-04,09:00:00.000000,3
859140_2022-05-04_09:15:00.000000,2022-05-04,09:15:00.000000,3
859140_2022-05-04_09:30:00.000000,2022-05-04,09:30:00.000000,3
859140_2022-05-04_09:45:00.000000,2022-05-04,09:45:00.000000,3
859140_2022-05-04_10:00:00.000000,2022-05-04,10:00:00.000000,3
859140_2022-05-04_10:15:00.000000,2022-05-04,10:15:00.000000,3
859140_2022-05-04_10:30:00.000000,2022-05-04,10:30:00.000000,3
859140_2022-05-04_10:45:00.000000,2022-05-04,10:45:00.000000,3
859140_2022-05-04_11:00:00.000000,2022-05-04,11:00:00.000000,3
859140_2022-05-04_11:15:00.000000,2022-05-04,11:15:00.000000,3
859140_2022-05-04_11:30:00.000000,2022-05-04,11:30:00.000000,3
859140_2022-05-04_11:45:00.000000,2022-05-04,11:45:00.000000,3
859140_2022-05-04_12:00:00.000000,2022-05-04,12:00:00.000000,3
859140_2022-05-04_12:15:00.000000,2022-05-04,12:15:00.000000,3
859140_2022-05-04_12:30:00.000000,2022-05-04,12:30:00.000000,3
859140_2022-05-04_12:45:00.000000,2022-05-04,12:45:00.000000,3
859140_2022-05-04_13:00:00.000000,2022-05-04,13:00:00.000000,3
859140_2022-05-04_13:15:00.000000,2022-05-04,13:15:00.000000,3
859140_2022-05-04_13:30:00.000000,2022-05-04,13:30:00.000000,3
859140_2022-05-04_13:45:00.000000,2022-05-04,13:45:00.000000,3
859140_2022-05-04_14:00:00.000000,2022-05-04,14:00:00.000000,3
859140_2022-05-04_14:15:00.000000,2022-05-04,14:15:00.000000,3
859140_2022-05-04_14:30:00.000000,2022-05-04,14:30:00.000000,3
859140_2022-05-04_14:45:00.000000,2022-05-04,14:45:00.000000,3
859140_2022-05-04_15:00:00.000000,2022-05-04,15:00:00.000000,3
859140_2022-05-04_15:15:00.000000,2022-05-04,15:15:00.000000,3
859140_2022-05-04_15:30:00.000000,2022-05-04,15:30:00.000000,3
859140_2022-05-04_15:45:00.000000,2022-05-04,15:45:00.000000,3
859140_2022-05-04_16:00:00.000000,2022-05-04,16:00:00.000000,3
859344_2022-05-05_06:30:00.000000,2022-05-05,06:30:00.000000,3
859344_2022-05-05_06:45:00.000000,2022-05-05,06:45:00.000000,3
859344_2022-05-05_07:00:00.000000,2022-05-05,07:00:00.000000,3
859344_2022-05-05_07:15:00.000000,2022-05-05,07:15:00.000000,3
859344_2022-05-05_07:30:00.000000,2022-05-05,07:30:00.000000,3
859344_2022-05-05_07:45:00.000000,2022-05-05,07:45:00.000000,3
859344_2022-05-05_08:00:00.000000,2022-05-05,08:00:00.000000,3
859344_2022-05-05_08:15:00.000000,2022-05-05,08:15:00.000000,3
859344_2022-05-05_08:30:00.000000,2022-05-05,08:30:00.000000,3
859344_2022-05-05_08:45:00.000000,2022-05-05,08:45:00.000000,3
859344_2022-05-05_09:00:00.000000,2022-05-05,09:00:00.000000,3
859344_2022-05-05_09:15:00.000000,2022-05-05,09:15:00.000000,3
859344_2022-05-05_09:30:00.000000,2022-05-05,09:30:00.000000,3
859344_2022-05-05_09:45:00.000000,2022-05-05,09:45:00.000000,3
859344_2022-05-05_10:00:00.000000,2022-05-05,10:00:00.000000,3
859344_2022-05-05_10:15:00.000000,2022-05-05,10:15:00.000000,3
859344_2022-05-05_10:30:00.000000,2022-05-05,10:30:00.000000,3
859344_2022-05-05_10:45:00.000000,2022-05-05,10:45:00.000000,3
859344_2022-05-05_11:00:00.000000,2022-05-05,11:00:00.000000,3
859344_2022-05-05_11:15:00.000000,2022-05-05,11:15:00.000000,3
859344_2022-05-05_11:30:00.000000,2022-05-05,11:30:00.000000,3
859344_2022-05-05_11:45:00.000000,2022-05-05,11:45:00.000000,3
859344_2022-05-05_12:00:00.000000,2022-05-05,12:00:00.000000,3
859344_2022-05-05_12:15:00.000000,2022-05-05,12:15:00.000000,3
859344_2022-05-05_12:30:00.000000,2022-05-05,12:30:00.000000,3
859344_2022-05-05_12:45:00.000000,2022-05-05,12:45:00.000000,3
859344_2022-05-05_13:00:00.000000,2022-05-05,13:00:00.000000,3
859364_2022-05-05_13:00:00.000000,2022-05-05,13:00:00.000000,3
859344_2022-05-05_13:15:00.000000,2022-05-05,13:15:00.000000,3
859344_2022-05-05_13:30:00.000000,2022-05-05,13:30:00.000000,3
859344_2022-05-05_13:45:00.000000,2022-05-05,13:45:00.000000,3
859344_2022-05-05_14:00:00.000000,2022-05-05,14:00:00.000000,3
859344_2022-05-05_14:15:00.000000,2022-05-05,14:15:00.000000,3
859344_2022-05-05_14:30:00.000000,2022-05-05,14:30:00.000000,3
859344_2022-05-05_14:45:00.000000,2022-05-05,14:45:00.000000,3
859344_2022-05-05_15:00:00.000000,2022-05-05,15:00:00.000000,3
859344_2022-05-05_15:15:00.000000,2022-05-05,15:15:00.000000,3
859344_2022-05-05_15:30:00.000000,2022-05-05,15:30:00.000000,3
859344_2022-05-05_15:45:00.000000,2022-05-05,15:45:00.000000,3
859344_2022-05-05_16:00:00.000000,2022-05-05,16:00:00.000000,3
859340_2022-05-06_06:30:00.000000,2022-05-06,06:30:00.000000,3
859340_2022-05-06_06:45:00.000000,2022-05-06,06:45:00.000000,3
859340_2022-05-06_07:00:00.000000,2022-05-06,07:00:00.000000,3
859340_2022-05-06_07:15:00.000000,2022-05-06,07:15:00.000000,3
859340_2022-05-06_07:30:00.000000,2022-05-06,07:30:00.000000,3
859340_2022-05-06_07:45:00.000000,2022-05-06,07:45:00.000000,3
859340_2022-05-06_08:00:00.000000,2022-05-06,08:00:00.000000,3
859340_2022-05-06_08:15:00.000000,2022-05-06,08:15:00.000000,3
859340_2022-05-06_08:30:00.000000,2022-05-06,08:30:00.000000,3
859340_2022-05-06_08:45:00.000000,2022-05-06,08:45:00.000000,3
859340_2022-05-06_09:00:00.000000,2022-05-06,09:00:00.000000,3
859340_2022-05-06_09:15:00.000000,2022-05-06,09:15:00.000000,3
859340_2022-05-06_09:30:00.000000,2022-05-06,09:30:00.000000,3
859340_2022-05-06_09:45:00.000000,2022-05-06,09:45:00.000000,3
859340_2022-05-06_10:00:00.000000,2022-05-06,10:00:00.000000,3
859340_2022-05-06_10:15:00.000000,2022-05-06,10:15:00.000000,3
859340_2022-05-06_10:30:00.000000,2022-05-06,10:30:00.000000,3
859340_2022-05-06_10:45:00.000000,2022-05-06,10:45:00.000000,3
859340_2022-05-06_11:00:00.000000,2022-05-06,11:00:00.000000,3
859340_2022-05-06_11:15:00.000000,2022-05-06,11:15:00.000000,3
859340_2022-05-06_11:30:00.000000,2022-05-06,11:30:00.000000,3
859340_2022-05-06_11:45:00.000000,2022-05-06,11:45:00.000000,3
859340_2022-05-06_12:00:00.000000,2022-05-06,12:00:00.000000,3
859340_2022-05-06_12:15:00.000000,2022-05-06,12:15:00.000000,3
859340_2022-05-06_12:30:00.000000,2022-05-06,12:30:00.000000,3
859340_2022-05-06_12:45:00.000000,2022-05-06,12:45:00.000000,3
859340_2022-05-06_13:00:00.000000,2022-05-06,13:00:00.000000,3
859340_2022-05-06_13:15:00.000000,2022-05-06,13:15:00.000000,3
859340_2022-05-06_13:30:00.000000,2022-05-06,13:30:00.000000,3
859340_2022-05-06_13:45:00.000000,2022-05-06,13:45:00.000000,3
859340_2022-05-06_14:00:00.000000,2022-05-06,14:00:00.000000,3
859340_2022-05-06_14:15:00.000000,2022-05-06,14:15:00.000000,3
859340_2022-05-06_14:30:00.000000,2022-05-06,14:30:00.000000,3
859340_2022-05-06_14:45:00.000000,2022-05-06,14:45:00.000000,3
859340_2022-05-06_15:00:00.000000,2022-05-06,15:00:00.000000,3
859340_2022-05-06_15:15:00.000000,2022-05-06,15:15:00.000000,3
859340_2022-05-06_15:30:00.000000,2022-05-06,15:30:00.000000,3
859340_2022-05-06_15:45:00.000000,2022-05-06,15:45:00.000000,3
859340_2022-05-06_16:00:00.000000,2022-05-06,16:00:00.000000,3
859336_2022-05-07_06:30:00.000000,2022-05-07,06:30:00.000000,3
859336_2022-05-07_06:45:00.000000,2022-05-07,06:45:00.000000,3
859336_2022-05-07_07:00:00.000000,2022-05-07,07:00:00.000000,3
859336_2022-05-07_07:15:00.000000,2022-05-07,07:15:00.000000,3
859336_2022-05-07_07:30:00.000000,2022-05-07,07:30:00.000000,3
859336_2022-05-07_07:45:00.000000,2022-05-07,07:45:00.000000,3
859336_2022-05-07_08:00:00.000000,2022-05-07,08:00:00.000000,3
859336_2022-05-07_08:15:00.000000,2022-05-07,08:15:00.000000,3
859336_2022-05-07_08:30:00.000000,2022-05-07,08:30:00.000000,3
859336_2022-05-07_08:45:00.000000,2022-05-07,08:45:00.000000,3
859336_2022-05-07_09:00:00.000000,2022-05-07,09:00:00.000000,3
859336_2022-05-07_09:15:00.000000,2022-05-07,09:15:00.000000,3
859336_2022-05-07_09:30:00.000000,2022-05-07,09:30:00.000000,3
859336_2022-05-07_09:45:00.000000,2022-05-07,09:45:00.000000,1
859336_2022-05-07_10:00:00.000000,2022-05-07,10:00:00.000000,3
859336_2022-05-07_10:15:00.000000,2022-05-07,10:15:00.000000,3
859336_2022-05-07_10:30:00.000000,2022-05-07,10:30:00.000000,3
859336_2022-05-07_10:45:00.000000,2022-05-07,10:45:00.000000,1
859336_2022-05-07_11:00:00.000000,2022-05-07,11:00:00.000000,3
859336_2022-05-07_11:15:00.000000,2022-05-07,11:15:00.000000,1
859336_2022-05-07_11:30:00.000000,2022-05-07,11:30:00.000000,3
859336_2022-05-07_11:45:00.000000,2022-05-07,11:45:00.000000,3
859336_2022-05-07_12:00:00.000000,2022-05-07,12:00:00.000000,3
859336_2022-05-07_12:15:00.000000,2022-05-07,12:15:00.000000,3
859336_2022-05-07_12:30:00.000000,2022-05-07,12:30:00.000000,3
859336_2022-05-07_12:45:00.000000,2022-05-07,12:45:00.000000,3
859336_2022-05-07_13:00:00.000000,2022-05-07,13:00:00.000000,3
859336_2022-05-07_13:15:00.000000,2022-05-07,13:15:00.000000,3
859336_2022-05-07_13:30:00.000000,2022-05-07,13:30:00.000000,3
859336_2022-05-07_13:45:00.000000,2022-05-07,13:45:00.000000,3
859336_2022-05-07_14:00:00.000000,2022-05-07,14:00:00.000000,3
859336_2022-05-07_14:15:00.000000,2022-05-07,14:15:00.000000,3
859336_2022-05-07_14:30:00.000000,2022-05-07,14:30:00.000000,3
859336_2022-05-07_14:45:00.000000,2022-05-07,14:45:00.000000,3
859336_2022-05-07_15:00:00.000000,2022-05-07,15:00:00.000000,3
859336_2022-05-07_15:15:00.000000,2022-05-07,15:15:00.000000,3
859336_2022-05-07_15:30:00.000000,2022-05-07,15:30:00.000000,3
859336_2022-05-07_15:45:00.000000,2022-05-07,15:45:00.000000,3
859336_2022-05-07_16:00:00.000000,2022-05-07,16:00:00.000000,3
859332_2022-05-08_06:30:00.000000,2022-05-08,06:30:00.000000,1
859332_2022-05-08_06:45:00.000000,2022-05-08,06:45:00.000000,3
859332_2022-05-08_07:00:00.000000,2022-05-08,07:00:00.000000,3
859332_2022-05-08_07:15:00.000000,2022-05-08,07:15:00.000000,1
859332_2022-05-08_07:30:00.000000,2022-05-08,07:30:00.000000,3
859332_2022-05-08_07:45:00.000000,2022-05-08,07:45:00.000000,3
859332_2022-05-08_08:00:00.000000,2022-05-08,08:00:00.000000,3
859332_2022-05-08_08:15:00.000000,2022-05-08,08:15:00.000000,3
859332_2022-05-08_08:30:00.000000,2022-05-08,08:30:00.000000,3
859332_2022-05-08_08:45:00.000000,2022-05-08,08:45:00.000000,1
859332_2022-05-08_09:00:00.000000,2022-05-08,09:00:00.000000,1
859332_2022-05-08_09:15:00.000000,2022-05-08,09:15:00.000000,1
859332_2022-05-08_09:30:00.000000,2022-05-08,09:30:00.000000,3
859332_2022-05-08_09:45:00.000000,2022-05-08,09:45:00.000000,3
859332_2022-05-08_10:00:00.000000,2022-05-08,10:00:00.000000,3
859332_2022-05-08_10:15:00.000000,2022-05-08,10:15:00.000000,5
859332_2022-05-08_10:30:00.000000,2022-05-08,10:30:00.000000,1
859332_2022-05-08_10:45:00.000000,2022-05-08,10:45:00.000000,3
859332_2022-05-08_11:00:00.000000,2022-05-08,11:00:00.000000,1
859332_2022-05-08_11:15:00.000000,2022-05-08,11:15:00.000000,1
859332_2022-05-08_11:30:00.000000,2022-05-08,11:30:00.000000,1
859332_2022-05-08_11:45:00.000000,2022-05-08,11:45:00.000000,3
859332_2022-05-08_12:00:00.000000,2022-05-08,12:00:00.000000,3
859332_2022-05-08_12:15:00.000000,2022-05-08,12:15:00.000000,3
859332_2022-05-08_12:30:00.000000,2022-05-08,12:30:00.000000,1
859332_2022-05-08_12:45:00.000000,2022-05-08,12:45:00.000000,1
859332_2022-05-08_13:00:00.000000,2022-05-08,13:00:00.000000,1
859332_2022-05-08_13:15:00.000000,2022-05-08,13:15:00.000000,3
859332_2022-05-08_13:30:00.000000,2022-05-08,13:30:00.000000,3
859332_2022-05-08_13:45:00.000000,2022-05-08,13:45:00.000000,1
859332_2022-05-08_14:00:00.000000,2022-05-08,14:00:00.000000,3
859332_2022-05-08_14:15:00.000000,2022-05-08,14:15:00.000000,3
859332_2022-05-08_14:30:00.000000,2022-05-08,14:30:00.000000,3
859332_2022-05-08_14:45:00.000000,2022-05-08,14:45:00.000000,1
859332_2022-05-08_15:00:00.000000,2022-05-08,15:00:00.000000,1
859332_2022-05-08_15:15:00.000000,2022-05-08,15:15:00.000000,3
859332_2022-05-08_15:30:00.000000,2022-05-08,15:30:00.000000,3
859332_2022-05-08_15:45:00.000000,2022-05-08,15:45:00.000000,3
859332_2022-05-08_16:00:00.000000,2022-05-08,16:00:00.000000,3
859328_2022-05-09_06:30:00.000000,2022-05-09,06:30:00.000000,3
859328_2022-05-09_06:45:00.000000,2022-05-09,06:45:00.000000,3
859328_2022-05-09_07:00:00.000000,2022-05-09,07:00:00.000000,3
859328_2022-05-09_07:15:00.000000,2022-05-09,07:15:00.000000,3
859328_2022-05-09_07:30:00.000000,2022-05-09,07:30:00.000000,3
859328_2022-05-09_07:45:00.000000,2022-05-09,07:45:00.000000,1
859328_2022-05-09_08:00:00.000000,2022-05-09,08:00:00.000000,1
859328_2022-05-09_08:15:00.000000,2022-05-09,08:15:00.000000,3
859328_2022-05-09_08:30:00.000000,2022-05-09,08:30:00.000000,3
859328_2022-05-09_08:45:00.000000,2022-05-09,08:45:00.000000,3
859328_2022-05-09_09:00:00.000000,2022-05-09,09:00:00.000000,3
859328_2022-05-09_09:15:00.000000,2022-05-09,09:15:00.000000,5
859328_2022-05-09_09:30:00.000000,2022-05-09,09:30:00.000000,1
859328_2022-05-09_09:45:00.000000,2022-05-09,09:45:00.000000,1
859328_2022-05-09_10:00:00.000000,2022-05-09,10:00:00.000000,3
859328_2022-05-09_10:15:00.000000,2022-05-09,10:15:00.000000,1
859328_2022-05-09_10:30:00.000000,2022-05-09,10:30:00.000000,3
859328_2022-05-09_10:45:00.000000,2022-05-09,10:45:00.000000,3
859328_2022-05-09_11:00:00.000000,2022-05-09,11:00:00.000000,3
859328_2022-05-09_11:15:00.000000,2022-05-09,11:15:00.000000,3
859328_2022-05-09_11:30:00.000000,2022-05-09,11:30:00.000000,1
859328_2022-05-09_11:45:00.000000,2022-05-09,11:45:00.000000,3
859328_2022-05-09_12:00:00.000000,2022-05-09,12:00:00.000000,3
859328_2022-05-09_12:15:00.000000,2022-05-09,12:15:00.000000,3
859328_2022-05-09_12:30:00.000000,2022-05-09,12:30:00.000000,3
859328_2022-05-09_12:45:00.000000,2022-05-09,12:45:00.000000,3
859328_2022-05-09_13:00:00.000000,2022-05-09,13:00:00.000000,3
859328_2022-05-09_13:15:00.000000,2022-05-09,13:15:00.000000,3
859328_2022-05-09_13:30:00.000000,2022-05-09,13:30:00.000000,3
859328_2022-05-09_13:45:00.000000,2022-05-09,13:45:00.000000,3
859328_2022-05-09_14:00:00.000000,2022-05-09,14:00:00.000000,3
859328_2022-05-09_14:15:00.000000,2022-05-09,14:15:00.000000,3
859328_2022-05-09_14:30:00.000000,2022-05-09,14:30:00.000000,1
859328_2022-05-09_14:45:00.000000,2022-05-09,14:45:00.000000,3
859328_2022-05-09_15:00:00.000000,2022-05-09,15:00:00.000000,3
859328_2022-05-09_15:15:00.000000,2022-05-09,15:15:00.000000,3
859328_2022-05-09_15:30:00.000000,2022-05-09,15:30:00.000000,3
859328_2022-05-09_15:45:00.000000,2022-05-09,15:45:00.000000,3
859328_2022-05-09_16:00:00.000000,2022-05-09,16:00:00.000000,5
859690_2022-05-11_07:52:44.000000,2022-05-11,07:52:44.000000,3
859690_2022-05-11_08:07:44.000000,2022-05-11,08:07:44.000000,3
859690_2022-05-11_08:22:44.000000,2022-05-11,08:22:44.000000,3
859690_2022-05-11_08:37:44.000000,2022-05-11,08:37:44.000000,1
859690_2022-05-11_08:52:44.000000,2022-05-11,08:52:44.000000,3
859690_2022-05-11_09:07:44.000000,2022-05-11,09:07:44.000000,2
859690_2022-05-11_09:22:44.000000,2022-05-11,09:22:44.000000,3
859690_2022-05-11_09:37:44.000000,2022-05-11,09:37:44.000000,3
859690_2022-05-11_09:52:44.000000,2022-05-11,09:52:44.000000,3
859690_2022-05-11_10:07:44.000000,2022-05-11,10:07:44.000000,1
859690_2022-05-11_10:22:44.000000,2022-05-11,10:22:44.000000,1
859690_2022-05-11_10:37:44.000000,2022-05-11,10:37:44.000000,1
859690_2022-05-11_10:52:44.000000,2022-05-11,10:52:44.000000,1
859690_2022-05-11_11:07:44.000000,2022-05-11,11:07:44.000000,1
859690_2022-05-11_11:22:44.000000,2022-05-11,11:22:44.000000,3
859690_2022-05-11_11:37:44.000000,2022-05-11,11:37:44.000000,3
859690_2022-05-11_11:52:44.000000,2022-05-11,11:52:44.000000,1
859690_2022-05-11_12:07:44.000000,2022-05-11,12:07:44.000000,3
859690_2022-05-11_12:22:44.000000,2022-05-11,12:22:44.000000,3
859690_2022-05-11_12:37:44.000000,2022-05-11,12:37:44.000000,1
859690_2022-05-11_12:52:44.000000,2022-05-11,12:52:44.000000,3
859690_2022-05-11_13:07:44.000000,2022-05-11,13:07:44.000000,3
859690_2022-05-11_13:22:44.000000,2022-05-11,13:22:44.000000,3
859690_2022-05-11_13:37:44.000000,2022-05-11,13:37:44.000000,3
859690_2022-05-11_13:52:44.000000,2022-05-11,13:52:44.000000,3
859690_2022-05-11_14:07:44.000000,2022-05-11,14:07:44.000000,3
859690_2022-05-11_14:22:44.000000,2022-05-11,14:22:44.000000,3
859690_2022-05-11_14:37:44.000000,2022-05-11,14:37:44.000000,3
859690_2022-05-11_14:52:44.000000,2022-05-11,14:52:44.000000,3
859690_2022-05-11_15:07:44.000000,2022-05-11,15:07:44.000000,3
859690_2022-05-11_15:22:44.000000,2022-05-11,15:22:44.000000,1
859690_2022-05-11_15:37:44.000000,2022-05-11,15:37:44.000000,5
859690_2022-05-11_15:52:44.000000,2022-05-11,15:52:44.000000,3
859690_2022-05-11_16:07:44.000000,2022-05-11,16:07:44.000000,3
859690_2022-05-11_16:22:44.000000,2022-05-11,16:22:44.000000,3
859690_2022-05-11_16:37:44.000000,2022-05-11,16:37:44.000000,3
859690_2022-05-11_16:52:44.000000,2022-05-11,16:52:44.000000,3
859690_2022-05-11_17:07:44.000000,2022-05-11,17:07:44.000000,3
859690_2022-05-11_17:22:44.000000,2022-05-11,17:22:44.000000,3
859702_2022-05-12_06:30:00.000000,2022-05-12,06:30:00.000000,3
859702_2022-05-12_06:45:00.000000,2022-05-12,06:45:00.000000,3
859728_2022-05-12_07:00:00.000000,2022-05-12,07:00:00.000000,1
859726_2022-05-12_07:00:00.000000,2022-05-12,07:00:00.000000,6
859702_2022-05-12_07:00:00.000000,2022-05-12,07:00:00.000000,1
859728_2022-05-12_07:15:00.000000,2022-05-12,07:15:00.000000,1
859702_2022-05-12_07:15:00.000000,2022-05-12,07:15:00.000000,1
859728_2022-05-12_07:30:00.000000,2022-05-12,07:30:00.000000,1
859726_2022-05-12_07:30:00.000000,2022-05-12,07:30:00.000000,3
859702_2022-05-12_07:30:00.000000,2022-05-12,07:30:00.000000,3
859728_2022-05-12_07:45:00.000000,2022-05-12,07:45:00.000000,1
859702_2022-05-12_07:45:00.000000,2022-05-12,07:45:00.000000,3
859728_2022-05-12_08:00:00.000000,2022-05-12,08:00:00.000000,1
859726_2022-05-12_08:00:00.000000,2022-05-12,08:00:00.000000,1
859702_2022-05-12_08:00:00.000000,2022-05-12,08:00:00.000000,1
859728_2022-05-12_08:15:00.000000,2022-05-12,08:15:00.000000,1
859702_2022-05-12_08:15:00.000000,2022-05-12,08:15:00.000000,1
859728_2022-05-12_08:30:00.000000,2022-05-12,08:30:00.000000,1
859726_2022-05-12_08:30:00.000000,2022-05-12,08:30:00.000000,3
859702_2022-05-12_08:30:00.000000,2022-05-12,08:30:00.000000,1
859728_2022-05-12_08:45:00.000000,2022-05-12,08:45:00.000000,1
859702_2022-05-12_08:45:00.000000,2022-05-12,08:45:00.000000,3
859728_2022-05-12_09:00:00.000000,2022-05-12,09:00:00.000000,1
859726_2022-05-12_09:00:00.000000,2022-05-12,09:00:00.000000,3
859702_2022-05-12_09:00:00.000000,2022-05-12,09:00:00.000000,3
859728_2022-05-12_09:15:00.000000,2022-05-12,09:15:00.000000,1
859702_2022-05-12_09:15:00.000000,2022-05-12,09:15:00.000000,1
859728_2022-05-12_09:30:00.000000,2022-05-12,09:30:00.000000,1
859726_2022-05-12_09:30:00.000000,2022-05-12,09:30:00.000000,3
859702_2022-05-12_09:30:00.000000,2022-05-12,09:30:00.000000,1
859728_2022-05-12_09:45:00.000000,2022-05-12,09:45:00.000000,1
859702_2022-05-12_09:45:00.000000,2022-05-12,09:45:00.000000,3
859728_2022-05-12_10:00:00.000000,2022-05-12,10:00:00.000000,1
859726_2022-05-12_10:00:00.000000,2022-05-12,10:00:00.000000,3
859702_2022-05-12_10:00:00.000000,2022-05-12,10:00:00.000000,3
859728_2022-05-12_10:15:00.000000,2022-05-12,10:15:00.000000,1
859702_2022-05-12_10:15:00.000000,2022-05-12,10:15:00.000000,3
859728_2022-05-12_10:30:00.000000,2022-05-12,10:30:00.000000,1
859726_2022-05-12_10:30:00.000000,2022-05-12,10:30:00.000000,3
859702_2022-05-12_10:30:00.000000,2022-05-12,10:30:00.000000,3
859728_2022-05-12_10:45:00.000000,2022-05-12,10:45:00.000000,1
859702_2022-05-12_10:45:00.000000,2022-05-12,10:45:00.000000,1
859728_2022-05-12_11:00:00.000000,2022-05-12,11:00:00.000000,1
859726_2022-05-12_11:00:00.000000,2022-05-12,11:00:00.000000,3
859702_2022-05-12_11:00:00.000000,2022-05-12,11:00:00.000000,1
859728_2022-05-12_11:15:00.000000,2022-05-12,11:15:00.000000,1
859702_2022-05-12_11:15:00.000000,2022-05-12,11:15:00.000000,3
859728_2022-05-12_11:30:00.000000,2022-05-12,11:30:00.000000,1
859726_2022-05-12_11:30:00.000000,2022-05-12,11:30:00.000000,3
859702_2022-05-12_11:30:00.000000,2022-05-12,11:30:00.000000,1
859728_2022-05-12_11:45:00.000000,2022-05-12,11:45:00.000000,1
859702_2022-05-12_11:45:00.000000,2022-05-12,11:45:00.000000,3
859728_2022-05-12_12:00:00.000000,2022-05-12,12:00:00.000000,2
859726_2022-05-12_12:00:00.000000,2022-05-12,12:00:00.000000,3
859702_2022-05-12_12:00:00.000000,2022-05-12,12:00:00.000000,3
859728_2022-05-12_12:15:00.000000,2022-05-12,12:15:00.000000,1
859702_2022-05-12_12:15:00.000000,2022-05-12,12:15:00.000000,3
859728_2022-05-12_12:30:00.000000,2022-05-12,12:30:00.000000,1
859726_2022-05-12_12:30:00.000000,2022-05-12,12:30:00.000000,3
859702_2022-05-12_12:30:00.000000,2022-05-12,12:30:00.000000,3
859728_2022-05-12_12:45:00.000000,2022-05-12,12:45:00.000000,1
859702_2022-05-12_12:45:00.000000,2022-05-12,12:45:00.000000,3
859728_2022-05-12_13:00:00.000000,2022-05-12,13:00:00.000000,1
859726_2022-05-12_13:00:00.000000,2022-05-12,13:00:00.000000,3
859702_2022-05-12_13:00:00.000000,2022-05-12,13:00:00.000000,1
859728_2022-05-12_13:15:00.000000,2022-05-12,13:15:00.000000,1
859702_2022-05-12_13:15:00.000000,2022-05-12,13:15:00.000000,1
859728_2022-05-12_13:30:00.000000,2022-05-12,13:30:00.000000,1
859726_2022-05-12_13:30:00.000000,2022-05-12,13:30:00.000000,6
859702_2022-05-12_13:30:00.000000,2022-05-12,13:30:00.000000,1
859728_2022-05-12_13:45:00.000000,2022-05-12,13:45:00.000000,1
859702_2022-05-12_13:45:00.000000,2022-05-12,13:45:00.000000,1
859728_2022-05-12_14:00:00.000000,2022-05-12,14:00:00.000000,1
859726_2022-05-12_14:00:00.000000,2022-05-12,14:00:00.000000,3
859702_2022-05-12_14:00:00.000000,2022-05-12,14:00:00.000000,1
859728_2022-05-12_14:15:00.000000,2022-05-12,14:15:00.000000,1
859702_2022-05-12_14:15:00.000000,2022-05-12,14:15:00.000000,1
859728_2022-05-12_14:30:00.000000,2022-05-12,14:30:00.000000,1
859702_2022-05-12_14:30:00.000000,2022-05-12,14:30:00.000000,1
859702_2022-05-12_14:45:00.000000,2022-05-12,14:45:00.000000,1
859702_2022-05-12_15:00:00.000000,2022-05-12,15:00:00.000000,3
859702_2022-05-12_15:15:00.000000,2022-05-12,15:15:00.000000,1
859702_2022-05-12_15:30:00.000000,2022-05-12,15:30:00.000000,1
859702_2022-05-12_15:45:00.000000,2022-05-12,15:45:00.000000,1
859702_2022-05-12_16:00:00.000000,2022-05-12,16:00:00.000000,1
859736_2022-05-13_06:30:00.000000,2022-05-13,06:30:00.000000,3
859736_2022-05-13_06:45:00.000000,2022-05-13,06:45:00.000000,3
859736_2022-05-13_07:00:00.000000,2022-05-13,07:00:00.000000,3
859736_2022-05-13_07:15:00.000000,2022-05-13,07:15:00.000000,3
859736_2022-05-13_07:30:00.000000,2022-05-13,07:30:00.000000,3
859736_2022-05-13_07:45:00.000000,2022-05-13,07:45:00.000000,3
859736_2022-05-13_08:00:00.000000,2022-05-13,08:00:00.000000,3
859736_2022-05-13_08:15:00.000000,2022-05-13,08:15:00.000000,1
859736_2022-05-13_08:30:00.000000,2022-05-13,08:30:00.000000,1
859736_2022-05-13_08:45:00.000000,2022-05-13,08:45:00.000000,3
859736_2022-05-13_09:00:00.000000,2022-05-13,09:00:00.000000,3
859736_2022-05-13_09:15:00.000000,2022-05-13,09:15:00.000000,3
859736_2022-05-13_09:30:00.000000,2022-05-13,09:30:00.000000,3
859736_2022-05-13_09:45:00.000000,2022-05-13,09:45:00.000000,3
859736_2022-05-13_10:00:00.000000,2022-05-13,10:00:00.000000,1
859736_2022-05-13_10:15:00.000000,2022-05-13,10:15:00.000000,3
859736_2022-05-13_10:30:00.000000,2022-05-13,10:30:00.000000,3
859736_2022-05-13_10:45:00.000000,2022-05-13,10:45:00.000000,3
859736_2022-05-13_11:00:00.000000,2022-05-13,11:00:00.000000,3
859736_2022-05-13_11:15:00.000000,2022-05-13,11:15:00.000000,3
859736_2022-05-13_11:30:00.000000,2022-05-13,11:30:00.000000,3
859736_2022-05-13_11:45:00.000000,2022-05-13,11:45:00.000000,1
859736_2022-05-13_12:00:00.000000,2022-05-13,12:00:00.000000,1
859736_2022-05-13_12:15:00.000000,2022-05-13,12:15:00.000000,3
859736_2022-05-13_12:30:00.000000,2022-05-13,12:30:00.000000,3
859736_2022-05-13_12:45:00.000000,2022-05-13,12:45:00.000000,3
859736_2022-05-13_13:00:00.000000,2022-05-13,13:00:00.000000,1
859736_2022-05-13_13:15:00.000000,2022-05-13,13:15:00.000000,3
859736_2022-05-13_13:30:00.000000,2022-05-13,13:30:00.000000,1
859736_2022-05-13_13:45:00.000000,2022-05-13,13:45:00.000000,3
859736_2022-05-13_14:00:00.000000,2022-05-13,14:00:00.000000,3
859736_2022-05-13_14:15:00.000000,2022-05-13,14:15:00.000000,3
859736_2022-05-13_14:30:00.000000,2022-05-13,14:30:00.000000,3
859736_2022-05-13_14:45:00.000000,2022-05-13,14:45:00.000000,3
859736_2022-05-13_15:00:00.000000,2022-05-13,15:00:00.000000,1
859736_2022-05-13_15:15:00.000000,2022-05-13,15:15:00.000000,3
859736_2022-05-13_15:30:00.000000,2022-05-13,15:30:00.000000,1
859736_2022-05-13_15:45:00.000000,2022-05-13,15:45:00.000000,3
859736_2022-05-13_16:00:00.000000,2022-05-13,16:00:00.000000,1
860142_2022-05-14_06:30:00.000000,2022-05-14,06:30:00.000000,3
860142_2022-05-14_06:45:00.000000,2022-05-14,06:45:00.000000,3
860142_2022-05-14_07:00:00.000000,2022-05-14,07:00:00.000000,3
860142_2022-05-14_07:15:00.000000,2022-05-14,07:15:00.000000,3
860142_2022-05-14_07:30:00.000000,2022-05-14,07:30:00.000000,3
860142_2022-05-14_07:45:00.000000,2022-05-14,07:45:00.000000,3
860142_2022-05-14_08:00:00.000000,2022-05-14,08:00:00.000000,3
860142_2022-05-14_08:15:00.000000,2022-05-14,08:15:00.000000,3
860142_2022-05-14_08:30:00.000000,2022-05-14,08:30:00.000000,3
860142_2022-05-14_08:45:00.000000,2022-05-14,08:45:00.000000,3
860142_2022-05-14_09:00:00.000000,2022-05-14,09:00:00.000000,3
860142_2022-05-14_09:15:00.000000,2022-05-14,09:15:00.000000,3
860142_2022-05-14_09:30:00.000000,2022-05-14,09:30:00.000000,3
860142_2022-05-14_09:45:00.000000,2022-05-14,09:45:00.000000,3
860142_2022-05-14_10:00:00.000000,2022-05-14,10:00:00.000000,1
860142_2022-05-14_10:15:00.000000,2022-05-14,10:15:00.000000,3
860142_2022-05-14_10:30:00.000000,2022-05-14,10:30:00.000000,3
860142_2022-05-14_10:45:00.000000,2022-05-14,10:45:00.000000,3
860142_2022-05-14_11:00:00.000000,2022-05-14,11:00:00.000000,3
860142_2022-05-14_11:15:00.000000,2022-05-14,11:15:00.000000,3
860142_2022-05-14_11:30:00.000000,2022-05-14,11:30:00.000000,3
860142_2022-05-14_11:45:00.000000,2022-05-14,11:45:00.000000,3
860142_2022-05-14_12:00:00.000000,2022-05-14,12:00:00.000000,3
860142_2022-05-14_12:15:00.000000,2022-05-14,12:15:00.000000,3
860142_2022-05-14_12:30:00.000000,2022-05-14,12:30:00.000000,3
860142_2022-05-14_12:45:00.000000,2022-05-14,12:45:00.000000,3
860142_2022-05-14_13:00:00.000000,2022-05-14,13:00:00.000000,3
860142_2022-05-14_13:15:00.000000,2022-05-14,13:15:00.000000,3
860142_2022-05-14_13:30:00.000000,2022-05-14,13:30:00.000000,3
860142_2022-05-14_13:45:00.000000,2022-05-14,13:45:00.000000,3
860142_2022-05-14_14:00:00.000000,2022-05-14,14:00:00.000000,3
860142_2022-05-14_14:15:00.000000,2022-05-14,14:15:00.000000,3
860142_2022-05-14_14:30:00.000000,2022-05-14,14:30:00.000000,3
860142_2022-05-14_14:45:00.000000,2022-05-14,14:45:00.000000,3
860142_2022-05-14_15:00:00.000000,2022-05-14,15:00:00.000000,3
860142_2022-05-14_15:15:00.000000,2022-05-14,15:15:00.000000,3
860142_2022-05-14_15:30:00.000000,2022-05-14,15:30:00.000000,3
860142_2022-05-14_15:45:00.000000,2022-05-14,15:45:00.000000,3
860142_2022-05-14_16:00:00.000000,2022-05-14,16:00:00.000000,3
860286_2022-05-15_06:30:00.000000,2022-05-15,06:30:00.000000,3
860286_2022-05-15_06:45:00.000000,2022-05-15,06:45:00.000000,3
860286_2022-05-15_07:00:00.000000,2022-05-15,07:00:00.000000,3
860286_2022-05-15_07:15:00.000000,2022-05-15,07:15:00.000000,3
860286_2022-05-15_07:30:00.000000,2022-05-15,07:30:00.000000,3
860286_2022-05-15_07:45:00.000000,2022-05-15,07:45:00.000000,3
860286_2022-05-15_08:00:00.000000,2022-05-15,08:00:00.000000,3
860286_2022-05-15_08:15:00.000000,2022-05-15,08:15:00.000000,3
860286_2022-05-15_08:30:00.000000,2022-05-15,08:30:00.000000,3
860286_2022-05-15_08:45:00.000000,2022-05-15,08:45:00.000000,3
860286_2022-05-15_09:00:00.000000,2022-05-15,09:00:00.000000,3
860286_2022-05-15_09:15:00.000000,2022-05-15,09:15:00.000000,3
860286_2022-05-15_09:30:00.000000,2022-05-15,09:30:00.000000,3
860286_2022-05-15_09:45:00.000000,2022-05-15,09:45:00.000000,3
860286_2022-05-15_10:00:00.000000,2022-05-15,10:00:00.000000,5
860286_2022-05-15_10:15:00.000000,2022-05-15,10:15:00.000000,5
860286_2022-05-15_10:30:00.000000,2022-05-15,10:30:00.000000,3
860286_2022-05-15_10:45:00.000000,2022-05-15,10:45:00.000000,3
860286_2022-05-15_11:00:00.000000,2022-05-15,11:00:00.000000,5
860286_2022-05-15_11:15:00.000000,2022-05-15,11:15:00.000000,3
860286_2022-05-15_11:30:00.000000,2022-05-15,11:30:00.000000,3
860286_2022-05-15_11:45:00.000000,2022-05-15,11:45:00.000000,3
860286_2022-05-15_12:00:00.000000,2022-05-15,12:00:00.000000,3
860286_2022-05-15_12:15:00.000000,2022-05-15,12:15:00.000000,5
860286_2022-05-15_12:30:00.000000,2022-05-15,12:30:00.000000,5
860286_2022-05-15_12:45:00.000000,2022-05-15,12:45:00.000000,3
860286_2022-05-15_13:00:00.000000,2022-05-15,13:00:00.000000,3
860286_2022-05-15_13:15:00.000000,2022-05-15,13:15:00.000000,3
860286_2022-05-15_13:30:00.000000,2022-05-15,13:30:00.000000,3
860286_2022-05-15_13:45:00.000000,2022-05-15,13:45:00.000000,3
860286_2022-05-15_14:00:00.000000,2022-05-15,14:00:00.000000,3
860286_2022-05-15_14:15:00.000000,2022-05-15,14:15:00.000000,3
860286_2022-05-15_14:30:00.000000,2022-05-15,14:30:00.000000,3
860286_2022-05-15_14:45:00.000000,2022-05-15,14:45:00.000000,3
860286_2022-05-15_15:00:00.000000,2022-05-15,15:00:00.000000,1
860286_2022-05-15_15:15:00.000000,2022-05-15,15:15:00.000000,1
860286_2022-05-15_15:30:00.000000,2022-05-15,15:30:00.000000,3
860286_2022-05-15_15:45:00.000000,2022-05-15,15:45:00.000000,1
860286_2022-05-15_16:00:00.000000,2022-05-15,16:00:00.000000,5
860282_2022-05-16_06:30:00.000000,2022-05-16,06:30:00.000000,1
860282_2022-05-16_06:45:00.000000,2022-05-16,06:45:00.000000,5
860282_2022-05-16_07:00:00.000000,2022-05-16,07:00:00.000000,5
860282_2022-05-16_07:15:00.000000,2022-05-16,07:15:00.000000,5
860282_2022-05-16_07:30:00.000000,2022-05-16,07:30:00.000000,5
860282_2022-05-16_07:45:00.000000,2022-05-16,07:45:00.000000,5
860282_2022-05-16_08:00:00.000000,2022-05-16,08:00:00.000000,5
860282_2022-05-16_08:15:00.000000,2022-05-16,08:15:00.000000,5
860282_2022-05-16_08:30:00.000000,2022-05-16,08:30:00.000000,5
860282_2022-05-16_08:45:00.000000,2022-05-16,08:45:00.000000,3
860282_2022-05-16_09:00:00.000000,2022-05-16,09:00:00.000000,3
860282_2022-05-16_09:15:00.000000,2022-05-16,09:15:00.000000,3
860282_2022-05-16_09:30:00.000000,2022-05-16,09:30:00.000000,3
860282_2022-05-16_09:45:00.000000,2022-05-16,09:45:00.000000,3
860282_2022-05-16_10:00:00.000000,2022-05-16,10:00:00.000000,3
860282_2022-05-16_10:15:00.000000,2022-05-16,10:15:00.000000,3
860282_2022-05-16_10:30:00.000000,2022-05-16,10:30:00.000000,3
860282_2022-05-16_10:45:00.000000,2022-05-16,10:45:00.000000,3
860282_2022-05-16_11:00:00.000000,2022-05-16,11:00:00.000000,3
860282_2022-05-16_11:15:00.000000,2022-05-16,11:15:00.000000,3
860282_2022-05-16_11:30:00.000000,2022-05-16,11:30:00.000000,3
860282_2022-05-16_11:45:00.000000,2022-05-16,11:45:00.000000,3
860282_2022-05-16_12:00:00.000000,2022-05-16,12:00:00.000000,3
860282_2022-05-16_12:15:00.000000,2022-05-16,12:15:00.000000,3
860282_2022-05-16_12:30:00.000000,2022-05-16,12:30:00.000000,3
860282_2022-05-16_12:45:00.000000,2022-05-16,12:45:00.000000,3
860282_2022-05-16_13:00:00.000000,2022-05-16,13:00:00.000000,3
860282_2022-05-16_13:15:00.000000,2022-05-16,13:15:00.000000,3
860282_2022-05-16_13:30:00.000000,2022-05-16,13:30:00.000000,3
860282_2022-05-16_13:45:00.000000,2022-05-16,13:45:00.000000,1
860282_2022-05-16_14:00:00.000000,2022-05-16,14:00:00.000000,3
860282_2022-05-16_14:15:00.000000,2022-05-16,14:15:00.000000,3
860282_2022-05-16_14:30:00.000000,2022-05-16,14:30:00.000000,3
860282_2022-05-16_14:45:00.000000,2022-05-16,14:45:00.000000,3
860282_2022-05-16_15:00:00.000000,2022-05-16,15:00:00.000000,3
860282_2022-05-16_15:15:00.000000,2022-05-16,15:15:00.000000,3
860282_2022-05-16_15:30:00.000000,2022-05-16,15:30:00.000000,3
860282_2022-05-16_15:45:00.000000,2022-05-16,15:45:00.000000,3
860282_2022-05-16_16:00:00.000000,2022-05-16,16:00:00.000000,3
860528_2022-05-17_06:30:00.000000,2022-05-17,06:30:00.000000,3
860528_2022-05-17_06:45:00.000000,2022-05-17,06:45:00.000000,5
860528_2022-05-17_07:00:00.000000,2022-05-17,07:00:00.000000,3
860528_2022-05-17_07:15:00.000000,2022-05-17,07:15:00.000000,3
860528_2022-05-17_07:30:00.000000,2022-05-17,07:30:00.000000,3
860528_2022-05-17_07:45:00.000000,2022-05-17,07:45:00.000000,3
860528_2022-05-17_08:00:00.000000,2022-05-17,08:00:00.000000,5
860528_2022-05-17_08:15:00.000000,2022-05-17,08:15:00.000000,3
860528_2022-05-17_08:30:00.000000,2022-05-17,08:30:00.000000,3
860528_2022-05-17_08:45:00.000000,2022-05-17,08:45:00.000000,1
860528_2022-05-17_09:00:00.000000,2022-05-17,09:00:00.000000,1
860528_2022-05-17_09:15:00.000000,2022-05-17,09:15:00.000000,1
860528_2022-05-17_09:30:00.000000,2022-05-17,09:30:00.000000,1
860528_2022-05-17_09:45:00.000000,2022-05-17,09:45:00.000000,1
860528_2022-05-17_10:00:00.000000,2022-05-17,10:00:00.000000,1
860528_2022-05-17_10:15:00.000000,2022-05-17,10:15:00.000000,1
860528_2022-05-17_10:30:00.000000,2022-05-17,10:30:00.000000,3
860528_2022-05-17_10:45:00.000000,2022-05-17,10:45:00.000000,3
860528_2022-05-17_11:00:00.000000,2022-05-17,11:00:00.000000,3
860528_2022-05-17_11:15:00.000000,2022-05-17,11:15:00.000000,3
860528_2022-05-17_11:30:00.000000,2022-05-17,11:30:00.000000,3
860528_2022-05-17_11:45:00.000000,2022-05-17,11:45:00.000000,3
860528_2022-05-17_12:00:00.000000,2022-05-17,12:00:00.000000,3
860528_2022-05-17_12:15:00.000000,2022-05-17,12:15:00.000000,3
860528_2022-05-17_12:30:00.000000,2022-05-17,12:30:00.000000,3
860528_2022-05-17_12:45:00.000000,2022-05-17,12:45:00.000000,3
860528_2022-05-17_13:00:00.000000,2022-05-17,13:00:00.000000,3
860528_2022-05-17_13:15:00.000000,2022-05-17,13:15:00.000000,3
860528_2022-05-17_13:30:00.000000,2022-05-17,13:30:00.000000,3
860528_2022-05-17_13:45:00.000000,2022-05-17,13:45:00.000000,3
860528_2022-05-17_14:00:00.000000,2022-05-17,14:00:00.000000,3
860528_2022-05-17_14:15:00.000000,2022-05-17,14:15:00.000000,3
860528_2022-05-17_14:30:00.000000,2022-05-17,14:30:00.000000,3
860528_2022-05-17_14:45:00.000000,2022-05-17,14:45:00.000000,3
860528_2022-05-17_15:00:00.000000,2022-05-17,15:00:00.000000,3
860528_2022-05-17_15:15:00.000000,2022-05-17,15:15:00.000000,3
860528_2022-05-17_15:30:00.000000,2022-05-17,15:30:00.000000,3
860528_2022-05-17_15:45:00.000000,2022-05-17,15:45:00.000000,3
860528_2022-05-17_16:00:00.000000,2022-05-17,16:00:00.000000,3
860524_2022-05-18_06:30:00.000000,2022-05-18,06:30:00.000000,3
860524_2022-05-18_06:45:00.000000,2022-05-18,06:45:00.000000,3
860524_2022-05-18_07:00:00.000000,2022-05-18,07:00:00.000000,3
860524_2022-05-18_07:15:00.000000,2022-05-18,07:15:00.000000,3
860524_2022-05-18_07:30:00.000000,2022-05-18,07:30:00.000000,3
860524_2022-05-18_07:45:00.000000,2022-05-18,07:45:00.000000,3
860524_2022-05-18_08:00:00.000000,2022-05-18,08:00:00.000000,3
860524_2022-05-18_08:15:00.000000,2022-05-18,08:15:00.000000,3
860524_2022-05-18_08:30:00.000000,2022-05-18,08:30:00.000000,3
860524_2022-05-18_08:45:00.000000,2022-05-18,08:45:00.000000,3
860524_2022-05-18_09:00:00.000000,2022-05-18,09:00:00.000000,3
860524_2022-05-18_09:15:00.000000,2022-05-18,09:15:00.000000,3
860524_2022-05-18_09:30:00.000000,2022-05-18,09:30:00.000000,3
860524_2022-05-18_09:45:00.000000,2022-05-18,09:45:00.000000,3
860524_2022-05-18_10:00:00.000000,2022-05-18,10:00:00.000000,3
860524_2022-05-18_10:15:00.000000,2022-05-18,10:15:00.000000,3
860524_2022-05-18_10:30:00.000000,2022-05-18,10:30:00.000000,3
860524_2022-05-18_10:45:00.000000,2022-05-18,10:45:00.000000,3
860524_2022-05-18_11:00:00.000000,2022-05-18,11:00:00.000000,3
860524_2022-05-18_11:15:00.000000,2022-05-18,11:15:00.000000,3
860524_2022-05-18_11:30:00.000000,2022-05-18,11:30:00.000000,3
860524_2022-05-18_11:45:00.000000,2022-05-18,11:45:00.000000,3
860524_2022-05-18_12:00:00.000000,2022-05-18,12:00:00.000000,3
860524_2022-05-18_12:15:00.000000,2022-05-18,12:15:00.000000,3
860524_2022-05-18_12:30:00.000000,2022-05-18,12:30:00.000000,3
860524_2022-05-18_12:45:00.000000,2022-05-18,12:45:00.000000,3
860524_2022-05-18_13:00:00.000000,2022-05-18,13:00:00.000000,3
860524_2022-05-18_13:15:00.000000,2022-05-18,13:15:00.000000,3
860524_2022-05-18_13:30:00.000000,2022-05-18,13:30:00.000000,3
860524_2022-05-18_13:45:00.000000,2022-05-18,13:45:00.000000,3
860524_2022-05-18_14:00:00.000000,2022-05-18,14:00:00.000000,3
860524_2022-05-18_14:15:00.000000,2022-05-18,14:15:00.000000,1
860524_2022-05-18_14:30:00.000000,2022-05-18,14:30:00.000000,3
860524_2022-05-18_14:45:00.000000,2022-05-18,14:45:00.000000,3
860524_2022-05-18_15:00:00.000000,2022-05-18,15:00:00.000000,3
860524_2022-05-18_15:15:00.000000,2022-05-18,15:15:00.000000,3
860524_2022-05-18_15:30:00.000000,2022-05-18,15:30:00.000000,3
860524_2022-05-18_15:45:00.000000,2022-05-18,15:45:00.000000,3
860524_2022-05-18_16:00:00.000000,2022-05-18,16:00:00.000000,3
861374_2022-05-20_06:30:00.000000,2022-05-20,06:30:00.000000,5
861374_2022-05-20_06:45:00.000000,2022-05-20,06:45:00.000000,3
861374_2022-05-20_07:00:00.000000,2022-05-20,07:00:00.000000,6
861374_2022-05-20_07:15:00.000000,2022-05-20,07:15:00.000000,6
861374_2022-05-20_07:30:00.000000,2022-05-20,07:30:00.000000,3
861374_2022-05-20_07:45:00.000000,2022-05-20,07:45:00.000000,3
861374_2022-05-20_08:00:00.000000,2022-05-20,08:00:00.000000,3
861374_2022-05-20_08:15:00.000000,2022-05-20,08:15:00.000000,6
861374_2022-05-20_08:30:00.000000,2022-05-20,08:30:00.000000,3
861374_2022-05-20_08:45:00.000000,2022-05-20,08:45:00.000000,6
861374_2022-05-20_09:00:00.000000,2022-05-20,09:00:00.000000,3
861374_2022-05-20_09:15:00.000000,2022-05-20,09:15:00.000000,6
861374_2022-05-20_09:30:00.000000,2022-05-20,09:30:00.000000,6
861374_2022-05-20_09:45:00.000000,2022-05-20,09:45:00.000000,3
861374_2022-05-20_10:00:00.000000,2022-05-20,10:00:00.000000,6
861374_2022-05-20_10:15:00.000000,2022-05-20,10:15:00.000000,6
861374_2022-05-20_10:30:00.000000,2022-05-20,10:30:00.000000,6
861374_2022-05-20_10:45:00.000000,2022-05-20,10:45:00.000000,6
861374_2022-05-20_11:00:00.000000,2022-05-20,11:00:00.000000,6
861374_2022-05-20_11:15:00.000000,2022-05-20,11:15:00.000000,3
861374_2022-05-20_11:30:00.000000,2022-05-20,11:30:00.000000,3
861374_2022-05-20_11:45:00.000000,2022-05-20,11:45:00.000000,3
861374_2022-05-20_12:00:00.000000,2022-05-20,12:00:00.000000,3
861374_2022-05-20_12:15:00.000000,2022-05-20,12:15:00.000000,3
861374_2022-05-20_12:30:00.000000,2022-05-20,12:30:00.000000,1
861374_2022-05-20_12:45:00.000000,2022-05-20,12:45:00.000000,1
861374_2022-05-20_13:00:00.000000,2022-05-20,13:00:00.000000,6
861374_2022-05-20_13:15:00.000000,2022-05-20,13:15:00.000000,6
861374_2022-05-20_13:30:00.000000,2022-05-20,13:30:00.000000,6
861374_2022-05-20_13:45:00.000000,2022-05-20,13:45:00.000000,3
861374_2022-05-20_14:00:00.000000,2022-05-20,14:00:00.000000,3
861374_2022-05-20_14:15:00.000000,2022-05-20,14:15:00.000000,3
861374_2022-05-20_14:30:00.000000,2022-05-20,14:30:00.000000,6
861374_2022-05-20_14:45:00.000000,2022-05-20,14:45:00.000000,6
861374_2022-05-20_15:00:00.000000,2022-05-20,15:00:00.000000,3
861374_2022-05-20_15:15:00.000000,2022-05-20,15:15:00.000000,6
861374_2022-05-20_15:30:00.000000,2022-05-20,15:30:00.000000,3
861374_2022-05-20_15:45:00.000000,2022-05-20,15:45:00.000000,3
861374_2022-05-20_16:00:00.000000,2022-05-20,16:00:00.000000,3
861374_2022-05-20_16:15:00.000000,2022-05-20,16:15:00.000000,3
861374_2022-05-20_16:30:00.000000,2022-05-20,16:30:00.000000,1
861374_2022-05-20_16:45:00.000000,2022-05-20,16:45:00.000000,3
861374_2022-05-20_17:00:00.000000,2022-05-20,17:00:00.000000,3
861374_2022-05-20_17:15:00.000000,2022-05-20,17:15:00.000000,6
861374_2022-05-20_17:30:00.000000,2022-05-20,17:30:00.000000,6
861374_2022-05-20_17:45:00.000000,2022-05-20,17:45:00.000000,6
861374_2022-05-20_18:00:00.000000,2022-05-20,18:00:00.000000,3
861374_2022-05-20_18:15:00.000000,2022-05-20,18:15:00.000000,3
861374_2022-05-20_18:30:00.000000,2022-05-20,18:30:00.000000,6
861374_2022-05-20_18:45:00.000000,2022-05-20,18:45:00.000000,3
861374_2022-05-20_19:00:00.000000,2022-05-20,19:00:00.000000,6
861460_2022-05-21_06:30:00.000000,2022-05-21,06:30:00.000000,1
861460_2022-05-21_06:45:00.000000,2022-05-21,06:45:00.000000,1
861460_2022-05-21_07:00:00.000000,2022-05-21,07:00:00.000000,1
861460_2022-05-21_07:15:00.000000,2022-05-21,07:15:00.000000,1
861460_2022-05-21_07:30:00.000000,2022-05-21,07:30:00.000000,3
861460_2022-05-21_07:45:00.000000,2022-05-21,07:45:00.000000,3
861460_2022-05-21_08:00:00.000000,2022-05-21,08:00:00.000000,6
861460_2022-05-21_08:15:00.000000,2022-05-21,08:15:00.000000,3
861460_2022-05-21_08:30:00.000000,2022-05-21,08:30:00.000000,3
861460_2022-05-21_08:45:00.000000,2022-05-21,08:45:00.000000,3
861460_2022-05-21_09:00:00.000000,2022-05-21,09:00:00.000000,3
861460_2022-05-21_09:15:00.000000,2022-05-21,09:15:00.000000,6
861460_2022-05-21_09:30:00.000000,2022-05-21,09:30:00.000000,3
861460_2022-05-21_09:45:00.000000,2022-05-21,09:45:00.000000,3
861460_2022-05-21_10:00:00.000000,2022-05-21,10:00:00.000000,3
861460_2022-05-21_10:15:00.000000,2022-05-21,10:15:00.000000,6
861460_2022-05-21_10:30:00.000000,2022-05-21,10:30:00.000000,3
861460_2022-05-21_10:45:00.000000,2022-05-21,10:45:00.000000,3
861460_2022-05-21_11:00:00.000000,2022-05-21,11:00:00.000000,1
861460_2022-05-21_11:15:00.000000,2022-05-21,11:15:00.000000,3
861460_2022-05-21_11:30:00.000000,2022-05-21,11:30:00.000000,3
861460_2022-05-21_11:45:00.000000,2022-05-21,11:45:00.000000,1
861460_2022-05-21_12:00:00.000000,2022-05-21,12:00:00.000000,1
861460_2022-05-21_12:15:00.000000,2022-05-21,12:15:00.000000,1
861460_2022-05-21_12:30:00.000000,2022-05-21,12:30:00.000000,1
861460_2022-05-21_12:45:00.000000,2022-05-21,12:45:00.000000,3
861460_2022-05-21_13:00:00.000000,2022-05-21,13:00:00.000000,3
861460_2022-05-21_13:15:00.000000,2022-05-21,13:15:00.000000,3
861460_2022-05-21_13:30:00.000000,2022-05-21,13:30:00.000000,3
861460_2022-05-21_13:45:00.000000,2022-05-21,13:45:00.000000,1
861460_2022-05-21_14:00:00.000000,2022-05-21,14:00:00.000000,3
861460_2022-05-21_14:15:00.000000,2022-05-21,14:15:00.000000,3
861460_2022-05-21_14:30:00.000000,2022-05-21,14:30:00.000000,3
861460_2022-05-21_14:45:00.000000,2022-05-21,14:45:00.000000,3
861460_2022-05-21_15:00:00.000000,2022-05-21,15:00:00.000000,1
861460_2022-05-21_15:15:00.000000,2022-05-21,15:15:00.000000,6
861460_2022-05-21_15:30:00.000000,2022-05-21,15:30:00.000000,1
861460_2022-05-21_15:45:00.000000,2022-05-21,15:45:00.000000,3
861460_2022-05-21_16:00:00.000000,2022-05-21,16:00:00.000000,1
861460_2022-05-21_16:15:00.000000,2022-05-21,16:15:00.000000,3
861460_2022-05-21_16:30:00.000000,2022-05-21,16:30:00.000000,3
861460_2022-05-21_16:45:00.000000,2022-05-21,16:45:00.000000,3
861460_2022-05-21_17:00:00.000000,2022-05-21,17:00:00.000000,1
861460_2022-05-21_17:15:00.000000,2022-05-21,17:15:00.000000,1
861460_2022-05-21_17:30:00.000000,2022-05-21,17:30:00.000000,1
861460_2022-05-21_17:45:00.000000,2022-05-21,17:45:00.000000,6
861460_2022-05-21_18:00:00.000000,2022-05-21,18:00:00.000000,1
861460_2022-05-21_18:15:00.000000,2022-05-21,18:15:00.000000,6
861460_2022-05-21_18:30:00.000000,2022-05-21,18:30:00.000000,6
861460_2022-05-21_18:45:00.000000,2022-05-21,18:45:00.000000,3
861460_2022-05-21_19:00:00.000000,2022-05-21,19:00:00.000000,6
861456_2022-05-22_06:30:00.000000,2022-05-22,06:30:00.000000,3
861456_2022-05-22_06:45:00.000000,2022-05-22,06:45:00.000000,3
861456_2022-05-22_07:00:00.000000,2022-05-22,07:00:00.000000,3
861456_2022-05-22_07:15:00.000000,2022-05-22,07:15:00.000000,3
861456_2022-05-22_07:30:00.000000,2022-05-22,07:30:00.000000,3
861456_2022-05-22_07:45:00.000000,2022-05-22,07:45:00.000000,3
861456_2022-05-22_08:00:00.000000,2022-05-22,08:00:00.000000,3
861456_2022-05-22_08:15:00.000000,2022-05-22,08:15:00.000000,6
861456_2022-05-22_08:30:00.000000,2022-05-22,08:30:00.000000,3
861456_2022-05-22_08:45:00.000000,2022-05-22,08:45:00.000000,3
861456_2022-05-22_09:00:00.000000,2022-05-22,09:00:00.000000,6
861456_2022-05-22_09:15:00.000000,2022-05-22,09:15:00.000000,3
861456_2022-05-22_09:30:00.000000,2022-05-22,09:30:00.000000,3
861456_2022-05-22_09:45:00.000000,2022-05-22,09:45:00.000000,3
861456_2022-05-22_10:00:00.000000,2022-05-22,10:00:00.000000,3
861456_2022-05-22_10:15:00.000000,2022-05-22,10:15:00.000000,3
861456_2022-05-22_10:30:00.000000,2022-05-22,10:30:00.000000,3
861456_2022-05-22_10:45:00.000000,2022-05-22,10:45:00.000000,3
861456_2022-05-22_11:00:00.000000,2022-05-22,11:00:00.000000,3
861456_2022-05-22_11:15:00.000000,2022-05-22,11:15:00.000000,3
861456_2022-05-22_11:30:00.000000,2022-05-22,11:30:00.000000,3
861456_2022-05-22_11:45:00.000000,2022-05-22,11:45:00.000000,1
861456_2022-05-22_12:00:00.000000,2022-05-22,12:00:00.000000,3
861456_2022-05-22_12:15:00.000000,2022-05-22,12:15:00.000000,3
861456_2022-05-22_12:30:00.000000,2022-05-22,12:30:00.000000,6
861456_2022-05-22_12:45:00.000000,2022-05-22,12:45:00.000000,3
861456_2022-05-22_13:00:00.000000,2022-05-22,13:00:00.000000,6
861456_2022-05-22_13:15:00.000000,2022-05-22,13:15:00.000000,1
861456_2022-05-22_13:30:00.000000,2022-05-22,13:30:00.000000,3
861456_2022-05-22_13:45:00.000000,2022-05-22,13:45:00.000000,6
861456_2022-05-22_14:00:00.000000,2022-05-22,14:00:00.000000,3
861456_2022-05-22_14:15:00.000000,2022-05-22,14:15:00.000000,3
861456_2022-05-22_14:30:00.000000,2022-05-22,14:30:00.000000,1
861456_2022-05-22_14:45:00.000000,2022-05-22,14:45:00.000000,3
861456_2022-05-22_15:00:00.000000,2022-05-22,15:00:00.000000,3
861456_2022-05-22_15:15:00.000000,2022-05-22,15:15:00.000000,6
861456_2022-05-22_15:30:00.000000,2022-05-22,15:30:00.000000,3
861456_2022-05-22_15:45:00.000000,2022-05-22,15:45:00.000000,6
861456_2022-05-22_16:00:00.000000,2022-05-22,16:00:00.000000,3
861456_2022-05-22_16:15:00.000000,2022-05-22,16:15:00.000000,6
861456_2022-05-22_16:30:00.000000,2022-05-22,16:30:00.000000,6
861456_2022-05-22_16:45:00.000000,2022-05-22,16:45:00.000000,3
861456_2022-05-22_17:00:00.000000,2022-05-22,17:00:00.000000,6
861456_2022-05-22_17:15:00.000000,2022-05-22,17:15:00.000000,6
861456_2022-05-22_17:30:00.000000,2022-05-22,17:30:00.000000,6
861456_2022-05-22_17:45:00.000000,2022-05-22,17:45:00.000000,6
861456_2022-05-22_18:00:00.000000,2022-05-22,18:00:00.000000,3
861456_2022-05-22_18:15:00.000000,2022-05-22,18:15:00.000000,6
861456_2022-05-22_18:30:00.000000,2022-05-22,18:30:00.000000,6
861456_2022-05-22_18:45:00.000000,2022-05-22,18:45:00.000000,3
861456_2022-05-22_19:00:00.000000,2022-05-22,19:00:00.000000,3
861452_2022-05-23_06:30:00.000000,2022-05-23,06:30:00.000000,3
861452_2022-05-23_06:45:00.000000,2022-05-23,06:45:00.000000,6
861452_2022-05-23_07:00:00.000000,2022-05-23,07:00:00.000000,3
861452_2022-05-23_07:15:00.000000,2022-05-23,07:15:00.000000,3
861452_2022-05-23_07:30:00.000000,2022-05-23,07:30:00.000000,1
861452_2022-05-23_07:45:00.000000,2022-05-23,07:45:00.000000,3
861452_2022-05-23_08:00:00.000000,2022-05-23,08:00:00.000000,1
861452_2022-05-23_08:15:00.000000,2022-05-23,08:15:00.000000,1
861452_2022-05-23_08:30:00.000000,2022-05-23,08:30:00.000000,1
861452_2022-05-23_08:45:00.000000,2022-05-23,08:45:00.000000,1
861452_2022-05-23_09:00:00.000000,2022-05-23,09:00:00.000000,1
861452_2022-05-23_09:15:00.000000,2022-05-23,09:15:00.000000,1
861452_2022-05-23_09:30:00.000000,2022-05-23,09:30:00.000000,1
861452_2022-05-23_09:45:00.000000,2022-05-23,09:45:00.000000,1
861452_2022-05-23_10:00:00.000000,2022-05-23,10:00:00.000000,1
861452_2022-05-23_10:15:00.000000,2022-05-23,10:15:00.000000,1
861452_2022-05-23_10:30:00.000000,2022-05-23,10:30:00.000000,1
861452_2022-05-23_10:45:00.000000,2022-05-23,10:45:00.000000,6
861452_2022-05-23_11:00:00.000000,2022-05-23,11:00:00.000000,6
861452_2022-05-23_11:15:00.000000,2022-05-23,11:15:00.000000,6
861452_2022-05-23_11:30:00.000000,2022-05-23,11:30:00.000000,6
861452_2022-05-23_11:45:00.000000,2022-05-23,11:45:00.000000,6
861452_2022-05-23_12:00:00.000000,2022-05-23,12:00:00.000000,6
861452_2022-05-23_12:15:00.000000,2022-05-23,12:15:00.000000,6
861452_2022-05-23_12:30:00.000000,2022-05-23,12:30:00.000000,6
861452_2022-05-23_12:45:00.000000,2022-05-23,12:45:00.000000,6
861452_2022-05-23_13:00:00.000000,2022-05-23,13:00:00.000000,6
861452_2022-05-23_13:15:00.000000,2022-05-23,13:15:00.000000,6
861452_2022-05-23_13:30:00.000000,2022-05-23,13:30:00.000000,6
861452_2022-05-23_13:45:00.000000,2022-05-23,13:45:00.000000,6
861452_2022-05-23_14:00:00.000000,2022-05-23,14:00:00.000000,6
861452_2022-05-23_14:15:00.000000,2022-05-23,14:15:00.000000,6
861452_2022-05-23_14:30:00.000000,2022-05-23,14:30:00.000000,6
861452_2022-05-23_14:45:00.000000,2022-05-23,14:45:00.000000,6
861452_2022-05-23_15:00:00.000000,2022-05-23,15:00:00.000000,6
861452_2022-05-23_15:15:00.000000,2022-05-23,15:15:00.000000,6
861452_2022-05-23_15:30:00.000000,2022-05-23,15:30:00.000000,6
861452_2022-05-23_15:45:00.000000,2022-05-23,15:45:00.000000,6
861452_2022-05-23_16:00:00.000000,2022-05-23,16:00:00.000000,6
861452_2022-05-23_16:15:00.000000,2022-05-23,16:15:00.000000,6
861452_2022-05-23_16:30:00.000000,2022-05-23,16:30:00.000000,6
861452_2022-05-23_16:45:00.000000,2022-05-23,16:45:00.000000,6
861452_2022-05-23_17:00:00.000000,2022-05-23,17:00:00.000000,6
861452_2022-05-23_17:15:00.000000,2022-05-23,17:15:00.000000,6
861452_2022-05-23_17:30:00.000000,2022-05-23,17:30:00.000000,6
861452_2022-05-23_17:45:00.000000,2022-05-23,17:45:00.000000,6
861452_2022-05-23_18:00:00.000000,2022-05-23,18:00:00.000000,6
861452_2022-05-23_18:15:00.000000,2022-05-23,18:15:00.000000,6
861452_2022-05-23_18:30:00.000000,2022-05-23,18:30:00.000000,6
861452_2022-05-23_18:45:00.000000,2022-05-23,18:45:00.000000,6
861452_2022-05-23_19:00:00.000000,2022-05-23,19:00:00.000000,6
862114_2022-05-24_06:30:00.000000,2022-05-24,06:30:00.000000,1
862114_2022-05-24_06:45:00.000000,2022-05-24,06:45:00.000000,6
862114_2022-05-24_07:00:00.000000,2022-05-24,07:00:00.000000,6
862114_2022-05-24_07:15:00.000000,2022-05-24,07:15:00.000000,1
862114_2022-05-24_07:30:00.000000,2022-05-24,07:30:00.000000,1
862114_2022-05-24_07:45:00.000000,2022-05-24,07:45:00.000000,3
862114_2022-05-24_08:00:00.000000,2022-05-24,08:00:00.000000,1
862114_2022-05-24_08:15:00.000000,2022-05-24,08:15:00.000000,6
862114_2022-05-24_08:30:00.000000,2022-05-24,08:30:00.000000,6
862114_2022-05-24_08:45:00.000000,2022-05-24,08:45:00.000000,6
862114_2022-05-24_09:00:00.000000,2022-05-24,09:00:00.000000,6
862114_2022-05-24_09:15:00.000000,2022-05-24,09:15:00.000000,6
862114_2022-05-24_09:30:00.000000,2022-05-24,09:30:00.000000,6
862114_2022-05-24_09:45:00.000000,2022-05-24,09:45:00.000000,3
862114_2022-05-24_10:00:00.000000,2022-05-24,10:00:00.000000,3
862114_2022-05-24_10:15:00.000000,2022-05-24,10:15:00.000000,3
862114_2022-05-24_10:30:00.000000,2022-05-24,10:30:00.000000,3
862114_2022-05-24_10:45:00.000000,2022-05-24,10:45:00.000000,6
862114_2022-05-24_11:00:00.000000,2022-05-24,11:00:00.000000,3
862114_2022-05-24_11:15:00.000000,2022-05-24,11:15:00.000000,3
862114_2022-05-24_11:30:00.000000,2022-05-24,11:30:00.000000,3
862114_2022-05-24_11:45:00.000000,2022-05-24,11:45:00.000000,3
862114_2022-05-24_12:00:00.000000,2022-05-24,12:00:00.000000,3
862114_2022-05-24_12:15:00.000000,2022-05-24,12:15:00.000000,3
862114_2022-05-24_12:30:00.000000,2022-05-24,12:30:00.000000,3
862114_2022-05-24_12:45:00.000000,2022-05-24,12:45:00.000000,3
862114_2022-05-24_13:00:00.000000,2022-05-24,13:00:00.000000,3
862114_2022-05-24_13:15:00.000000,2022-05-24,13:15:00.000000,1
862114_2022-05-24_13:30:00.000000,2022-05-24,13:30:00.000000,3
862114_2022-05-24_13:45:00.000000,2022-05-24,13:45:00.000000,3
862114_2022-05-24_14:00:00.000000,2022-05-24,14:00:00.000000,3
862114_2022-05-24_14:15:00.000000,2022-05-24,14:15:00.000000,1
862114_2022-05-24_14:30:00.000000,2022-05-24,14:30:00.000000,1
862114_2022-05-24_14:45:00.000000,2022-05-24,14:45:00.000000,3
862114_2022-05-24_15:00:00.000000,2022-05-24,15:00:00.000000,3
862114_2022-05-24_15:15:00.000000,2022-05-24,15:15:00.000000,3
862114_2022-05-24_15:30:00.000000,2022-05-24,15:30:00.000000,3
862114_2022-05-24_15:45:00.000000,2022-05-24,15:45:00.000000,3
862114_2022-05-24_16:00:00.000000,2022-05-24,16:00:00.000000,3
862114_2022-05-24_16:15:00.000000,2022-05-24,16:15:00.000000,3
862114_2022-05-24_16:30:00.000000,2022-05-24,16:30:00.000000,1
862114_2022-05-24_16:45:00.000000,2022-05-24,16:45:00.000000,1
862114_2022-05-24_17:00:00.000000,2022-05-24,17:00:00.000000,1
862114_2022-05-24_17:15:00.000000,2022-05-24,17:15:00.000000,3
862114_2022-05-24_17:30:00.000000,2022-05-24,17:30:00.000000,3
862114_2022-05-24_17:45:00.000000,2022-05-24,17:45:00.000000,1
862114_2022-05-24_18:00:00.000000,2022-05-24,18:00:00.000000,3
862114_2022-05-24_18:15:00.000000,2022-05-24,18:15:00.000000,6
862114_2022-05-24_18:30:00.000000,2022-05-24,18:30:00.000000,3
862114_2022-05-24_18:45:00.000000,2022-05-24,18:45:00.000000,6
862114_2022-05-24_19:00:00.000000,2022-05-24,19:00:00.000000,6
862222_2022-05-25_06:30:00.000000,2022-05-25,06:30:00.000000,6
862222_2022-05-25_06:45:00.000000,2022-05-25,06:45:00.000000,3
862222_2022-05-25_07:00:00.000000,2022-05-25,07:00:00.000000,3
862222_2022-05-25_07:15:00.000000,2022-05-25,07:15:00.000000,3
862222_2022-05-25_07:30:00.000000,2022-05-25,07:30:00.000000,3
862222_2022-05-25_07:45:00.000000,2022-05-25,07:45:00.000000,3
862222_2022-05-25_08:00:00.000000,2022-05-25,08:00:00.000000,3
862222_2022-05-25_08:15:00.000000,2022-05-25,08:15:00.000000,3
862222_2022-05-25_08:30:00.000000,2022-05-25,08:30:00.000000,3
862222_2022-05-25_08:45:00.000000,2022-05-25,08:45:00.000000,3
862222_2022-05-25_09:00:00.000000,2022-05-25,09:00:00.000000,3
862222_2022-05-25_09:15:00.000000,2022-05-25,09:15:00.000000,3
862222_2022-05-25_09:30:00.000000,2022-05-25,09:30:00.000000,3
862222_2022-05-25_09:45:00.000000,2022-05-25,09:45:00.000000,3
862222_2022-05-25_10:00:00.000000,2022-05-25,10:00:00.000000,3
862222_2022-05-25_10:15:00.000000,2022-05-25,10:15:00.000000,3
862222_2022-05-25_10:30:00.000000,2022-05-25,10:30:00.000000,3
862222_2022-05-25_10:45:00.000000,2022-05-25,10:45:00.000000,3
862222_2022-05-25_11:00:00.000000,2022-05-25,11:00:00.000000,3
862222_2022-05-25_11:15:00.000000,2022-05-25,11:15:00.000000,3
862222_2022-05-25_11:30:00.000000,2022-05-25,11:30:00.000000,3
862222_2022-05-25_11:45:00.000000,2022-05-25,11:45:00.000000,3
862222_2022-05-25_12:00:00.000000,2022-05-25,12:00:00.000000,3
862222_2022-05-25_12:15:00.000000,2022-05-25,12:15:00.000000,3
862222_2022-05-25_12:30:00.000000,2022-05-25,12:30:00.000000,3
862222_2022-05-25_12:45:00.000000,2022-05-25,12:45:00.000000,3
862222_2022-05-25_13:00:00.000000,2022-05-25,13:00:00.000000,3
862222_2022-05-25_13:15:00.000000,2022-05-25,13:15:00.000000,3
862222_2022-05-25_13:30:00.000000,2022-05-25,13:30:00.000000,1
862222_2022-05-25_13:45:00.000000,2022-05-25,13:45:00.000000,3
862222_2022-05-25_14:00:00.000000,2022-05-25,14:00:00.000000,1
862222_2022-05-25_14:15:00.000000,2022-05-25,14:15:00.000000,3
862222_2022-05-25_14:30:00.000000,2022-05-25,14:30:00.000000,3
862222_2022-05-25_14:45:00.000000,2022-05-25,14:45:00.000000,3
862222_2022-05-25_15:00:00.000000,2022-05-25,15:00:00.000000,6
862222_2022-05-25_15:15:00.000000,2022-05-25,15:15:00.000000,1
862222_2022-05-25_15:30:00.000000,2022-05-25,15:30:00.000000,3
862222_2022-05-25_15:45:00.000000,2022-05-25,15:45:00.000000,3
862222_2022-05-25_16:00:00.000000,2022-05-25,16:00:00.000000,6
862222_2022-05-25_16:15:00.000000,2022-05-25,16:15:00.000000,3
862222_2022-05-25_16:30:00.000000,2022-05-25,16:30:00.000000,1
862222_2022-05-25_16:45:00.000000,2022-05-25,16:45:00.000000,3
862222_2022-05-25_17:00:00.000000,2022-05-25,17:00:00.000000,3
862222_2022-05-25_17:15:00.000000,2022-05-25,17:15:00.000000,6
862222_2022-05-25_17:30:00.000000,2022-05-25,17:30:00.000000,3
862222_2022-05-25_17:45:00.000000,2022-05-25,17:45:00.000000,1
862222_2022-05-25_18:00:00.000000,2022-05-25,18:00:00.000000,3
862222_2022-05-25_18:15:00.000000,2022-05-25,18:15:00.000000,2
862222_2022-05-25_18:30:00.000000,2022-05-25,18:30:00.000000,1
862222_2022-05-25_18:45:00.000000,2022-05-25,18:45:00.000000,2
862222_2022-05-25_19:00:00.000000,2022-05-25,19:00:00.000000,6
862344_2022-05-26_06:30:00.000000,2022-05-26,06:30:00.000000,3
862344_2022-05-26_06:45:00.000000,2022-05-26,06:45:00.000000,3
862344_2022-05-26_07:00:00.000000,2022-05-26,07:00:00.000000,1
862344_2022-05-26_07:15:00.000000,2022-05-26,07:15:00.000000,1
862344_2022-05-26_07:30:00.000000,2022-05-26,07:30:00.000000,1
862344_2022-05-26_07:45:00.000000,2022-05-26,07:45:00.000000,3
862344_2022-05-26_08:00:00.000000,2022-05-26,08:00:00.000000,3
862344_2022-05-26_08:15:00.000000,2022-05-26,08:15:00.000000,1
862344_2022-05-26_08:30:00.000000,2022-05-26,08:30:00.000000,3
862344_2022-05-26_08:45:00.000000,2022-05-26,08:45:00.000000,3
862344_2022-05-26_09:00:00.000000,2022-05-26,09:00:00.000000,3
862344_2022-05-26_09:15:00.000000,2022-05-26,09:15:00.000000,3
862344_2022-05-26_09:30:00.000000,2022-05-26,09:30:00.000000,1
862344_2022-05-26_09:45:00.000000,2022-05-26,09:45:00.000000,3
862344_2022-05-26_10:00:00.000000,2022-05-26,10:00:00.000000,3
862344_2022-05-26_10:15:00.000000,2022-05-26,10:15:00.000000,3
862344_2022-05-26_10:30:00.000000,2022-05-26,10:30:00.000000,3
862344_2022-05-26_10:45:00.000000,2022-05-26,10:45:00.000000,3
862344_2022-05-26_11:00:00.000000,2022-05-26,11:00:00.000000,3
862344_2022-05-26_11:15:00.000000,2022-05-26,11:15:00.000000,3
862344_2022-05-26_11:30:00.000000,2022-05-26,11:30:00.000000,1
862344_2022-05-26_11:45:00.000000,2022-05-26,11:45:00.000000,1
862344_2022-05-26_12:00:00.000000,2022-05-26,12:00:00.000000,1
862344_2022-05-26_12:15:00.000000,2022-05-26,12:15:00.000000,1
862344_2022-05-26_12:30:00.000000,2022-05-26,12:30:00.000000,1
862344_2022-05-26_12:45:00.000000,2022-05-26,12:45:00.000000,3
862344_2022-05-26_13:00:00.000000,2022-05-26,13:00:00.000000,3
862344_2022-05-26_13:15:00.000000,2022-05-26,13:15:00.000000,3
862344_2022-05-26_13:30:00.000000,2022-05-26,13:30:00.000000,3
862344_2022-05-26_13:45:00.000000,2022-05-26,13:45:00.000000,1
862344_2022-05-26_14:00:00.000000,2022-05-26,14:00:00.000000,3
862344_2022-05-26_14:15:00.000000,2022-05-26,14:15:00.000000,3
862344_2022-05-26_14:30:00.000000,2022-05-26,14:30:00.000000,3
862344_2022-05-26_14:45:00.000000,2022-05-26,14:45:00.000000,3
862344_2022-05-26_15:00:00.000000,2022-05-26,15:00:00.000000,1
862344_2022-05-26_15:15:00.000000,2022-05-26,15:15:00.000000,1
862344_2022-05-26_15:30:00.000000,2022-05-26,15:30:00.000000,3
862344_2022-05-26_15:45:00.000000,2022-05-26,15:45:00.000000,1
862344_2022-05-26_16:00:00.000000,2022-05-26,16:00:00.000000,1
862344_2022-05-26_16:15:00.000000,2022-05-26,16:15:00.000000,1
862344_2022-05-26_16:30:00.000000,2022-05-26,16:30:00.000000,1
862344_2022-05-26_16:45:00.000000,2022-05-26,16:45:00.000000,3
862344_2022-05-26_17:00:00.000000,2022-05-26,17:00:00.000000,1
862344_2022-05-26_17:15:00.000000,2022-05-26,17:15:00.000000,1
862344_2022-05-26_17:30:00.000000,2022-05-26,17:30:00.000000,3
862344_2022-05-26_17:45:00.000000,2022-05-26,17:45:00.000000,6
862344_2022-05-26_18:00:00.000000,2022-05-26,18:00:00.000000,3
862344_2022-05-26_18:15:00.000000,2022-05-26,18:15:00.000000,6
862344_2022-05-26_18:30:00.000000,2022-05-26,18:30:00.000000,3
862344_2022-05-26_18:45:00.000000,2022-05-26,18:45:00.000000,6
862344_2022-05-26_19:00:00.000000,2022-05-26,19:00:00.000000,3
862356_2022-05-27_06:30:00.000000,2022-05-27,06:30:00.000000,1
862356_2022-05-27_06:45:00.000000,2022-05-27,06:45:00.000000,6
862356_2022-05-27_07:00:00.000000,2022-05-27,07:00:00.000000,6
862356_2022-05-27_07:15:00.000000,2022-05-27,07:15:00.000000,1
862356_2022-05-27_07:30:00.000000,2022-05-27,07:30:00.000000,3
862356_2022-05-27_07:45:00.000000,2022-05-27,07:45:00.000000,3
862356_2022-05-27_08:00:00.000000,2022-05-27,08:00:00.000000,3
862356_2022-05-27_08:15:00.000000,2022-05-27,08:15:00.000000,1
862356_2022-05-27_08:30:00.000000,2022-05-27,08:30:00.000000,3
862356_2022-05-27_08:45:00.000000,2022-05-27,08:45:00.000000,3
862356_2022-05-27_09:00:00.000000,2022-05-27,09:00:00.000000,3
862356_2022-05-27_09:15:00.000000,2022-05-27,09:15:00.000000,3
862356_2022-05-27_09:30:00.000000,2022-05-27,09:30:00.000000,3
862356_2022-05-27_09:45:00.000000,2022-05-27,09:45:00.000000,3
862356_2022-05-27_10:00:00.000000,2022-05-27,10:00:00.000000,3
862356_2022-05-27_10:15:00.000000,2022-05-27,10:15:00.000000,3
862356_2022-05-27_10:30:00.000000,2022-05-27,10:30:00.000000,3
862356_2022-05-27_10:45:00.000000,2022-05-27,10:45:00.000000,3
862356_2022-05-27_11:00:00.000000,2022-05-27,11:00:00.000000,3
862356_2022-05-27_11:15:00.000000,2022-05-27,11:15:00.000000,3
862356_2022-05-27_11:30:00.000000,2022-05-27,11:30:00.000000,3
862356_2022-05-27_11:45:00.000000,2022-05-27,11:45:00.000000,1
862356_2022-05-27_12:00:00.000000,2022-05-27,12:00:00.000000,3
862356_2022-05-27_12:15:00.000000,2022-05-27,12:15:00.000000,3
862356_2022-05-27_12:30:00.000000,2022-05-27,12:30:00.000000,3
862356_2022-05-27_12:45:00.000000,2022-05-27,12:45:00.000000,3
862356_2022-05-27_13:00:00.000000,2022-05-27,13:00:00.000000,1
862356_2022-05-27_13:15:00.000000,2022-05-27,13:15:00.000000,3
862356_2022-05-27_13:30:00.000000,2022-05-27,13:30:00.000000,3
862356_2022-05-27_13:45:00.000000,2022-05-27,13:45:00.000000,3
862356_2022-05-27_14:00:00.000000,2022-05-27,14:00:00.000000,3
862356_2022-05-27_14:15:00.000000,2022-05-27,14:15:00.000000,3
862356_2022-05-27_14:30:00.000000,2022-05-27,14:30:00.000000,3
862356_2022-05-27_14:45:00.000000,2022-05-27,14:45:00.000000,6
862356_2022-05-27_15:00:00.000000,2022-05-27,15:00:00.000000,3
862356_2022-05-27_15:15:00.000000,2022-05-27,15:15:00.000000,3
862356_2022-05-27_15:30:00.000000,2022-05-27,15:30:00.000000,1
862356_2022-05-27_15:45:00.000000,2022-05-27,15:45:00.000000,3
862356_2022-05-27_16:00:00.000000,2022-05-27,16:00:00.000000,3
862356_2022-05-27_16:15:00.000000,2022-05-27,16:15:00.000000,3
862356_2022-05-27_16:30:00.000000,2022-05-27,16:30:00.000000,3
862356_2022-05-27_16:45:00.000000,2022-05-27,16:45:00.000000,3
862356_2022-05-27_17:00:00.000000,2022-05-27,17:00:00.000000,1
862356_2022-05-27_17:15:00.000000,2022-05-27,17:15:00.000000,1
862356_2022-05-27_17:30:00.000000,2022-05-27,17:30:00.000000,3
862356_2022-05-27_17:45:00.000000,2022-05-27,17:45:00.000000,3
862356_2022-05-27_18:00:00.000000,2022-05-27,18:00:00.000000,3
862356_2022-05-27_18:15:00.000000,2022-05-27,18:15:00.000000,3
862356_2022-05-27_18:30:00.000000,2022-05-27,18:30:00.000000,3
862356_2022-05-27_18:45:00.000000,2022-05-27,18:45:00.000000,3
862356_2022-05-27_19:00:00.000000,2022-05-27,19:00:00.000000,3
862352_2022-05-28_06:30:00.000000,2022-05-28,06:30:00.000000,1
862352_2022-05-28_06:45:00.000000,2022-05-28,06:45:00.000000,1
862352_2022-05-28_07:00:00.000000,2022-05-28,07:00:00.000000,1
862352_2022-05-28_07:15:00.000000,2022-05-28,07:15:00.000000,1
862352_2022-05-28_07:30:00.000000,2022-05-28,07:30:00.000000,1
862352_2022-05-28_07:45:00.000000,2022-05-28,07:45:00.000000,3
862352_2022-05-28_08:00:00.000000,2022-05-28,08:00:00.000000,1
862352_2022-05-28_08:15:00.000000,2022-05-28,08:15:00.000000,1
862352_2022-05-28_08:30:00.000000,2022-05-28,08:30:00.000000,3
862352_2022-05-28_08:45:00.000000,2022-05-28,08:45:00.000000,1
862352_2022-05-28_09:00:00.000000,2022-05-28,09:00:00.000000,1
862352_2022-05-28_09:15:00.000000,2022-05-28,09:15:00.000000,1
862352_2022-05-28_09:30:00.000000,2022-05-28,09:30:00.000000,3
862352_2022-05-28_09:45:00.000000,2022-05-28,09:45:00.000000,3
862352_2022-05-28_10:00:00.000000,2022-05-28,10:00:00.000000,3
862352_2022-05-28_10:15:00.000000,2022-05-28,10:15:00.000000,1
862352_2022-05-28_10:30:00.000000,2022-05-28,10:30:00.000000,3
862352_2022-05-28_10:45:00.000000,2022-05-28,10:45:00.000000,1
862352_2022-05-28_11:00:00.000000,2022-05-28,11:00:00.000000,3
862352_2022-05-28_11:15:00.000000,2022-05-28,11:15:00.000000,1
862352_2022-05-28_11:30:00.000000,2022-05-28,11:30:00.000000,1
862352_2022-05-28_11:45:00.000000,2022-05-28,11:45:00.000000,3
862352_2022-05-28_12:00:00.000000,2022-05-28,12:00:00.000000,3
862352_2022-05-28_12:15:00.000000,2022-05-28,12:15:00.000000,3
862352_2022-05-28_12:30:00.000000,2022-05-28,12:30:00.000000,1
862352_2022-05-28_12:45:00.000000,2022-05-28,12:45:00.000000,1
862352_2022-05-28_13:00:00.000000,2022-05-28,13:00:00.000000,3
862352_2022-05-28_13:15:00.000000,2022-05-28,13:15:00.000000,1
862352_2022-05-28_13:30:00.000000,2022-05-28,13:30:00.000000,3
862352_2022-05-28_13:45:00.000000,2022-05-28,13:45:00.000000,3
862352_2022-05-28_14:00:00.000000,2022-05-28,14:00:00.000000,3
862352_2022-05-28_14:15:00.000000,2022-05-28,14:15:00.000000,3
862352_2022-05-28_14:30:00.000000,2022-05-28,14:30:00.000000,1
862352_2022-05-28_14:45:00.000000,2022-05-28,14:45:00.000000,3
862352_2022-05-28_15:00:00.000000,2022-05-28,15:00:00.000000,1
862352_2022-05-28_15:15:00.000000,2022-05-28,15:15:00.000000,1
862352_2022-05-28_15:30:00.000000,2022-05-28,15:30:00.000000,1
862352_2022-05-28_15:45:00.000000,2022-05-28,15:45:00.000000,1
862352_2022-05-28_16:00:00.000000,2022-05-28,16:00:00.000000,2
862352_2022-05-28_16:15:00.000000,2022-05-28,16:15:00.000000,1
862352_2022-05-28_16:30:00.000000,2022-05-28,16:30:00.000000,4
862352_2022-05-28_16:45:00.000000,2022-05-28,16:45:00.000000,3
862352_2022-05-28_17:00:00.000000,2022-05-28,17:00:00.000000,1
862352_2022-05-28_17:15:00.000000,2022-05-28,17:15:00.000000,1
862352_2022-05-28_17:30:00.000000,2022-05-28,17:30:00.000000,3
862352_2022-05-28_17:45:00.000000,2022-05-28,17:45:00.000000,3
862352_2022-05-28_18:00:00.000000,2022-05-28,18:00:00.000000,3
862352_2022-05-28_18:15:00.000000,2022-05-28,18:15:00.000000,3
862352_2022-05-28_18:30:00.000000,2022-05-28,18:30:00.000000,3
862352_2022-05-28_18:45:00.000000,2022-05-28,18:45:00.000000,3
862352_2022-05-28_19:00:00.000000,2022-05-28,19:00:00.000000,3
862348_2022-05-29_06:30:00.000000,2022-05-29,06:30:00.000000,3
862348_2022-05-29_06:45:00.000000,2022-05-29,06:45:00.000000,3
862348_2022-05-29_07:00:00.000000,2022-05-29,07:00:00.000000,3
862348_2022-05-29_07:15:00.000000,2022-05-29,07:15:00.000000,1
862348_2022-05-29_07:30:00.000000,2022-05-29,07:30:00.000000,1
862348_2022-05-29_07:45:00.000000,2022-05-29,07:45:00.000000,1
862348_2022-05-29_08:00:00.000000,2022-05-29,08:00:00.000000,1
862348_2022-05-29_08:15:00.000000,2022-05-29,08:15:00.000000,3
862348_2022-05-29_08:30:00.000000,2022-05-29,08:30:00.000000,3
862348_2022-05-29_08:45:00.000000,2022-05-29,08:45:00.000000,1
862348_2022-05-29_09:00:00.000000,2022-05-29,09:00:00.000000,3
862348_2022-05-29_09:15:00.000000,2022-05-29,09:15:00.000000,3
862348_2022-05-29_09:30:00.000000,2022-05-29,09:30:00.000000,3
862348_2022-05-29_09:45:00.000000,2022-05-29,09:45:00.000000,3
862348_2022-05-29_10:00:00.000000,2022-05-29,10:00:00.000000,3
862348_2022-05-29_10:15:00.000000,2022-05-29,10:15:00.000000,3
862348_2022-05-29_10:30:00.000000,2022-05-29,10:30:00.000000,1
862348_2022-05-29_10:45:00.000000,2022-05-29,10:45:00.000000,3
862348_2022-05-29_11:00:00.000000,2022-05-29,11:00:00.000000,3
862348_2022-05-29_11:15:00.000000,2022-05-29,11:15:00.000000,3
862348_2022-05-29_11:30:00.000000,2022-05-29,11:30:00.000000,3
862348_2022-05-29_11:45:00.000000,2022-05-29,11:45:00.000000,3
862348_2022-05-29_12:00:00.000000,2022-05-29,12:00:00.000000,3
862348_2022-05-29_12:15:00.000000,2022-05-29,12:15:00.000000,3
862348_2022-05-29_12:30:00.000000,2022-05-29,12:30:00.000000,3
862348_2022-05-29_12:45:00.000000,2022-05-29,12:45:00.000000,3
862348_2022-05-29_13:00:00.000000,2022-05-29,13:00:00.000000,3
862348_2022-05-29_13:15:00.000000,2022-05-29,13:15:00.000000,3
862348_2022-05-29_13:30:00.000000,2022-05-29,13:30:00.000000,3
862348_2022-05-29_13:45:00.000000,2022-05-29,13:45:00.000000,3
862348_2022-05-29_14:00:00.000000,2022-05-29,14:00:00.000000,3
862348_2022-05-29_14:15:00.000000,2022-05-29,14:15:00.000000,3
862348_2022-05-29_14:30:00.000000,2022-05-29,14:30:00.000000,3
862348_2022-05-29_14:45:00.000000,2022-05-29,14:45:00.000000,3
862348_2022-05-29_15:00:00.000000,2022-05-29,15:00:00.000000,3
862348_2022-05-29_15:15:00.000000,2022-05-29,15:15:00.000000,3
862348_2022-05-29_15:30:00.000000,2022-05-29,15:30:00.000000,3
862348_2022-05-29_15:45:00.000000,2022-05-29,15:45:00.000000,3
862348_2022-05-29_16:00:00.000000,2022-05-29,16:00:00.000000,3
862348_2022-05-29_16:15:00.000000,2022-05-29,16:15:00.000000,3
862348_2022-05-29_16:30:00.000000,2022-05-29,16:30:00.000000,3
862348_2022-05-29_16:45:00.000000,2022-05-29,16:45:00.000000,3
862348_2022-05-29_17:00:00.000000,2022-05-29,17:00:00.000000,3
862348_2022-05-29_17:15:00.000000,2022-05-29,17:15:00.000000,3
862348_2022-05-29_17:30:00.000000,2022-05-29,17:30:00.000000,3
862348_2022-05-29_17:45:00.000000,2022-05-29,17:45:00.000000,3
862348_2022-05-29_18:00:00.000000,2022-05-29,18:00:00.000000,3
862348_2022-05-29_18:15:00.000000,2022-05-29,18:15:00.000000,1
862348_2022-05-29_18:30:00.000000,2022-05-29,18:30:00.000000,3
862348_2022-05-29_18:45:00.000000,2022-05-29,18:45:00.000000,3
862348_2022-05-29_19:00:00.000000,2022-05-29,19:00:00.000000,3
862616_2022-05-31_06:30:00.000000,2022-05-31,06:30:00.000000,3
862616_2022-05-31_06:45:00.000000,2022-05-31,06:45:00.000000,3
862616_2022-05-31_07:00:00.000000,2022-05-31,07:00:00.000000,3
862616_2022-05-31_07:15:00.000000,2022-05-31,07:15:00.000000,3
862616_2022-05-31_07:30:00.000000,2022-05-31,07:30:00.000000,3
862616_2022-05-31_07:45:00.000000,2022-05-31,07:45:00.000000,3
862616_2022-05-31_08:00:00.000000,2022-05-31,08:00:00.000000,3
862616_2022-05-31_08:15:00.000000,2022-05-31,08:15:00.000000,3
862616_2022-05-31_08:30:00.000000,2022-05-31,08:30:00.000000,3
862616_2022-05-31_08:45:00.000000,2022-05-31,08:45:00.000000,3
862616_2022-05-31_09:00:00.000000,2022-05-31,09:00:00.000000,3
862616_2022-05-31_09:15:00.000000,2022-05-31,09:15:00.000000,3
862616_2022-05-31_09:30:00.000000,2022-05-31,09:30:00.000000,3
862616_2022-05-31_09:45:00.000000,2022-05-31,09:45:00.000000,3
862616_2022-05-31_10:00:00.000000,2022-05-31,10:00:00.000000,3
862616_2022-05-31_10:15:00.000000,2022-05-31,10:15:00.000000,3
862616_2022-05-31_10:30:00.000000,2022-05-31,10:30:00.000000,1
862616_2022-05-31_10:45:00.000000,2022-05-31,10:45:00.000000,3
862616_2022-05-31_11:00:00.000000,2022-05-31,11:00:00.000000,3
862616_2022-05-31_11:15:00.000000,2022-05-31,11:15:00.000000,3
862616_2022-05-31_11:30:00.000000,2022-05-31,11:30:00.000000,3
862616_2022-05-31_11:45:00.000000,2022-05-31,11:45:00.000000,3
862616_2022-05-31_12:00:00.000000,2022-05-31,12:00:00.000000,3
862616_2022-05-31_12:15:00.000000,2022-05-31,12:15:00.000000,3
862616_2022-05-31_12:30:00.000000,2022-05-31,12:30:00.000000,3
862616_2022-05-31_12:45:00.000000,2022-05-31,12:45:00.000000,6
862616_2022-05-31_13:00:00.000000,2022-05-31,13:00:00.000000,3
862616_2022-05-31_13:15:00.000000,2022-05-31,13:15:00.000000,3
862616_2022-05-31_13:30:00.000000,2022-05-31,13:30:00.000000,3
862616_2022-05-31_13:45:00.000000,2022-05-31,13:45:00.000000,3
862616_2022-05-31_14:00:00.000000,2022-05-31,14:00:00.000000,3
862616_2022-05-31_14:15:00.000000,2022-05-31,14:15:00.000000,3
862616_2022-05-31_14:30:00.000000,2022-05-31,14:30:00.000000,5
862616_2022-05-31_14:45:00.000000,2022-05-31,14:45:00.000000,3
862616_2022-05-31_15:00:00.000000,2022-05-31,15:00:00.000000,3
862616_2022-05-31_15:15:00.000000,2022-05-31,15:15:00.000000,3
862616_2022-05-31_15:30:00.000000,2022-05-31,15:30:00.000000,3
862616_2022-05-31_15:45:00.000000,2022-05-31,15:45:00.000000,3
862616_2022-05-31_16:00:00.000000,2022-05-31,16:00:00.000000,3
862616_2022-05-31_16:15:00.000000,2022-05-31,16:15:00.000000,3
862616_2022-05-31_16:30:00.000000,2022-05-31,16:30:00.000000,3
862616_2022-05-31_16:45:00.000000,2022-05-31,16:45:00.000000,5
862616_2022-05-31_17:00:00.000000,2022-05-31,17:00:00.000000,3
862616_2022-05-31_17:15:00.000000,2022-05-31,17:15:00.000000,3
862616_2022-05-31_17:30:00.000000,2022-05-31,17:30:00.000000,3
862616_2022-05-31_17:45:00.000000,2022-05-31,17:45:00.000000,3
862616_2022-05-31_18:00:00.000000,2022-05-31,18:00:00.000000,3
862616_2022-05-31_18:15:00.000000,2022-05-31,18:15:00.000000,3
862616_2022-05-31_18:30:00.000000,2022-05-31,18:30:00.000000,3
862616_2022-05-31_18:45:00.000000,2022-05-31,18:45:00.000000,3
862616_2022-05-31_19:00:00.000000,2022-05-31,19:00:00.000000,3
862622_2022-06-01_06:30:00.000000,2022-06-01,06:30:00.000000,3
862622_2022-06-01_06:45:00.000000,2022-06-01,06:45:00.000000,3
862622_2022-06-01_07:00:00.000000,2022-06-01,07:00:00.000000,3
862622_2022-06-01_07:15:00.000000,2022-06-01,07:15:00.000000,3
862622_2022-06-01_07:30:00.000000,2022-06-01,07:30:00.000000,3
862622_2022-06-01_07:45:00.000000,2022-06-01,07:45:00.000000,3
862622_2022-06-01_08:00:00.000000,2022-06-01,08:00:00.000000,3
862622_2022-06-01_08:15:00.000000,2022-06-01,08:15:00.000000,3
862622_2022-06-01_08:30:00.000000,2022-06-01,08:30:00.000000,3
862622_2022-06-01_08:45:00.000000,2022-06-01,08:45:00.000000,3
862622_2022-06-01_09:00:00.000000,2022-06-01,09:00:00.000000,3
862622_2022-06-01_09:15:00.000000,2022-06-01,09:15:00.000000,3
862622_2022-06-01_09:30:00.000000,2022-06-01,09:30:00.000000,3
862622_2022-06-01_09:45:00.000000,2022-06-01,09:45:00.000000,3
862622_2022-06-01_10:00:00.000000,2022-06-01,10:00:00.000000,3
862622_2022-06-01_10:15:00.000000,2022-06-01,10:15:00.000000,3
862622_2022-06-01_10:30:00.000000,2022-06-01,10:30:00.000000,3
862622_2022-06-01_10:45:00.000000,2022-06-01,10:45:00.000000,3
862622_2022-06-01_11:00:00.000000,2022-06-01,11:00:00.000000,3
862622_2022-06-01_11:15:00.000000,2022-06-01,11:15:00.000000,3
862622_2022-06-01_11:30:00.000000,2022-06-01,11:30:00.000000,3
862622_2022-06-01_11:45:00.000000,2022-06-01,11:45:00.000000,3
862622_2022-06-01_12:00:00.000000,2022-06-01,12:00:00.000000,3
862622_2022-06-01_12:15:00.000000,2022-06-01,12:15:00.000000,3
862622_2022-06-01_12:30:00.000000,2022-06-01,12:30:00.000000,3
862622_2022-06-01_12:45:00.000000,2022-06-01,12:45:00.000000,3
862622_2022-06-01_13:00:00.000000,2022-06-01,13:00:00.000000,3
862622_2022-06-01_13:15:00.000000,2022-06-01,13:15:00.000000,3
862622_2022-06-01_13:30:00.000000,2022-06-01,13:30:00.000000,3
862622_2022-06-01_13:45:00.000000,2022-06-01,13:45:00.000000,3
862622_2022-06-01_14:00:00.000000,2022-06-01,14:00:00.000000,3
862622_2022-06-01_14:15:00.000000,2022-06-01,14:15:00.000000,1
862622_2022-06-01_14:30:00.000000,2022-06-01,14:30:00.000000,3
862622_2022-06-01_14:45:00.000000,2022-06-01,14:45:00.000000,3
862622_2022-06-01_15:00:00.000000,2022-06-01,15:00:00.000000,6
862622_2022-06-01_15:15:00.000000,2022-06-01,15:15:00.000000,3
862622_2022-06-01_15:30:00.000000,2022-06-01,15:30:00.000000,1
862622_2022-06-01_15:45:00.000000,2022-06-01,15:45:00.000000,3
862622_2022-06-01_16:00:00.000000,2022-06-01,16:00:00.000000,3
862622_2022-06-01_16:15:00.000000,2022-06-01,16:15:00.000000,3
862622_2022-06-01_16:30:00.000000,2022-06-01,16:30:00.000000,3
862622_2022-06-01_16:45:00.000000,2022-06-01,16:45:00.000000,3
862622_2022-06-01_17:00:00.000000,2022-06-01,17:00:00.000000,3
862622_2022-06-01_17:15:00.000000,2022-06-01,17:15:00.000000,3
862622_2022-06-01_17:30:00.000000,2022-06-01,17:30:00.000000,6
862622_2022-06-01_17:45:00.000000,2022-06-01,17:45:00.000000,6
862622_2022-06-01_18:00:00.000000,2022-06-01,18:00:00.000000,6
862622_2022-06-01_18:15:00.000000,2022-06-01,18:15:00.000000,3
862622_2022-06-01_18:30:00.000000,2022-06-01,18:30:00.000000,3
862622_2022-06-01_18:45:00.000000,2022-06-01,18:45:00.000000,3
862622_2022-06-01_19:00:00.000000,2022-06-01,19:00:00.000000,3
863014_2022-06-02_07:00:00.000000,2022-06-02,07:00:00.000000,3
863016_2022-06-02_07:00:00.000000,2022-06-02,07:00:00.000000,1
863014_2022-06-02_07:15:00.000000,2022-06-02,07:15:00.000000,3
863014_2022-06-02_07:30:00.000000,2022-06-02,07:30:00.000000,3
863016_2022-06-02_07:30:00.000000,2022-06-02,07:30:00.000000,1
863014_2022-06-02_07:45:00.000000,2022-06-02,07:45:00.000000,3
863014_2022-06-02_08:00:00.000000,2022-06-02,08:00:00.000000,3
863016_2022-06-02_08:00:00.000000,2022-06-02,08:00:00.000000,1
863014_2022-06-02_08:15:00.000000,2022-06-02,08:15:00.000000,3
863014_2022-06-02_08:30:00.000000,2022-06-02,08:30:00.000000,3
863016_2022-06-02_08:30:00.000000,2022-06-02,08:30:00.000000,1
863014_2022-06-02_08:45:00.000000,2022-06-02,08:45:00.000000,3
863014_2022-06-02_09:00:00.000000,2022-06-02,09:00:00.000000,3
863016_2022-06-02_09:00:00.000000,2022-06-02,09:00:00.000000,1
863014_2022-06-02_09:15:00.000000,2022-06-02,09:15:00.000000,3
863014_2022-06-02_09:30:00.000000,2022-06-02,09:30:00.000000,3
863016_2022-06-02_09:30:00.000000,2022-06-02,09:30:00.000000,1
863014_2022-06-02_09:45:00.000000,2022-06-02,09:45:00.000000,3
863014_2022-06-02_10:00:00.000000,2022-06-02,10:00:00.000000,3
863016_2022-06-02_10:00:00.000000,2022-06-02,10:00:00.000000,1
863014_2022-06-02_10:15:00.000000,2022-06-02,10:15:00.000000,1
863014_2022-06-02_10:30:00.000000,2022-06-02,10:30:00.000000,3
863016_2022-06-02_10:30:00.000000,2022-06-02,10:30:00.000000,1
863014_2022-06-02_10:45:00.000000,2022-06-02,10:45:00.000000,1
863014_2022-06-02_11:00:00.000000,2022-06-02,11:00:00.000000,3
863016_2022-06-02_11:00:00.000000,2022-06-02,11:00:00.000000,1
863014_2022-06-02_11:15:00.000000,2022-06-02,11:15:00.000000,3
863014_2022-06-02_11:30:00.000000,2022-06-02,11:30:00.000000,3
863016_2022-06-02_11:30:00.000000,2022-06-02,11:30:00.000000,1
863014_2022-06-02_11:45:00.000000,2022-06-02,11:45:00.000000,3
863014_2022-06-02_12:00:00.000000,2022-06-02,12:00:00.000000,3
863016_2022-06-02_12:00:00.000000,2022-06-02,12:00:00.000000,1
863014_2022-06-02_12:15:00.000000,2022-06-02,12:15:00.000000,1
863014_2022-06-02_12:30:00.000000,2022-06-02,12:30:00.000000,3
863016_2022-06-02_12:30:00.000000,2022-06-02,12:30:00.000000,1
863014_2022-06-02_12:45:00.000000,2022-06-02,12:45:00.000000,3
863014_2022-06-02_13:00:00.000000,2022-06-02,13:00:00.000000,3
863016_2022-06-02_13:00:00.000000,2022-06-02,13:00:00.000000,1
863014_2022-06-02_13:15:00.000000,2022-06-02,13:15:00.000000,3
863014_2022-06-02_13:30:00.000000,2022-06-02,13:30:00.000000,3
863824_2022-06-08_06:30:00.000000,2022-06-08,06:30:00.000000,6
863824_2022-06-08_06:45:00.000000,2022-06-08,06:45:00.000000,6
863824_2022-06-08_07:00:00.000000,2022-06-08,07:00:00.000000,6
863824_2022-06-08_07:15:00.000000,2022-06-08,07:15:00.000000,6
863824_2022-06-08_07:30:00.000000,2022-06-08,07:30:00.000000,6
863824_2022-06-08_07:45:00.000000,2022-06-08,07:45:00.000000,6
863824_2022-06-08_08:00:00.000000,2022-06-08,08:00:00.000000,6
863824_2022-06-08_08:15:00.000000,2022-06-08,08:15:00.000000,6
863824_2022-06-08_08:30:00.000000,2022-06-08,08:30:00.000000,6
863824_2022-06-08_08:45:00.000000,2022-06-08,08:45:00.000000,6
863824_2022-06-08_09:00:00.000000,2022-06-08,09:00:00.000000,6
863824_2022-06-08_09:15:00.000000,2022-06-08,09:15:00.000000,6
863824_2022-06-08_09:30:00.000000,2022-06-08,09:30:00.000000,3
863824_2022-06-08_09:45:00.000000,2022-06-08,09:45:00.000000,3
863824_2022-06-08_10:00:00.000000,2022-06-08,10:00:00.000000,3
863824_2022-06-08_10:15:00.000000,2022-06-08,10:15:00.000000,3
863824_2022-06-08_10:30:00.000000,2022-06-08,10:30:00.000000,6
863824_2022-06-08_10:45:00.000000,2022-06-08,10:45:00.000000,6
863824_2022-06-08_11:00:00.000000,2022-06-08,11:00:00.000000,3
863824_2022-06-08_11:15:00.000000,2022-06-08,11:15:00.000000,6
863824_2022-06-08_11:30:00.000000,2022-06-08,11:30:00.000000,6
863824_2022-06-08_11:45:00.000000,2022-06-08,11:45:00.000000,6
863824_2022-06-08_12:00:00.000000,2022-06-08,12:00:00.000000,6
863824_2022-06-08_12:15:00.000000,2022-06-08,12:15:00.000000,6
863824_2022-06-08_12:30:00.000000,2022-06-08,12:30:00.000000,6
863824_2022-06-08_12:45:00.000000,2022-06-08,12:45:00.000000,6
863824_2022-06-08_13:00:00.000000,2022-06-08,13:00:00.000000,6
863824_2022-06-08_13:15:00.000000,2022-06-08,13:15:00.000000,6
863824_2022-06-08_13:30:00.000000,2022-06-08,13:30:00.000000,6
863824_2022-06-08_13:45:00.000000,2022-06-08,13:45:00.000000,3
863824_2022-06-08_14:00:00.000000,2022-06-08,14:00:00.000000,6
863824_2022-06-08_14:15:00.000000,2022-06-08,14:15:00.000000,3
863824_2022-06-08_14:30:00.000000,2022-06-08,14:30:00.000000,6
863824_2022-06-08_14:45:00.000000,2022-06-08,14:45:00.000000,6
863824_2022-06-08_15:00:00.000000,2022-06-08,15:00:00.000000,6
863824_2022-06-08_15:15:00.000000,2022-06-08,15:15:00.000000,6
863824_2022-06-08_15:30:00.000000,2022-06-08,15:30:00.000000,6
863824_2022-06-08_15:45:00.000000,2022-06-08,15:45:00.000000,6
863824_2022-06-08_16:00:00.000000,2022-06-08,16:00:00.000000,6
863824_2022-06-08_16:15:00.000000,2022-06-08,16:15:00.000000,6
863824_2022-06-08_16:30:00.000000,2022-06-08,16:30:00.000000,6
863824_2022-06-08_16:45:00.000000,2022-06-08,16:45:00.000000,6
863824_2022-06-08_17:00:00.000000,2022-06-08,17:00:00.000000,6
863824_2022-06-08_17:15:00.000000,2022-06-08,17:15:00.000000,6
863824_2022-06-08_17:30:00.000000,2022-06-08,17:30:00.000000,6
863824_2022-06-08_17:45:00.000000,2022-06-08,17:45:00.000000,3
863824_2022-06-08_18:00:00.000000,2022-06-08,18:00:00.000000,6
863824_2022-06-08_18:15:00.000000,2022-06-08,18:15:00.000000,6
863824_2022-06-08_18:30:00.000000,2022-06-08,18:30:00.000000,6
863824_2022-06-08_18:45:00.000000,2022-06-08,18:45:00.000000,6
863824_2022-06-08_19:00:00.000000,2022-06-08,19:00:00.000000,6
864036_2022-06-10_06:30:00.000000,2022-06-10,06:30:00.000000,6
864036_2022-06-10_06:45:00.000000,2022-06-10,06:45:00.000000,5
864036_2022-06-10_07:00:00.000000,2022-06-10,07:00:00.000000,5
864036_2022-06-10_07:15:00.000000,2022-06-10,07:15:00.000000,5
864036_2022-06-10_07:30:00.000000,2022-06-10,07:30:00.000000,5
864036_2022-06-10_07:45:00.000000,2022-06-10,07:45:00.000000,5
864036_2022-06-10_08:00:00.000000,2022-06-10,08:00:00.000000,5
864036_2022-06-10_08:15:00.000000,2022-06-10,08:15:00.000000,6
864036_2022-06-10_08:30:00.000000,2022-06-10,08:30:00.000000,5
864036_2022-06-10_08:45:00.000000,2022-06-10,08:45:00.000000,6
864036_2022-06-10_09:00:00.000000,2022-06-10,09:00:00.000000,5
864036_2022-06-10_09:15:00.000000,2022-06-10,09:15:00.000000,5
864036_2022-06-10_09:30:00.000000,2022-06-10,09:30:00.000000,5
864036_2022-06-10_09:45:00.000000,2022-06-10,09:45:00.000000,5
864036_2022-06-10_10:00:00.000000,2022-06-10,10:00:00.000000,6
864036_2022-06-10_10:15:00.000000,2022-06-10,10:15:00.000000,1
864036_2022-06-10_10:30:00.000000,2022-06-10,10:30:00.000000,5
864036_2022-06-10_10:45:00.000000,2022-06-10,10:45:00.000000,6
864036_2022-06-10_11:00:00.000000,2022-06-10,11:00:00.000000,6
864036_2022-06-10_11:15:00.000000,2022-06-10,11:15:00.000000,6
864036_2022-06-10_11:30:00.000000,2022-06-10,11:30:00.000000,5
864036_2022-06-10_11:45:00.000000,2022-06-10,11:45:00.000000,6
864036_2022-06-10_12:00:00.000000,2022-06-10,12:00:00.000000,3
864036_2022-06-10_12:15:00.000000,2022-06-10,12:15:00.000000,6
864036_2022-06-10_12:30:00.000000,2022-06-10,12:30:00.000000,6
864036_2022-06-10_12:45:00.000000,2022-06-10,12:45:00.000000,6
864036_2022-06-10_13:00:00.000000,2022-06-10,13:00:00.000000,6
864036_2022-06-10_13:15:00.000000,2022-06-10,13:15:00.000000,6
864036_2022-06-10_13:30:00.000000,2022-06-10,13:30:00.000000,6
864036_2022-06-10_13:45:00.000000,2022-06-10,13:45:00.000000,3
864036_2022-06-10_14:00:00.000000,2022-06-10,14:00:00.000000,6
864036_2022-06-10_14:15:00.000000,2022-06-10,14:15:00.000000,6
864036_2022-06-10_14:30:00.000000,2022-06-10,14:30:00.000000,6
864036_2022-06-10_14:45:00.000000,2022-06-10,14:45:00.000000,6
864036_2022-06-10_15:00:00.000000,2022-06-10,15:00:00.000000,6
864036_2022-06-10_15:15:00.000000,2022-06-10,15:15:00.000000,6
864036_2022-06-10_15:30:00.000000,2022-06-10,15:30:00.000000,6
864036_2022-06-10_15:45:00.000000,2022-06-10,15:45:00.000000,5
864036_2022-06-10_16:00:00.000000,2022-06-10,16:00:00.000000,6
864036_2022-06-10_16:15:00.000000,2022-06-10,16:15:00.000000,6
864036_2022-06-10_16:30:00.000000,2022-06-10,16:30:00.000000,5
864036_2022-06-10_16:45:00.000000,2022-06-10,16:45:00.000000,6
864036_2022-06-10_17:00:00.000000,2022-06-10,17:00:00.000000,6
864036_2022-06-10_17:15:00.000000,2022-06-10,17:15:00.000000,5
864036_2022-06-10_17:30:00.000000,2022-06-10,17:30:00.000000,3
864036_2022-06-10_17:45:00.000000,2022-06-10,17:45:00.000000,6
864036_2022-06-10_18:00:00.000000,2022-06-10,18:00:00.000000,6
864036_2022-06-10_18:15:00.000000,2022-06-10,18:15:00.000000,6
864036_2022-06-10_18:30:00.000000,2022-06-10,18:30:00.000000,6
864036_2022-06-10_18:45:00.000000,2022-06-10,18:45:00.000000,6
864036_2022-06-10_19:00:00.000000,2022-06-10,19:00:00.000000,5
864586_2022-06-15_06:30:00.000000,2022-06-15,06:30:00.000000,3
864586_2022-06-15_06:45:00.000000,2022-06-15,06:45:00.000000,3
864586_2022-06-15_07:00:00.000000,2022-06-15,07:00:00.000000,3
864586_2022-06-15_07:15:00.000000,2022-06-15,07:15:00.000000,3
864586_2022-06-15_07:30:00.000000,2022-06-15,07:30:00.000000,3
864586_2022-06-15_07:45:00.000000,2022-06-15,07:45:00.000000,3
864586_2022-06-15_08:00:00.000000,2022-06-15,08:00:00.000000,3
864586_2022-06-15_08:15:00.000000,2022-06-15,08:15:00.000000,3
864586_2022-06-15_08:30:00.000000,2022-06-15,08:30:00.000000,3
864586_2022-06-15_08:45:00.000000,2022-06-15,08:45:00.000000,3
864586_2022-06-15_09:00:00.000000,2022-06-15,09:00:00.000000,3
864586_2022-06-15_09:15:00.000000,2022-06-15,09:15:00.000000,3
864586_2022-06-15_09:30:00.000000,2022-06-15,09:30:00.000000,3
864586_2022-06-15_09:45:00.000000,2022-06-15,09:45:00.000000,3
864586_2022-06-15_10:00:00.000000,2022-06-15,10:00:00.000000,3
864586_2022-06-15_10:15:00.000000,2022-06-15,10:15:00.000000,3
864586_2022-06-15_10:30:00.000000,2022-06-15,10:30:00.000000,3
864586_2022-06-15_10:45:00.000000,2022-06-15,10:45:00.000000,5
864586_2022-06-15_11:00:00.000000,2022-06-15,11:00:00.000000,5
864586_2022-06-15_11:15:00.000000,2022-06-15,11:15:00.000000,1
864586_2022-06-15_11:30:00.000000,2022-06-15,11:30:00.000000,1
864586_2022-06-15_11:45:00.000000,2022-06-15,11:45:00.000000,3
864586_2022-06-15_12:00:00.000000,2022-06-15,12:00:00.000000,3
864586_2022-06-15_12:15:00.000000,2022-06-15,12:15:00.000000,3
864586_2022-06-15_12:30:00.000000,2022-06-15,12:30:00.000000,3
864586_2022-06-15_12:45:00.000000,2022-06-15,12:45:00.000000,3
864586_2022-06-15_13:00:00.000000,2022-06-15,13:00:00.000000,3
864586_2022-06-15_13:15:00.000000,2022-06-15,13:15:00.000000,3
864586_2022-06-15_13:30:00.000000,2022-06-15,13:30:00.000000,3
864586_2022-06-15_13:45:00.000000,2022-06-15,13:45:00.000000,3
864586_2022-06-15_14:00:00.000000,2022-06-15,14:00:00.000000,3
864586_2022-06-15_14:15:00.000000,2022-06-15,14:15:00.000000,3
864586_2022-06-15_14:30:00.000000,2022-06-15,14:30:00.000000,3
864586_2022-06-15_14:45:00.000000,2022-06-15,14:45:00.000000,3
864586_2022-06-15_15:00:00.000000,2022-06-15,15:00:00.000000,3
864586_2022-06-15_15:15:00.000000,2022-06-15,15:15:00.000000,3
864586_2022-06-15_15:30:00.000000,2022-06-15,15:30:00.000000,3
864586_2022-06-15_15:45:00.000000,2022-06-15,15:45:00.000000,3
864586_2022-06-15_16:00:00.000000,2022-06-15,16:00:00.000000,3
864586_2022-06-15_16:15:00.000000,2022-06-15,16:15:00.000000,3
864586_2022-06-15_16:30:00.000000,2022-06-15,16:30:00.000000,3
864586_2022-06-15_16:45:00.000000,2022-06-15,16:45:00.000000,3
864586_2022-06-15_17:00:00.000000,2022-06-15,17:00:00.000000,3
864586_2022-06-15_17:15:00.000000,2022-06-15,17:15:00.000000,3
864586_2022-06-15_17:30:00.000000,2022-06-15,17:30:00.000000,3
864586_2022-06-15_17:45:00.000000,2022-06-15,17:45:00.000000,3
864586_2022-06-15_18:00:00.000000,2022-06-15,18:00:00.000000,3
864586_2022-06-15_18:15:00.000000,2022-06-15,18:15:00.000000,2
864586_2022-06-15_18:30:00.000000,2022-06-15,18:30:00.000000,3
864586_2022-06-15_18:45:00.000000,2022-06-15,18:45:00.000000,1
864586_2022-06-15_19:00:00.000000,2022-06-15,19:00:00.000000,1
864836_2022-06-17_06:30:00.000000,2022-06-17,06:30:00.000000,3
864836_2022-06-17_06:45:00.000000,2022-06-17,06:45:00.000000,3
864836_2022-06-17_07:00:00.000000,2022-06-17,07:00:00.000000,3
864836_2022-06-17_07:15:00.000000,2022-06-17,07:15:00.000000,1
864836_2022-06-17_07:30:00.000000,2022-06-17,07:30:00.000000,3
864836_2022-06-17_07:45:00.000000,2022-06-17,07:45:00.000000,3
864836_2022-06-17_08:00:00.000000,2022-06-17,08:00:00.000000,1
864836_2022-06-17_08:15:00.000000,2022-06-17,08:15:00.000000,1
864836_2022-06-17_08:30:00.000000,2022-06-17,08:30:00.000000,3
864836_2022-06-17_08:45:00.000000,2022-06-17,08:45:00.000000,3
864836_2022-06-17_09:00:00.000000,2022-06-17,09:00:00.000000,1
864836_2022-06-17_09:15:00.000000,2022-06-17,09:15:00.000000,3
864836_2022-06-17_09:30:00.000000,2022-06-17,09:30:00.000000,3
864836_2022-06-17_09:45:00.000000,2022-06-17,09:45:00.000000,3
864836_2022-06-17_10:00:00.000000,2022-06-17,10:00:00.000000,3
864836_2022-06-17_10:15:00.000000,2022-06-17,10:15:00.000000,3
864836_2022-06-17_10:30:00.000000,2022-06-17,10:30:00.000000,3
864836_2022-06-17_10:45:00.000000,2022-06-17,10:45:00.000000,3
864836_2022-06-17_11:00:00.000000,2022-06-17,11:00:00.000000,3
864836_2022-06-17_11:15:00.000000,2022-06-17,11:15:00.000000,3
864836_2022-06-17_11:30:00.000000,2022-06-17,11:30:00.000000,1
864836_2022-06-17_11:45:00.000000,2022-06-17,11:45:00.000000,3
864836_2022-06-17_12:00:00.000000,2022-06-17,12:00:00.000000,3
864836_2022-06-17_12:15:00.000000,2022-06-17,12:15:00.000000,3
864836_2022-06-17_12:30:00.000000,2022-06-17,12:30:00.000000,3
864836_2022-06-17_12:45:00.000000,2022-06-17,12:45:00.000000,3
864836_2022-06-17_13:00:00.000000,2022-06-17,13:00:00.000000,3
864836_2022-06-17_13:15:00.000000,2022-06-17,13:15:00.000000,1
864836_2022-06-17_13:30:00.000000,2022-06-17,13:30:00.000000,3
864836_2022-06-17_13:45:00.000000,2022-06-17,13:45:00.000000,3
864836_2022-06-17_14:00:00.000000,2022-06-17,14:00:00.000000,3
864836_2022-06-17_14:15:00.000000,2022-06-17,14:15:00.000000,3
864836_2022-06-17_14:30:00.000000,2022-06-17,14:30:00.000000,3
864836_2022-06-17_14:45:00.000000,2022-06-17,14:45:00.000000,3
864836_2022-06-17_15:00:00.000000,2022-06-17,15:00:00.000000,3
864836_2022-06-17_15:15:00.000000,2022-06-17,15:15:00.000000,3
864836_2022-06-17_15:30:00.000000,2022-06-17,15:30:00.000000,3
864836_2022-06-17_15:45:00.000000,2022-06-17,15:45:00.000000,1
864836_2022-06-17_16:00:00.000000,2022-06-17,16:00:00.000000,3
864836_2022-06-17_16:15:00.000000,2022-06-17,16:15:00.000000,3
864836_2022-06-17_16:30:00.000000,2022-06-17,16:30:00.000000,3
864836_2022-06-17_16:45:00.000000,2022-06-17,16:45:00.000000,3
864836_2022-06-17_17:00:00.000000,2022-06-17,17:00:00.000000,3
864836_2022-06-17_17:15:00.000000,2022-06-17,17:15:00.000000,3
864836_2022-06-17_17:30:00.000000,2022-06-17,17:30:00.000000,1
864836_2022-06-17_17:45:00.000000,2022-06-17,17:45:00.000000,3
864836_2022-06-17_18:00:00.000000,2022-06-17,18:00:00.000000,3
864836_2022-06-17_18:15:00.000000,2022-06-17,18:15:00.000000,1
864836_2022-06-17_18:30:00.000000,2022-06-17,18:30:00.000000,6
864836_2022-06-17_18:45:00.000000,2022-06-17,18:45:00.000000,1
864836_2022-06-17_19:00:00.000000,2022-06-17,19:00:00.000000,6
864636_2022-06-19_06:30:00.000000,2022-06-19,06:30:00.000000,3
864636_2022-06-19_06:45:00.000000,2022-06-19,06:45:00.000000,3
864636_2022-06-19_07:00:00.000000,2022-06-19,07:00:00.000000,3
864636_2022-06-19_07:15:00.000000,2022-06-19,07:15:00.000000,3
864636_2022-06-19_07:30:00.000000,2022-06-19,07:30:00.000000,3
864636_2022-06-19_07:45:00.000000,2022-06-19,07:45:00.000000,3
864636_2022-06-19_08:00:00.000000,2022-06-19,08:00:00.000000,1
864636_2022-06-19_08:15:00.000000,2022-06-19,08:15:00.000000,1
864636_2022-06-19_08:30:00.000000,2022-06-19,08:30:00.000000,3
864636_2022-06-19_08:45:00.000000,2022-06-19,08:45:00.000000,1
864636_2022-06-19_09:00:00.000000,2022-06-19,09:00:00.000000,1
864636_2022-06-19_09:15:00.000000,2022-06-19,09:15:00.000000,1
864636_2022-06-19_09:30:00.000000,2022-06-19,09:30:00.000000,3
864636_2022-06-19_09:45:00.000000,2022-06-19,09:45:00.000000,1
864636_2022-06-19_10:00:00.000000,2022-06-19,10:00:00.000000,3
864636_2022-06-19_10:15:00.000000,2022-06-19,10:15:00.000000,3
864636_2022-06-19_10:30:00.000000,2022-06-19,10:30:00.000000,1
864636_2022-06-19_10:45:00.000000,2022-06-19,10:45:00.000000,1
864636_2022-06-19_11:00:00.000000,2022-06-19,11:00:00.000000,3
864636_2022-06-19_11:15:00.000000,2022-06-19,11:15:00.000000,3
864636_2022-06-19_11:30:00.000000,2022-06-19,11:30:00.000000,3
864636_2022-06-19_11:45:00.000000,2022-06-19,11:45:00.000000,1
864636_2022-06-19_12:00:00.000000,2022-06-19,12:00:00.000000,3
864636_2022-06-19_12:15:00.000000,2022-06-19,12:15:00.000000,1
864636_2022-06-19_12:30:00.000000,2022-06-19,12:30:00.000000,1
864636_2022-06-19_12:45:00.000000,2022-06-19,12:45:00.000000,3
864636_2022-06-19_13:00:00.000000,2022-06-19,13:00:00.000000,3
864636_2022-06-19_13:15:00.000000,2022-06-19,13:15:00.000000,3
864636_2022-06-19_13:30:00.000000,2022-06-19,13:30:00.000000,3
864636_2022-06-19_13:45:00.000000,2022-06-19,13:45:00.000000,1
864636_2022-06-19_14:00:00.000000,2022-06-19,14:00:00.000000,3
864636_2022-06-19_14:15:00.000000,2022-06-19,14:15:00.000000,1
864636_2022-06-19_14:30:00.000000,2022-06-19,14:30:00.000000,3
864636_2022-06-19_14:45:00.000000,2022-06-19,14:45:00.000000,1
864636_2022-06-19_15:00:00.000000,2022-06-19,15:00:00.000000,2
864636_2022-06-19_15:15:00.000000,2022-06-19,15:15:00.000000,1
864636_2022-06-19_15:30:00.000000,2022-06-19,15:30:00.000000,1
864636_2022-06-19_15:45:00.000000,2022-06-19,15:45:00.000000,3
864636_2022-06-19_16:00:00.000000,2022-06-19,16:00:00.000000,1
864636_2022-06-19_16:15:00.000000,2022-06-19,16:15:00.000000,3
864636_2022-06-19_16:30:00.000000,2022-06-19,16:30:00.000000,3
864636_2022-06-19_16:45:00.000000,2022-06-19,16:45:00.000000,1
864636_2022-06-19_17:00:00.000000,2022-06-19,17:00:00.000000,1
864636_2022-06-19_17:15:00.000000,2022-06-19,17:15:00.000000,1
864636_2022-06-19_17:30:00.000000,2022-06-19,17:30:00.000000,3
864636_2022-06-19_17:45:00.000000,2022-06-19,17:45:00.000000,1
864636_2022-06-19_18:00:00.000000,2022-06-19,18:00:00.000000,3
864636_2022-06-19_18:15:00.000000,2022-06-19,18:15:00.000000,2
864636_2022-06-19_18:30:00.000000,2022-06-19,18:30:00.000000,5
864636_2022-06-19_18:45:00.000000,2022-06-19,18:45:00.000000,2
864636_2022-06-19_19:00:00.000000,2022-06-19,19:00:00.000000,1
864896_2022-06-26_06:30:00.000000,2022-06-26,06:30:00.000000,1
864896_2022-06-26_06:45:00.000000,2022-06-26,06:45:00.000000,1
864896_2022-06-26_07:00:00.000000,2022-06-26,07:00:00.000000,1
864896_2022-06-26_07:15:00.000000,2022-06-26,07:15:00.000000,1
864896_2022-06-26_07:30:00.000000,2022-06-26,07:30:00.000000,1
864896_2022-06-26_07:45:00.000000,2022-06-26,07:45:00.000000,1
864896_2022-06-26_08:00:00.000000,2022-06-26,08:00:00.000000,2
864896_2022-06-26_08:15:00.000000,2022-06-26,08:15:00.000000,2
864896_2022-06-26_08:30:00.000000,2022-06-26,08:30:00.000000,1
864896_2022-06-26_08:45:00.000000,2022-06-26,08:45:00.000000,1
864896_2022-06-26_09:00:00.000000,2022-06-26,09:00:00.000000,1
864896_2022-06-26_09:15:00.000000,2022-06-26,09:15:00.000000,3
864896_2022-06-26_09:30:00.000000,2022-06-26,09:30:00.000000,3
864896_2022-06-26_09:45:00.000000,2022-06-26,09:45:00.000000,3
864896_2022-06-26_10:00:00.000000,2022-06-26,10:00:00.000000,3
864896_2022-06-26_10:15:00.000000,2022-06-26,10:15:00.000000,3
864896_2022-06-26_10:30:00.000000,2022-06-26,10:30:00.000000,3
864896_2022-06-26_10:45:00.000000,2022-06-26,10:45:00.000000,3
864896_2022-06-26_11:00:00.000000,2022-06-26,11:00:00.000000,3
864896_2022-06-26_11:15:00.000000,2022-06-26,11:15:00.000000,3
864896_2022-06-26_11:30:00.000000,2022-06-26,11:30:00.000000,3
864896_2022-06-26_11:45:00.000000,2022-06-26,11:45:00.000000,3
864896_2022-06-26_12:00:00.000000,2022-06-26,12:00:00.000000,3
864896_2022-06-26_12:15:00.000000,2022-06-26,12:15:00.000000,3
864896_2022-06-26_12:30:00.000000,2022-06-26,12:30:00.000000,3
864896_2022-06-26_12:45:00.000000,2022-06-26,12:45:00.000000,3
864896_2022-06-26_13:00:00.000000,2022-06-26,13:00:00.000000,3
864896_2022-06-26_13:15:00.000000,2022-06-26,13:15:00.000000,3
864896_2022-06-26_13:30:00.000000,2022-06-26,13:30:00.000000,3
864896_2022-06-26_13:45:00.000000,2022-06-26,13:45:00.000000,3
864896_2022-06-26_14:00:00.000000,2022-06-26,14:00:00.000000,3
864896_2022-06-26_14:15:00.000000,2022-06-26,14:15:00.000000,3
864896_2022-06-26_14:30:00.000000,2022-06-26,14:30:00.000000,3
864896_2022-06-26_14:45:00.000000,2022-06-26,14:45:00.000000,3
864896_2022-06-26_15:00:00.000000,2022-06-26,15:00:00.000000,3
864896_2022-06-26_15:15:00.000000,2022-06-26,15:15:00.000000,3
864896_2022-06-26_15:30:00.000000,2022-06-26,15:30:00.000000,3
864896_2022-06-26_15:45:00.000000,2022-06-26,15:45:00.000000,3
864896_2022-06-26_16:00:00.000000,2022-06-26,16:00:00.000000,3
864896_2022-06-26_16:15:00.000000,2022-06-26,16:15:00.000000,3
864896_2022-06-26_16:30:00.000000,2022-06-26,16:30:00.000000,1
864896_2022-06-26_16:45:00.000000,2022-06-26,16:45:00.000000,3
864896_2022-06-26_17:00:00.000000,2022-06-26,17:00:00.000000,6
864896_2022-06-26_17:15:00.000000,2022-06-26,17:15:00.000000,3
864896_2022-06-26_17:30:00.000000,2022-06-26,17:30:00.000000,3
864896_2022-06-26_17:45:00.000000,2022-06-26,17:45:00.000000,1
864896_2022-06-26_18:00:00.000000,2022-06-26,18:00:00.000000,3
864896_2022-06-26_18:15:00.000000,2022-06-26,18:15:00.000000,3
864896_2022-06-26_18:30:00.000000,2022-06-26,18:30:00.000000,3
864896_2022-06-26_18:45:00.000000,2022-06-26,18:45:00.000000,6
864896_2022-06-26_19:00:00.000000,2022-06-26,19:00:00.000000,6
865080_2022-07-01_06:30:00.000000,2022-07-01,06:30:00.000000,3
865080_2022-07-01_06:45:00.000000,2022-07-01,06:45:00.000000,3
865080_2022-07-01_07:00:00.000000,2022-07-01,07:00:00.000000,3
865080_2022-07-01_07:15:00.000000,2022-07-01,07:15:00.000000,3
865080_2022-07-01_07:30:00.000000,2022-07-01,07:30:00.000000,1
865080_2022-07-01_07:45:00.000000,2022-07-01,07:45:00.000000,3
865080_2022-07-01_08:00:00.000000,2022-07-01,08:00:00.000000,1
865080_2022-07-01_08:15:00.000000,2022-07-01,08:15:00.000000,1
865080_2022-07-01_08:30:00.000000,2022-07-01,08:30:00.000000,3
865080_2022-07-01_08:45:00.000000,2022-07-01,08:45:00.000000,3
865080_2022-07-01_09:00:00.000000,2022-07-01,09:00:00.000000,3
865080_2022-07-01_09:15:00.000000,2022-07-01,09:15:00.000000,3
865080_2022-07-01_09:30:00.000000,2022-07-01,09:30:00.000000,3
865080_2022-07-01_09:45:00.000000,2022-07-01,09:45:00.000000,3
865080_2022-07-01_10:00:00.000000,2022-07-01,10:00:00.000000,1
865080_2022-07-01_10:15:00.000000,2022-07-01,10:15:00.000000,3
865080_2022-07-01_10:30:00.000000,2022-07-01,10:30:00.000000,3
865080_2022-07-01_10:45:00.000000,2022-07-01,10:45:00.000000,3
865080_2022-07-01_11:00:00.000000,2022-07-01,11:00:00.000000,3
865080_2022-07-01_11:15:00.000000,2022-07-01,11:15:00.000000,3
865080_2022-07-01_11:30:00.000000,2022-07-01,11:30:00.000000,3
865080_2022-07-01_11:45:00.000000,2022-07-01,11:45:00.000000,1
865080_2022-07-01_12:00:00.000000,2022-07-01,12:00:00.000000,1
865080_2022-07-01_12:15:00.000000,2022-07-01,12:15:00.000000,1
865080_2022-07-01_12:30:00.000000,2022-07-01,12:30:00.000000,3
865080_2022-07-01_12:45:00.000000,2022-07-01,12:45:00.000000,3
865080_2022-07-01_13:00:00.000000,2022-07-01,13:00:00.000000,3
865080_2022-07-01_13:15:00.000000,2022-07-01,13:15:00.000000,1
865080_2022-07-01_13:30:00.000000,2022-07-01,13:30:00.000000,1
865080_2022-07-01_13:45:00.000000,2022-07-01,13:45:00.000000,3
865080_2022-07-01_14:00:00.000000,2022-07-01,14:00:00.000000,1
865080_2022-07-01_14:15:00.000000,2022-07-01,14:15:00.000000,1
865080_2022-07-01_14:30:00.000000,2022-07-01,14:30:00.000000,6
865080_2022-07-01_14:45:00.000000,2022-07-01,14:45:00.000000,3
865080_2022-07-01_15:00:00.000000,2022-07-01,15:00:00.000000,3
865080_2022-07-01_15:15:00.000000,2022-07-01,15:15:00.000000,3
865080_2022-07-01_15:30:00.000000,2022-07-01,15:30:00.000000,1
865080_2022-07-01_15:45:00.000000,2022-07-01,15:45:00.000000,3
865080_2022-07-01_16:00:00.000000,2022-07-01,16:00:00.000000,6
865080_2022-07-01_16:15:00.000000,2022-07-01,16:15:00.000000,3
865080_2022-07-01_16:30:00.000000,2022-07-01,16:30:00.000000,3
865080_2022-07-01_16:45:00.000000,2022-07-01,16:45:00.000000,1
865080_2022-07-01_17:00:00.000000,2022-07-01,17:00:00.000000,3
865080_2022-07-01_17:15:00.000000,2022-07-01,17:15:00.000000,3
865080_2022-07-01_17:30:00.000000,2022-07-01,17:30:00.000000,1
865080_2022-07-01_17:45:00.000000,2022-07-01,17:45:00.000000,6
865080_2022-07-01_18:00:00.000000,2022-07-01,18:00:00.000000,6
865080_2022-07-01_18:15:00.000000,2022-07-01,18:15:00.000000,6
865080_2022-07-01_18:30:00.000000,2022-07-01,18:30:00.000000,3
865080_2022-07-01_18:45:00.000000,2022-07-01,18:45:00.000000,3
865080_2022-07-01_19:00:00.000000,2022-07-01,19:00:00.000000,6
865396_2022-07-06_06:30:00.000000,2022-07-06,06:30:00.000000,3
865396_2022-07-06_06:45:00.000000,2022-07-06,06:45:00.000000,3
865396_2022-07-06_07:00:00.000000,2022-07-06,07:00:00.000000,3
865396_2022-07-06_07:15:00.000000,2022-07-06,07:15:00.000000,3
865396_2022-07-06_07:30:00.000000,2022-07-06,07:30:00.000000,3
865396_2022-07-06_07:45:00.000000,2022-07-06,07:45:00.000000,3
865396_2022-07-06_08:00:00.000000,2022-07-06,08:00:00.000000,3
865396_2022-07-06_08:15:00.000000,2022-07-06,08:15:00.000000,3
865396_2022-07-06_08:30:00.000000,2022-07-06,08:30:00.000000,3
865396_2022-07-06_08:45:00.000000,2022-07-06,08:45:00.000000,3
865396_2022-07-06_09:00:00.000000,2022-07-06,09:00:00.000000,3
865396_2022-07-06_09:15:00.000000,2022-07-06,09:15:00.000000,3
865396_2022-07-06_09:30:00.000000,2022-07-06,09:30:00.000000,3
865396_2022-07-06_09:45:00.000000,2022-07-06,09:45:00.000000,3
865396_2022-07-06_10:00:00.000000,2022-07-06,10:00:00.000000,3
865396_2022-07-06_10:15:00.000000,2022-07-06,10:15:00.000000,3
865396_2022-07-06_10:30:00.000000,2022-07-06,10:30:00.000000,3
865396_2022-07-06_10:45:00.000000,2022-07-06,10:45:00.000000,3
865396_2022-07-06_11:00:00.000000,2022-07-06,11:00:00.000000,3
865396_2022-07-06_11:15:00.000000,2022-07-06,11:15:00.000000,3
865396_2022-07-06_11:30:00.000000,2022-07-06,11:30:00.000000,3
865396_2022-07-06_11:45:00.000000,2022-07-06,11:45:00.000000,3
865396_2022-07-06_12:00:00.000000,2022-07-06,12:00:00.000000,3
865396_2022-07-06_12:15:00.000000,2022-07-06,12:15:00.000000,3
865396_2022-07-06_12:30:00.000000,2022-07-06,12:30:00.000000,3
865396_2022-07-06_12:45:00.000000,2022-07-06,12:45:00.000000,3
865396_2022-07-06_13:00:00.000000,2022-07-06,13:00:00.000000,3
865396_2022-07-06_13:15:00.000000,2022-07-06,13:15:00.000000,3
865396_2022-07-06_13:30:00.000000,2022-07-06,13:30:00.000000,3
865396_2022-07-06_13:45:00.000000,2022-07-06,13:45:00.000000,3
865396_2022-07-06_14:00:00.000000,2022-07-06,14:00:00.000000,3
865396_2022-07-06_14:15:00.000000,2022-07-06,14:15:00.000000,3
865396_2022-07-06_14:30:00.000000,2022-07-06,14:30:00.000000,3
865396_2022-07-06_14:45:00.000000,2022-07-06,14:45:00.000000,3
865396_2022-07-06_15:00:00.000000,2022-07-06,15:00:00.000000,3
865396_2022-07-06_15:15:00.000000,2022-07-06,15:15:00.000000,3
865396_2022-07-06_15:30:00.000000,2022-07-06,15:30:00.000000,3
865396_2022-07-06_15:45:00.000000,2022-07-06,15:45:00.000000,3
865396_2022-07-06_16:00:00.000000,2022-07-06,16:00:00.000000,3
865396_2022-07-06_16:15:00.000000,2022-07-06,16:15:00.000000,3
865396_2022-07-06_16:30:00.000000,2022-07-06,16:30:00.000000,3
865396_2022-07-06_16:45:00.000000,2022-07-06,16:45:00.000000,3
865396_2022-07-06_17:00:00.000000,2022-07-06,17:00:00.000000,3
865396_2022-07-06_17:15:00.000000,2022-07-06,17:15:00.000000,3
865396_2022-07-06_17:30:00.000000,2022-07-06,17:30:00.000000,3
865396_2022-07-06_17:45:00.000000,2022-07-06,17:45:00.000000,3
865396_2022-07-06_18:00:00.000000,2022-07-06,18:00:00.000000,3
865396_2022-07-06_18:15:00.000000,2022-07-06,18:15:00.000000,3
865396_2022-07-06_18:30:00.000000,2022-07-06,18:30:00.000000,3
865396_2022-07-06_18:45:00.000000,2022-07-06,18:45:00.000000,1
865396_2022-07-06_19:00:00.000000,2022-07-06,19:00:00.000000,1
865492_2022-07-08_06:36:00.000000,2022-07-08,06:36:00.000000,3
865492_2022-07-08_06:51:00.000000,2022-07-08,06:51:00.000000,3
865492_2022-07-08_07:06:00.000000,2022-07-08,07:06:00.000000,1
865492_2022-07-08_07:21:00.000000,2022-07-08,07:21:00.000000,3
865492_2022-07-08_07:36:00.000000,2022-07-08,07:36:00.000000,3
865492_2022-07-08_07:51:00.000000,2022-07-08,07:51:00.000000,3
865492_2022-07-08_08:06:00.000000,2022-07-08,08:06:00.000000,1
865492_2022-07-08_08:21:00.000000,2022-07-08,08:21:00.000000,1
865492_2022-07-08_08:36:00.000000,2022-07-08,08:36:00.000000,1
865492_2022-07-08_08:51:00.000000,2022-07-08,08:51:00.000000,1
865492_2022-07-08_09:06:00.000000,2022-07-08,09:06:00.000000,3
865492_2022-07-08_09:21:00.000000,2022-07-08,09:21:00.000000,1
865492_2022-07-08_09:36:00.000000,2022-07-08,09:36:00.000000,1
865492_2022-07-08_09:51:00.000000,2022-07-08,09:51:00.000000,3
865492_2022-07-08_10:06:00.000000,2022-07-08,10:06:00.000000,3
865492_2022-07-08_10:21:00.000000,2022-07-08,10:21:00.000000,3
865492_2022-07-08_10:36:00.000000,2022-07-08,10:36:00.000000,3
865492_2022-07-08_10:51:00.000000,2022-07-08,10:51:00.000000,1
865492_2022-07-08_11:06:00.000000,2022-07-08,11:06:00.000000,3
865492_2022-07-08_11:21:00.000000,2022-07-08,11:21:00.000000,3
865492_2022-07-08_11:36:00.000000,2022-07-08,11:36:00.000000,3
865492_2022-07-08_11:51:00.000000,2022-07-08,11:51:00.000000,3
865492_2022-07-08_12:06:00.000000,2022-07-08,12:06:00.000000,3
865492_2022-07-08_12:21:00.000000,2022-07-08,12:21:00.000000,1
865492_2022-07-08_12:36:00.000000,2022-07-08,12:36:00.000000,3
865492_2022-07-08_12:51:00.000000,2022-07-08,12:51:00.000000,3
865492_2022-07-08_13:06:00.000000,2022-07-08,13:06:00.000000,6
865492_2022-07-08_13:21:00.000000,2022-07-08,13:21:00.000000,3
865492_2022-07-08_13:36:00.000000,2022-07-08,13:36:00.000000,3
865492_2022-07-08_13:51:00.000000,2022-07-08,13:51:00.000000,3
865492_2022-07-08_14:06:00.000000,2022-07-08,14:06:00.000000,3
865492_2022-07-08_14:21:00.000000,2022-07-08,14:21:00.000000,3
865492_2022-07-08_14:36:00.000000,2022-07-08,14:36:00.000000,3
865492_2022-07-08_14:51:00.000000,2022-07-08,14:51:00.000000,3
865492_2022-07-08_15:06:00.000000,2022-07-08,15:06:00.000000,3
865492_2022-07-08_15:21:00.000000,2022-07-08,15:21:00.000000,3
865492_2022-07-08_15:36:00.000000,2022-07-08,15:36:00.000000,3
865492_2022-07-08_15:51:00.000000,2022-07-08,15:51:00.000000,3
865492_2022-07-08_16:06:00.000000,2022-07-08,16:06:00.000000,1
865492_2022-07-08_16:21:00.000000,2022-07-08,16:21:00.000000,3
865492_2022-07-08_16:36:00.000000,2022-07-08,16:36:00.000000,3
865492_2022-07-08_16:51:00.000000,2022-07-08,16:51:00.000000,3
865492_2022-07-08_17:06:00.000000,2022-07-08,17:06:00.000000,1
865492_2022-07-08_17:21:00.000000,2022-07-08,17:21:00.000000,3
865492_2022-07-08_17:36:00.000000,2022-07-08,17:36:00.000000,3
865492_2022-07-08_17:51:00.000000,2022-07-08,17:51:00.000000,3
865492_2022-07-08_18:06:00.000000,2022-07-08,18:06:00.000000,3
865492_2022-07-08_18:21:00.000000,2022-07-08,18:21:00.000000,1
865492_2022-07-08_18:36:00.000000,2022-07-08,18:36:00.000000,1
865492_2022-07-08_18:51:00.000000,2022-07-08,18:51:00.000000,3
865492_2022-07-08_19:06:00.000000,2022-07-08,19:06:00.000000,3
865500_2022-07-10_06:45:00.000000,2022-07-10,06:45:00.000000,1
865500_2022-07-10_07:00:00.000000,2022-07-10,07:00:00.000000,1
865500_2022-07-10_07:30:00.000000,2022-07-10,07:30:00.000000,1
865500_2022-07-10_07:45:00.000000,2022-07-10,07:45:00.000000,1
865500_2022-07-10_08:00:00.000000,2022-07-10,08:00:00.000000,1
865500_2022-07-10_08:15:00.000000,2022-07-10,08:15:00.000000,1
865500_2022-07-10_08:30:00.000000,2022-07-10,08:30:00.000000,1
865500_2022-07-10_09:15:00.000000,2022-07-10,09:15:00.000000,1
865500_2022-07-10_09:30:00.000000,2022-07-10,09:30:00.000000,1
865500_2022-07-10_09:45:00.000000,2022-07-10,09:45:00.000000,1
865500_2022-07-10_10:00:00.000000,2022-07-10,10:00:00.000000,1
865500_2022-07-10_10:15:00.000000,2022-07-10,10:15:00.000000,1
865500_2022-07-10_10:45:00.000000,2022-07-10,10:45:00.000000,1
865500_2022-07-10_11:00:00.000000,2022-07-10,11:00:00.000000,1
865500_2022-07-10_11:45:00.000000,2022-07-10,11:45:00.000000,1
865500_2022-07-10_12:15:00.000000,2022-07-10,12:15:00.000000,1
865500_2022-07-10_12:30:00.000000,2022-07-10,12:30:00.000000,3
865500_2022-07-10_13:15:00.000000,2022-07-10,13:15:00.000000,3
865500_2022-07-10_13:30:00.000000,2022-07-10,13:30:00.000000,3
865500_2022-07-10_14:15:00.000000,2022-07-10,14:15:00.000000,3
865500_2022-07-10_14:30:00.000000,2022-07-10,14:30:00.000000,3
865500_2022-07-10_15:15:00.000000,2022-07-10,15:15:00.000000,3
865500_2022-07-10_15:30:00.000000,2022-07-10,15:30:00.000000,3
865500_2022-07-10_16:00:00.000000,2022-07-10,16:00:00.000000,3
865500_2022-07-10_16:15:00.000000,2022-07-10,16:15:00.000000,3
865500_2022-07-10_16:45:00.000000,2022-07-10,16:45:00.000000,1
865500_2022-07-10_17:00:00.000000,2022-07-10,17:00:00.000000,1
865500_2022-07-10_17:45:00.000000,2022-07-10,17:45:00.000000,3
865500_2022-07-10_18:15:00.000000,2022-07-10,18:15:00.000000,1
865500_2022-07-10_18:30:00.000000,2022-07-10,18:30:00.000000,1
865504_2022-07-11_06:30:00.000000,2022-07-11,06:30:00.000000,3
865504_2022-07-11_06:45:00.000000,2022-07-11,06:45:00.000000,1
865504_2022-07-11_07:00:00.000000,2022-07-11,07:00:00.000000,1
865504_2022-07-11_07:15:00.000000,2022-07-11,07:15:00.000000,1
865504_2022-07-11_07:30:00.000000,2022-07-11,07:30:00.000000,3
865504_2022-07-11_07:45:00.000000,2022-07-11,07:45:00.000000,1
865504_2022-07-11_08:00:00.000000,2022-07-11,08:00:00.000000,1
865504_2022-07-11_08:15:00.000000,2022-07-11,08:15:00.000000,1
865504_2022-07-11_08:30:00.000000,2022-07-11,08:30:00.000000,1
865504_2022-07-11_08:45:00.000000,2022-07-11,08:45:00.000000,3
865504_2022-07-11_09:00:00.000000,2022-07-11,09:00:00.000000,3
865504_2022-07-11_09:15:00.000000,2022-07-11,09:15:00.000000,1
865504_2022-07-11_09:30:00.000000,2022-07-11,09:30:00.000000,1
865504_2022-07-11_09:45:00.000000,2022-07-11,09:45:00.000000,1
865504_2022-07-11_10:00:00.000000,2022-07-11,10:00:00.000000,1
865504_2022-07-11_10:15:00.000000,2022-07-11,10:15:00.000000,3
865504_2022-07-11_10:30:00.000000,2022-07-11,10:30:00.000000,3
865504_2022-07-11_10:45:00.000000,2022-07-11,10:45:00.000000,1
865504_2022-07-11_11:00:00.000000,2022-07-11,11:00:00.000000,1
865504_2022-07-11_11:15:00.000000,2022-07-11,11:15:00.000000,3
865504_2022-07-11_11:30:00.000000,2022-07-11,11:30:00.000000,1
865504_2022-07-11_11:45:00.000000,2022-07-11,11:45:00.000000,1
865504_2022-07-11_12:00:00.000000,2022-07-11,12:00:00.000000,1
865504_2022-07-11_12:15:00.000000,2022-07-11,12:15:00.000000,1
865504_2022-07-11_12:30:00.000000,2022-07-11,12:30:00.000000,1
865504_2022-07-11_12:45:00.000000,2022-07-11,12:45:00.000000,3
865504_2022-07-11_13:00:00.000000,2022-07-11,13:00:00.000000,1
865504_2022-07-11_13:15:00.000000,2022-07-11,13:15:00.000000,1
865504_2022-07-11_13:30:00.000000,2022-07-11,13:30:00.000000,1
865504_2022-07-11_13:45:00.000000,2022-07-11,13:45:00.000000,3
865504_2022-07-11_14:00:00.000000,2022-07-11,14:00:00.000000,3
865504_2022-07-11_14:15:00.000000,2022-07-11,14:15:00.000000,1
865504_2022-07-11_14:30:00.000000,2022-07-11,14:30:00.000000,1
865504_2022-07-11_14:45:00.000000,2022-07-11,14:45:00.000000,3
865504_2022-07-11_15:00:00.000000,2022-07-11,15:00:00.000000,3
865504_2022-07-11_15:15:00.000000,2022-07-11,15:15:00.000000,3
865504_2022-07-11_15:30:00.000000,2022-07-11,15:30:00.000000,1
865504_2022-07-11_15:45:00.000000,2022-07-11,15:45:00.000000,3
865504_2022-07-11_16:00:00.000000,2022-07-11,16:00:00.000000,1
865504_2022-07-11_16:15:00.000000,2022-07-11,16:15:00.000000,2
865504_2022-07-11_16:30:00.000000,2022-07-11,16:30:00.000000,3
865504_2022-07-11_16:45:00.000000,2022-07-11,16:45:00.000000,1
865504_2022-07-11_17:00:00.000000,2022-07-11,17:00:00.000000,1
865504_2022-07-11_17:15:00.000000,2022-07-11,17:15:00.000000,1
865504_2022-07-11_17:30:00.000000,2022-07-11,17:30:00.000000,1
865504_2022-07-11_17:45:00.000000,2022-07-11,17:45:00.000000,1
865504_2022-07-11_18:00:00.000000,2022-07-11,18:00:00.000000,1
865504_2022-07-11_18:15:00.000000,2022-07-11,18:15:00.000000,1
865504_2022-07-11_18:30:00.000000,2022-07-11,18:30:00.000000,1
865504_2022-07-11_18:45:00.000000,2022-07-11,18:45:00.000000,1
865504_2022-07-11_19:00:00.000000,2022-07-11,19:00:00.000000,1
866076_2022-07-15_06:30:00.000000,2022-07-15,06:30:00.000000,6
866076_2022-07-15_06:45:00.000000,2022-07-15,06:45:00.000000,6
866076_2022-07-15_07:00:00.000000,2022-07-15,07:00:00.000000,6
866076_2022-07-15_07:15:00.000000,2022-07-15,07:15:00.000000,6
866076_2022-07-15_07:30:00.000000,2022-07-15,07:30:00.000000,6
866076_2022-07-15_07:45:00.000000,2022-07-15,07:45:00.000000,6
866076_2022-07-15_08:00:00.000000,2022-07-15,08:00:00.000000,6
866076_2022-07-15_08:15:00.000000,2022-07-15,08:15:00.000000,6
866076_2022-07-15_08:30:00.000000,2022-07-15,08:30:00.000000,6
866076_2022-07-15_08:45:00.000000,2022-07-15,08:45:00.000000,6
866076_2022-07-15_09:00:00.000000,2022-07-15,09:00:00.000000,6
866076_2022-07-15_09:15:00.000000,2022-07-15,09:15:00.000000,6
866076_2022-07-15_09:30:00.000000,2022-07-15,09:30:00.000000,6
866076_2022-07-15_09:45:00.000000,2022-07-15,09:45:00.000000,6
866076_2022-07-15_10:00:00.000000,2022-07-15,10:00:00.000000,6
866076_2022-07-15_10:15:00.000000,2022-07-15,10:15:00.000000,6
866076_2022-07-15_10:30:00.000000,2022-07-15,10:30:00.000000,6
866076_2022-07-15_10:45:00.000000,2022-07-15,10:45:00.000000,6
866076_2022-07-15_11:00:00.000000,2022-07-15,11:00:00.000000,6
866076_2022-07-15_11:15:00.000000,2022-07-15,11:15:00.000000,6
866076_2022-07-15_11:30:00.000000,2022-07-15,11:30:00.000000,6
866076_2022-07-15_11:45:00.000000,2022-07-15,11:45:00.000000,6
866076_2022-07-15_12:00:00.000000,2022-07-15,12:00:00.000000,6
866076_2022-07-15_12:15:00.000000,2022-07-15,12:15:00.000000,6
866076_2022-07-15_12:30:00.000000,2022-07-15,12:30:00.000000,6
866076_2022-07-15_12:45:00.000000,2022-07-15,12:45:00.000000,6
866076_2022-07-15_13:00:00.000000,2022-07-15,13:00:00.000000,6
866076_2022-07-15_13:15:00.000000,2022-07-15,13:15:00.000000,6
866076_2022-07-15_13:30:00.000000,2022-07-15,13:30:00.000000,6
866076_2022-07-15_13:45:00.000000,2022-07-15,13:45:00.000000,6
866076_2022-07-15_14:00:00.000000,2022-07-15,14:00:00.000000,6
866076_2022-07-15_14:15:00.000000,2022-07-15,14:15:00.000000,6
866076_2022-07-15_14:30:00.000000,2022-07-15,14:30:00.000000,6
866076_2022-07-15_14:45:00.000000,2022-07-15,14:45:00.000000,6
866076_2022-07-15_15:00:00.000000,2022-07-15,15:00:00.000000,6
866076_2022-07-15_15:15:00.000000,2022-07-15,15:15:00.000000,6
866076_2022-07-15_15:30:00.000000,2022-07-15,15:30:00.000000,6
866076_2022-07-15_15:45:00.000000,2022-07-15,15:45:00.000000,6
866076_2022-07-15_16:00:00.000000,2022-07-15,16:00:00.000000,6
866076_2022-07-15_16:15:00.000000,2022-07-15,16:15:00.000000,6
866076_2022-07-15_16:30:00.000000,2022-07-15,16:30:00.000000,6
866076_2022-07-15_16:45:00.000000,2022-07-15,16:45:00.000000,6
866076_2022-07-15_17:00:00.000000,2022-07-15,17:00:00.000000,6
866076_2022-07-15_17:15:00.000000,2022-07-15,17:15:00.000000,6
866076_2022-07-15_17:30:00.000000,2022-07-15,17:30:00.000000,6
866076_2022-07-15_17:45:00.000000,2022-07-15,17:45:00.000000,6
866076_2022-07-15_18:00:00.000000,2022-07-15,18:00:00.000000,6
866076_2022-07-15_18:15:00.000000,2022-07-15,18:15:00.000000,6
866076_2022-07-15_18:30:00.000000,2022-07-15,18:30:00.000000,6
866076_2022-07-15_18:45:00.000000,2022-07-15,18:45:00.000000,6
866076_2022-07-15_19:00:00.000000,2022-07-15,19:00:00.000000,6
866080_2022-07-16_06:30:00.000000,2022-07-16,06:30:00.000000,1
866080_2022-07-16_06:45:00.000000,2022-07-16,06:45:00.000000,3
866080_2022-07-16_07:00:00.000000,2022-07-16,07:00:00.000000,3
866080_2022-07-16_07:15:00.000000,2022-07-16,07:15:00.000000,3
866080_2022-07-16_07:30:00.000000,2022-07-16,07:30:00.000000,3
866080_2022-07-16_07:45:00.000000,2022-07-16,07:45:00.000000,3
866080_2022-07-16_08:00:00.000000,2022-07-16,08:00:00.000000,3
866080_2022-07-16_08:15:00.000000,2022-07-16,08:15:00.000000,3
866080_2022-07-16_08:30:00.000000,2022-07-16,08:30:00.000000,3
866080_2022-07-16_08:45:00.000000,2022-07-16,08:45:00.000000,3
866080_2022-07-16_09:00:00.000000,2022-07-16,09:00:00.000000,3
866080_2022-07-16_09:15:00.000000,2022-07-16,09:15:00.000000,3
866080_2022-07-16_09:30:00.000000,2022-07-16,09:30:00.000000,3
866080_2022-07-16_09:45:00.000000,2022-07-16,09:45:00.000000,3
866080_2022-07-16_10:00:00.000000,2022-07-16,10:00:00.000000,3
866080_2022-07-16_10:15:00.000000,2022-07-16,10:15:00.000000,3
866080_2022-07-16_10:30:00.000000,2022-07-16,10:30:00.000000,3
866080_2022-07-16_10:45:00.000000,2022-07-16,10:45:00.000000,3
866080_2022-07-16_11:00:00.000000,2022-07-16,11:00:00.000000,3
866080_2022-07-16_11:15:00.000000,2022-07-16,11:15:00.000000,3
866080_2022-07-16_11:30:00.000000,2022-07-16,11:30:00.000000,3
866080_2022-07-16_11:45:00.000000,2022-07-16,11:45:00.000000,3
866080_2022-07-16_12:00:00.000000,2022-07-16,12:00:00.000000,3
866080_2022-07-16_12:15:00.000000,2022-07-16,12:15:00.000000,3
866080_2022-07-16_12:30:00.000000,2022-07-16,12:30:00.000000,5
866080_2022-07-16_12:45:00.000000,2022-07-16,12:45:00.000000,3
866080_2022-07-16_13:00:00.000000,2022-07-16,13:00:00.000000,3
866080_2022-07-16_13:15:00.000000,2022-07-16,13:15:00.000000,3
866080_2022-07-16_13:30:00.000000,2022-07-16,13:30:00.000000,3
866080_2022-07-16_13:45:00.000000,2022-07-16,13:45:00.000000,3
866080_2022-07-16_14:00:00.000000,2022-07-16,14:00:00.000000,3
866080_2022-07-16_14:15:00.000000,2022-07-16,14:15:00.000000,3
866080_2022-07-16_14:30:00.000000,2022-07-16,14:30:00.000000,3
866080_2022-07-16_14:45:00.000000,2022-07-16,14:45:00.000000,3
866080_2022-07-16_15:00:00.000000,2022-07-16,15:00:00.000000,3
866080_2022-07-16_15:15:00.000000,2022-07-16,15:15:00.000000,3
866080_2022-07-16_15:30:00.000000,2022-07-16,15:30:00.000000,3
866080_2022-07-16_15:45:00.000000,2022-07-16,15:45:00.000000,3
866080_2022-07-16_16:00:00.000000,2022-07-16,16:00:00.000000,3
866080_2022-07-16_16:15:00.000000,2022-07-16,16:15:00.000000,1
866080_2022-07-16_16:30:00.000000,2022-07-16,16:30:00.000000,1
866080_2022-07-16_16:45:00.000000,2022-07-16,16:45:00.000000,1
866080_2022-07-16_17:00:00.000000,2022-07-16,17:00:00.000000,1
866080_2022-07-16_17:15:00.000000,2022-07-16,17:15:00.000000,1
866080_2022-07-16_17:30:00.000000,2022-07-16,17:30:00.000000,1
866080_2022-07-16_17:45:00.000000,2022-07-16,17:45:00.000000,1
866080_2022-07-16_18:00:00.000000,2022-07-16,18:00:00.000000,1
866080_2022-07-16_18:15:00.000000,2022-07-16,18:15:00.000000,3
866080_2022-07-16_18:30:00.000000,2022-07-16,18:30:00.000000,3
866080_2022-07-16_18:45:00.000000,2022-07-16,18:45:00.000000,6
866080_2022-07-16_19:00:00.000000,2022-07-16,19:00:00.000000,3
866776_2022-07-25_06:26:00.000000,2022-07-25,06:26:00.000000,6
866776_2022-07-25_06:41:00.000000,2022-07-25,06:41:00.000000,6
866776_2022-07-25_06:56:00.000000,2022-07-25,06:56:00.000000,3
866776_2022-07-25_07:11:00.000000,2022-07-25,07:11:00.000000,6
866776_2022-07-25_07:26:00.000000,2022-07-25,07:26:00.000000,3
866776_2022-07-25_07:41:00.000000,2022-07-25,07:41:00.000000,3
866776_2022-07-25_07:56:00.000000,2022-07-25,07:56:00.000000,3
866776_2022-07-25_08:11:00.000000,2022-07-25,08:11:00.000000,3
866776_2022-07-25_08:26:00.000000,2022-07-25,08:26:00.000000,3
866776_2022-07-25_08:41:00.000000,2022-07-25,08:41:00.000000,3
866776_2022-07-25_08:56:00.000000,2022-07-25,08:56:00.000000,3
866776_2022-07-25_09:11:00.000000,2022-07-25,09:11:00.000000,3
866776_2022-07-25_09:26:00.000000,2022-07-25,09:26:00.000000,1
866776_2022-07-25_09:41:00.000000,2022-07-25,09:41:00.000000,3
866776_2022-07-25_09:56:00.000000,2022-07-25,09:56:00.000000,3
866776_2022-07-25_10:11:00.000000,2022-07-25,10:11:00.000000,3
866776_2022-07-25_10:26:00.000000,2022-07-25,10:26:00.000000,6
866776_2022-07-25_10:41:00.000000,2022-07-25,10:41:00.000000,3
866776_2022-07-25_10:56:00.000000,2022-07-25,10:56:00.000000,6
866776_2022-07-25_11:11:00.000000,2022-07-25,11:11:00.000000,6
866776_2022-07-25_11:26:00.000000,2022-07-25,11:26:00.000000,3
866776_2022-07-25_11:41:00.000000,2022-07-25,11:41:00.000000,6
866776_2022-07-25_11:56:00.000000,2022-07-25,11:56:00.000000,3
866776_2022-07-25_12:11:00.000000,2022-07-25,12:11:00.000000,6
866776_2022-07-25_12:26:00.000000,2022-07-25,12:26:00.000000,3
866776_2022-07-25_12:41:00.000000,2022-07-25,12:41:00.000000,3
866776_2022-07-25_12:56:00.000000,2022-07-25,12:56:00.000000,6
866776_2022-07-25_13:11:00.000000,2022-07-25,13:11:00.000000,3
866776_2022-07-25_13:26:00.000000,2022-07-25,13:26:00.000000,6
866776_2022-07-25_13:41:00.000000,2022-07-25,13:41:00.000000,6
866776_2022-07-25_13:56:00.000000,2022-07-25,13:56:00.000000,3
866776_2022-07-25_14:11:00.000000,2022-07-25,14:11:00.000000,6
866776_2022-07-25_14:26:00.000000,2022-07-25,14:26:00.000000,6
866776_2022-07-25_14:41:00.000000,2022-07-25,14:41:00.000000,6
866776_2022-07-25_14:56:00.000000,2022-07-25,14:56:00.000000,6
866776_2022-07-25_15:11:00.000000,2022-07-25,15:11:00.000000,6
866776_2022-07-25_15:26:00.000000,2022-07-25,15:26:00.000000,3
866776_2022-07-25_15:41:00.000000,2022-07-25,15:41:00.000000,6
866776_2022-07-25_15:56:00.000000,2022-07-25,15:56:00.000000,6
866776_2022-07-25_16:11:00.000000,2022-07-25,16:11:00.000000,6
866776_2022-07-25_16:26:00.000000,2022-07-25,16:26:00.000000,6
866776_2022-07-25_16:41:00.000000,2022-07-25,16:41:00.000000,6
866776_2022-07-25_16:56:00.000000,2022-07-25,16:56:00.000000,6
866776_2022-07-25_17:11:00.000000,2022-07-25,17:11:00.000000,6
866776_2022-07-25_17:26:00.000000,2022-07-25,17:26:00.000000,6
866776_2022-07-25_17:41:00.000000,2022-07-25,17:41:00.000000,6
866776_2022-07-25_17:56:00.000000,2022-07-25,17:56:00.000000,6
866776_2022-07-25_18:11:00.000000,2022-07-25,18:11:00.000000,6
866776_2022-07-25_18:26:00.000000,2022-07-25,18:26:00.000000,6
866776_2022-07-25_18:41:00.000000,2022-07-25,18:41:00.000000,6
866776_2022-07-25_18:56:00.000000,2022-07-25,18:56:00.000000,6
866776_2022-07-25_19:11:00.000000,2022-07-25,19:11:00.000000,6
867632_2022-08-03_06:30:00.000000,2022-08-03,06:30:00.000000,3
867632_2022-08-03_06:45:00.000000,2022-08-03,06:45:00.000000,3
867632_2022-08-03_07:00:00.000000,2022-08-03,07:00:00.000000,6
867632_2022-08-03_07:15:00.000000,2022-08-03,07:15:00.000000,1
867632_2022-08-03_07:30:00.000000,2022-08-03,07:30:00.000000,3
867632_2022-08-03_07:45:00.000000,2022-08-03,07:45:00.000000,6
867632_2022-08-03_08:00:00.000000,2022-08-03,08:00:00.000000,3
867632_2022-08-03_08:15:00.000000,2022-08-03,08:15:00.000000,3
867632_2022-08-03_08:30:00.000000,2022-08-03,08:30:00.000000,3
867632_2022-08-03_08:45:00.000000,2022-08-03,08:45:00.000000,2
867632_2022-08-03_09:00:00.000000,2022-08-03,09:00:00.000000,1
867632_2022-08-03_09:15:00.000000,2022-08-03,09:15:00.000000,3
867632_2022-08-03_09:30:00.000000,2022-08-03,09:30:00.000000,6
867632_2022-08-03_09:45:00.000000,2022-08-03,09:45:00.000000,6
867632_2022-08-03_10:00:00.000000,2022-08-03,10:00:00.000000,3
867632_2022-08-03_10:15:00.000000,2022-08-03,10:15:00.000000,3
867632_2022-08-03_10:30:00.000000,2022-08-03,10:30:00.000000,6
867632_2022-08-03_10:45:00.000000,2022-08-03,10:45:00.000000,3
867632_2022-08-03_11:00:00.000000,2022-08-03,11:00:00.000000,3
867632_2022-08-03_11:15:00.000000,2022-08-03,11:15:00.000000,3
867632_2022-08-03_11:30:00.000000,2022-08-03,11:30:00.000000,1
867632_2022-08-03_11:45:00.000000,2022-08-03,11:45:00.000000,6
867632_2022-08-03_12:00:00.000000,2022-08-03,12:00:00.000000,1
867632_2022-08-03_12:15:00.000000,2022-08-03,12:15:00.000000,6
867632_2022-08-03_12:30:00.000000,2022-08-03,12:30:00.000000,3
867632_2022-08-03_12:45:00.000000,2022-08-03,12:45:00.000000,6
867632_2022-08-03_13:00:00.000000,2022-08-03,13:00:00.000000,3
867632_2022-08-03_13:15:00.000000,2022-08-03,13:15:00.000000,6
867632_2022-08-03_13:30:00.000000,2022-08-03,13:30:00.000000,3
867632_2022-08-03_13:45:00.000000,2022-08-03,13:45:00.000000,1
867632_2022-08-03_14:00:00.000000,2022-08-03,14:00:00.000000,1
867632_2022-08-03_14:15:00.000000,2022-08-03,14:15:00.000000,3
867632_2022-08-03_14:30:00.000000,2022-08-03,14:30:00.000000,3
867632_2022-08-03_14:45:00.000000,2022-08-03,14:45:00.000000,3
867632_2022-08-03_15:00:00.000000,2022-08-03,15:00:00.000000,3
867632_2022-08-03_15:15:00.000000,2022-08-03,15:15:00.000000,3
867632_2022-08-03_15:30:00.000000,2022-08-03,15:30:00.000000,3
867632_2022-08-03_15:45:00.000000,2022-08-03,15:45:00.000000,6
867632_2022-08-03_16:00:00.000000,2022-08-03,16:00:00.000000,3
867632_2022-08-03_16:15:00.000000,2022-08-03,16:15:00.000000,3
867632_2022-08-03_16:30:00.000000,2022-08-03,16:30:00.000000,6
867632_2022-08-03_16:45:00.000000,2022-08-03,16:45:00.000000,6
867632_2022-08-03_17:00:00.000000,2022-08-03,17:00:00.000000,6
867632_2022-08-03_17:15:00.000000,2022-08-03,17:15:00.000000,3
867632_2022-08-03_17:30:00.000000,2022-08-03,17:30:00.000000,1
867632_2022-08-03_17:45:00.000000,2022-08-03,17:45:00.000000,3
867632_2022-08-03_18:00:00.000000,2022-08-03,18:00:00.000000,1
867632_2022-08-03_18:15:00.000000,2022-08-03,18:15:00.000000,3
867632_2022-08-03_18:30:00.000000,2022-08-03,18:30:00.000000,6
867632_2022-08-03_18:45:00.000000,2022-08-03,18:45:00.000000,6
867632_2022-08-03_19:00:00.000000,2022-08-03,19:00:00.000000,3
867888_2022-08-10_06:30:00.000000,2022-08-10,06:30:00.000000,6
867888_2022-08-10_06:45:00.000000,2022-08-10,06:45:00.000000,6
867888_2022-08-10_07:00:00.000000,2022-08-10,07:00:00.000000,3
867888_2022-08-10_07:15:00.000000,2022-08-10,07:15:00.000000,6
867888_2022-08-10_07:30:00.000000,2022-08-10,07:30:00.000000,6
867888_2022-08-10_07:45:00.000000,2022-08-10,07:45:00.000000,6
867888_2022-08-10_08:00:00.000000,2022-08-10,08:00:00.000000,3
867888_2022-08-10_08:15:00.000000,2022-08-10,08:15:00.000000,3
867888_2022-08-10_08:30:00.000000,2022-08-10,08:30:00.000000,6
867888_2022-08-10_08:45:00.000000,2022-08-10,08:45:00.000000,6
867888_2022-08-10_09:00:00.000000,2022-08-10,09:00:00.000000,6
867888_2022-08-10_09:15:00.000000,2022-08-10,09:15:00.000000,6
867888_2022-08-10_09:30:00.000000,2022-08-10,09:30:00.000000,6
867888_2022-08-10_09:45:00.000000,2022-08-10,09:45:00.000000,6
867888_2022-08-10_10:00:00.000000,2022-08-10,10:00:00.000000,6
867888_2022-08-10_10:15:00.000000,2022-08-10,10:15:00.000000,6
867888_2022-08-10_10:30:00.000000,2022-08-10,10:30:00.000000,6
867888_2022-08-10_10:45:00.000000,2022-08-10,10:45:00.000000,6
867888_2022-08-10_11:00:00.000000,2022-08-10,11:00:00.000000,6
867888_2022-08-10_11:15:00.000000,2022-08-10,11:15:00.000000,6
867888_2022-08-10_11:30:00.000000,2022-08-10,11:30:00.000000,6
867888_2022-08-10_11:45:00.000000,2022-08-10,11:45:00.000000,6
867888_2022-08-10_12:00:00.000000,2022-08-10,12:00:00.000000,6
867888_2022-08-10_12:15:00.000000,2022-08-10,12:15:00.000000,6
867888_2022-08-10_12:30:00.000000,2022-08-10,12:30:00.000000,6
867888_2022-08-10_12:45:00.000000,2022-08-10,12:45:00.000000,6
867888_2022-08-10_13:00:00.000000,2022-08-10,13:00:00.000000,6
867888_2022-08-10_13:15:00.000000,2022-08-10,13:15:00.000000,6
867888_2022-08-10_13:30:00.000000,2022-08-10,13:30:00.000000,6
867888_2022-08-10_13:45:00.000000,2022-08-10,13:45:00.000000,6
867888_2022-08-10_14:00:00.000000,2022-08-10,14:00:00.000000,6
867888_2022-08-10_14:15:00.000000,2022-08-10,14:15:00.000000,6
867888_2022-08-10_14:30:00.000000,2022-08-10,14:30:00.000000,3
867888_2022-08-10_14:45:00.000000,2022-08-10,14:45:00.000000,3
867888_2022-08-10_15:00:00.000000,2022-08-10,15:00:00.000000,3
867888_2022-08-10_15:15:00.000000,2022-08-10,15:15:00.000000,3
867888_2022-08-10_15:30:00.000000,2022-08-10,15:30:00.000000,6
867888_2022-08-10_15:45:00.000000,2022-08-10,15:45:00.000000,6
867888_2022-08-10_16:00:00.000000,2022-08-10,16:00:00.000000,6
867888_2022-08-10_16:15:00.000000,2022-08-10,16:15:00.000000,6
867888_2022-08-10_16:30:00.000000,2022-08-10,16:30:00.000000,6
867888_2022-08-10_16:45:00.000000,2022-08-10,16:45:00.000000,6
867888_2022-08-10_17:00:00.000000,2022-08-10,17:00:00.000000,6
867888_2022-08-10_17:15:00.000000,2022-08-10,17:15:00.000000,5
867888_2022-08-10_17:30:00.000000,2022-08-10,17:30:00.000000,6
867888_2022-08-10_17:45:00.000000,2022-08-10,17:45:00.000000,6
867888_2022-08-10_18:00:00.000000,2022-08-10,18:00:00.000000,6
867888_2022-08-10_18:15:00.000000,2022-08-10,18:15:00.000000,6
867888_2022-08-10_18:30:00.000000,2022-08-10,18:30:00.000000,6
867888_2022-08-10_18:45:00.000000,2022-08-10,18:45:00.000000,6
867888_2022-08-10_19:00:00.000000,2022-08-10,19:00:00.000000,6
867892_2022-08-11_06:30:00.000000,2022-08-11,06:30:00.000000,6
867892_2022-08-11_06:45:00.000000,2022-08-11,06:45:00.000000,3
867892_2022-08-11_07:00:00.000000,2022-08-11,07:00:00.000000,6
867892_2022-08-11_07:15:00.000000,2022-08-11,07:15:00.000000,6
867892_2022-08-11_07:30:00.000000,2022-08-11,07:30:00.000000,1
867892_2022-08-11_07:45:00.000000,2022-08-11,07:45:00.000000,6
867892_2022-08-11_08:00:00.000000,2022-08-11,08:00:00.000000,6
867892_2022-08-11_08:15:00.000000,2022-08-11,08:15:00.000000,6
867892_2022-08-11_08:30:00.000000,2022-08-11,08:30:00.000000,6
867892_2022-08-11_08:45:00.000000,2022-08-11,08:45:00.000000,1
867892_2022-08-11_09:00:00.000000,2022-08-11,09:00:00.000000,6
867892_2022-08-11_09:15:00.000000,2022-08-11,09:15:00.000000,3
867892_2022-08-11_09:30:00.000000,2022-08-11,09:30:00.000000,6
867892_2022-08-11_09:45:00.000000,2022-08-11,09:45:00.000000,1
867892_2022-08-11_10:00:00.000000,2022-08-11,10:00:00.000000,1
867892_2022-08-11_10:15:00.000000,2022-08-11,10:15:00.000000,6
867892_2022-08-11_10:30:00.000000,2022-08-11,10:30:00.000000,3
867892_2022-08-11_10:45:00.000000,2022-08-11,10:45:00.000000,3
867892_2022-08-11_11:00:00.000000,2022-08-11,11:00:00.000000,6
867892_2022-08-11_11:15:00.000000,2022-08-11,11:15:00.000000,6
867892_2022-08-11_11:30:00.000000,2022-08-11,11:30:00.000000,6
867892_2022-08-11_11:45:00.000000,2022-08-11,11:45:00.000000,3
867892_2022-08-11_12:00:00.000000,2022-08-11,12:00:00.000000,6
867892_2022-08-11_12:15:00.000000,2022-08-11,12:15:00.000000,6
867892_2022-08-11_12:30:00.000000,2022-08-11,12:30:00.000000,6
867892_2022-08-11_12:45:00.000000,2022-08-11,12:45:00.000000,6
867892_2022-08-11_13:00:00.000000,2022-08-11,13:00:00.000000,3
867892_2022-08-11_13:15:00.000000,2022-08-11,13:15:00.000000,6
867892_2022-08-11_13:30:00.000000,2022-08-11,13:30:00.000000,6
867892_2022-08-11_13:45:00.000000,2022-08-11,13:45:00.000000,6
867892_2022-08-11_14:00:00.000000,2022-08-11,14:00:00.000000,6
867892_2022-08-11_14:15:00.000000,2022-08-11,14:15:00.000000,6
867892_2022-08-11_14:30:00.000000,2022-08-11,14:30:00.000000,6
867892_2022-08-11_14:45:00.000000,2022-08-11,14:45:00.000000,6
867892_2022-08-11_15:00:00.000000,2022-08-11,15:00:00.000000,6
867892_2022-08-11_15:15:00.000000,2022-08-11,15:15:00.000000,6
867892_2022-08-11_15:30:00.000000,2022-08-11,15:30:00.000000,3
867892_2022-08-11_15:45:00.000000,2022-08-11,15:45:00.000000,6
867892_2022-08-11_16:00:00.000000,2022-08-11,16:00:00.000000,6
867892_2022-08-11_16:15:00.000000,2022-08-11,16:15:00.000000,6
867892_2022-08-11_16:30:00.000000,2022-08-11,16:30:00.000000,6
867892_2022-08-11_16:45:00.000000,2022-08-11,16:45:00.000000,6
867892_2022-08-11_17:00:00.000000,2022-08-11,17:00:00.000000,6
867892_2022-08-11_17:15:00.000000,2022-08-11,17:15:00.000000,1
867892_2022-08-11_17:30:00.000000,2022-08-11,17:30:00.000000,6
867892_2022-08-11_17:45:00.000000,2022-08-11,17:45:00.000000,6
867892_2022-08-11_18:00:00.000000,2022-08-11,18:00:00.000000,6
867892_2022-08-11_18:15:00.000000,2022-08-11,18:15:00.000000,1
867892_2022-08-11_18:30:00.000000,2022-08-11,18:30:00.000000,3
867892_2022-08-11_18:45:00.000000,2022-08-11,18:45:00.000000,6
867892_2022-08-11_19:00:00.000000,2022-08-11,19:00:00.000000,3
868146_2022-08-19_06:30:00.000000,2022-08-19,06:30:00.000000,1
868146_2022-08-19_06:45:00.000000,2022-08-19,06:45:00.000000,1
868146_2022-08-19_07:00:00.000000,2022-08-19,07:00:00.000000,3
868146_2022-08-19_07:15:00.000000,2022-08-19,07:15:00.000000,1
868146_2022-08-19_07:30:00.000000,2022-08-19,07:30:00.000000,1
868146_2022-08-19_07:45:00.000000,2022-08-19,07:45:00.000000,6
868146_2022-08-19_08:00:00.000000,2022-08-19,08:00:00.000000,6
868146_2022-08-19_08:15:00.000000,2022-08-19,08:15:00.000000,6
868146_2022-08-19_08:30:00.000000,2022-08-19,08:30:00.000000,6
868146_2022-08-19_08:45:00.000000,2022-08-19,08:45:00.000000,6
868146_2022-08-19_09:00:00.000000,2022-08-19,09:00:00.000000,6
868146_2022-08-19_09:15:00.000000,2022-08-19,09:15:00.000000,6
868146_2022-08-19_09:30:00.000000,2022-08-19,09:30:00.000000,6
868146_2022-08-19_09:45:00.000000,2022-08-19,09:45:00.000000,6
868146_2022-08-19_10:00:00.000000,2022-08-19,10:00:00.000000,6
868146_2022-08-19_10:15:00.000000,2022-08-19,10:15:00.000000,6
868146_2022-08-19_10:30:00.000000,2022-08-19,10:30:00.000000,6
868146_2022-08-19_10:45:00.000000,2022-08-19,10:45:00.000000,6
868146_2022-08-19_11:00:00.000000,2022-08-19,11:00:00.000000,6
868146_2022-08-19_11:15:00.000000,2022-08-19,11:15:00.000000,6
868146_2022-08-19_11:30:00.000000,2022-08-19,11:30:00.000000,6
868146_2022-08-19_11:45:00.000000,2022-08-19,11:45:00.000000,6
868146_2022-08-19_12:00:00.000000,2022-08-19,12:00:00.000000,6
868146_2022-08-19_12:15:00.000000,2022-08-19,12:15:00.000000,6
868146_2022-08-19_12:30:00.000000,2022-08-19,12:30:00.000000,6
868146_2022-08-19_12:45:00.000000,2022-08-19,12:45:00.000000,6
868146_2022-08-19_13:00:00.000000,2022-08-19,13:00:00.000000,6
868146_2022-08-19_13:15:00.000000,2022-08-19,13:15:00.000000,6
868146_2022-08-19_13:30:00.000000,2022-08-19,13:30:00.000000,6
868146_2022-08-19_13:45:00.000000,2022-08-19,13:45:00.000000,6
868146_2022-08-19_14:00:00.000000,2022-08-19,14:00:00.000000,6
868146_2022-08-19_14:15:00.000000,2022-08-19,14:15:00.000000,6
868146_2022-08-19_14:30:00.000000,2022-08-19,14:30:00.000000,6
868146_2022-08-19_14:45:00.000000,2022-08-19,14:45:00.000000,6
868146_2022-08-19_15:00:00.000000,2022-08-19,15:00:00.000000,6
868146_2022-08-19_15:15:00.000000,2022-08-19,15:15:00.000000,6
868146_2022-08-19_15:30:00.000000,2022-08-19,15:30:00.000000,6
868146_2022-08-19_15:45:00.000000,2022-08-19,15:45:00.000000,6
868146_2022-08-19_16:00:00.000000,2022-08-19,16:00:00.000000,6
868146_2022-08-19_16:15:00.000000,2022-08-19,16:15:00.000000,6
868146_2022-08-19_16:30:00.000000,2022-08-19,16:30:00.000000,6
868146_2022-08-19_16:45:00.000000,2022-08-19,16:45:00.000000,6
868146_2022-08-19_17:00:00.000000,2022-08-19,17:00:00.000000,6
868146_2022-08-19_17:15:00.000000,2022-08-19,17:15:00.000000,6
868146_2022-08-19_17:30:00.000000,2022-08-19,17:30:00.000000,6
868146_2022-08-19_17:45:00.000000,2022-08-19,17:45:00.000000,6
868146_2022-08-19_18:00:00.000000,2022-08-19,18:00:00.000000,6
868146_2022-08-19_18:15:00.000000,2022-08-19,18:15:00.000000,6
868146_2022-08-19_18:30:00.000000,2022-08-19,18:30:00.000000,6
868146_2022-08-19_18:45:00.000000,2022-08-19,18:45:00.000000,6
868146_2022-08-19_19:00:00.000000,2022-08-19,19:00:00.000000,6
870626_2022-09-08_06:26:00.000000,2022-09-08,06:26:00.000000,3
870626_2022-09-08_06:41:00.000000,2022-09-08,06:41:00.000000,3
870626_2022-09-08_06:56:00.000000,2022-09-08,06:56:00.000000,6
870626_2022-09-08_07:11:00.000000,2022-09-08,07:11:00.000000,6
870626_2022-09-08_07:26:00.000000,2022-09-08,07:26:00.000000,6
870626_2022-09-08_07:41:00.000000,2022-09-08,07:41:00.000000,3
870626_2022-09-08_07:56:00.000000,2022-09-08,07:56:00.000000,6
870626_2022-09-08_08:11:00.000000,2022-09-08,08:11:00.000000,1
870626_2022-09-08_08:26:00.000000,2022-09-08,08:26:00.000000,1
870626_2022-09-08_08:41:00.000000,2022-09-08,08:41:00.000000,3
870626_2022-09-08_08:56:00.000000,2022-09-08,08:56:00.000000,6
870626_2022-09-08_09:11:00.000000,2022-09-08,09:11:00.000000,3
870626_2022-09-08_09:26:00.000000,2022-09-08,09:26:00.000000,6
870626_2022-09-08_09:41:00.000000,2022-09-08,09:41:00.000000,6
870626_2022-09-08_09:56:00.000000,2022-09-08,09:56:00.000000,3
870626_2022-09-08_10:11:00.000000,2022-09-08,10:11:00.000000,6
870626_2022-09-08_10:26:00.000000,2022-09-08,10:26:00.000000,6
870626_2022-09-08_10:41:00.000000,2022-09-08,10:41:00.000000,6
870626_2022-09-08_10:56:00.000000,2022-09-08,10:56:00.000000,6
870626_2022-09-08_11:11:00.000000,2022-09-08,11:11:00.000000,6
870626_2022-09-08_11:26:00.000000,2022-09-08,11:26:00.000000,6
870626_2022-09-08_11:41:00.000000,2022-09-08,11:41:00.000000,6
870626_2022-09-08_11:56:00.000000,2022-09-08,11:56:00.000000,6
870626_2022-09-08_12:11:00.000000,2022-09-08,12:11:00.000000,6
870626_2022-09-08_12:26:00.000000,2022-09-08,12:26:00.000000,3
870626_2022-09-08_12:41:00.000000,2022-09-08,12:41:00.000000,3
870626_2022-09-08_12:56:00.000000,2022-09-08,12:56:00.000000,6
870626_2022-09-08_13:11:00.000000,2022-09-08,13:11:00.000000,6
870626_2022-09-08_13:26:00.000000,2022-09-08,13:26:00.000000,3
870626_2022-09-08_13:41:00.000000,2022-09-08,13:41:00.000000,3
870626_2022-09-08_13:56:00.000000,2022-09-08,13:56:00.000000,3
870626_2022-09-08_14:11:00.000000,2022-09-08,14:11:00.000000,6
870626_2022-09-08_14:26:00.000000,2022-09-08,14:26:00.000000,6
870626_2022-09-08_14:41:00.000000,2022-09-08,14:41:00.000000,3
870626_2022-09-08_14:56:00.000000,2022-09-08,14:56:00.000000,3
870626_2022-09-08_15:11:00.000000,2022-09-08,15:11:00.000000,1
871960_2022-09-12_06:26:00.000000,2022-09-12,06:26:00.000000,3
871960_2022-09-12_06:41:00.000000,2022-09-12,06:41:00.000000,1
871960_2022-09-12_06:56:00.000000,2022-09-12,06:56:00.000000,1
871960_2022-09-12_07:11:00.000000,2022-09-12,07:11:00.000000,1
871960_2022-09-12_07:26:00.000000,2022-09-12,07:26:00.000000,2
871960_2022-09-12_07:41:00.000000,2022-09-12,07:41:00.000000,3
871960_2022-09-12_07:56:00.000000,2022-09-12,07:56:00.000000,3
871960_2022-09-12_08:11:00.000000,2022-09-12,08:11:00.000000,3
871960_2022-09-12_08:26:00.000000,2022-09-12,08:26:00.000000,3
871960_2022-09-12_08:41:00.000000,2022-09-12,08:41:00.000000,3
871960_2022-09-12_08:56:00.000000,2022-09-12,08:56:00.000000,3
871960_2022-09-12_09:11:00.000000,2022-09-12,09:11:00.000000,1
871960_2022-09-12_09:26:00.000000,2022-09-12,09:26:00.000000,1
871960_2022-09-12_09:41:00.000000,2022-09-12,09:41:00.000000,3
871960_2022-09-12_09:56:00.000000,2022-09-12,09:56:00.000000,1
871960_2022-09-12_10:11:00.000000,2022-09-12,10:11:00.000000,3
871960_2022-09-12_10:26:00.000000,2022-09-12,10:26:00.000000,1
871960_2022-09-12_10:41:00.000000,2022-09-12,10:41:00.000000,1
871960_2022-09-12_10:56:00.000000,2022-09-12,10:56:00.000000,1
871960_2022-09-12_11:11:00.000000,2022-09-12,11:11:00.000000,1
871960_2022-09-12_11:26:00.000000,2022-09-12,11:26:00.000000,1
871960_2022-09-12_11:41:00.000000,2022-09-12,11:41:00.000000,1
871960_2022-09-12_11:56:00.000000,2022-09-12,11:56:00.000000,3
871960_2022-09-12_12:11:00.000000,2022-09-12,12:11:00.000000,3
871960_2022-09-12_12:26:00.000000,2022-09-12,12:26:00.000000,3
871960_2022-09-12_12:41:00.000000,2022-09-12,12:41:00.000000,1
871960_2022-09-12_12:56:00.000000,2022-09-12,12:56:00.000000,1
871960_2022-09-12_13:11:00.000000,2022-09-12,13:11:00.000000,6
871960_2022-09-12_13:26:00.000000,2022-09-12,13:26:00.000000,3
871960_2022-09-12_13:41:00.000000,2022-09-12,13:41:00.000000,1
871960_2022-09-12_13:56:00.000000,2022-09-12,13:56:00.000000,3
871960_2022-09-12_14:11:00.000000,2022-09-12,14:11:00.000000,3
871960_2022-09-12_14:26:00.000000,2022-09-12,14:26:00.000000,1
871960_2022-09-12_14:41:00.000000,2022-09-12,14:41:00.000000,1
871960_2022-09-12_14:56:00.000000,2022-09-12,14:56:00.000000,1
871960_2022-09-12_15:11:00.000000,2022-09-12,15:11:00.000000,1
871996_2022-09-21_06:30:00.000000,2022-09-21,06:30:00.000000,1
871996_2022-09-21_06:45:00.000000,2022-09-21,06:45:00.000000,1
871996_2022-09-21_07:00:00.000000,2022-09-21,07:00:00.000000,1
871996_2022-09-21_07:15:00.000000,2022-09-21,07:15:00.000000,1
871996_2022-09-21_07:30:00.000000,2022-09-21,07:30:00.000000,1
871996_2022-09-21_07:45:00.000000,2022-09-21,07:45:00.000000,1
871996_2022-09-21_08:00:00.000000,2022-09-21,08:00:00.000000,1
871996_2022-09-21_08:15:00.000000,2022-09-21,08:15:00.000000,3
871996_2022-09-21_08:30:00.000000,2022-09-21,08:30:00.000000,3
871996_2022-09-21_08:45:00.000000,2022-09-21,08:45:00.000000,1
871996_2022-09-21_09:00:00.000000,2022-09-21,09:00:00.000000,3
871996_2022-09-21_09:15:00.000000,2022-09-21,09:15:00.000000,1
871996_2022-09-21_09:30:00.000000,2022-09-21,09:30:00.000000,1
871996_2022-09-21_09:45:00.000000,2022-09-21,09:45:00.000000,1
871996_2022-09-21_10:00:00.000000,2022-09-21,10:00:00.000000,3
871996_2022-09-21_10:15:00.000000,2022-09-21,10:15:00.000000,1
871996_2022-09-21_10:30:00.000000,2022-09-21,10:30:00.000000,1
871996_2022-09-21_10:45:00.000000,2022-09-21,10:45:00.000000,1
871996_2022-09-21_11:00:00.000000,2022-09-21,11:00:00.000000,1
871996_2022-09-21_11:15:00.000000,2022-09-21,11:15:00.000000,1
871996_2022-09-21_11:30:00.000000,2022-09-21,11:30:00.000000,1
871996_2022-09-21_11:45:00.000000,2022-09-21,11:45:00.000000,3
871996_2022-09-21_12:00:00.000000,2022-09-21,12:00:00.000000,6
871996_2022-09-21_12:15:00.000000,2022-09-21,12:15:00.000000,3
871996_2022-09-21_12:30:00.000000,2022-09-21,12:30:00.000000,1
871996_2022-09-21_12:45:00.000000,2022-09-21,12:45:00.000000,3
871996_2022-09-21_13:00:00.000000,2022-09-21,13:00:00.000000,3
871996_2022-09-21_13:15:00.000000,2022-09-21,13:15:00.000000,1
871996_2022-09-21_13:30:00.000000,2022-09-21,13:30:00.000000,3
871996_2022-09-21_13:45:00.000000,2022-09-21,13:45:00.000000,1
871996_2022-09-21_14:00:00.000000,2022-09-21,14:00:00.000000,3
871996_2022-09-21_14:15:00.000000,2022-09-21,14:15:00.000000,1
871996_2022-09-21_14:30:00.000000,2022-09-21,14:30:00.000000,1
871996_2022-09-21_14:45:00.000000,2022-09-21,14:45:00.000000,1
871996_2022-09-21_15:00:00.000000,2022-09-21,15:00:00.000000,1
873260_2022-09-30_06:26:00.000000,2022-09-30,06:26:00.000000,3
873260_2022-09-30_06:41:00.000000,2022-09-30,06:41:00.000000,1
873260_2022-09-30_06:56:00.000000,2022-09-30,06:56:00.000000,1
873260_2022-09-30_07:11:00.000000,2022-09-30,07:11:00.000000,3
873260_2022-09-30_07:26:00.000000,2022-09-30,07:26:00.000000,1
873260_2022-09-30_07:41:00.000000,2022-09-30,07:41:00.000000,1
873260_2022-09-30_07:56:00.000000,2022-09-30,07:56:00.000000,1
873260_2022-09-30_08:11:00.000000,2022-09-30,08:11:00.000000,1
873260_2022-09-30_08:26:00.000000,2022-09-30,08:26:00.000000,1
873260_2022-09-30_08:41:00.000000,2022-09-30,08:41:00.000000,1
873260_2022-09-30_08:56:00.000000,2022-09-30,08:56:00.000000,1
873260_2022-09-30_09:11:00.000000,2022-09-30,09:11:00.000000,3
873260_2022-09-30_09:26:00.000000,2022-09-30,09:26:00.000000,3
873260_2022-09-30_09:41:00.000000,2022-09-30,09:41:00.000000,3
873260_2022-09-30_09:56:00.000000,2022-09-30,09:56:00.000000,3
873260_2022-09-30_10:11:00.000000,2022-09-30,10:11:00.000000,1
873260_2022-09-30_10:26:00.000000,2022-09-30,10:26:00.000000,1
873260_2022-09-30_10:41:00.000000,2022-09-30,10:41:00.000000,3
873260_2022-09-30_10:56:00.000000,2022-09-30,10:56:00.000000,1
873260_2022-09-30_11:11:00.000000,2022-09-30,11:11:00.000000,3
873260_2022-09-30_11:26:00.000000,2022-09-30,11:26:00.000000,3
873260_2022-09-30_11:41:00.000000,2022-09-30,11:41:00.000000,3
873260_2022-09-30_11:56:00.000000,2022-09-30,11:56:00.000000,3
873260_2022-09-30_12:11:00.000000,2022-09-30,12:11:00.000000,3
873260_2022-09-30_12:26:00.000000,2022-09-30,12:26:00.000000,1
873260_2022-09-30_12:41:00.000000,2022-09-30,12:41:00.000000,1
873260_2022-09-30_12:56:00.000000,2022-09-30,12:56:00.000000,3
873260_2022-09-30_13:11:00.000000,2022-09-30,13:11:00.000000,3
873260_2022-09-30_13:26:00.000000,2022-09-30,13:26:00.000000,1
873260_2022-09-30_13:41:00.000000,2022-09-30,13:41:00.000000,1
873260_2022-09-30_13:56:00.000000,2022-09-30,13:56:00.000000,3
873260_2022-09-30_14:11:00.000000,2022-09-30,14:11:00.000000,3
873260_2022-09-30_14:26:00.000000,2022-09-30,14:26:00.000000,6
873260_2022-09-30_14:41:00.000000,2022-09-30,14:41:00.000000,3
873260_2022-09-30_14:56:00.000000,2022-09-30,14:56:00.000000,3
873260_2022-09-30_15:11:00.000000,2022-09-30,15:11:00.000000,3
873288_2022-10-08_06:30:00.000000,2022-10-08,06:30:00.000000,3
873288_2022-10-08_06:45:00.000000,2022-10-08,06:45:00.000000,3
873288_2022-10-08_07:00:00.000000,2022-10-08,07:00:00.000000,3
873288_2022-10-08_07:15:00.000000,2022-10-08,07:15:00.000000,3
873288_2022-10-08_07:30:00.000000,2022-10-08,07:30:00.000000,3
873288_2022-10-08_07:45:00.000000,2022-10-08,07:45:00.000000,3
873288_2022-10-08_08:00:00.000000,2022-10-08,08:00:00.000000,3
873288_2022-10-08_08:15:00.000000,2022-10-08,08:15:00.000000,1
873288_2022-10-08_08:30:00.000000,2022-10-08,08:30:00.000000,3
873288_2022-10-08_08:45:00.000000,2022-10-08,08:45:00.000000,3
873288_2022-10-08_09:00:00.000000,2022-10-08,09:00:00.000000,3
873288_2022-10-08_09:15:00.000000,2022-10-08,09:15:00.000000,3
873288_2022-10-08_09:30:00.000000,2022-10-08,09:30:00.000000,1
873288_2022-10-08_09:45:00.000000,2022-10-08,09:45:00.000000,3
873288_2022-10-08_10:00:00.000000,2022-10-08,10:00:00.000000,3
873288_2022-10-08_10:15:00.000000,2022-10-08,10:15:00.000000,3
873288_2022-10-08_10:30:00.000000,2022-10-08,10:30:00.000000,3
873288_2022-10-08_10:45:00.000000,2022-10-08,10:45:00.000000,3
873288_2022-10-08_11:00:00.000000,2022-10-08,11:00:00.000000,3
873288_2022-10-08_11:15:00.000000,2022-10-08,11:15:00.000000,3
873288_2022-10-08_11:30:00.000000,2022-10-08,11:30:00.000000,3
873288_2022-10-08_11:45:00.000000,2022-10-08,11:45:00.000000,3
873288_2022-10-08_12:00:00.000000,2022-10-08,12:00:00.000000,3
873288_2022-10-08_12:15:00.000000,2022-10-08,12:15:00.000000,3
873288_2022-10-08_12:30:00.000000,2022-10-08,12:30:00.000000,3
873288_2022-10-08_12:45:00.000000,2022-10-08,12:45:00.000000,3
873288_2022-10-08_13:00:00.000000,2022-10-08,13:00:00.000000,3
873288_2022-10-08_13:15:00.000000,2022-10-08,13:15:00.000000,3
873288_2022-10-08_13:30:00.000000,2022-10-08,13:30:00.000000,3
873288_2022-10-08_13:45:00.000000,2022-10-08,13:45:00.000000,3
873288_2022-10-08_14:00:00.000000,2022-10-08,14:00:00.000000,3
873288_2022-10-08_14:15:00.000000,2022-10-08,14:15:00.000000,3
873288_2022-10-08_14:30:00.000000,2022-10-08,14:30:00.000000,3
873288_2022-10-08_14:45:00.000000,2022-10-08,14:45:00.000000,3
873288_2022-10-08_15:00:00.000000,2022-10-08,15:00:00.000000,3
874262_2022-10-16_06:30:00.000000,2022-10-16,06:30:00.000000,6
874262_2022-10-16_06:45:00.000000,2022-10-16,06:45:00.000000,6
874262_2022-10-16_07:00:00.000000,2022-10-16,07:00:00.000000,3
874262_2022-10-16_07:15:00.000000,2022-10-16,07:15:00.000000,3
874262_2022-10-16_07:30:00.000000,2022-10-16,07:30:00.000000,3
874262_2022-10-16_07:45:00.000000,2022-10-16,07:45:00.000000,3
874262_2022-10-16_08:00:00.000000,2022-10-16,08:00:00.000000,3
874262_2022-10-16_08:15:00.000000,2022-10-16,08:15:00.000000,3
874262_2022-10-16_08:30:00.000000,2022-10-16,08:30:00.000000,6
874262_2022-10-16_08:45:00.000000,2022-10-16,08:45:00.000000,3
874262_2022-10-16_09:00:00.000000,2022-10-16,09:00:00.000000,3
874262_2022-10-16_09:15:00.000000,2022-10-16,09:15:00.000000,3
874262_2022-10-16_09:30:00.000000,2022-10-16,09:30:00.000000,3
874262_2022-10-16_09:45:00.000000,2022-10-16,09:45:00.000000,3
874262_2022-10-16_10:00:00.000000,2022-10-16,10:00:00.000000,3
874262_2022-10-16_10:15:00.000000,2022-10-16,10:15:00.000000,3
874262_2022-10-16_10:30:00.000000,2022-10-16,10:30:00.000000,3
874262_2022-10-16_10:45:00.000000,2022-10-16,10:45:00.000000,3
874262_2022-10-16_11:00:00.000000,2022-10-16,11:00:00.000000,3
874262_2022-10-16_11:15:00.000000,2022-10-16,11:15:00.000000,3
874262_2022-10-16_11:30:00.000000,2022-10-16,11:30:00.000000,3
874262_2022-10-16_11:45:00.000000,2022-10-16,11:45:00.000000,3
874262_2022-10-16_12:00:00.000000,2022-10-16,12:00:00.000000,3
874262_2022-10-16_12:15:00.000000,2022-10-16,12:15:00.000000,3
874262_2022-10-16_12:30:00.000000,2022-10-16,12:30:00.000000,3
874262_2022-10-16_12:45:00.000000,2022-10-16,12:45:00.000000,3
874262_2022-10-16_13:00:00.000000,2022-10-16,13:00:00.000000,6
874262_2022-10-16_13:15:00.000000,2022-10-16,13:15:00.000000,6
874262_2022-10-16_13:30:00.000000,2022-10-16,13:30:00.000000,3
874262_2022-10-16_13:45:00.000000,2022-10-16,13:45:00.000000,3
874262_2022-10-16_14:00:00.000000,2022-10-16,14:00:00.000000,3
874262_2022-10-16_14:15:00.000000,2022-10-16,14:15:00.000000,3
874262_2022-10-16_14:30:00.000000,2022-10-16,14:30:00.000000,3
874262_2022-10-16_14:45:00.000000,2022-10-16,14:45:00.000000,3
874262_2022-10-16_15:00:00.000000,2022-10-16,15:00:00.000000,3
874294_2022-10-24_06:30:00.000000,2022-10-24,06:30:00.000000,6
874294_2022-10-24_06:45:00.000000,2022-10-24,06:45:00.000000,1
874294_2022-10-24_07:00:00.000000,2022-10-24,07:00:00.000000,1
874294_2022-10-24_07:15:00.000000,2022-10-24,07:15:00.000000,3
874294_2022-10-24_07:30:00.000000,2022-10-24,07:30:00.000000,1
874294_2022-10-24_07:45:00.000000,2022-10-24,07:45:00.000000,3
874294_2022-10-24_08:00:00.000000,2022-10-24,08:00:00.000000,1
874294_2022-10-24_08:15:00.000000,2022-10-24,08:15:00.000000,1
874294_2022-10-24_08:30:00.000000,2022-10-24,08:30:00.000000,1
874294_2022-10-24_08:45:00.000000,2022-10-24,08:45:00.000000,1
874294_2022-10-24_09:00:00.000000,2022-10-24,09:00:00.000000,3
874294_2022-10-24_09:15:00.000000,2022-10-24,09:15:00.000000,3
874294_2022-10-24_09:30:00.000000,2022-10-24,09:30:00.000000,3
874294_2022-10-24_09:45:00.000000,2022-10-24,09:45:00.000000,3
874294_2022-10-24_10:00:00.000000,2022-10-24,10:00:00.000000,1
874294_2022-10-24_10:15:00.000000,2022-10-24,10:15:00.000000,3
874294_2022-10-24_10:30:00.000000,2022-10-24,10:30:00.000000,3
874294_2022-10-24_10:45:00.000000,2022-10-24,10:45:00.000000,3
874294_2022-10-24_11:00:00.000000,2022-10-24,11:00:00.000000,3
874294_2022-10-24_11:15:00.000000,2022-10-24,11:15:00.000000,1
874294_2022-10-24_11:30:00.000000,2022-10-24,11:30:00.000000,3
874294_2022-10-24_11:45:00.000000,2022-10-24,11:45:00.000000,3
874294_2022-10-24_12:00:00.000000,2022-10-24,12:00:00.000000,3
874294_2022-10-24_12:15:00.000000,2022-10-24,12:15:00.000000,3
874294_2022-10-24_12:30:00.000000,2022-10-24,12:30:00.000000,3
874294_2022-10-24_12:45:00.000000,2022-10-24,12:45:00.000000,3
874294_2022-10-24_13:00:00.000000,2022-10-24,13:00:00.000000,3
874294_2022-10-24_13:15:00.000000,2022-10-24,13:15:00.000000,1
874294_2022-10-24_13:30:00.000000,2022-10-24,13:30:00.000000,3
874294_2022-10-24_13:45:00.000000,2022-10-24,13:45:00.000000,3
874294_2022-10-24_14:00:00.000000,2022-10-24,14:00:00.000000,3
874294_2022-10-24_14:15:00.000000,2022-10-24,14:15:00.000000,3
874294_2022-10-24_14:30:00.000000,2022-10-24,14:30:00.000000,3
874294_2022-10-24_14:45:00.000000,2022-10-24,14:45:00.000000,3
874294_2022-10-24_15:00:00.000000,2022-10-24,15:00:00.000000,3
874298_2022-10-25_06:30:00.000000,2022-10-25,06:30:00.000000,6
874298_2022-10-25_06:45:00.000000,2022-10-25,06:45:00.000000,1
874298_2022-10-25_07:00:00.000000,2022-10-25,07:00:00.000000,1
874298_2022-10-25_07:15:00.000000,2022-10-25,07:15:00.000000,3
874298_2022-10-25_07:30:00.000000,2022-10-25,07:30:00.000000,3
874298_2022-10-25_07:45:00.000000,2022-10-25,07:45:00.000000,3
874298_2022-10-25_08:00:00.000000,2022-10-25,08:00:00.000000,3
874298_2022-10-25_08:15:00.000000,2022-10-25,08:15:00.000000,1
874298_2022-10-25_08:30:00.000000,2022-10-25,08:30:00.000000,3
874298_2022-10-25_08:45:00.000000,2022-10-25,08:45:00.000000,3
874298_2022-10-25_09:00:00.000000,2022-10-25,09:00:00.000000,3
874298_2022-10-25_09:15:00.000000,2022-10-25,09:15:00.000000,3
874298_2022-10-25_09:30:00.000000,2022-10-25,09:30:00.000000,3
874298_2022-10-25_09:45:00.000000,2022-10-25,09:45:00.000000,3
874298_2022-10-25_10:00:00.000000,2022-10-25,10:00:00.000000,1
874298_2022-10-25_10:15:00.000000,2022-10-25,10:15:00.000000,3
874298_2022-10-25_10:30:00.000000,2022-10-25,10:30:00.000000,3
874298_2022-10-25_10:45:00.000000,2022-10-25,10:45:00.000000,3
874298_2022-10-25_11:00:00.000000,2022-10-25,11:00:00.000000,1
874298_2022-10-25_11:15:00.000000,2022-10-25,11:15:00.000000,3
874298_2022-10-25_11:30:00.000000,2022-10-25,11:30:00.000000,3
874298_2022-10-25_11:45:00.000000,2022-10-25,11:45:00.000000,3
874298_2022-10-25_12:00:00.000000,2022-10-25,12:00:00.000000,3
874298_2022-10-25_12:15:00.000000,2022-10-25,12:15:00.000000,3
874298_2022-10-25_12:30:00.000000,2022-10-25,12:30:00.000000,3
874298_2022-10-25_12:45:00.000000,2022-10-25,12:45:00.000000,3
874298_2022-10-25_13:00:00.000000,2022-10-25,13:00:00.000000,3
874298_2022-10-25_13:15:00.000000,2022-10-25,13:15:00.000000,3
874298_2022-10-25_13:30:00.000000,2022-10-25,13:30:00.000000,3
874298_2022-10-25_13:45:00.000000,2022-10-25,13:45:00.000000,3
874298_2022-10-25_14:00:00.000000,2022-10-25,14:00:00.000000,3
874298_2022-10-25_14:15:00.000000,2022-10-25,14:15:00.000000,3
874298_2022-10-25_14:30:00.000000,2022-10-25,14:30:00.000000,3
874298_2022-10-25_14:45:00.000000,2022-10-25,14:45:00.000000,3
874298_2022-10-25_15:00:00.000000,2022-10-25,15:00:00.000000,3
874724_2022-10-31_06:30:00.000000,2022-10-31,06:30:00.000000,6
874724_2022-10-31_06:45:00.000000,2022-10-31,06:45:00.000000,6
874724_2022-10-31_07:00:00.000000,2022-10-31,07:00:00.000000,6
874724_2022-10-31_07:15:00.000000,2022-10-31,07:15:00.000000,3
874724_2022-10-31_07:30:00.000000,2022-10-31,07:30:00.000000,3
874724_2022-10-31_07:45:00.000000,2022-10-31,07:45:00.000000,6
874724_2022-10-31_08:00:00.000000,2022-10-31,08:00:00.000000,6
874724_2022-10-31_08:15:00.000000,2022-10-31,08:15:00.000000,6
874724_2022-10-31_08:30:00.000000,2022-10-31,08:30:00.000000,6
874724_2022-10-31_08:45:00.000000,2022-10-31,08:45:00.000000,6
874724_2022-10-31_09:00:00.000000,2022-10-31,09:00:00.000000,6
874724_2022-10-31_09:15:00.000000,2022-10-31,09:15:00.000000,6
874724_2022-10-31_09:30:00.000000,2022-10-31,09:30:00.000000,6
874724_2022-10-31_09:45:00.000000,2022-10-31,09:45:00.000000,6
874724_2022-10-31_10:00:00.000000,2022-10-31,10:00:00.000000,6
874724_2022-10-31_10:15:00.000000,2022-10-31,10:15:00.000000,3
874724_2022-10-31_10:30:00.000000,2022-10-31,10:30:00.000000,3
874724_2022-10-31_10:45:00.000000,2022-10-31,10:45:00.000000,6
874724_2022-10-31_11:00:00.000000,2022-10-31,11:00:00.000000,4
874724_2022-10-31_11:15:00.000000,2022-10-31,11:15:00.000000,6
874724_2022-10-31_11:30:00.000000,2022-10-31,11:30:00.000000,6
874724_2022-10-31_11:45:00.000000,2022-10-31,11:45:00.000000,6
874724_2022-10-31_12:00:00.000000,2022-10-31,12:00:00.000000,6
874724_2022-10-31_12:15:00.000000,2022-10-31,12:15:00.000000,6
874724_2022-10-31_12:30:00.000000,2022-10-31,12:30:00.000000,6
874724_2022-10-31_12:45:00.000000,2022-10-31,12:45:00.000000,6
874724_2022-10-31_13:00:00.000000,2022-10-31,13:00:00.000000,6
874724_2022-10-31_13:15:00.000000,2022-10-31,13:15:00.000000,6
874724_2022-10-31_13:30:00.000000,2022-10-31,13:30:00.000000,6
874724_2022-10-31_13:45:00.000000,2022-10-31,13:45:00.000000,6
874724_2022-10-31_14:00:00.000000,2022-10-31,14:00:00.000000,3
874724_2022-10-31_14:15:00.000000,2022-10-31,14:15:00.000000,6
874724_2022-10-31_14:30:00.000000,2022-10-31,14:30:00.000000,6
874724_2022-10-31_14:45:00.000000,2022-10-31,14:45:00.000000,3
874724_2022-10-31_15:00:00.000000,2022-10-31,15:00:00.000000,6
874728_2022-11-01_06:30:00.000000,2022-11-01,06:30:00.000000,6
874728_2022-11-01_06:45:00.000000,2022-11-01,06:45:00.000000,6
874728_2022-11-01_07:00:00.000000,2022-11-01,07:00:00.000000,6
874728_2022-11-01_07:15:00.000000,2022-11-01,07:15:00.000000,6
874728_2022-11-01_07:30:00.000000,2022-11-01,07:30:00.000000,6
874728_2022-11-01_07:45:00.000000,2022-11-01,07:45:00.000000,6
874728_2022-11-01_08:00:00.000000,2022-11-01,08:00:00.000000,6
874728_2022-11-01_08:15:00.000000,2022-11-01,08:15:00.000000,6
874728_2022-11-01_08:30:00.000000,2022-11-01,08:30:00.000000,6
874728_2022-11-01_08:45:00.000000,2022-11-01,08:45:00.000000,6
874728_2022-11-01_09:00:00.000000,2022-11-01,09:00:00.000000,6
874728_2022-11-01_09:15:00.000000,2022-11-01,09:15:00.000000,6
874728_2022-11-01_09:30:00.000000,2022-11-01,09:30:00.000000,6
874728_2022-11-01_09:45:00.000000,2022-11-01,09:45:00.000000,6
874728_2022-11-01_10:00:00.000000,2022-11-01,10:00:00.000000,6
874728_2022-11-01_10:15:00.000000,2022-11-01,10:15:00.000000,6
874728_2022-11-01_10:30:00.000000,2022-11-01,10:30:00.000000,6
874728_2022-11-01_10:45:00.000000,2022-11-01,10:45:00.000000,6
874728_2022-11-01_11:00:00.000000,2022-11-01,11:00:00.000000,6
874728_2022-11-01_11:15:00.000000,2022-11-01,11:15:00.000000,6
874728_2022-11-01_11:30:00.000000,2022-11-01,11:30:00.000000,6
874728_2022-11-01_11:45:00.000000,2022-11-01,11:45:00.000000,6
874728_2022-11-01_12:00:00.000000,2022-11-01,12:00:00.000000,6
874728_2022-11-01_12:15:00.000000,2022-11-01,12:15:00.000000,6
874728_2022-11-01_12:30:00.000000,2022-11-01,12:30:00.000000,6
874728_2022-11-01_12:45:00.000000,2022-11-01,12:45:00.000000,6
874728_2022-11-01_13:00:00.000000,2022-11-01,13:00:00.000000,6
874728_2022-11-01_13:15:00.000000,2022-11-01,13:15:00.000000,6
874728_2022-11-01_13:30:00.000000,2022-11-01,13:30:00.000000,6
874728_2022-11-01_13:45:00.000000,2022-11-01,13:45:00.000000,6
874728_2022-11-01_14:00:00.000000,2022-11-01,14:00:00.000000,6
874728_2022-11-01_14:15:00.000000,2022-11-01,14:15:00.000000,6
874728_2022-11-01_14:30:00.000000,2022-11-01,14:30:00.000000,6
874728_2022-11-01_14:45:00.000000,2022-11-01,14:45:00.000000,6
874728_2022-11-01_15:00:00.000000,2022-11-01,15:00:00.000000,6
874764_2022-11-10_06:30:00.000000,2022-11-10,06:30:00.000000,6
874764_2022-11-10_06:45:00.000000,2022-11-10,06:45:00.000000,6
874764_2022-11-10_07:00:00.000000,2022-11-10,07:00:00.000000,1
874764_2022-11-10_07:15:00.000000,2022-11-10,07:15:00.000000,6
874764_2022-11-10_07:30:00.000000,2022-11-10,07:30:00.000000,6
874764_2022-11-10_07:45:00.000000,2022-11-10,07:45:00.000000,1
874764_2022-11-10_08:00:00.000000,2022-11-10,08:00:00.000000,1
874764_2022-11-10_08:15:00.000000,2022-11-10,08:15:00.000000,1
874764_2022-11-10_08:30:00.000000,2022-11-10,08:30:00.000000,6
874764_2022-11-10_08:45:00.000000,2022-11-10,08:45:00.000000,1
874764_2022-11-10_09:00:00.000000,2022-11-10,09:00:00.000000,1
874764_2022-11-10_09:15:00.000000,2022-11-10,09:15:00.000000,1
874764_2022-11-10_09:30:00.000000,2022-11-10,09:30:00.000000,1
874764_2022-11-10_09:45:00.000000,2022-11-10,09:45:00.000000,6
874764_2022-11-10_10:00:00.000000,2022-11-10,10:00:00.000000,1
874764_2022-11-10_10:15:00.000000,2022-11-10,10:15:00.000000,6
874764_2022-11-10_10:30:00.000000,2022-11-10,10:30:00.000000,6
874764_2022-11-10_10:45:00.000000,2022-11-10,10:45:00.000000,1
874764_2022-11-10_11:00:00.000000,2022-11-10,11:00:00.000000,1
874764_2022-11-10_11:15:00.000000,2022-11-10,11:15:00.000000,3
874764_2022-11-10_11:30:00.000000,2022-11-10,11:30:00.000000,3
874764_2022-11-10_11:45:00.000000,2022-11-10,11:45:00.000000,1
874764_2022-11-10_12:00:00.000000,2022-11-10,12:00:00.000000,3
874764_2022-11-10_12:15:00.000000,2022-11-10,12:15:00.000000,1
874764_2022-11-10_12:30:00.000000,2022-11-10,12:30:00.000000,1
874764_2022-11-10_12:45:00.000000,2022-11-10,12:45:00.000000,1
874764_2022-11-10_13:00:00.000000,2022-11-10,13:00:00.000000,6
874764_2022-11-10_13:15:00.000000,2022-11-10,13:15:00.000000,6
874764_2022-11-10_13:30:00.000000,2022-11-10,13:30:00.000000,1
874764_2022-11-10_13:45:00.000000,2022-11-10,13:45:00.000000,3
874764_2022-11-10_14:00:00.000000,2022-11-10,14:00:00.000000,1
874764_2022-11-10_14:15:00.000000,2022-11-10,14:15:00.000000,3
874764_2022-11-10_14:30:00.000000,2022-11-10,14:30:00.000000,1
874764_2022-11-10_14:45:00.000000,2022-11-10,14:45:00.000000,6
874764_2022-11-10_15:00:00.000000,2022-11-10,15:00:00.000000,6
874788_2022-11-16_06:30:00.000000,2022-11-16,06:30:00.000000,3
874788_2022-11-16_06:45:00.000000,2022-11-16,06:45:00.000000,6
874788_2022-11-16_07:00:00.000000,2022-11-16,07:00:00.000000,6
874788_2022-11-16_07:15:00.000000,2022-11-16,07:15:00.000000,6
874788_2022-11-16_07:30:00.000000,2022-11-16,07:30:00.000000,3
874788_2022-11-16_07:45:00.000000,2022-11-16,07:45:00.000000,6
874788_2022-11-16_08:00:00.000000,2022-11-16,08:00:00.000000,6
874788_2022-11-16_08:15:00.000000,2022-11-16,08:15:00.000000,6
874788_2022-11-16_08:30:00.000000,2022-11-16,08:30:00.000000,6
874788_2022-11-16_08:45:00.000000,2022-11-16,08:45:00.000000,6
874788_2022-11-16_09:00:00.000000,2022-11-16,09:00:00.000000,6
874788_2022-11-16_09:15:00.000000,2022-11-16,09:15:00.000000,3
874788_2022-11-16_09:30:00.000000,2022-11-16,09:30:00.000000,3
874788_2022-11-16_09:45:00.000000,2022-11-16,09:45:00.000000,6
874788_2022-11-16_10:00:00.000000,2022-11-16,10:00:00.000000,6
874788_2022-11-16_10:15:00.000000,2022-11-16,10:15:00.000000,5
874788_2022-11-16_10:30:00.000000,2022-11-16,10:30:00.000000,6
874788_2022-11-16_10:45:00.000000,2022-11-16,10:45:00.000000,3
874788_2022-11-16_11:00:00.000000,2022-11-16,11:00:00.000000,6
874788_2022-11-16_11:15:00.000000,2022-11-16,11:15:00.000000,6
874788_2022-11-16_11:30:00.000000,2022-11-16,11:30:00.000000,1
874788_2022-11-16_11:45:00.000000,2022-11-16,11:45:00.000000,3
874788_2022-11-16_12:00:00.000000,2022-11-16,12:00:00.000000,3
874788_2022-11-16_12:15:00.000000,2022-11-16,12:15:00.000000,3
874788_2022-11-16_12:30:00.000000,2022-11-16,12:30:00.000000,6
874788_2022-11-16_12:45:00.000000,2022-11-16,12:45:00.000000,6
874788_2022-11-16_13:00:00.000000,2022-11-16,13:00:00.000000,6
874788_2022-11-16_13:15:00.000000,2022-11-16,13:15:00.000000,6
874788_2022-11-16_13:30:00.000000,2022-11-16,13:30:00.000000,6
874788_2022-11-16_13:45:00.000000,2022-11-16,13:45:00.000000,1
874788_2022-11-16_14:00:00.000000,2022-11-16,14:00:00.000000,1
874788_2022-11-16_14:15:00.000000,2022-11-16,14:15:00.000000,6
874788_2022-11-16_14:30:00.000000,2022-11-16,14:30:00.000000,6
874788_2022-11-16_14:45:00.000000,2022-11-16,14:45:00.000000,3
874788_2022-11-16_15:00:00.000000,2022-11-16,15:00:00.000000,6
874792_2022-11-17_06:30:00.000000,2022-11-17,06:30:00.000000,6
874792_2022-11-17_06:45:00.000000,2022-11-17,06:45:00.000000,6
874792_2022-11-17_07:00:00.000000,2022-11-17,07:00:00.000000,6
874792_2022-11-17_07:15:00.000000,2022-11-17,07:15:00.000000,6
874792_2022-11-17_07:30:00.000000,2022-11-17,07:30:00.000000,1
874792_2022-11-17_07:45:00.000000,2022-11-17,07:45:00.000000,1
874792_2022-11-17_08:00:00.000000,2022-11-17,08:00:00.000000,1
874792_2022-11-17_08:15:00.000000,2022-11-17,08:15:00.000000,1
874792_2022-11-17_08:30:00.000000,2022-11-17,08:30:00.000000,1
874792_2022-11-17_08:45:00.000000,2022-11-17,08:45:00.000000,1
874792_2022-11-17_09:00:00.000000,2022-11-17,09:00:00.000000,3
874792_2022-11-17_09:15:00.000000,2022-11-17,09:15:00.000000,1
874792_2022-11-17_09:30:00.000000,2022-11-17,09:30:00.000000,1
874792_2022-11-17_09:45:00.000000,2022-11-17,09:45:00.000000,1
874792_2022-11-17_10:00:00.000000,2022-11-17,10:00:00.000000,1
874792_2022-11-17_10:15:00.000000,2022-11-17,10:15:00.000000,1
874792_2022-11-17_10:30:00.000000,2022-11-17,10:30:00.000000,1
874792_2022-11-17_10:45:00.000000,2022-11-17,10:45:00.000000,1
874792_2022-11-17_11:00:00.000000,2022-11-17,11:00:00.000000,1
874792_2022-11-17_11:15:00.000000,2022-11-17,11:15:00.000000,1
874792_2022-11-17_11:30:00.000000,2022-11-17,11:30:00.000000,1
874792_2022-11-17_11:45:00.000000,2022-11-17,11:45:00.000000,6
874792_2022-11-17_12:00:00.000000,2022-11-17,12:00:00.000000,1
874792_2022-11-17_12:15:00.000000,2022-11-17,12:15:00.000000,1
874792_2022-11-17_12:30:00.000000,2022-11-17,12:30:00.000000,1
874792_2022-11-17_12:45:00.000000,2022-11-17,12:45:00.000000,1
874792_2022-11-17_13:00:00.000000,2022-11-17,13:00:00.000000,1
874792_2022-11-17_13:15:00.000000,2022-11-17,13:15:00.000000,6
874792_2022-11-17_13:30:00.000000,2022-11-17,13:30:00.000000,1
874792_2022-11-17_13:45:00.000000,2022-11-17,13:45:00.000000,1
874792_2022-11-17_14:00:00.000000,2022-11-17,14:00:00.000000,1
874792_2022-11-17_14:15:00.000000,2022-11-17,14:15:00.000000,1
874792_2022-11-17_14:30:00.000000,2022-11-17,14:30:00.000000,6
874792_2022-11-17_14:45:00.000000,2022-11-17,14:45:00.000000,6
874792_2022-11-17_15:00:00.000000,2022-11-17,15:00:00.000000,1
876494_2022-11-18_06:26:00.000000,2022-11-18,06:26:00.000000,6
876494_2022-11-18_06:41:00.000000,2022-11-18,06:41:00.000000,6
876494_2022-11-18_06:56:00.000000,2022-11-18,06:56:00.000000,6
876494_2022-11-18_07:11:00.000000,2022-11-18,07:11:00.000000,1
876494_2022-11-18_07:26:00.000000,2022-11-18,07:26:00.000000,6
876494_2022-11-18_07:41:00.000000,2022-11-18,07:41:00.000000,3
876494_2022-11-18_07:56:00.000000,2022-11-18,07:56:00.000000,6
876494_2022-11-18_08:11:00.000000,2022-11-18,08:11:00.000000,3
876494_2022-11-18_08:26:00.000000,2022-11-18,08:26:00.000000,3
876494_2022-11-18_08:41:00.000000,2022-11-18,08:41:00.000000,1
876494_2022-11-18_08:56:00.000000,2022-11-18,08:56:00.000000,6
876494_2022-11-18_09:11:00.000000,2022-11-18,09:11:00.000000,6
876494_2022-11-18_09:26:00.000000,2022-11-18,09:26:00.000000,6
876494_2022-11-18_09:41:00.000000,2022-11-18,09:41:00.000000,6
876494_2022-11-18_09:56:00.000000,2022-11-18,09:56:00.000000,6
876494_2022-11-18_10:11:00.000000,2022-11-18,10:11:00.000000,6
876494_2022-11-18_10:26:00.000000,2022-11-18,10:26:00.000000,6
876494_2022-11-18_10:41:00.000000,2022-11-18,10:41:00.000000,6
876494_2022-11-18_10:56:00.000000,2022-11-18,10:56:00.000000,6
876494_2022-11-18_11:11:00.000000,2022-11-18,11:11:00.000000,6
876494_2022-11-18_11:26:00.000000,2022-11-18,11:26:00.000000,6
876494_2022-11-18_11:41:00.000000,2022-11-18,11:41:00.000000,6
876494_2022-11-18_11:56:00.000000,2022-11-18,11:56:00.000000,6
876494_2022-11-18_12:11:00.000000,2022-11-18,12:11:00.000000,6
876494_2022-11-18_12:26:00.000000,2022-11-18,12:26:00.000000,6
876494_2022-11-18_12:41:00.000000,2022-11-18,12:41:00.000000,6
876494_2022-11-18_12:56:00.000000,2022-11-18,12:56:00.000000,6
876494_2022-11-18_13:11:00.000000,2022-11-18,13:11:00.000000,6
876494_2022-11-18_13:26:00.000000,2022-11-18,13:26:00.000000,3
876494_2022-11-18_13:41:00.000000,2022-11-18,13:41:00.000000,6
876494_2022-11-18_13:56:00.000000,2022-11-18,13:56:00.000000,6
876494_2022-11-18_14:11:00.000000,2022-11-18,14:11:00.000000,6
876494_2022-11-18_14:26:00.000000,2022-11-18,14:26:00.000000,3
876494_2022-11-18_14:41:00.000000,2022-11-18,14:41:00.000000,3
876494_2022-11-18_14:56:00.000000,2022-11-18,14:56:00.000000,6
876494_2022-11-18_15:11:00.000000,2022-11-18,15:11:00.000000,6
876464_2022-11-25_06:26:00.000000,2022-11-25,06:26:00.000000,5
876464_2022-11-25_06:41:00.000000,2022-11-25,06:41:00.000000,5
876464_2022-11-25_06:56:00.000000,2022-11-25,06:56:00.000000,5
876464_2022-11-25_07:11:00.000000,2022-11-25,07:11:00.000000,5
876464_2022-11-25_07:26:00.000000,2022-11-25,07:26:00.000000,5
876464_2022-11-25_07:41:00.000000,2022-11-25,07:41:00.000000,5
876464_2022-11-25_07:56:00.000000,2022-11-25,07:56:00.000000,5
876464_2022-11-25_08:11:00.000000,2022-11-25,08:11:00.000000,5
876464_2022-11-25_08:26:00.000000,2022-11-25,08:26:00.000000,5
876464_2022-11-25_08:41:00.000000,2022-11-25,08:41:00.000000,5
876464_2022-11-25_08:56:00.000000,2022-11-25,08:56:00.000000,5
876464_2022-11-25_09:11:00.000000,2022-11-25,09:11:00.000000,5
876464_2022-11-25_09:26:00.000000,2022-11-25,09:26:00.000000,5
876464_2022-11-25_09:41:00.000000,2022-11-25,09:41:00.000000,5
876464_2022-11-25_09:56:00.000000,2022-11-25,09:56:00.000000,5
876464_2022-11-25_10:11:00.000000,2022-11-25,10:11:00.000000,5
876464_2022-11-25_10:26:00.000000,2022-11-25,10:26:00.000000,5
876464_2022-11-25_10:41:00.000000,2022-11-25,10:41:00.000000,5
876464_2022-11-25_10:56:00.000000,2022-11-25,10:56:00.000000,5
876464_2022-11-25_11:11:00.000000,2022-11-25,11:11:00.000000,5
876464_2022-11-25_11:26:00.000000,2022-11-25,11:26:00.000000,5
876464_2022-11-25_11:41:00.000000,2022-11-25,11:41:00.000000,5
876464_2022-11-25_11:56:00.000000,2022-11-25,11:56:00.000000,5
876464_2022-11-25_12:11:00.000000,2022-11-25,12:11:00.000000,5
876464_2022-11-25_12:26:00.000000,2022-11-25,12:26:00.000000,5
876464_2022-11-25_12:41:00.000000,2022-11-25,12:41:00.000000,5
876464_2022-11-25_12:56:00.000000,2022-11-25,12:56:00.000000,5
876464_2022-11-25_13:11:00.000000,2022-11-25,13:11:00.000000,5
876464_2022-11-25_13:26:00.000000,2022-11-25,13:26:00.000000,5
876464_2022-11-25_13:41:00.000000,2022-11-25,13:41:00.000000,5
876464_2022-11-25_13:56:00.000000,2022-11-25,13:56:00.000000,5
876464_2022-11-25_14:11:00.000000,2022-11-25,14:11:00.000000,5
876464_2022-11-25_14:26:00.000000,2022-11-25,14:26:00.000000,5
876464_2022-11-25_14:41:00.000000,2022-11-25,14:41:00.000000,5
876464_2022-11-25_14:56:00.000000,2022-11-25,14:56:00.000000,5
876464_2022-11-25_15:11:00.000000,2022-11-25,15:11:00.000000,5
876460_2022-11-26_06:26:00.000000,2022-11-26,06:26:00.000000,5
876460_2022-11-26_06:41:00.000000,2022-11-26,06:41:00.000000,5
876460_2022-11-26_06:56:00.000000,2022-11-26,06:56:00.000000,5
876460_2022-11-26_07:11:00.000000,2022-11-26,07:11:00.000000,5
876460_2022-11-26_07:26:00.000000,2022-11-26,07:26:00.000000,5
876460_2022-11-26_07:41:00.000000,2022-11-26,07:41:00.000000,5
876460_2022-11-26_07:56:00.000000,2022-11-26,07:56:00.000000,5
876460_2022-11-26_08:11:00.000000,2022-11-26,08:11:00.000000,5
876460_2022-11-26_08:26:00.000000,2022-11-26,08:26:00.000000,5
876460_2022-11-26_08:41:00.000000,2022-11-26,08:41:00.000000,5
876460_2022-11-26_08:56:00.000000,2022-11-26,08:56:00.000000,5
876460_2022-11-26_09:11:00.000000,2022-11-26,09:11:00.000000,5
876460_2022-11-26_09:26:00.000000,2022-11-26,09:26:00.000000,5
876460_2022-11-26_09:41:00.000000,2022-11-26,09:41:00.000000,5
876460_2022-11-26_09:56:00.000000,2022-11-26,09:56:00.000000,5
876460_2022-11-26_10:11:00.000000,2022-11-26,10:11:00.000000,5
876460_2022-11-26_10:26:00.000000,2022-11-26,10:26:00.000000,5
876460_2022-11-26_10:41:00.000000,2022-11-26,10:41:00.000000,5
876460_2022-11-26_10:56:00.000000,2022-11-26,10:56:00.000000,5
876460_2022-11-26_11:11:00.000000,2022-11-26,11:11:00.000000,5
876460_2022-11-26_11:26:00.000000,2022-11-26,11:26:00.000000,5
876460_2022-11-26_11:41:00.000000,2022-11-26,11:41:00.000000,5
876460_2022-11-26_11:56:00.000000,2022-11-26,11:56:00.000000,5
876460_2022-11-26_12:11:00.000000,2022-11-26,12:11:00.000000,5
876460_2022-11-26_12:26:00.000000,2022-11-26,12:26:00.000000,5
876460_2022-11-26_12:41:00.000000,2022-11-26,12:41:00.000000,5
876460_2022-11-26_12:56:00.000000,2022-11-26,12:56:00.000000,5
876460_2022-11-26_13:11:00.000000,2022-11-26,13:11:00.000000,5
876460_2022-11-26_13:26:00.000000,2022-11-26,13:26:00.000000,5
876460_2022-11-26_13:41:00.000000,2022-11-26,13:41:00.000000,5
876460_2022-11-26_13:56:00.000000,2022-11-26,13:56:00.000000,5
876460_2022-11-26_14:11:00.000000,2022-11-26,14:11:00.000000,5
876460_2022-11-26_14:26:00.000000,2022-11-26,14:26:00.000000,5
876460_2022-11-26_14:41:00.000000,2022-11-26,14:41:00.000000,5
876460_2022-11-26_14:56:00.000000,2022-11-26,14:56:00.000000,5
876460_2022-11-26_15:11:00.000000,2022-11-26,15:11:00.000000,5
876456_2022-11-27_06:26:00.000000,2022-11-27,06:26:00.000000,6
876456_2022-11-27_06:41:00.000000,2022-11-27,06:41:00.000000,6
876456_2022-11-27_06:56:00.000000,2022-11-27,06:56:00.000000,6
876456_2022-11-27_07:11:00.000000,2022-11-27,07:11:00.000000,6
876456_2022-11-27_07:26:00.000000,2022-11-27,07:26:00.000000,6
876456_2022-11-27_07:41:00.000000,2022-11-27,07:41:00.000000,6
876456_2022-11-27_07:56:00.000000,2022-11-27,07:56:00.000000,6
876456_2022-11-27_08:11:00.000000,2022-11-27,08:11:00.000000,6
876456_2022-11-27_08:26:00.000000,2022-11-27,08:26:00.000000,6
876456_2022-11-27_08:41:00.000000,2022-11-27,08:41:00.000000,6
876456_2022-11-27_08:56:00.000000,2022-11-27,08:56:00.000000,3
876456_2022-11-27_09:11:00.000000,2022-11-27,09:11:00.000000,6
876456_2022-11-27_09:26:00.000000,2022-11-27,09:26:00.000000,6
876456_2022-11-27_09:41:00.000000,2022-11-27,09:41:00.000000,3
876456_2022-11-27_09:56:00.000000,2022-11-27,09:56:00.000000,6
876456_2022-11-27_10:11:00.000000,2022-11-27,10:11:00.000000,1
876456_2022-11-27_10:26:00.000000,2022-11-27,10:26:00.000000,1
876456_2022-11-27_10:41:00.000000,2022-11-27,10:41:00.000000,6
876456_2022-11-27_10:56:00.000000,2022-11-27,10:56:00.000000,6
876456_2022-11-27_11:11:00.000000,2022-11-27,11:11:00.000000,6
876456_2022-11-27_11:26:00.000000,2022-11-27,11:26:00.000000,6
876456_2022-11-27_11:41:00.000000,2022-11-27,11:41:00.000000,6
876456_2022-11-27_11:56:00.000000,2022-11-27,11:56:00.000000,6
876456_2022-11-27_12:11:00.000000,2022-11-27,12:11:00.000000,6
876456_2022-11-27_12:26:00.000000,2022-11-27,12:26:00.000000,6
876456_2022-11-27_12:41:00.000000,2022-11-27,12:41:00.000000,6
876456_2022-11-27_12:56:00.000000,2022-11-27,12:56:00.000000,6
876456_2022-11-27_13:11:00.000000,2022-11-27,13:11:00.000000,6
876456_2022-11-27_13:26:00.000000,2022-11-27,13:26:00.000000,6
876456_2022-11-27_13:41:00.000000,2022-11-27,13:41:00.000000,6
876456_2022-11-27_13:56:00.000000,2022-11-27,13:56:00.000000,6
876456_2022-11-27_14:11:00.000000,2022-11-27,14:11:00.000000,6
876456_2022-11-27_14:26:00.000000,2022-11-27,14:26:00.000000,6
876456_2022-11-27_14:41:00.000000,2022-11-27,14:41:00.000000,6
876456_2022-11-27_14:56:00.000000,2022-11-27,14:56:00.000000,6
876456_2022-11-27_15:11:00.000000,2022-11-27,15:11:00.000000,6
883430_2023-03-12_08:00:00.000000,2023-03-12,08:00:00.000000,6
883430_2023-03-12_08:15:00.000000,2023-03-12,08:15:00.000000,6
883430_2023-03-12_08:30:00.000000,2023-03-12,08:30:00.000000,1
883430_2023-03-12_08:45:00.000000,2023-03-12,08:45:00.000000,1
883430_2023-03-12_09:00:00.000000,2023-03-12,09:00:00.000000,1
883430_2023-03-12_09:15:00.000000,2023-03-12,09:15:00.000000,1
883430_2023-03-12_09:30:00.000000,2023-03-12,09:30:00.000000,1
883430_2023-03-12_09:45:00.000000,2023-03-12,09:45:00.000000,1
883430_2023-03-12_10:00:00.000000,2023-03-12,10:00:00.000000,1
883430_2023-03-12_10:15:00.000000,2023-03-12,10:15:00.000000,1
883430_2023-03-12_10:30:00.000000,2023-03-12,10:30:00.000000,1
883430_2023-03-12_10:45:00.000000,2023-03-12,10:45:00.000000,1
883430_2023-03-12_11:00:00.000000,2023-03-12,11:00:00.000000,1
883430_2023-03-12_11:15:00.000000,2023-03-12,11:15:00.000000,1
883430_2023-03-12_11:30:00.000000,2023-03-12,11:30:00.000000,1
883430_2023-03-12_11:45:00.000000,2023-03-12,11:45:00.000000,1
883430_2023-03-12_12:00:00.000000,2023-03-12,12:00:00.000000,1
883430_2023-03-12_12:15:00.000000,2023-03-12,12:15:00.000000,1
883430_2023-03-12_12:30:00.000000,2023-03-12,12:30:00.000000,1
883430_2023-03-12_12:45:00.000000,2023-03-12,12:45:00.000000,1
883430_2023-03-12_13:00:00.000000,2023-03-12,13:00:00.000000,1
883430_2023-03-12_13:15:00.000000,2023-03-12,13:15:00.000000,1
883430_2023-03-12_13:30:00.000000,2023-03-12,13:30:00.000000,1
883430_2023-03-12_13:45:00.000000,2023-03-12,13:45:00.000000,1
883430_2023-03-12_14:00:00.000000,2023-03-12,14:00:00.000000,5
883430_2023-03-12_14:15:00.000000,2023-03-12,14:15:00.000000,1
883430_2023-03-12_14:30:00.000000,2023-03-12,14:30:00.000000,1
883430_2023-03-12_14:45:00.000000,2023-03-12,14:45:00.000000,1
883430_2023-03-12_15:00:00.000000,2023-03-12,15:00:00.000000,1
883430_2023-03-12_15:15:00.000000,2023-03-12,15:15:00.000000,1
883430_2023-03-12_15:30:00.000000,2023-03-12,15:30:00.000000,1
