timestamp_key,timestamp_date,timestamp_time,event_date,event_begin,event_end,event_particulars
858918_2022-05-02_06:45:00.000000,2022-05-02,06:45:00.000000,2022-05-02,0649,0650,III/2
858918_2022-05-02_09:15:00.000000,2022-05-02,09:15:00.000000,2022-05-02,0929,0934,III/1
858918_2022-05-02_09:30:00.000000,2022-05-02,09:30:00.000000,2022-05-02,0929,0934,III/1
858918_2022-05-02_10:15:00.000000,2022-05-02,10:15:00.000000,2022-05-02,1020,1020,III/1
859062_2022-05-03_07:00:00.000000,2022-05-03,07:00:00.000000,2022-05-03,0704,0705,III/1
859062_2022-05-03_07:45:00.000000,2022-05-03,07:45:00.000000,2022-05-03,0758,0758,III/1
859062_2022-05-03_09:15:00.000000,2022-05-03,09:15:00.000000,2022-05-03,0926,0932,III/1
859062_2022-05-03_09:30:00.000000,2022-05-03,09:30:00.000000,2022-05-03,0926,0932,III/1
859062_2022-05-03_10:00:00.000000,2022-05-03,10:00:00.000000,2022-05-03,1001,1006,III/2
859062_2022-05-03_11:15:00.000000,2022-05-03,11:15:00.000000,2022-05-03,1126,1126,III/1
859062_2022-05-03_12:30:00.000000,2022-05-03,12:30:00.000000,2022-05-03,1237,1238,III/1
859062_2022-05-03_13:30:00.000000,2022-05-03,13:30:00.000000,2022-05-03,1340,1342,III/1
859062_2022-05-03_13:45:00.000000,2022-05-03,13:45:00.000000,2022-05-03,1357,1358,III/1
859062_2022-05-03_15:45:00.000000,2022-05-03,15:45:00.000000,2022-05-03,1546,1548,III/2
859140_2022-05-04_09:45:00.000000,2022-05-04,09:45:00.000000,2022-05-04,0955,2212,IV/1
859140_2022-05-04_10:00:00.000000,2022-05-04,10:00:00.000000,2022-05-04,0955,2212,IV/1
859140_2022-05-04_10:15:00.000000,2022-05-04,10:15:00.000000,2022-05-04,0955,2212,IV/1
859140_2022-05-04_10:30:00.000000,2022-05-04,10:30:00.000000,2022-05-04,0955,2212,IV/1
859140_2022-05-04_10:45:00.000000,2022-05-04,10:45:00.000000,2022-05-04,0955,2212,IV/1
859140_2022-05-04_11:00:00.000000,2022-05-04,11:00:00.000000,2022-05-04,0955,2212,IV/1
859140_2022-05-04_10:45:00.000000,2022-05-04,10:45:00.000000,2022-05-04,1048,1056,III/1
859140_2022-05-04_15:00:00.000000,2022-05-04,15:00:00.000000,2022-05-04,1512,1738,IV/1
859140_2022-05-04_15:15:00.000000,2022-05-04,15:15:00.000000,2022-05-04,1512,1738,IV/1
859140_2022-05-04_15:30:00.000000,2022-05-04,15:30:00.000000,2022-05-04,1512,1738,IV/1
859140_2022-05-04_15:45:00.000000,2022-05-04,15:45:00.000000,2022-05-04,1512,1738,IV/1
859140_2022-05-04_16:00:00.000000,2022-05-04,16:00:00.000000,2022-05-04,1512,1738,IV/1
859344_2022-05-05_06:45:00.000000,2022-05-05,06:45:00.000000,2022-05-05,0656,0657,III/1
859344_2022-05-05_11:30:00.000000,2022-05-05,11:30:00.000000,2022-05-05,1140,1141,III/1
859344_2022-05-05_13:30:00.000000,2022-05-05,13:30:00.000000,2022-05-05,1343,1344,III/1
859340_2022-05-06_12:15:00.000000,2022-05-06,12:15:00.000000,2022-05-06,1218,1218,III/1
859336_2022-05-07_10:00:00.000000,2022-05-07,10:00:00.000000,2022-05-07,1014,1015,III/2
859336_2022-05-07_11:45:00.000000,2022-05-07,11:45:00.000000,2022-05-07,1149,1149,III/1
859336_2022-05-07_14:15:00.000000,2022-05-07,14:15:00.000000,2022-05-07,1415,1418,III/2
859336_2022-05-07_15:00:00.000000,2022-05-07,15:00:00.000000,2022-05-07,1506,1506,III/2
859332_2022-05-08_07:30:00.000000,2022-05-08,07:30:00.000000,2022-05-08,0741,0742,III/2
859332_2022-05-08_09:30:00.000000,2022-05-08,09:30:00.000000,2022-05-08,0940,0945,III/1
859332_2022-05-08_10:15:00.000000,2022-05-08,10:15:00.000000,2022-05-08,1018,1019,III/1
859332_2022-05-08_14:00:00.000000,2022-05-08,14:00:00.000000,2022-05-08,1401,1403,III/1
859332_2022-05-08_14:30:00.000000,2022-05-08,14:30:00.000000,2022-05-08,1436,1717,III/1
859332_2022-05-08_14:45:00.000000,2022-05-08,14:45:00.000000,2022-05-08,1436,1717,III/1
859332_2022-05-08_15:00:00.000000,2022-05-08,15:00:00.000000,2022-05-08,1436,1717,III/1
859332_2022-05-08_15:15:00.000000,2022-05-08,15:15:00.000000,2022-05-08,1436,1717,III/1
859332_2022-05-08_15:30:00.000000,2022-05-08,15:30:00.000000,2022-05-08,1436,1717,III/1
859332_2022-05-08_15:45:00.000000,2022-05-08,15:45:00.000000,2022-05-08,1436,1717,III/1
859332_2022-05-08_14:45:00.000000,2022-05-08,14:45:00.000000,2022-05-08,1454,1458,III/1
859332_2022-05-08_15:30:00.000000,2022-05-08,15:30:00.000000,2022-05-08,1533,1536,III/1
859332_2022-05-08_16:00:00.000000,2022-05-08,16:00:00.000000,2022-05-08,1606,1606,III/1
859328_2022-05-09_06:45:00.000000,2022-05-09,06:45:00.000000,2022-05-09,0648,0648,III/1
859328_2022-05-09_10:45:00.000000,2022-05-09,10:45:00.000000,2022-05-09,1055,1102,III/2
859328_2022-05-09_11:00:00.000000,2022-05-09,11:00:00.000000,2022-05-09,1055,1102,III/2
859328_2022-05-09_12:30:00.000000,2022-05-09,12:30:00.000000,2022-05-09,1240,1242,III/1
859690_2022-05-11_12:22:44.000000,2022-05-11,12:22:44.000000,2022-05-11,1230,1231,III/1
859690_2022-05-11_12:22:44.000000,2022-05-11,12:22:44.000000,2022-05-11,1231,1231,III/1
859690_2022-05-11_17:07:44.000000,2022-05-11,17:07:44.000000,2022-05-11,1712,1713,III/1
859728_2022-05-12_07:30:00.000000,2022-05-12,07:30:00.000000,2022-05-12,0740,0748,III/2
859726_2022-05-12_07:30:00.000000,2022-05-12,07:30:00.000000,2022-05-12,0740,0748,III/2
859702_2022-05-12_07:30:00.000000,2022-05-12,07:30:00.000000,2022-05-12,0740,0748,III/2
859728_2022-05-12_07:45:00.000000,2022-05-12,07:45:00.000000,2022-05-12,0740,0748,III/2
859702_2022-05-12_07:45:00.000000,2022-05-12,07:45:00.000000,2022-05-12,0740,0748,III/2
859728_2022-05-12_09:15:00.000000,2022-05-12,09:15:00.000000,2022-05-12,0929,0930,III/1
859702_2022-05-12_09:15:00.000000,2022-05-12,09:15:00.000000,2022-05-12,0929,0930,III/1
859728_2022-05-12_10:15:00.000000,2022-05-12,10:15:00.000000,2022-05-12,1029,1030,III/1
859702_2022-05-12_10:15:00.000000,2022-05-12,10:15:00.000000,2022-05-12,1029,1030,III/1
859728_2022-05-12_11:45:00.000000,2022-05-12,11:45:00.000000,2022-05-12,1148,1151,III/2
859702_2022-05-12_11:45:00.000000,2022-05-12,11:45:00.000000,2022-05-12,1148,1151,III/2
859728_2022-05-12_12:45:00.000000,2022-05-12,12:45:00.000000,2022-05-12,1253,1256,III/2
859702_2022-05-12_12:45:00.000000,2022-05-12,12:45:00.000000,2022-05-12,1253,1256,III/2
859728_2022-05-12_12:45:00.000000,2022-05-12,12:45:00.000000,2022-05-12,1253,1257,III/3
859702_2022-05-12_12:45:00.000000,2022-05-12,12:45:00.000000,2022-05-12,1253,1257,III/3
859736_2022-05-13_06:45:00.000000,2022-05-13,06:45:00.000000,2022-05-13,0652,0652,III/1
859736_2022-05-13_07:45:00.000000,2022-05-13,07:45:00.000000,2022-05-13,0759,0806,III/1
859736_2022-05-13_08:00:00.000000,2022-05-13,08:00:00.000000,2022-05-13,0759,0806,III/1
859736_2022-05-13_11:30:00.000000,2022-05-13,11:30:00.000000,2022-05-13,1132,1203,III/1
859736_2022-05-13_11:45:00.000000,2022-05-13,11:45:00.000000,2022-05-13,1132,1203,III/1
859736_2022-05-13_12:00:00.000000,2022-05-13,12:00:00.000000,2022-05-13,1132,1203,III/1
859736_2022-05-13_12:30:00.000000,2022-05-13,12:30:00.000000,2022-05-13,1238,1239,III/1
859736_2022-05-13_14:45:00.000000,2022-05-13,14:45:00.000000,2022-05-13,1456,1456,III/1
859736_2022-05-13_15:30:00.000000,2022-05-13,15:30:00.000000,2022-05-13,1533,1544,III/1
860142_2022-05-14_11:45:00.000000,2022-05-14,11:45:00.000000,2022-05-14,1149,1153,III/1
860142_2022-05-14_12:30:00.000000,2022-05-14,12:30:00.000000,2022-05-14,1236,1237,III/1
860142_2022-05-14_14:15:00.000000,2022-05-14,14:15:00.000000,2022-05-14,1426,1426,III/1
860524_2022-05-18_10:15:00.000000,2022-05-18,10:15:00.000000,2022-05-18,1025,1025,III/1
860524_2022-05-18_12:15:00.000000,2022-05-18,12:15:00.000000,2022-05-18,1217,1219,III/1
860524_2022-05-18_15:15:00.000000,2022-05-18,15:15:00.000000,2022-05-18,1529,1532,III/1
860524_2022-05-18_15:30:00.000000,2022-05-18,15:30:00.000000,2022-05-18,1529,1532,III/1
861374_2022-05-20_11:30:00.000000,2022-05-20,11:30:00.000000,2022-05-20,1142,1149,III/2
861374_2022-05-20_11:45:00.000000,2022-05-20,11:45:00.000000,2022-05-20,1142,1149,III/2
861374_2022-05-20_12:45:00.000000,2022-05-20,12:45:00.000000,2022-05-20,1248,1249,III/1
861374_2022-05-20_14:15:00.000000,2022-05-20,14:15:00.000000,2022-05-20,1424,1426,III/1
861374_2022-05-20_16:45:00.000000,2022-05-20,16:45:00.000000,2022-05-20,1648,1648,III/1
861374_2022-05-20_17:00:00.000000,2022-05-20,17:00:00.000000,2022-05-20,1703,1703,III/1
861460_2022-05-21_14:15:00.000000,2022-05-21,14:15:00.000000,2022-05-21,1429,1436,III/3
861426_2022-05-21_14:15:00.000000,2022-05-21,14:15:00.000000,2022-05-21,1429,1436,III/3
861428_2022-05-21_14:15:00.000000,2022-05-21,14:15:00.000000,2022-05-21,1429,1436,III/3
861460_2022-05-21_14:30:00.000000,2022-05-21,14:30:00.000000,2022-05-21,1429,1436,III/3
861426_2022-05-21_14:30:00.000000,2022-05-21,14:30:00.000000,2022-05-21,1429,1436,III/3
861428_2022-05-21_14:30:00.000000,2022-05-21,14:30:00.000000,2022-05-21,1429,1436,III/3
861460_2022-05-21_16:30:00.000000,2022-05-21,16:30:00.000000,2022-05-21,1636,1636,III/1
861460_2022-05-21_16:45:00.000000,2022-05-21,16:45:00.000000,2022-05-21,1655,1658,III/1
861456_2022-05-22_07:45:00.000000,2022-05-22,07:45:00.000000,2022-05-22,0747,0749,III/2
861416_2022-05-22_07:45:00.000000,2022-05-22,07:45:00.000000,2022-05-22,0747,0749,III/2
861414_2022-05-22_07:45:00.000000,2022-05-22,07:45:00.000000,2022-05-22,0747,0749,III/2
861456_2022-05-22_09:45:00.000000,2022-05-22,09:45:00.000000,2022-05-22,0945,0946,III/1
861416_2022-05-22_09:45:00.000000,2022-05-22,09:45:00.000000,2022-05-22,0945,0946,III/1
861414_2022-05-22_09:45:00.000000,2022-05-22,09:45:00.000000,2022-05-22,0945,0946,III/1
861456_2022-05-22_14:00:00.000000,2022-05-22,14:00:00.000000,2022-05-22,1410,1415,III/1
861416_2022-05-22_14:00:00.000000,2022-05-22,14:00:00.000000,2022-05-22,1410,1415,III/1
861414_2022-05-22_14:00:00.000000,2022-05-22,14:00:00.000000,2022-05-22,1410,1415,III/1
861456_2022-05-22_15:30:00.000000,2022-05-22,15:30:00.000000,2022-05-22,1533,1534,III/2
861456_2022-05-22_16:45:00.000000,2022-05-22,16:45:00.000000,2022-05-22,1655,1656,III/1
861452_2022-05-23_11:45:00.000000,2022-05-23,11:45:00.000000,2022-05-23,1151,1154,III/1
861402_2022-05-23_11:45:00.000000,2022-05-23,11:45:00.000000,2022-05-23,1151,1154,III/1
861404_2022-05-23_11:45:00.000000,2022-05-23,11:45:00.000000,2022-05-23,1151,1154,III/1
862114_2022-05-24_06:30:00.000000,2022-05-24,06:30:00.000000,2022-05-24,0631,0632,III/1
862114_2022-05-24_14:15:00.000000,2022-05-24,14:15:00.000000,2022-05-24,1426,1426,III/1
862240_2022-05-24_14:15:00.000000,2022-05-24,14:15:00.000000,2022-05-24,1426,1426,III/1
862238_2022-05-24_14:15:00.000000,2022-05-24,14:15:00.000000,2022-05-24,1426,1426,III/1
862114_2022-05-24_16:00:00.000000,2022-05-24,16:00:00.000000,2022-05-24,1604,1605,III/1
862114_2022-05-24_16:15:00.000000,2022-05-24,16:15:00.000000,2022-05-24,1624,1625,III/1
862222_2022-05-25_09:30:00.000000,2022-05-25,09:30:00.000000,2022-05-25,0942,0945,III/1
862162_2022-05-25_09:30:00.000000,2022-05-25,09:30:00.000000,2022-05-25,0942,0945,III/1
862164_2022-05-25_09:30:00.000000,2022-05-25,09:30:00.000000,2022-05-25,0942,0945,III/1
862222_2022-05-25_10:45:00.000000,2022-05-25,10:45:00.000000,2022-05-25,1048,1048,III/1
862162_2022-05-25_10:45:00.000000,2022-05-25,10:45:00.000000,2022-05-25,1048,1048,III/1
862164_2022-05-25_10:45:00.000000,2022-05-25,10:45:00.000000,2022-05-25,1048,1048,III/1
862222_2022-05-25_12:30:00.000000,2022-05-25,12:30:00.000000,2022-05-25,1236,1237,III/1
862162_2022-05-25_12:30:00.000000,2022-05-25,12:30:00.000000,2022-05-25,1236,1237,III/1
862164_2022-05-25_12:30:00.000000,2022-05-25,12:30:00.000000,2022-05-25,1236,1237,III/1
862222_2022-05-25_16:45:00.000000,2022-05-25,16:45:00.000000,2022-05-25,1653,1654,III/1
862222_2022-05-25_17:30:00.000000,2022-05-25,17:30:00.000000,2022-05-25,1732,1732,III/1
862222_2022-05-25_17:30:00.000000,2022-05-25,17:30:00.000000,2022-05-25,1732,1732,III/1
862222_2022-05-25_18:00:00.000000,2022-05-25,18:00:00.000000,2022-05-25,1813,1817,III/2
862222_2022-05-25_18:15:00.000000,2022-05-25,18:15:00.000000,2022-05-25,1813,1817,III/2
862222_2022-05-25_18:15:00.000000,2022-05-25,18:15:00.000000,2022-05-25,1817,1837,II/3    1638
862222_2022-05-25_18:30:00.000000,2022-05-25,18:30:00.000000,2022-05-25,1817,1837,II/3    1638
862222_2022-05-25_18:15:00.000000,2022-05-25,18:15:00.000000,2022-05-25,1824,1853,IV/1
862222_2022-05-25_18:30:00.000000,2022-05-25,18:30:00.000000,2022-05-25,1824,1853,IV/1
862222_2022-05-25_18:45:00.000000,2022-05-25,18:45:00.000000,2022-05-25,1824,1853,IV/1
862344_2022-05-26_06:45:00.000000,2022-05-26,06:45:00.000000,2022-05-26,0652,0653,III/2
862344_2022-05-26_14:45:00.000000,2022-05-26,14:45:00.000000,2022-05-26,1457,1457,III/1
862356_2022-05-27_10:45:00.000000,2022-05-27,10:45:00.000000,2022-05-27,1056,1056,III/1
862188_2022-05-27_10:45:00.000000,2022-05-27,10:45:00.000000,2022-05-27,1056,1056,III/1
862186_2022-05-27_10:45:00.000000,2022-05-27,10:45:00.000000,2022-05-27,1056,1056,III/1
862356_2022-05-27_12:45:00.000000,2022-05-27,12:45:00.000000,2022-05-27,1249,1253,III/2
862188_2022-05-27_12:45:00.000000,2022-05-27,12:45:00.000000,2022-05-27,1249,1253,III/2
862186_2022-05-27_12:45:00.000000,2022-05-27,12:45:00.000000,2022-05-27,1249,1253,III/2
862356_2022-05-27_14:15:00.000000,2022-05-27,14:15:00.000000,2022-05-27,1426,1436,III/1
862188_2022-05-27_14:15:00.000000,2022-05-27,14:15:00.000000,2022-05-27,1426,1436,III/1
862186_2022-05-27_14:15:00.000000,2022-05-27,14:15:00.000000,2022-05-27,1426,1436,III/1
862356_2022-05-27_14:30:00.000000,2022-05-27,14:30:00.000000,2022-05-27,1426,1436,III/1
862188_2022-05-27_14:30:00.000000,2022-05-27,14:30:00.000000,2022-05-27,1426,1436,III/1
862186_2022-05-27_14:30:00.000000,2022-05-27,14:30:00.000000,2022-05-27,1426,1436,III/1
862356_2022-05-27_18:45:00.000000,2022-05-27,18:45:00.000000,2022-05-27,1847,1847,III/1
862352_2022-05-28_09:30:00.000000,2022-05-28,09:30:00.000000,2022-05-28,0931,0931,III/1
862198_2022-05-28_09:30:00.000000,2022-05-28,09:30:00.000000,2022-05-28,0931,0931,III/1
862200_2022-05-28_09:30:00.000000,2022-05-28,09:30:00.000000,2022-05-28,0931,0931,III/1
862352_2022-05-28_12:00:00.000000,2022-05-28,12:00:00.000000,2022-05-28,1207,1211,III/1
862198_2022-05-28_12:00:00.000000,2022-05-28,12:00:00.000000,2022-05-28,1207,1211,III/1
862200_2022-05-28_12:00:00.000000,2022-05-28,12:00:00.000000,2022-05-28,1207,1211,III/1
862352_2022-05-28_12:45:00.000000,2022-05-28,12:45:00.000000,2022-05-28,1253,1302,III/1
862198_2022-05-28_12:45:00.000000,2022-05-28,12:45:00.000000,2022-05-28,1253,1302,III/1
862200_2022-05-28_12:45:00.000000,2022-05-28,12:45:00.000000,2022-05-28,1253,1302,III/1
862352_2022-05-28_13:00:00.000000,2022-05-28,13:00:00.000000,2022-05-28,1253,1302,III/1
862198_2022-05-28_13:00:00.000000,2022-05-28,13:00:00.000000,2022-05-28,1253,1302,III/1
862200_2022-05-28_13:00:00.000000,2022-05-28,13:00:00.000000,2022-05-28,1253,1302,III/1
862352_2022-05-28_13:45:00.000000,2022-05-28,13:45:00.000000,2022-05-28,1347,1348,III/2
862198_2022-05-28_13:45:00.000000,2022-05-28,13:45:00.000000,2022-05-28,1347,1348,III/2
862200_2022-05-28_13:45:00.000000,2022-05-28,13:45:00.000000,2022-05-28,1347,1348,III/2
862352_2022-05-28_15:00:00.000000,2022-05-28,15:00:00.000000,2022-05-28,1507,1508,III/1
862352_2022-05-28_15:45:00.000000,2022-05-28,15:45:00.000000,2022-05-28,1558,1610,II/1    716
862352_2022-05-28_16:00:00.000000,2022-05-28,16:00:00.000000,2022-05-28,1558,1610,II/1    716
862352_2022-05-28_16:45:00.000000,2022-05-28,16:45:00.000000,2022-05-28,1654,1654,III/1
862352_2022-05-28_18:45:00.000000,2022-05-28,18:45:00.000000,2022-05-28,1858,1903,III/2
862352_2022-05-28_19:00:00.000000,2022-05-28,19:00:00.000000,2022-05-28,1858,1903,III/2
862348_2022-05-29_06:45:00.000000,2022-05-29,06:45:00.000000,2022-05-29,0659,0659,III/1
862348_2022-05-29_10:45:00.000000,2022-05-29,10:45:00.000000,2022-05-29,1053,1054,III/1
862348_2022-05-29_12:45:00.000000,2022-05-29,12:45:00.000000,2022-05-29,1256,1259,III/1
862348_2022-05-29_14:00:00.000000,2022-05-29,14:00:00.000000,2022-05-29,1413,1414,III/1
862348_2022-05-29_14:30:00.000000,2022-05-29,14:30:00.000000,2022-05-29,1442,1442,III/1
862616_2022-05-31_07:15:00.000000,2022-05-31,07:15:00.000000,2022-05-31,0727,0727,III/1
862616_2022-05-31_08:00:00.000000,2022-05-31,08:00:00.000000,2022-05-31,0801,0803,III/1
862616_2022-05-31_09:00:00.000000,2022-05-31,09:00:00.000000,2022-05-31,0913,0913,III/1
862616_2022-05-31_09:30:00.000000,2022-05-31,09:30:00.000000,2022-05-31,0942,0942,III/1
862616_2022-05-31_10:30:00.000000,2022-05-31,10:30:00.000000,2022-05-31,1041,1042,III/1
862616_2022-05-31_11:45:00.000000,2022-05-31,11:45:00.000000,2022-05-31,1150,1150,III/1
862616_2022-05-31_12:15:00.000000,2022-05-31,12:15:00.000000,2022-05-31,1227,1228,III/1
862616_2022-05-31_13:00:00.000000,2022-05-31,13:00:00.000000,2022-05-31,1313,1315,III/1
862616_2022-05-31_14:45:00.000000,2022-05-31,14:45:00.000000,2022-05-31,1447,1447,III/1
862622_2022-06-01_12:00:00.000000,2022-06-01,12:00:00.000000,2022-06-01,1205,1206,III/1
862622_2022-06-01_12:30:00.000000,2022-06-01,12:30:00.000000,2022-06-01,1231,1232,III/1
862622_2022-06-01_13:00:00.000000,2022-06-01,13:00:00.000000,2022-06-01,1312,1313,III/1
863014_2022-06-02_09:45:00.000000,2022-06-02,09:45:00.000000,2022-06-02,0945,0946,III/1
863016_2022-06-02_09:45:00.000000,2022-06-02,09:45:00.000000,2022-06-02,0945,0946,III/1
863014_2022-06-02_13:00:00.000000,2022-06-02,13:00:00.000000,2022-06-02,1303,1304,III/1
863016_2022-06-02_13:00:00.000000,2022-06-02,13:00:00.000000,2022-06-02,1303,1304,III/1
862918_2022-06-03_07:00:00.000000,2022-06-03,07:00:00.000000,2022-06-03,0714,0715,III/2
862918_2022-06-03_08:15:00.000000,2022-06-03,08:15:00.000000,2022-06-03,0823,0823,III/1
862918_2022-06-03_09:00:00.000000,2022-06-03,09:00:00.000000,2022-06-03,0905,0906,III/2
862918_2022-06-03_09:45:00.000000,2022-06-03,09:45:00.000000,2022-06-03,0954,1002,III/2
862918_2022-06-03_10:00:00.000000,2022-06-03,10:00:00.000000,2022-06-03,0954,1002,III/2
862914_2022-06-04_06:45:00.000000,2022-06-04,06:45:00.000000,2022-06-04,0650,0650,III/1
862914_2022-06-04_10:30:00.000000,2022-06-04,10:30:00.000000,2022-06-04,1033,1033,III/1
862906_2022-06-06_10:15:00.000000,2022-06-06,10:15:00.000000,2022-06-06,1025,1026,III/1
862906_2022-06-06_12:30:00.000000,2022-06-06,12:30:00.000000,2022-06-06,1241,1243,III/1
862906_2022-06-06_16:15:00.000000,2022-06-06,16:15:00.000000,2022-06-06,1625,1625,III/2
864032_2022-06-11_12:00:00.000000,2022-06-11,12:00:00.000000,2022-06-11,1214,1215,III/1
864032_2022-06-11_18:30:00.000000,2022-06-11,18:30:00.000000,2022-06-11,1832,1832,III/2
864028_2022-06-12_10:45:00.000000,2022-06-12,10:45:00.000000,2022-06-12,1059,1101,III/1
864028_2022-06-12_11:00:00.000000,2022-06-12,11:00:00.000000,2022-06-12,1059,1101,III/1
864028_2022-06-12_12:00:00.000000,2022-06-12,12:00:00.000000,2022-06-12,1206,1208,III/2
864028_2022-06-12_14:30:00.000000,2022-06-12,14:30:00.000000,2022-06-12,1432,1432,III/2
864024_2022-06-13_09:30:00.000000,2022-06-13,09:30:00.000000,2022-06-13,0934,0943,III/2
864024_2022-06-13_15:15:00.000000,2022-06-13,15:15:00.000000,2022-06-13,1515,1517,III/2
864024_2022-06-13_15:45:00.000000,2022-06-13,15:45:00.000000,2022-06-13,1553,1603,III/1
864024_2022-06-13_16:00:00.000000,2022-06-13,16:00:00.000000,2022-06-13,1553,1603,III/1
864024_2022-06-13_17:30:00.000000,2022-06-13,17:30:00.000000,2022-06-13,1737,1737,III/1
864024_2022-06-13_18:15:00.000000,2022-06-13,18:15:00.000000,2022-06-13,1822,1826,III/1
864024_2022-06-13_19:00:00.000000,2022-06-13,19:00:00.000000,2022-06-13,1914,1914,III/1
864586_2022-06-15_07:15:00.000000,2022-06-15,07:15:00.000000,2022-06-15,0726,0728,III/1
864586_2022-06-15_09:00:00.000000,2022-06-15,09:00:00.000000,2022-06-15,0904,0905,III/1
864586_2022-06-15_11:00:00.000000,2022-06-15,11:00:00.000000,2022-06-15,1107,1110,III/1
864836_2022-06-17_07:00:00.000000,2022-06-17,07:00:00.000000,2022-06-17,0708,0708,III/1
864836_2022-06-17_07:30:00.000000,2022-06-17,07:30:00.000000,2022-06-17,0734,0735,III/1
864836_2022-06-17_09:30:00.000000,2022-06-17,09:30:00.000000,2022-06-17,0938,0938,III/1
864836_2022-06-17_12:45:00.000000,2022-06-17,12:45:00.000000,2022-06-17,1259,1301,III/1
864836_2022-06-17_13:00:00.000000,2022-06-17,13:00:00.000000,2022-06-17,1259,1301,III/1
864836_2022-06-17_13:45:00.000000,2022-06-17,13:45:00.000000,2022-06-17,1351,1352,III/1
864636_2022-06-19_07:00:00.000000,2022-06-19,07:00:00.000000,2022-06-19,0701,0710,III/1
864636_2022-06-19_11:00:00.000000,2022-06-19,11:00:00.000000,2022-06-19,1105,1105,III/1
864640_2022-06-20_13:15:00.000000,2022-06-20,13:15:00.000000,2022-06-20,1323,1324,III/1
864648_2022-06-22_10:15:00.000000,2022-06-22,10:15:00.000000,2022-06-22,1028,1030,III/2
864648_2022-06-22_13:30:00.000000,2022-06-22,13:30:00.000000,2022-06-22,1334,1335,III/2
864648_2022-06-22_16:15:00.000000,2022-06-22,16:15:00.000000,2022-06-22,1629,1630,III/2
864648_2022-06-22_17:15:00.000000,2022-06-22,17:15:00.000000,2022-06-22,1715,1720,III/3
864648_2022-06-22_18:45:00.000000,2022-06-22,18:45:00.000000,2022-06-22,1853,1853,III/2
864892_2022-06-25_08:15:00.000000,2022-06-25,08:15:00.000000,2022-06-25,0819,0819,III/2
864892_2022-06-25_09:30:00.000000,2022-06-25,09:30:00.000000,2022-06-25,0938,0939,III/1
864892_2022-06-25_09:30:00.000000,2022-06-25,09:30:00.000000,2022-06-25,0942,1122,III/1
864892_2022-06-25_09:45:00.000000,2022-06-25,09:45:00.000000,2022-06-25,0942,1122,III/1
864892_2022-06-25_10:00:00.000000,2022-06-25,10:00:00.000000,2022-06-25,0942,1122,III/1
864892_2022-06-25_10:15:00.000000,2022-06-25,10:15:00.000000,2022-06-25,0942,1122,III/1
864892_2022-06-25_10:30:00.000000,2022-06-25,10:30:00.000000,2022-06-25,0942,1122,III/1
864892_2022-06-25_10:45:00.000000,2022-06-25,10:45:00.000000,2022-06-25,0942,1122,III/1
864892_2022-06-25_13:45:00.000000,2022-06-25,13:45:00.000000,2022-06-25,1357,1401,III/2
864892_2022-06-25_14:00:00.000000,2022-06-25,14:00:00.000000,2022-06-25,1357,1401,III/2
864892_2022-06-25_16:15:00.000000,2022-06-25,16:15:00.000000,2022-06-25,1626,1630,III/1
864892_2022-06-25_17:00:00.000000,2022-06-25,17:00:00.000000,2022-06-25,1711,1712,III/2
864892_2022-06-25_19:00:00.000000,2022-06-25,19:00:00.000000,2022-06-25,1910,1911,III/1
864896_2022-06-26_07:15:00.000000,2022-06-26,07:15:00.000000,2022-06-26,0728,0729,III/1
864896_2022-06-26_08:00:00.000000,2022-06-26,08:00:00.000000,2022-06-26,0805,0806,III/1
864896_2022-06-26_10:00:00.000000,2022-06-26,10:00:00.000000,2022-06-26,1004,1005,III/1
864896_2022-06-26_11:15:00.000000,2022-06-26,11:15:00.000000,2022-06-26,1125,1126,III/1
864896_2022-06-26_13:45:00.000000,2022-06-26,13:45:00.000000,2022-06-26,1348,1349,III/1
864896_2022-06-26_15:45:00.000000,2022-06-26,15:45:00.000000,2022-06-26,1556,1556,III/1
864896_2022-06-26_17:15:00.000000,2022-06-26,17:15:00.000000,2022-06-26,1726,1726,III/1
864896_2022-06-26_18:15:00.000000,2022-06-26,18:15:00.000000,2022-06-26,1829,1829,III/2
865080_2022-07-01_07:45:00.000000,2022-07-01,07:45:00.000000,2022-07-01,0751,0753,III/2
865080_2022-07-01_11:30:00.000000,2022-07-01,11:30:00.000000,2022-07-01,1136,1146,III/2
865080_2022-07-01_11:45:00.000000,2022-07-01,11:45:00.000000,2022-07-01,1136,1146,III/2
865080_2022-07-01_11:45:00.000000,2022-07-01,11:45:00.000000,2022-07-01,1145,1153,III/1
865080_2022-07-01_16:30:00.000000,2022-07-01,16:30:00.000000,2022-07-01,1633,1638,III/1
865380_2022-07-02_08:30:00.000000,2022-07-02,08:30:00.000000,2022-07-02,0834,0835,III/2
865380_2022-07-02_11:15:00.000000,2022-07-02,11:15:00.000000,2022-07-02,1118,1127,III/1
865380_2022-07-02_13:00:00.000000,2022-07-02,13:00:00.000000,2022-07-02,1313,1314,III/1
865380_2022-07-02_13:15:00.000000,2022-07-02,13:15:00.000000,2022-07-02,1317,1319,III/2
865380_2022-07-02_14:45:00.000000,2022-07-02,14:45:00.000000,2022-07-02,1454,1457,V/2
865380_2022-07-02_16:15:00.000000,2022-07-02,16:15:00.000000,2022-07-02,1627,1628,III/2
865380_2022-07-02_16:30:00.000000,2022-07-02,16:30:00.000000,2022-07-02,1638,1643,V/2
865380_2022-07-02_18:15:00.000000,2022-07-02,18:15:00.000000,2022-07-02,1815,1823,III/2
865380_2022-07-02_18:15:00.000000,2022-07-02,18:15:00.000000,2022-07-02,1828,1829,III/1
865384_2022-07-03_06:45:00.000000,2022-07-03,06:45:00.000000,2022-07-03,0652,0657,III/1
865384_2022-07-03_08:15:00.000000,2022-07-03,08:15:00.000000,2022-07-03,0818,0820,III/2
865384_2022-07-03_08:15:00.000000,2022-07-03,08:15:00.000000,2022-07-03,0825,0832,III/2
865384_2022-07-03_08:30:00.000000,2022-07-03,08:30:00.000000,2022-07-03,0825,0832,III/2
865384_2022-07-03_08:15:00.000000,2022-07-03,08:15:00.000000,2022-07-03,0828,0832,III/3
865384_2022-07-03_08:30:00.000000,2022-07-03,08:30:00.000000,2022-07-03,0828,0832,III/3
865384_2022-07-03_08:45:00.000000,2022-07-03,08:45:00.000000,2022-07-03,0855,0859,III/1
865384_2022-07-03_12:15:00.000000,2022-07-03,12:15:00.000000,2022-07-03,1220,1853,III/2
865384_2022-07-03_12:30:00.000000,2022-07-03,12:30:00.000000,2022-07-03,1220,1853,III/2
865384_2022-07-03_12:45:00.000000,2022-07-03,12:45:00.000000,2022-07-03,1220,1853,III/2
865384_2022-07-03_13:00:00.000000,2022-07-03,13:00:00.000000,2022-07-03,1220,1853,III/2
865384_2022-07-03_13:15:00.000000,2022-07-03,13:15:00.000000,2022-07-03,1220,1853,III/2
865384_2022-07-03_13:30:00.000000,2022-07-03,13:30:00.000000,2022-07-03,1220,1853,III/2
865384_2022-07-03_13:00:00.000000,2022-07-03,13:00:00.000000,2022-07-03,1310,1312,III/2
865384_2022-07-03_16:00:00.000000,2022-07-03,16:00:00.000000,2022-07-03,1603,1604,III/1
865384_2022-07-03_16:15:00.000000,2022-07-03,16:15:00.000000,2022-07-03,1619,1623,III/3
865396_2022-07-06_06:30:00.000000,2022-07-06,06:30:00.000000,2022-07-06,0639,0642,III/2
865396_2022-07-06_07:15:00.000000,2022-07-06,07:15:00.000000,2022-07-06,0722,0722,III/2
865396_2022-07-06_18:15:00.000000,2022-07-06,18:15:00.000000,2022-07-06,1820,2232,III/1
865396_2022-07-06_18:30:00.000000,2022-07-06,18:30:00.000000,2022-07-06,1820,2232,III/1
865396_2022-07-06_18:45:00.000000,2022-07-06,18:45:00.000000,2022-07-06,1820,2232,III/1
865396_2022-07-06_19:00:00.000000,2022-07-06,19:00:00.000000,2022-07-06,1820,2232,III/1
865492_2022-07-08_06:51:00.000000,2022-07-08,06:51:00.000000,2022-07-08,0652,0654,III/2
865492_2022-07-08_07:51:00.000000,2022-07-08,07:51:00.000000,2022-07-08,0751,0818,III/1
865492_2022-07-08_08:06:00.000000,2022-07-08,08:06:00.000000,2022-07-08,0751,0818,III/1
865492_2022-07-08_09:36:00.000000,2022-07-08,09:36:00.000000,2022-07-08,0946,0947,III/1
865492_2022-07-08_10:36:00.000000,2022-07-08,10:36:00.000000,2022-07-08,1043,1048,III/1
865492_2022-07-08_11:21:00.000000,2022-07-08,11:21:00.000000,2022-07-08,1123,1125,III/3
865492_2022-07-08_11:36:00.000000,2022-07-08,11:36:00.000000,2022-07-08,1139,1139,III/1
865492_2022-07-08_12:06:00.000000,2022-07-08,12:06:00.000000,2022-07-08,1216,1216,III/1
865492_2022-07-08_13:21:00.000000,2022-07-08,13:21:00.000000,2022-07-08,1329,1331,III/1
865504_2022-07-11_08:30:00.000000,2022-07-11,08:30:00.000000,2022-07-11,0842,0843,III/1
866076_2022-07-15_07:15:00.000000,2022-07-15,07:15:00.000000,2022-07-15,0727,0737,III/1
866076_2022-07-15_07:30:00.000000,2022-07-15,07:30:00.000000,2022-07-15,0727,0737,III/1
866076_2022-07-15_09:15:00.000000,2022-07-15,09:15:00.000000,2022-07-15,0927,0930,III/2
866076_2022-07-15_10:00:00.000000,2022-07-15,10:00:00.000000,2022-07-15,1005,1006,III/1
866076_2022-07-15_10:00:00.000000,2022-07-15,10:00:00.000000,2022-07-15,1005,1008,III/1
866076_2022-07-15_10:15:00.000000,2022-07-15,10:15:00.000000,2022-07-15,1020,1020,III/1
866076_2022-07-15_11:00:00.000000,2022-07-15,11:00:00.000000,2022-07-15,1106,1106,III/2
866076_2022-07-15_11:45:00.000000,2022-07-15,11:45:00.000000,2022-07-15,1159,1203,III/2
866076_2022-07-15_12:00:00.000000,2022-07-15,12:00:00.000000,2022-07-15,1159,1203,III/2
866076_2022-07-15_12:30:00.000000,2022-07-15,12:30:00.000000,2022-07-15,1239,1239,III/1
866076_2022-07-15_13:15:00.000000,2022-07-15,13:15:00.000000,2022-07-15,1318,1328,III/2
866076_2022-07-15_14:00:00.000000,2022-07-15,14:00:00.000000,2022-07-15,1411,1411,III/1
866076_2022-07-15_15:45:00.000000,2022-07-15,15:45:00.000000,2022-07-15,1558,1604,III/1
866076_2022-07-15_16:00:00.000000,2022-07-15,16:00:00.000000,2022-07-15,1558,1604,III/1
866080_2022-07-16_09:45:00.000000,2022-07-16,09:45:00.000000,2022-07-16,0958,1000,III/1
866080_2022-07-16_12:00:00.000000,2022-07-16,12:00:00.000000,2022-07-16,1202,1202,III/1
866080_2022-07-16_18:15:00.000000,2022-07-16,18:15:00.000000,2022-07-16,1826,1836,III/2
866080_2022-07-16_18:30:00.000000,2022-07-16,18:30:00.000000,2022-07-16,1826,1836,III/2
866088_2022-07-18_08:15:00.000000,2022-07-18,08:15:00.000000,2022-07-18,0819,0820,III/1
866088_2022-07-18_14:30:00.000000,2022-07-18,14:30:00.000000,2022-07-18,1434,1437,III/1
866088_2022-07-18_15:30:00.000000,2022-07-18,15:30:00.000000,2022-07-18,1542,1548,III/1
866088_2022-07-18_15:45:00.000000,2022-07-18,15:45:00.000000,2022-07-18,1542,1548,III/1
866088_2022-07-18_16:45:00.000000,2022-07-18,16:45:00.000000,2022-07-18,1650,1651,III/1
866088_2022-07-18_17:30:00.000000,2022-07-18,17:30:00.000000,2022-07-18,1738,1740,III/1
865908_2022-07-19_11:00:00.000000,2022-07-19,11:00:00.000000,2022-07-19,1101,1102,III/1
865908_2022-07-19_11:00:00.000000,2022-07-19,11:00:00.000000,2022-07-19,1108,1108,III/1
865908_2022-07-19_15:45:00.000000,2022-07-19,15:45:00.000000,2022-07-19,1550,1551,III/1
865908_2022-07-19_16:15:00.000000,2022-07-19,16:15:00.000000,2022-07-19,1620,1621,III/1
865908_2022-07-19_18:00:00.000000,2022-07-19,18:00:00.000000,2022-07-19,1805,1805,III/1
865908_2022-07-19_18:45:00.000000,2022-07-19,18:45:00.000000,2022-07-19,1852,1852,III/1
866590_2022-07-22_07:00:00.000000,2022-07-22,07:00:00.000000,2022-07-22,0704,0705,III/1
866590_2022-07-22_08:30:00.000000,2022-07-22,08:30:00.000000,2022-07-22,0844,0846,III/1
866590_2022-07-22_08:45:00.000000,2022-07-22,08:45:00.000000,2022-07-22,0844,0846,III/1
866590_2022-07-22_19:00:00.000000,2022-07-22,19:00:00.000000,2022-07-22,1901,1902,III/1
866594_2022-07-23_08:45:00.000000,2022-07-23,08:45:00.000000,2022-07-23,0849,0856,III/1
866594_2022-07-23_09:30:00.000000,2022-07-23,09:30:00.000000,2022-07-23,0944,0945,III/1
866594_2022-07-23_14:00:00.000000,2022-07-23,14:00:00.000000,2022-07-23,1413,1414,III/1
866594_2022-07-23_15:00:00.000000,2022-07-23,15:00:00.000000,2022-07-23,1506,1516,III/1
866594_2022-07-23_15:15:00.000000,2022-07-23,15:15:00.000000,2022-07-23,1506,1516,III/1
866594_2022-07-23_16:00:00.000000,2022-07-23,16:00:00.000000,2022-07-23,1610,1612,III/1
866594_2022-07-23_18:30:00.000000,2022-07-23,18:30:00.000000,2022-07-23,1839,1839,III/2
866638_2022-07-24_07:00:00.000000,2022-07-24,07:00:00.000000,2022-07-24,0711,0713,III/2
866638_2022-07-24_08:30:00.000000,2022-07-24,08:30:00.000000,2022-07-24,0836,0836,III/1
866638_2022-07-24_11:15:00.000000,2022-07-24,11:15:00.000000,2022-07-24,1119,1119,III/1
866638_2022-07-24_12:15:00.000000,2022-07-24,12:15:00.000000,2022-07-24,1228,1228,III/1
866638_2022-07-24_13:00:00.000000,2022-07-24,13:00:00.000000,2022-07-24,1312,1314,III/1
866776_2022-07-25_07:26:00.000000,2022-07-25,07:26:00.000000,2022-07-25,0727,0727,III/2
866846_2022-07-27_14:26:00.000000,2022-07-27,14:26:00.000000,2022-07-27,1426,1427,III/1
866858_2022-07-30_13:11:00.000000,2022-07-30,13:11:00.000000,2022-07-30,1313,1314,III/1
867624_2022-08-01_12:01:00.000000,2022-08-01,12:01:00.000000,2022-08-01,1208,1209,III/1
867632_2022-08-03_09:45:00.000000,2022-08-03,09:45:00.000000,2022-08-03,0945,0946,III/1
867632_2022-08-03_10:15:00.000000,2022-08-03,10:15:00.000000,2022-08-03,1017,1018,III/1
867632_2022-08-03_16:30:00.000000,2022-08-03,16:30:00.000000,2022-08-03,1631,1631,III/2
867632_2022-08-03_16:45:00.000000,2022-08-03,16:45:00.000000,2022-08-03,1650,1655,III/1
867632_2022-08-03_17:00:00.000000,2022-08-03,17:00:00.000000,2022-08-03,1705,1724,II/1    163
867632_2022-08-03_17:15:00.000000,2022-08-03,17:15:00.000000,2022-08-03,1705,1724,II/1    163
867632_2022-08-03_17:00:00.000000,2022-08-03,17:00:00.000000,2022-08-03,1713,1718,II/1    398
867632_2022-08-03_17:15:00.000000,2022-08-03,17:15:00.000000,2022-08-03,1713,1718,II/1    398
867632_2022-08-03_17:45:00.000000,2022-08-03,17:45:00.000000,2022-08-03,1755,1756,III/1
867636_2022-08-04_13:00:00.000000,2022-08-04,13:00:00.000000,2022-08-04,1308,1314,III/1
867636_2022-08-04_13:00:00.000000,2022-08-04,13:00:00.000000,2022-08-04,1311,1312,III/1
867640_2022-08-05_06:45:00.000000,2022-08-05,06:45:00.000000,2022-08-05,0657,0711,II/2    1300
867640_2022-08-05_07:00:00.000000,2022-08-05,07:00:00.000000,2022-08-05,0657,0711,II/2    1300
867640_2022-08-05_09:45:00.000000,2022-08-05,09:45:00.000000,2022-08-05,0956,0959,III/2
867640_2022-08-05_10:45:00.000000,2022-08-05,10:45:00.000000,2022-08-05,1048,1049,III/1
867640_2022-08-05_11:45:00.000000,2022-08-05,11:45:00.000000,2022-08-05,1151,1152,III/1
867640_2022-08-05_12:45:00.000000,2022-08-05,12:45:00.000000,2022-08-05,1258,1303,III/1
867640_2022-08-05_13:00:00.000000,2022-08-05,13:00:00.000000,2022-08-05,1258,1303,III/1
867640_2022-08-05_16:30:00.000000,2022-08-05,16:30:00.000000,2022-08-05,1631,1631,III/1
867640_2022-08-05_17:45:00.000000,2022-08-05,17:45:00.000000,2022-08-05,1756,1757,III/1
867644_2022-08-06_06:45:00.000000,2022-08-06,06:45:00.000000,2022-08-06,0653,0655,III/1
867644_2022-08-06_07:15:00.000000,2022-08-06,07:15:00.000000,2022-08-06,0728,0729,III/1
867644_2022-08-06_07:45:00.000000,2022-08-06,07:45:00.000000,2022-08-06,0753,0756,III/2
867644_2022-08-06_15:00:00.000000,2022-08-06,15:00:00.000000,2022-08-06,1514,1514,III/1
867888_2022-08-10_14:30:00.000000,2022-08-10,14:30:00.000000,2022-08-10,1433,1434,III/1
867892_2022-08-11_18:45:00.000000,2022-08-11,18:45:00.000000,2022-08-11,1851,1852,III/1
867896_2022-08-12_11:00:00.000000,2022-08-12,11:00:00.000000,2022-08-12,1111,1119,III/1
867896_2022-08-12_11:15:00.000000,2022-08-12,11:15:00.000000,2022-08-12,1111,1119,III/1
867908_2022-08-15_07:00:00.000000,2022-08-15,07:00:00.000000,2022-08-15,0709,0714,III/1
867908_2022-08-15_08:00:00.000000,2022-08-15,08:00:00.000000,2022-08-15,0806,0809,III/2
867908_2022-08-15_08:45:00.000000,2022-08-15,08:45:00.000000,2022-08-15,0845,0846,III/1
867908_2022-08-15_09:15:00.000000,2022-08-15,09:15:00.000000,2022-08-15,0923,0924,III/2
867908_2022-08-15_09:30:00.000000,2022-08-15,09:30:00.000000,2022-08-15,0940,0941,III/1
867908_2022-08-15_10:15:00.000000,2022-08-15,10:15:00.000000,2022-08-15,1017,1018,III/1
867908_2022-08-15_13:15:00.000000,2022-08-15,13:15:00.000000,2022-08-15,1319,1320,III/1
867908_2022-08-15_14:30:00.000000,2022-08-15,14:30:00.000000,2022-08-15,1433,1435,III/2
867908_2022-08-15_15:45:00.000000,2022-08-15,15:45:00.000000,2022-08-15,1553,1557,V/2
867908_2022-08-15_15:45:00.000000,2022-08-15,15:45:00.000000,2022-08-15,1553,1555,III/2
867908_2022-08-15_16:45:00.000000,2022-08-15,16:45:00.000000,2022-08-15,1652,1655,III/2
867908_2022-08-15_17:15:00.000000,2022-08-15,17:15:00.000000,2022-08-15,1721,1722,III/1
868138_2022-08-17_08:15:00.000000,2022-08-17,08:15:00.000000,2022-08-17,0827,0828,III/1
868138_2022-08-17_08:30:00.000000,2022-08-17,08:30:00.000000,2022-08-17,0842,0842,III/2
868138_2022-08-17_09:00:00.000000,2022-08-17,09:00:00.000000,2022-08-17,0905,0914,III/1
868138_2022-08-17_13:30:00.000000,2022-08-17,13:30:00.000000,2022-08-17,1342,1344,III/1
868138_2022-08-17_14:30:00.000000,2022-08-17,14:30:00.000000,2022-08-17,1434,1452,III/2
868138_2022-08-17_14:45:00.000000,2022-08-17,14:45:00.000000,2022-08-17,1434,1452,III/2
868448_2022-08-18_10:00:00.000000,2022-08-18,10:00:00.000000,2022-08-18,1008,1009,III/1
868448_2022-08-18_10:15:00.000000,2022-08-18,10:15:00.000000,2022-08-18,1023,1317,IV/1
868448_2022-08-18_10:30:00.000000,2022-08-18,10:30:00.000000,2022-08-18,1023,1317,IV/1
868448_2022-08-18_10:45:00.000000,2022-08-18,10:45:00.000000,2022-08-18,1023,1317,IV/1
868448_2022-08-18_11:00:00.000000,2022-08-18,11:00:00.000000,2022-08-18,1023,1317,IV/1
868448_2022-08-18_11:15:00.000000,2022-08-18,11:15:00.000000,2022-08-18,1023,1317,IV/1
868448_2022-08-18_11:30:00.000000,2022-08-18,11:30:00.000000,2022-08-18,1023,1317,IV/1
868448_2022-08-18_10:45:00.000000,2022-08-18,10:45:00.000000,2022-08-18,1049,1115,II/1    749
868448_2022-08-18_11:00:00.000000,2022-08-18,11:00:00.000000,2022-08-18,1049,1115,II/1    749
868448_2022-08-18_12:00:00.000000,2022-08-18,12:00:00.000000,2022-08-18,1201,1201,III/1
868448_2022-08-18_12:00:00.000000,2022-08-18,12:00:00.000000,2022-08-18,1201,1215,II/1    464
868146_2022-08-19_08:45:00.000000,2022-08-19,08:45:00.000000,2022-08-19,0856,0901,III/2
869198_2022-08-19_08:45:00.000000,2022-08-19,08:45:00.000000,2022-08-19,0856,0901,III/2
869196_2022-08-19_08:45:00.000000,2022-08-19,08:45:00.000000,2022-08-19,0856,0901,III/2
868146_2022-08-19_09:00:00.000000,2022-08-19,09:00:00.000000,2022-08-19,0856,0901,III/2
869198_2022-08-19_09:00:00.000000,2022-08-19,09:00:00.000000,2022-08-19,0856,0901,III/2
869196_2022-08-19_09:00:00.000000,2022-08-19,09:00:00.000000,2022-08-19,0856,0901,III/2
868146_2022-08-19_14:30:00.000000,2022-08-19,14:30:00.000000,2022-08-19,1434,1434,III/1
869198_2022-08-19_14:30:00.000000,2022-08-19,14:30:00.000000,2022-08-19,1434,1434,III/1
869196_2022-08-19_14:30:00.000000,2022-08-19,14:30:00.000000,2022-08-19,1434,1434,III/1
868146_2022-08-19_19:00:00.000000,2022-08-19,19:00:00.000000,2022-08-19,1902,1902,III/1
868336_2022-08-22_18:30:00.000000,2022-08-22,18:30:00.000000,2022-08-22,1840,1840,III/1
869118_2022-08-23_13:00:00.000000,2022-08-23,13:00:00.000000,2022-08-23,1300,1301,III/1
869116_2022-08-23_13:00:00.000000,2022-08-23,13:00:00.000000,2022-08-23,1300,1301,III/1
869118_2022-08-23_13:30:00.000000,2022-08-23,13:30:00.000000,2022-08-23,1337,1340,III/1
869116_2022-08-23_13:30:00.000000,2022-08-23,13:30:00.000000,2022-08-23,1337,1340,III/1
868372_2022-09-05_10:26:00.000000,2022-09-05,10:26:00.000000,2022-09-05,1030,1031,III/1
868372_2022-09-05_11:41:00.000000,2022-09-05,11:41:00.000000,2022-09-05,1142,1142,III/1
868372_2022-09-05_13:11:00.000000,2022-09-05,13:11:00.000000,2022-09-05,1325,1326,III/1
868368_2022-09-06_09:41:00.000000,2022-09-06,09:41:00.000000,2022-09-06,0955,0956,III/1
871152_2022-09-06_09:45:00.000000,2022-09-06,09:45:00.000000,2022-09-06,0955,0956,III/1
871150_2022-09-06_09:45:00.000000,2022-09-06,09:45:00.000000,2022-09-06,0955,0956,III/1
868368_2022-09-06_10:41:00.000000,2022-09-06,10:41:00.000000,2022-09-06,1052,1052,III/2
871152_2022-09-06_10:45:00.000000,2022-09-06,10:45:00.000000,2022-09-06,1052,1052,III/2
871150_2022-09-06_10:45:00.000000,2022-09-06,10:45:00.000000,2022-09-06,1052,1052,III/2
868368_2022-09-06_11:41:00.000000,2022-09-06,11:41:00.000000,2022-09-06,1146,1147,III/1
871152_2022-09-06_11:45:00.000000,2022-09-06,11:45:00.000000,2022-09-06,1146,1147,III/1
871150_2022-09-06_11:45:00.000000,2022-09-06,11:45:00.000000,2022-09-06,1146,1147,III/1
870626_2022-09-08_08:26:00.000000,2022-09-08,08:26:00.000000,2022-09-08,0838,0841,III/1
870626_2022-09-08_13:41:00.000000,2022-09-08,13:41:00.000000,2022-09-08,1352,1353,III/1
871956_2022-09-11_06:41:00.000000,2022-09-11,06:41:00.000000,2022-09-11,0654,0659,III/1
871956_2022-09-11_06:56:00.000000,2022-09-11,06:56:00.000000,2022-09-11,0654,0659,III/1
871956_2022-09-11_07:26:00.000000,2022-09-11,07:26:00.000000,2022-09-11,0735,0736,III/1
871956_2022-09-11_11:26:00.000000,2022-09-11,11:26:00.000000,2022-09-11,1130,1134,III/1
871956_2022-09-11_13:41:00.000000,2022-09-11,13:41:00.000000,2022-09-11,1349,1349,III/1
871960_2022-09-12_07:41:00.000000,2022-09-12,07:41:00.000000,2022-09-12,0747,0748,III/2
871960_2022-09-12_09:56:00.000000,2022-09-12,09:56:00.000000,2022-09-12,1000,1001,III/2
871960_2022-09-12_14:26:00.000000,2022-09-12,14:26:00.000000,2022-09-12,1427,1427,III/1
871980_2022-09-17_12:15:00.000000,2022-09-17,12:15:00.000000,2022-09-17,1224,1225,III/1
871980_2022-09-17_14:00:00.000000,2022-09-17,14:00:00.000000,2022-09-17,1410,1415,III/1
871984_2022-09-18_06:45:00.000000,2022-09-18,06:45:00.000000,2022-09-18,0652,0653,III/1
871984_2022-09-18_07:00:00.000000,2022-09-18,07:00:00.000000,2022-09-18,0709,0710,III/1
871984_2022-09-18_07:45:00.000000,2022-09-18,07:45:00.000000,2022-09-18,0754,0754,III/2
871984_2022-09-18_09:30:00.000000,2022-09-18,09:30:00.000000,2022-09-18,0935,0936,III/1
871984_2022-09-18_10:30:00.000000,2022-09-18,10:30:00.000000,2022-09-18,1038,1038,III/1
871984_2022-09-18_10:45:00.000000,2022-09-18,10:45:00.000000,2022-09-18,1049,1050,III/2
871984_2022-09-18_11:15:00.000000,2022-09-18,11:15:00.000000,2022-09-18,1119,1119,III/1
871984_2022-09-18_11:15:00.000000,2022-09-18,11:15:00.000000,2022-09-18,1125,1126,III/2
871984_2022-09-18_13:00:00.000000,2022-09-18,13:00:00.000000,2022-09-18,1311,1311,III/1
871984_2022-09-18_15:00:00.000000,2022-09-18,15:00:00.000000,2022-09-18,1507,1509,III/2
871992_2022-09-20_07:15:00.000000,2022-09-20,07:15:00.000000,2022-09-20,0718,0718,III/1
871992_2022-09-20_08:15:00.000000,2022-09-20,08:15:00.000000,2022-09-20,0821,0822,III/2
871992_2022-09-20_09:15:00.000000,2022-09-20,09:15:00.000000,2022-09-20,0919,0929,III/1
871992_2022-09-20_10:15:00.000000,2022-09-20,10:15:00.000000,2022-09-20,1025,1029,III/2
871992_2022-09-20_11:15:00.000000,2022-09-20,11:15:00.000000,2022-09-20,1119,1124,III/2
871992_2022-09-20_12:15:00.000000,2022-09-20,12:15:00.000000,2022-09-20,1223,1228,III/2
871992_2022-09-20_13:00:00.000000,2022-09-20,13:00:00.000000,2022-09-20,1311,1311,III/1
871992_2022-09-20_15:00:00.000000,2022-09-20,15:00:00.000000,2022-09-20,1514,1516,III/2
871996_2022-09-21_08:45:00.000000,2022-09-21,08:45:00.000000,2022-09-21,0846,0846,III/2
871996_2022-09-21_10:00:00.000000,2022-09-21,10:00:00.000000,2022-09-21,1005,1008,III/2
871996_2022-09-21_11:30:00.000000,2022-09-21,11:30:00.000000,2022-09-21,1133,1134,III/2
871996_2022-09-21_11:30:00.000000,2022-09-21,11:30:00.000000,2022-09-21,1134,1135,III/1
871996_2022-09-21_12:45:00.000000,2022-09-21,12:45:00.000000,2022-09-21,1246,1247,III/1
871996_2022-09-21_13:15:00.000000,2022-09-21,13:15:00.000000,2022-09-21,1328,1328,III/1
871996_2022-09-21_13:30:00.000000,2022-09-21,13:30:00.000000,2022-09-21,1344,1344,III/1
872000_2022-09-22_07:15:00.000000,2022-09-22,07:15:00.000000,2022-09-22,0717,0717,III/1
872000_2022-09-22_14:30:00.000000,2022-09-22,14:30:00.000000,2022-09-22,1440,1441,III/2
872004_2022-09-23_06:30:00.000000,2022-09-23,06:30:00.000000,2022-09-23,0639,0643,III/1
872004_2022-09-23_07:45:00.000000,2022-09-23,07:45:00.000000,2022-09-23,0754,0757,III/2
872004_2022-09-23_09:15:00.000000,2022-09-23,09:15:00.000000,2022-09-23,0929,0929,III/1
872004_2022-09-23_10:45:00.000000,2022-09-23,10:45:00.000000,2022-09-23,1046,1047,III/1
872004_2022-09-23_11:45:00.000000,2022-09-23,11:45:00.000000,2022-09-23,1149,1149,III/1
872004_2022-09-23_12:30:00.000000,2022-09-23,12:30:00.000000,2022-09-23,1232,1233,III/2
872004_2022-09-23_13:45:00.000000,2022-09-23,13:45:00.000000,2022-09-23,1350,1432,IV/1
872004_2022-09-23_14:00:00.000000,2022-09-23,14:00:00.000000,2022-09-23,1350,1432,IV/1
872004_2022-09-23_14:15:00.000000,2022-09-23,14:15:00.000000,2022-09-23,1350,1432,IV/1
872004_2022-09-23_14:30:00.000000,2022-09-23,14:30:00.000000,2022-09-23,1350,1432,IV/1
872004_2022-09-23_13:45:00.000000,2022-09-23,13:45:00.000000,2022-09-23,1350,1406,II/1    774
872004_2022-09-23_14:00:00.000000,2022-09-23,14:00:00.000000,2022-09-23,1350,1406,II/1    774
872004_2022-09-23_14:00:00.000000,2022-09-23,14:00:00.000000,2022-09-23,1401,1405,II/1    820
872008_2022-09-24_07:00:00.000000,2022-09-24,07:00:00.000000,2022-09-24,0704,0705,III/1
872008_2022-09-24_08:45:00.000000,2022-09-24,08:45:00.000000,2022-09-24,0850,0851,III/1
872008_2022-09-24_13:00:00.000000,2022-09-24,13:00:00.000000,2022-09-24,1301,1301,III/1
872008_2022-09-24_14:30:00.000000,2022-09-24,14:30:00.000000,2022-09-24,1437,1437,III/2
872008_2022-09-24_15:00:00.000000,2022-09-24,15:00:00.000000,2022-09-24,1505,1506,III/1
873252_2022-09-28_14:26:00.000000,2022-09-28,14:26:00.000000,2022-09-28,1440,1440,III/1
873260_2022-09-30_06:56:00.000000,2022-09-30,06:56:00.000000,2022-09-30,0658,0702,III/1
873260_2022-09-30_09:56:00.000000,2022-09-30,09:56:00.000000,2022-09-30,0958,0959,III/2
873260_2022-09-30_12:56:00.000000,2022-09-30,12:56:00.000000,2022-09-30,1310,1312,III/2
873260_2022-09-30_13:11:00.000000,2022-09-30,13:11:00.000000,2022-09-30,1310,1312,III/2
873260_2022-09-30_14:11:00.000000,2022-09-30,14:11:00.000000,2022-09-30,1424,1424,III/1
873260_2022-09-30_15:11:00.000000,2022-09-30,15:11:00.000000,2022-09-30,1518,1519,III/1
873264_2022-10-01_06:41:00.000000,2022-10-01,06:41:00.000000,2022-10-01,0643,0647,III/1
873264_2022-10-01_07:41:00.000000,2022-10-01,07:41:00.000000,2022-10-01,0751,0758,III/1
873264_2022-10-01_07:56:00.000000,2022-10-01,07:56:00.000000,2022-10-01,0751,0758,III/1
873264_2022-10-01_08:41:00.000000,2022-10-01,08:41:00.000000,2022-10-01,0848,0848,III/1
873264_2022-10-01_09:26:00.000000,2022-10-01,09:26:00.000000,2022-10-01,0932,0940,III/1
873264_2022-10-01_10:41:00.000000,2022-10-01,10:41:00.000000,2022-10-01,1043,1044,III/1
873268_2022-10-02_11:30:00.000000,2022-10-02,11:30:00.000000,2022-10-02,1140,1140,III/1
873268_2022-10-02_14:00:00.000000,2022-10-02,14:00:00.000000,2022-10-02,1402,1408,III/1
873272_2022-10-04_13:00:00.000000,2022-10-04,13:00:00.000000,2022-10-04,1307,1434,IV/2
873272_2022-10-04_13:15:00.000000,2022-10-04,13:15:00.000000,2022-10-04,1307,1434,IV/2
873272_2022-10-04_13:30:00.000000,2022-10-04,13:30:00.000000,2022-10-04,1307,1434,IV/2
873272_2022-10-04_13:45:00.000000,2022-10-04,13:45:00.000000,2022-10-04,1307,1434,IV/2
873272_2022-10-04_14:00:00.000000,2022-10-04,14:00:00.000000,2022-10-04,1307,1434,IV/2
873272_2022-10-04_14:15:00.000000,2022-10-04,14:15:00.000000,2022-10-04,1307,1434,IV/2
873276_2022-10-05_09:00:00.000000,2022-10-05,09:00:00.000000,2022-10-05,0909,0909,III/1
873276_2022-10-05_09:30:00.000000,2022-10-05,09:30:00.000000,2022-10-05,0933,0933,III/1
873280_2022-10-06_10:30:00.000000,2022-10-06,10:30:00.000000,2022-10-06,1044,1044,III/1
873280_2022-10-06_11:00:00.000000,2022-10-06,11:00:00.000000,2022-10-06,1107,1108,III/1
873280_2022-10-06_13:00:00.000000,2022-10-06,13:00:00.000000,2022-10-06,1305,1305,III/1
873280_2022-10-06_13:30:00.000000,2022-10-06,13:30:00.000000,2022-10-06,1344,1346,III/1
873280_2022-10-06_13:45:00.000000,2022-10-06,13:45:00.000000,2022-10-06,1344,1346,III/1
873288_2022-10-08_13:15:00.000000,2022-10-08,13:15:00.000000,2022-10-08,1324,1327,III/1
873296_2022-10-10_09:00:00.000000,2022-10-10,09:00:00.000000,2022-10-10,0911,0911,III/2
873296_2022-10-10_12:30:00.000000,2022-10-10,12:30:00.000000,2022-10-10,1241,1241,III/1
873300_2022-10-11_07:15:00.000000,2022-10-11,07:15:00.000000,2022-10-11,0720,0721,III/1
873300_2022-10-11_07:30:00.000000,2022-10-11,07:30:00.000000,2022-10-11,0736,0737,III/1
873300_2022-10-11_08:30:00.000000,2022-10-11,08:30:00.000000,2022-10-11,0840,0845,V/3
873300_2022-10-11_08:45:00.000000,2022-10-11,08:45:00.000000,2022-10-11,0847,0901,II/2    967
873300_2022-10-11_09:00:00.000000,2022-10-11,09:00:00.000000,2022-10-11,0847,0901,II/2    967
873300_2022-10-11_09:30:00.000000,2022-10-11,09:30:00.000000,2022-10-11,0933,0934,III/1
873300_2022-10-11_10:45:00.000000,2022-10-11,10:45:00.000000,2022-10-11,1049,1053,III/3
873300_2022-10-11_11:00:00.000000,2022-10-11,11:00:00.000000,2022-10-11,1101,1110,II/2    237
873300_2022-10-11_11:45:00.000000,2022-10-11,11:45:00.000000,2022-10-11,1154,1155,III/1
873300_2022-10-11_13:00:00.000000,2022-10-11,13:00:00.000000,2022-10-11,1311,1319,III/1
873300_2022-10-11_13:15:00.000000,2022-10-11,13:15:00.000000,2022-10-11,1311,1319,III/1
873300_2022-10-11_14:15:00.000000,2022-10-11,14:15:00.000000,2022-10-11,1419,1420,III/1
873300_2022-10-11_15:00:00.000000,2022-10-11,15:00:00.000000,2022-10-11,1508,1515,III/1
873304_2022-10-12_07:15:00.000000,2022-10-12,07:15:00.000000,2022-10-12,0721,0721,III/1
873304_2022-10-12_09:30:00.000000,2022-10-12,09:30:00.000000,2022-10-12,0943,0947,III/1
873304_2022-10-12_09:45:00.000000,2022-10-12,09:45:00.000000,2022-10-12,0943,0947,III/1
873304_2022-10-12_10:15:00.000000,2022-10-12,10:15:00.000000,2022-10-12,1027,1027,III/1
873304_2022-10-12_14:15:00.000000,2022-10-12,14:15:00.000000,2022-10-12,1418,1418,III/3
873304_2022-10-12_14:15:00.000000,2022-10-12,14:15:00.000000,2022-10-12,1424,1432,II/1    463
873304_2022-10-12_14:30:00.000000,2022-10-12,14:30:00.000000,2022-10-12,1424,1432,II/1    463
874262_2022-10-16_08:00:00.000000,2022-10-16,08:00:00.000000,2022-10-16,0802,0802,III/2
874266_2022-10-17_12:45:00.000000,2022-10-17,12:45:00.000000,2022-10-17,1251,1251,III/1
874270_2022-10-18_09:45:00.000000,2022-10-18,09:45:00.000000,2022-10-18,0946,0947,III/1
874274_2022-10-19_12:15:00.000000,2022-10-19,12:15:00.000000,2022-10-19,1223,1224,III/1
874278_2022-10-20_07:45:00.000000,2022-10-20,07:45:00.000000,2022-10-20,0752,0753,III/1
874278_2022-10-20_12:15:00.000000,2022-10-20,12:15:00.000000,2022-10-20,1219,1219,III/1
874286_2022-10-22_10:45:00.000000,2022-10-22,10:45:00.000000,2022-10-22,1049,1053,III/2
874286_2022-10-22_11:15:00.000000,2022-10-22,11:15:00.000000,2022-10-22,1126,1128,III/1
874294_2022-10-24_07:45:00.000000,2022-10-24,07:45:00.000000,2022-10-24,0745,0753,III/1
874298_2022-10-25_14:30:00.000000,2022-10-25,14:30:00.000000,2022-10-25,1440,1442,III/1
874704_2022-10-26_07:30:00.000000,2022-10-26,07:30:00.000000,2022-10-26,0740,0740,III/2
874704_2022-10-26_12:30:00.000000,2022-10-26,12:30:00.000000,2022-10-26,1237,1246,III/2
874704_2022-10-26_12:45:00.000000,2022-10-26,12:45:00.000000,2022-10-26,1237,1246,III/2
874708_2022-10-27_07:15:00.000000,2022-10-27,07:15:00.000000,2022-10-27,0715,0716,III/1
874712_2022-10-28_09:15:00.000000,2022-10-28,09:15:00.000000,2022-10-28,0919,0920,III/1
874716_2022-10-29_06:30:00.000000,2022-10-29,06:30:00.000000,2022-10-29,0637,0637,III/1
874716_2022-10-29_07:30:00.000000,2022-10-29,07:30:00.000000,2022-10-29,0741,0750,III/1
874716_2022-10-29_07:45:00.000000,2022-10-29,07:45:00.000000,2022-10-29,0741,0750,III/1
874716_2022-10-29_08:30:00.000000,2022-10-29,08:30:00.000000,2022-10-29,0836,0841,III/1
874720_2022-10-30_13:30:00.000000,2022-10-30,13:30:00.000000,2022-10-30,1337,1337,III/1
874740_2022-11-04_07:45:00.000000,2022-11-04,07:45:00.000000,2022-11-04,0748,0752,III/1
874740_2022-11-04_12:00:00.000000,2022-11-04,12:00:00.000000,2022-11-04,1206,1207,III/1
874740_2022-11-04_13:30:00.000000,2022-11-04,13:30:00.000000,2022-11-04,1343,1344,III/1
874740_2022-11-04_14:30:00.000000,2022-11-04,14:30:00.000000,2022-11-04,1437,1438,III/2
874748_2022-11-06_06:45:00.000000,2022-11-06,06:45:00.000000,2022-11-06,0659,0700,III/2
874748_2022-11-06_07:45:00.000000,2022-11-06,07:45:00.000000,2022-11-06,0747,0748,III/1
874752_2022-11-07_14:45:00.000000,2022-11-07,14:45:00.000000,2022-11-07,1446,1446,III/1
874764_2022-11-10_07:00:00.000000,2022-11-10,07:00:00.000000,2022-11-10,0704,0705,III/1
874764_2022-11-10_09:30:00.000000,2022-11-10,09:30:00.000000,2022-11-10,0944,0944,III/1
874764_2022-11-10_10:45:00.000000,2022-11-10,10:45:00.000000,2022-11-10,1046,1046,III/2
874764_2022-11-10_11:15:00.000000,2022-11-10,11:15:00.000000,2022-11-10,1125,1126,III/2
874764_2022-11-10_11:30:00.000000,2022-11-10,11:30:00.000000,2022-11-10,1130,1132,III/2
874764_2022-11-10_12:45:00.000000,2022-11-10,12:45:00.000000,2022-11-10,1253,1256,III/1
874764_2022-11-10_14:00:00.000000,2022-11-10,14:00:00.000000,2022-11-10,1402,1403,III/1
874768_2022-11-11_07:00:00.000000,2022-11-11,07:00:00.000000,2022-11-11,0709,0712,III/3
874768_2022-11-11_07:00:00.000000,2022-11-11,07:00:00.000000,2022-11-11,0714,1525,IV/1
874768_2022-11-11_07:15:00.000000,2022-11-11,07:15:00.000000,2022-11-11,0714,1525,IV/1
874768_2022-11-11_07:30:00.000000,2022-11-11,07:30:00.000000,2022-11-11,0714,1525,IV/1
874768_2022-11-11_07:45:00.000000,2022-11-11,07:45:00.000000,2022-11-11,0714,1525,IV/1
874768_2022-11-11_08:00:00.000000,2022-11-11,08:00:00.000000,2022-11-11,0714,1525,IV/1
874768_2022-11-11_08:15:00.000000,2022-11-11,08:15:00.000000,2022-11-11,0714,1525,IV/1
874768_2022-11-11_08:30:00.000000,2022-11-11,08:30:00.000000,2022-11-11,0832,0832,III/1
874768_2022-11-11_09:15:00.000000,2022-11-11,09:15:00.000000,2022-11-11,0929,0930,III/3
874768_2022-11-11_10:30:00.000000,2022-11-11,10:30:00.000000,2022-11-11,1037,1047,III/2
874768_2022-11-11_10:45:00.000000,2022-11-11,10:45:00.000000,2022-11-11,1037,1047,III/2
874768_2022-11-11_11:30:00.000000,2022-11-11,11:30:00.000000,2022-11-11,1133,1140,III/2
874768_2022-11-11_12:00:00.000000,2022-11-11,12:00:00.000000,2022-11-11,1202,1550,IV/1
874768_2022-11-11_12:15:00.000000,2022-11-11,12:15:00.000000,2022-11-11,1202,1550,IV/1
874768_2022-11-11_12:30:00.000000,2022-11-11,12:30:00.000000,2022-11-11,1202,1550,IV/1
874768_2022-11-11_12:45:00.000000,2022-11-11,12:45:00.000000,2022-11-11,1202,1550,IV/1
874768_2022-11-11_13:00:00.000000,2022-11-11,13:00:00.000000,2022-11-11,1202,1550,IV/1
874768_2022-11-11_13:15:00.000000,2022-11-11,13:15:00.000000,2022-11-11,1202,1550,IV/1
874768_2022-11-11_13:15:00.000000,2022-11-11,13:15:00.000000,2022-11-11,1324,1333,III/1
874768_2022-11-11_13:30:00.000000,2022-11-11,13:30:00.000000,2022-11-11,1324,1333,III/1
874768_2022-11-11_13:30:00.000000,2022-11-11,13:30:00.000000,2022-11-11,1338,1341,III/2
874768_2022-11-11_13:45:00.000000,2022-11-11,13:45:00.000000,2022-11-11,1349,1349,III/3
874772_2022-11-12_07:30:00.000000,2022-11-12,07:30:00.000000,2022-11-12,0732,0733,III/2
874772_2022-11-12_11:30:00.000000,2022-11-12,11:30:00.000000,2022-11-12,1139,1139,III/1
874772_2022-11-12_12:45:00.000000,2022-11-12,12:45:00.000000,2022-11-12,1250,1254,III/1
874772_2022-11-12_14:15:00.000000,2022-11-12,14:15:00.000000,2022-11-12,1428,1428,III/2
874772_2022-11-12_14:30:00.000000,2022-11-12,14:30:00.000000,2022-11-12,1438,1441,III/1
874776_2022-11-13_10:15:00.000000,2022-11-13,10:15:00.000000,2022-11-13,1025,1025,III/1
874776_2022-11-13_12:45:00.000000,2022-11-13,12:45:00.000000,2022-11-13,1257,1258,III/1
874780_2022-11-14_08:15:00.000000,2022-11-14,08:15:00.000000,2022-11-14,0820,0824,III/1
874780_2022-11-14_14:00:00.000000,2022-11-14,14:00:00.000000,2022-11-14,1413,1413,III/1
874784_2022-11-15_07:30:00.000000,2022-11-15,07:30:00.000000,2022-11-15,0737,0741,III/1
874784_2022-11-15_10:15:00.000000,2022-11-15,10:15:00.000000,2022-11-15,1016,1016,III/1
874784_2022-11-15_10:45:00.000000,2022-11-15,10:45:00.000000,2022-11-15,1058,1107,III/1
874784_2022-11-15_11:00:00.000000,2022-11-15,11:00:00.000000,2022-11-15,1058,1107,III/1
874784_2022-11-15_13:45:00.000000,2022-11-15,13:45:00.000000,2022-11-15,1357,1357,III/2
874784_2022-11-15_15:00:00.000000,2022-11-15,15:00:00.000000,2022-11-15,1504,1504,III/1
874788_2022-11-16_13:00:00.000000,2022-11-16,13:00:00.000000,2022-11-16,1308,1308,III/1
876494_2022-11-18_06:41:00.000000,2022-11-18,06:41:00.000000,2022-11-18,0655,0656,III/2
876494_2022-11-18_07:26:00.000000,2022-11-18,07:26:00.000000,2022-11-18,0729,0730,III/2
876494_2022-11-18_10:11:00.000000,2022-11-18,10:11:00.000000,2022-11-18,1014,1014,III/1
876494_2022-11-18_11:11:00.000000,2022-11-18,11:11:00.000000,2022-11-18,1125,1126,III/2
876494_2022-11-18_13:56:00.000000,2022-11-18,13:56:00.000000,2022-11-18,1358,1359,III/1
876498_2022-11-19_12:41:00.000000,2022-11-19,12:41:00.000000,2022-11-19,1250,1256,III/2
876498_2022-11-19_12:41:00.000000,2022-11-19,12:41:00.000000,2022-11-19,1254,1624,IV/1
876498_2022-11-19_12:56:00.000000,2022-11-19,12:56:00.000000,2022-11-19,1254,1624,IV/1
876498_2022-11-19_13:11:00.000000,2022-11-19,13:11:00.000000,2022-11-19,1254,1624,IV/1
876498_2022-11-19_13:26:00.000000,2022-11-19,13:26:00.000000,2022-11-19,1254,1624,IV/1
876498_2022-11-19_13:41:00.000000,2022-11-19,13:41:00.000000,2022-11-19,1254,1624,IV/1
876498_2022-11-19_13:56:00.000000,2022-11-19,13:56:00.000000,2022-11-19,1254,1624,IV/1
876498_2022-11-19_12:56:00.000000,2022-11-19,12:56:00.000000,2022-11-19,1301,1314,II/1    930
876498_2022-11-19_13:11:00.000000,2022-11-19,13:11:00.000000,2022-11-19,1301,1314,II/1    930
876498_2022-11-19_13:56:00.000000,2022-11-19,13:56:00.000000,2022-11-19,1410,1410,III/2
876476_2022-11-22_12:26:00.000000,2022-11-22,12:26:00.000000,2022-11-22,1226,1234,III/2
876476_2022-11-22_12:41:00.000000,2022-11-22,12:41:00.000000,2022-11-22,1248,1257,III/1
876476_2022-11-22_12:56:00.000000,2022-11-22,12:56:00.000000,2022-11-22,1248,1257,III/1
876468_2022-11-24_06:56:00.000000,2022-11-24,06:56:00.000000,2022-11-24,0658,0659,III/2
876448_2022-11-30_06:26:00.000000,2022-11-30,06:26:00.000000,2022-11-30,0634,0634,III/1
876448_2022-11-30_07:56:00.000000,2022-11-30,07:56:00.000000,2022-11-30,0800,0802,III/1
876448_2022-11-30_10:56:00.000000,2022-11-30,10:56:00.000000,2022-11-30,1104,1112,III/1
876448_2022-11-30_11:11:00.000000,2022-11-30,11:11:00.000000,2022-11-30,1104,1112,III/1
877564_2022-12-02_07:41:00.000000,2022-12-02,07:41:00.000000,2022-12-02,0755,0757,III/1
877564_2022-12-02_07:56:00.000000,2022-12-02,07:56:00.000000,2022-12-02,0755,0757,III/1
877572_2022-12-04_06:41:00.000000,2022-12-04,06:41:00.000000,2022-12-04,0649,0649,III/1
877572_2022-12-04_08:41:00.000000,2022-12-04,08:41:00.000000,2022-12-04,0846,0850,III/1
877628_2022-12-07_11:10:00.000000,2022-12-07,11:10:00.000000,2022-12-07,1116,1116,III/1
877628_2022-12-07_11:25:00.000000,2022-12-07,11:25:00.000000,2022-12-07,1125,1129,III/2
877628_2022-12-07_13:10:00.000000,2022-12-07,13:10:00.000000,2022-12-07,1310,1314,III/1
877628_2022-12-07_14:10:00.000000,2022-12-07,14:10:00.000000,2022-12-07,1418,1423,III/1
877628_2022-12-07_15:10:00.000000,2022-12-07,15:10:00.000000,2022-12-07,1517,1521,III/1
877624_2022-12-08_09:11:00.000000,2022-12-08,09:11:00.000000,2022-12-08,0913,0913,III/2
877624_2022-12-08_09:26:00.000000,2022-12-08,09:26:00.000000,2022-12-08,0929,0930,III/2
877624_2022-12-08_15:11:00.000000,2022-12-08,15:11:00.000000,2022-12-08,1516,1516,III/1
877620_2022-12-09_12:56:00.000000,2022-12-09,12:56:00.000000,2022-12-09,1302,1303,III/1
877616_2022-12-10_14:11:00.000000,2022-12-10,14:11:00.000000,2022-12-10,1414,1414,III/1
877612_2022-12-11_12:26:00.000000,2022-12-11,12:26:00.000000,2022-12-11,1234,1234,III/2
877612_2022-12-11_13:26:00.000000,2022-12-11,13:26:00.000000,2022-12-11,1333,1336,III/2
877612_2022-12-11_13:26:00.000000,2022-12-11,13:26:00.000000,2022-12-11,1338,1339,III/2
877612_2022-12-11_14:26:00.000000,2022-12-11,14:26:00.000000,2022-12-11,1429,1429,III/2
877604_2022-12-13_07:26:00.000000,2022-12-13,07:26:00.000000,2022-12-13,0727,0728,III/1
877604_2022-12-13_07:56:00.000000,2022-12-13,07:56:00.000000,2022-12-13,0800,0810,III/2
877604_2022-12-13_08:56:00.000000,2022-12-13,08:56:00.000000,2022-12-13,0901,0905,III/2
877604_2022-12-13_10:26:00.000000,2022-12-13,10:26:00.000000,2022-12-13,1030,1030,III/1
877604_2022-12-13_11:26:00.000000,2022-12-13,11:26:00.000000,2022-12-13,1140,1141,III/1
877604_2022-12-13_11:56:00.000000,2022-12-13,11:56:00.000000,2022-12-13,1210,1211,III/3
877604_2022-12-13_12:56:00.000000,2022-12-13,12:56:00.000000,2022-12-13,1309,1309,III/1
877604_2022-12-13_13:26:00.000000,2022-12-13,13:26:00.000000,2022-12-13,1338,1343,III/1
877604_2022-12-13_13:41:00.000000,2022-12-13,13:41:00.000000,2022-12-13,1338,1343,III/1
877604_2022-12-13_14:41:00.000000,2022-12-13,14:41:00.000000,2022-12-13,1448,1449,III/1
877600_2022-12-14_06:56:00.000000,2022-12-14,06:56:00.000000,2022-12-14,0703,0703,III/1
877600_2022-12-14_08:26:00.000000,2022-12-14,08:26:00.000000,2022-12-14,0829,0838,II/2    729
877600_2022-12-14_10:26:00.000000,2022-12-14,10:26:00.000000,2022-12-14,1038,1038,III/1
877600_2022-12-14_12:26:00.000000,2022-12-14,12:26:00.000000,2022-12-14,1233,1237,III/1
877600_2022-12-14_12:56:00.000000,2022-12-14,12:56:00.000000,2022-12-14,1256,1259,III/2
877600_2022-12-14_13:41:00.000000,2022-12-14,13:41:00.000000,2022-12-14,1352,1353,III/1
877596_2022-12-15_06:41:00.000000,2022-12-15,06:41:00.000000,2022-12-15,0646,0646,III/1
877596_2022-12-15_11:11:00.000000,2022-12-15,11:11:00.000000,2022-12-15,1112,1113,III/1
879210_2022-12-17_09:11:00.000000,2022-12-17,09:11:00.000000,2022-12-17,0923,0926,III/2
879210_2022-12-17_10:11:00.000000,2022-12-17,10:11:00.000000,2022-12-17,1012,1012,III/1
877592_2022-12-18_06:41:00.000000,2022-12-18,06:41:00.000000,2022-12-18,0653,0655,III/2
877592_2022-12-18_13:26:00.000000,2022-12-18,13:26:00.000000,2022-12-18,1329,1329,III/1
877592_2022-12-18_14:11:00.000000,2022-12-18,14:11:00.000000,2022-12-18,1422,1431,III/2
877592_2022-12-18_14:26:00.000000,2022-12-18,14:26:00.000000,2022-12-18,1422,1431,III/2
879372_2022-12-19_06:26:00.000000,2022-12-19,06:26:00.000000,2022-12-19,0623,0627,III/1
879372_2022-12-19_07:26:00.000000,2022-12-19,07:26:00.000000,2022-12-19,0735,0736,III/2
879372_2022-12-19_08:11:00.000000,2022-12-19,08:11:00.000000,2022-12-19,0817,0818,V/3
879372_2022-12-19_08:11:00.000000,2022-12-19,08:11:00.000000,2022-12-19,0817,0818,III/3
879372_2022-12-19_09:26:00.000000,2022-12-19,09:26:00.000000,2022-12-19,0931,0931,III/1
879372_2022-12-19_10:56:00.000000,2022-12-19,10:56:00.000000,2022-12-19,1059,1101,III/1
879372_2022-12-19_12:41:00.000000,2022-12-19,12:41:00.000000,2022-12-19,1253,1255,III/2
879628_2022-12-20_07:11:00.000000,2022-12-20,07:11:00.000000,2022-12-20,0715,0716,III/1
879628_2022-12-20_08:11:00.000000,2022-12-20,08:11:00.000000,2022-12-20,0825,0826,III/1
879628_2022-12-20_09:41:00.000000,2022-12-20,09:41:00.000000,2022-12-20,0953,0954,III/1
879628_2022-12-20_12:26:00.000000,2022-12-20,12:26:00.000000,2022-12-20,1240,1240,III/1
879628_2022-12-20_13:56:00.000000,2022-12-20,13:56:00.000000,2022-12-20,1405,1407,III/1
879644_2022-12-24_07:41:00.000000,2022-12-24,07:41:00.000000,2022-12-24,0755,0814,III/2
879644_2022-12-24_07:56:00.000000,2022-12-24,07:56:00.000000,2022-12-24,0755,0814,III/2
879644_2022-12-24_08:11:00.000000,2022-12-24,08:11:00.000000,2022-12-24,0755,0814,III/2
879644_2022-12-24_08:56:00.000000,2022-12-24,08:56:00.000000,2022-12-24,0910,0911,III/2
879648_2022-12-25_06:41:00.000000,2022-12-25,06:41:00.000000,2022-12-25,0655,0702,III/3
879648_2022-12-25_06:56:00.000000,2022-12-25,06:56:00.000000,2022-12-25,0655,0702,III/3
879648_2022-12-25_07:11:00.000000,2022-12-25,07:11:00.000000,2022-12-25,0713,0733,II/1    238
879648_2022-12-25_07:26:00.000000,2022-12-25,07:26:00.000000,2022-12-25,0713,0733,II/1    238
879652_2022-12-26_06:41:00.000000,2022-12-26,06:41:00.000000,2022-12-26,0642,0642,III/2
879652_2022-12-26_08:11:00.000000,2022-12-26,08:11:00.000000,2022-12-26,0822,0822,III/2
879652_2022-12-26_10:26:00.000000,2022-12-26,10:26:00.000000,2022-12-26,1033,1035,III/1
879652_2022-12-26_13:41:00.000000,2022-12-26,13:41:00.000000,2022-12-26,1344,1345,III/2
879668_2022-12-28_06:56:00.000000,2022-12-28,06:56:00.000000,2022-12-28,0700,0701,III/2
879668_2022-12-28_08:11:00.000000,2022-12-28,08:11:00.000000,2022-12-28,0822,0824,III/1
879668_2022-12-28_09:11:00.000000,2022-12-28,09:11:00.000000,2022-12-28,0913,0918,III/3
879660_2022-12-30_07:41:00.000000,2022-12-30,07:41:00.000000,2022-12-30,0742,0742,III/1
879660_2022-12-30_13:41:00.000000,2022-12-30,13:41:00.000000,2022-12-30,1348,1350,III/1
879660_2022-12-30_15:11:00.000000,2022-12-30,15:11:00.000000,2022-12-30,1525,1528,III/2
879656_2022-12-31_10:26:00.000000,2022-12-31,10:26:00.000000,2022-12-31,1033,1033,III/1
879656_2022-12-31_11:41:00.000000,2022-12-31,11:41:00.000000,2022-12-31,1147,1148,III/1
879656_2022-12-31_12:11:00.000000,2022-12-31,12:11:00.000000,2022-12-31,1225,1225,III/1
879656_2022-12-31_13:11:00.000000,2022-12-31,13:11:00.000000,2022-12-31,1321,1321,III/1
880290_2023-01-03_06:26:00.000000,2023-01-03,06:26:00.000000,2023-01-03,0627,0633,III/1
880290_2023-01-03_13:26:00.000000,2023-01-03,13:26:00.000000,2023-01-03,1340,1340,III/1
880290_2023-01-03_14:11:00.000000,2023-01-03,14:11:00.000000,2023-01-03,1412,1413,III/2
880294_2023-01-04_09:11:00.000000,2023-01-04,09:11:00.000000,2023-01-04,0925,0925,III/1
880294_2023-01-04_11:11:00.000000,2023-01-04,11:11:00.000000,2023-01-04,1125,1131,III/2
880294_2023-01-04_11:26:00.000000,2023-01-04,11:26:00.000000,2023-01-04,1125,1131,III/2
880294_2023-01-04_13:56:00.000000,2023-01-04,13:56:00.000000,2023-01-04,1357,1357,III/1
880294_2023-01-04_14:56:00.000000,2023-01-04,14:56:00.000000,2023-01-04,1506,1507,III/1
880302_2023-01-06_06:26:00.000000,2023-01-06,06:26:00.000000,2023-01-06,0634,0634,III/1
880302_2023-01-06_07:41:00.000000,2023-01-06,07:41:00.000000,2023-01-06,0755,0756,III/2
880302_2023-01-06_08:26:00.000000,2023-01-06,08:26:00.000000,2023-01-06,0831,0832,III/2
880306_2023-01-07_07:26:00.000000,2023-01-07,07:26:00.000000,2023-01-07,0735,0741,III/2
880306_2023-01-07_09:56:00.000000,2023-01-07,09:56:00.000000,2023-01-07,0959,1003,III/2
880306_2023-01-07_14:56:00.000000,2023-01-07,14:56:00.000000,2023-01-07,1506,1506,III/1
880310_2023-01-08_07:11:00.000000,2023-01-08,07:11:00.000000,2023-01-08,0719,0729,III/1
880310_2023-01-08_07:26:00.000000,2023-01-08,07:26:00.000000,2023-01-08,0719,0729,III/1
880310_2023-01-08_10:26:00.000000,2023-01-08,10:26:00.000000,2023-01-08,1028,1029,III/1
880310_2023-01-08_11:41:00.000000,2023-01-08,11:41:00.000000,2023-01-08,1155,1157,III/2
880310_2023-01-08_11:56:00.000000,2023-01-08,11:56:00.000000,2023-01-08,1155,1157,III/2
880310_2023-01-08_12:41:00.000000,2023-01-08,12:41:00.000000,2023-01-08,1249,1250,V/2
880314_2023-01-09_06:26:00.000000,2023-01-09,06:26:00.000000,2023-01-09,0634,0635,III/1
880314_2023-01-09_08:41:00.000000,2023-01-09,08:41:00.000000,2023-01-09,0845,0852,III/2
880318_2023-01-10_08:26:00.000000,2023-01-10,08:26:00.000000,2023-01-10,0830,0831,III/2
880318_2023-01-10_08:56:00.000000,2023-01-10,08:56:00.000000,2023-01-10,0900,0908,III/2
880318_2023-01-10_12:26:00.000000,2023-01-10,12:26:00.000000,2023-01-10,1237,1237,III/1
880318_2023-01-10_14:26:00.000000,2023-01-10,14:26:00.000000,2023-01-10,1439,1448,III/1
880318_2023-01-10_14:41:00.000000,2023-01-10,14:41:00.000000,2023-01-10,1439,1448,III/1
880322_2023-01-11_11:41:00.000000,2023-01-11,11:41:00.000000,2023-01-11,1153,1158,III/2
880322_2023-01-11_11:56:00.000000,2023-01-11,11:56:00.000000,2023-01-11,1153,1158,III/2
880322_2023-01-11_12:41:00.000000,2023-01-11,12:41:00.000000,2023-01-11,1241,1242,III/1
880322_2023-01-11_13:41:00.000000,2023-01-11,13:41:00.000000,2023-01-11,1343,1344,III/1
880322_2023-01-11_13:41:00.000000,2023-01-11,13:41:00.000000,2023-01-11,1344,1344,III/2
880322_2023-01-11_14:56:00.000000,2023-01-11,14:56:00.000000,2023-01-11,1509,1509,III/1
880326_2023-01-12_07:11:00.000000,2023-01-12,07:11:00.000000,2023-01-12,0713,0714,III/1
880326_2023-01-12_09:11:00.000000,2023-01-12,09:11:00.000000,2023-01-12,0914,0914,III/1
880326_2023-01-12_09:56:00.000000,2023-01-12,09:56:00.000000,2023-01-12,1001,1006,III/1
880326_2023-01-12_12:26:00.000000,2023-01-12,12:26:00.000000,2023-01-12,1234,1237,III/1
880326_2023-01-12_13:26:00.000000,2023-01-12,13:26:00.000000,2023-01-12,1329,1335,III/2
880326_2023-01-12_14:41:00.000000,2023-01-12,14:41:00.000000,2023-01-12,1442,1444,III/1
880330_2023-01-13_09:26:00.000000,2023-01-13,09:26:00.000000,2023-01-13,0929,0929,III/1
880330_2023-01-13_10:11:00.000000,2023-01-13,10:11:00.000000,2023-01-13,1014,1018,III/2
880330_2023-01-13_10:11:00.000000,2023-01-13,10:11:00.000000,2023-01-13,1020,1025,II/2    381
880330_2023-01-13_13:11:00.000000,2023-01-13,13:11:00.000000,2023-01-13,1315,1316,III/1
880330_2023-01-13_13:56:00.000000,2023-01-13,13:56:00.000000,2023-01-13,1410,1415,II/1    401
880330_2023-01-13_14:11:00.000000,2023-01-13,14:11:00.000000,2023-01-13,1410,1415,II/1    401
880334_2023-01-14_10:11:00.000000,2023-01-14,10:11:00.000000,2023-01-14,1017,1018,III/2
880334_2023-01-14_12:41:00.000000,2023-01-14,12:41:00.000000,2023-01-14,1241,1249,III/1
880334_2023-01-14_12:41:00.000000,2023-01-14,12:41:00.000000,2023-01-14,1246,1300,II/2    398
880334_2023-01-14_12:56:00.000000,2023-01-14,12:56:00.000000,2023-01-14,1246,1300,II/2    398
880338_2023-01-15_08:11:00.000000,2023-01-15,08:11:00.000000,2023-01-15,0818,0819,III/2
880342_2023-01-16_07:11:00.000000,2023-01-16,07:11:00.000000,2023-01-16,0712,0715,III/1
880342_2023-01-16_11:11:00.000000,2023-01-16,11:11:00.000000,2023-01-16,1114,1114,III/2
880342_2023-01-16_12:41:00.000000,2023-01-16,12:41:00.000000,2023-01-16,1255,1256,III/1
880346_2023-01-17_11:56:00.000000,2023-01-17,11:56:00.000000,2023-01-17,1201,1203,III/1
880346_2023-01-17_13:11:00.000000,2023-01-17,13:11:00.000000,2023-01-17,1311,1312,III/1
880350_2023-01-18_11:56:00.000000,2023-01-18,11:56:00.000000,2023-01-18,1201,1201,III/1
880354_2023-01-19_09:56:00.000000,2023-01-19,09:56:00.000000,2023-01-19,1010,1012,III/2
880354_2023-01-19_10:11:00.000000,2023-01-19,10:11:00.000000,2023-01-19,1010,1012,III/2
880354_2023-01-19_10:26:00.000000,2023-01-19,10:26:00.000000,2023-01-19,1026,1032,III/2
880354_2023-01-19_10:26:00.000000,2023-01-19,10:26:00.000000,2023-01-19,1032,1032,III/1
880354_2023-01-19_14:11:00.000000,2023-01-19,14:11:00.000000,2023-01-19,1419,1420,III/2
880362_2023-01-21_09:26:00.000000,2023-01-21,09:26:00.000000,2023-01-21,0939,0941,III/2
880362_2023-01-21_12:26:00.000000,2023-01-21,12:26:00.000000,2023-01-21,1236,1238,III/1
881028_2023-01-22_07:11:00.000000,2023-01-22,07:11:00.000000,2023-01-22,0721,0721,III/2
881028_2023-01-22_10:11:00.000000,2023-01-22,10:11:00.000000,2023-01-22,1012,1021,III/2
881024_2023-01-23_14:11:00.000000,2023-01-23,14:11:00.000000,2023-01-23,1421,1421,III/1
881020_2023-01-24_10:26:00.000000,2023-01-24,10:26:00.000000,2023-01-24,1034,1034,III/1
881020_2023-01-24_10:56:00.000000,2023-01-24,10:56:00.000000,2023-01-24,1109,1113,III/1
881020_2023-01-24_11:11:00.000000,2023-01-24,11:11:00.000000,2023-01-24,1109,1113,III/1
881020_2023-01-24_12:26:00.000000,2023-01-24,12:26:00.000000,2023-01-24,1240,1244,III/2
881020_2023-01-24_12:41:00.000000,2023-01-24,12:41:00.000000,2023-01-24,1240,1244,III/2
881020_2023-01-24_13:41:00.000000,2023-01-24,13:41:00.000000,2023-01-24,1345,1345,III/2
881000_2023-01-27_06:41:00.000000,2023-01-27,06:41:00.000000,2023-01-27,0651,0653,III/1
881004_2023-01-28_13:41:00.000000,2023-01-28,13:41:00.000000,2023-01-28,1347,1347,III/1
881008_2023-01-29_13:41:00.000000,2023-01-29,13:41:00.000000,2023-01-29,1342,1343,III/1
881008_2023-01-29_13:56:00.000000,2023-01-29,13:56:00.000000,2023-01-29,1405,1406,III/2
881008_2023-01-29_14:41:00.000000,2023-01-29,14:41:00.000000,2023-01-29,1455,1457,III/2
881008_2023-01-29_14:56:00.000000,2023-01-29,14:56:00.000000,2023-01-29,1455,1457,III/2
881012_2023-01-30_07:56:00.000000,2023-01-30,07:56:00.000000,2023-01-30,0808,0809,III/1
881012_2023-01-30_09:56:00.000000,2023-01-30,09:56:00.000000,2023-01-30,0959,0959,III/1
881012_2023-01-30_11:11:00.000000,2023-01-30,11:11:00.000000,2023-01-30,1117,1117,III/2
881012_2023-01-30_11:26:00.000000,2023-01-30,11:26:00.000000,2023-01-30,1129,1129,III/2
881012_2023-01-30_12:26:00.000000,2023-01-30,12:26:00.000000,2023-01-30,1232,1232,III/1
881012_2023-01-30_12:56:00.000000,2023-01-30,12:56:00.000000,2023-01-30,1256,1300,III/2
881012_2023-01-30_14:56:00.000000,2023-01-30,14:56:00.000000,2023-01-30,1507,1507,III/1
880992_2023-01-31_06:56:00.000000,2023-01-31,06:56:00.000000,2023-01-31,0657,0657,III/1
880992_2023-01-31_08:56:00.000000,2023-01-31,08:56:00.000000,2023-01-31,0904,0904,III/1
881016_2023-02-01_07:56:00.000000,2023-02-01,07:56:00.000000,2023-02-01,0803,0803,III/2
881242_2023-02-03_12:26:00.000000,2023-02-03,12:26:00.000000,2023-02-03,1232,1233,III/2
881242_2023-02-03_14:41:00.000000,2023-02-03,14:41:00.000000,2023-02-03,1441,1449,III/2
881238_2023-02-04_06:41:00.000000,2023-02-04,06:41:00.000000,2023-02-04,0642,0643,III/2
881238_2023-02-04_07:26:00.000000,2023-02-04,07:26:00.000000,2023-02-04,0734,0735,III/1
881238_2023-02-04_09:11:00.000000,2023-02-04,09:11:00.000000,2023-02-04,0923,0931,III/2
881238_2023-02-04_09:26:00.000000,2023-02-04,09:26:00.000000,2023-02-04,0923,0931,III/2
881234_2023-02-05_08:41:00.000000,2023-02-05,08:41:00.000000,2023-02-05,0849,0850,III/2
881234_2023-02-05_10:41:00.000000,2023-02-05,10:41:00.000000,2023-02-05,1045,1049,III/2
881234_2023-02-05_12:56:00.000000,2023-02-05,12:56:00.000000,2023-02-05,1309,1309,III/1
881226_2023-02-07_07:41:00.000000,2023-02-07,07:41:00.000000,2023-02-07,0755,0756,III/1
881226_2023-02-07_13:56:00.000000,2023-02-07,13:56:00.000000,2023-02-07,1410,1414,III/1
881226_2023-02-07_14:11:00.000000,2023-02-07,14:11:00.000000,2023-02-07,1410,1414,III/1
881226_2023-02-07_14:56:00.000000,2023-02-07,14:56:00.000000,2023-02-07,1458,1501,III/1
881222_2023-02-08_06:26:00.000000,2023-02-08,06:26:00.000000,2023-02-08,0627,0627,III/1
881222_2023-02-08_07:41:00.000000,2023-02-08,07:41:00.000000,2023-02-08,0747,0747,III/1
881222_2023-02-08_10:56:00.000000,2023-02-08,10:56:00.000000,2023-02-08,1100,1101,III/1
881218_2023-02-09_07:11:00.000000,2023-02-09,07:11:00.000000,2023-02-09,0716,0718,III/2
881218_2023-02-09_07:11:00.000000,2023-02-09,07:11:00.000000,2023-02-09,0725,0728,II/1    672
881218_2023-02-09_07:26:00.000000,2023-02-09,07:26:00.000000,2023-02-09,0725,0728,II/1    672
881218_2023-02-09_07:26:00.000000,2023-02-09,07:26:00.000000,2023-02-09,0729,1054,IV/1
881218_2023-02-09_07:41:00.000000,2023-02-09,07:41:00.000000,2023-02-09,0729,1054,IV/1
881218_2023-02-09_07:56:00.000000,2023-02-09,07:56:00.000000,2023-02-09,0729,1054,IV/1
881218_2023-02-09_08:11:00.000000,2023-02-09,08:11:00.000000,2023-02-09,0729,1054,IV/1
881218_2023-02-09_08:26:00.000000,2023-02-09,08:26:00.000000,2023-02-09,0729,1054,IV/1
881218_2023-02-09_08:41:00.000000,2023-02-09,08:41:00.000000,2023-02-09,0729,1054,IV/1
881218_2023-02-09_08:41:00.000000,2023-02-09,08:41:00.000000,2023-02-09,0853,1030,IV/1
881218_2023-02-09_08:56:00.000000,2023-02-09,08:56:00.000000,2023-02-09,0853,1030,IV/1
881218_2023-02-09_09:11:00.000000,2023-02-09,09:11:00.000000,2023-02-09,0853,1030,IV/1
881218_2023-02-09_09:26:00.000000,2023-02-09,09:26:00.000000,2023-02-09,0853,1030,IV/1
881218_2023-02-09_09:41:00.000000,2023-02-09,09:41:00.000000,2023-02-09,0853,1030,IV/1
881218_2023-02-09_09:56:00.000000,2023-02-09,09:56:00.000000,2023-02-09,0853,1030,IV/1
881218_2023-02-09_08:56:00.000000,2023-02-09,08:56:00.000000,2023-02-09,0903,0904,II/1    453
881218_2023-02-09_09:11:00.000000,2023-02-09,09:11:00.000000,2023-02-09,0915,0916,III/1
881218_2023-02-09_09:41:00.000000,2023-02-09,09:41:00.000000,2023-02-09,0945,0945,III/1
881218_2023-02-09_10:41:00.000000,2023-02-09,10:41:00.000000,2023-02-09,1050,1050,III/1
881218_2023-02-09_11:11:00.000000,2023-02-09,11:11:00.000000,2023-02-09,1114,1115,III/2
881218_2023-02-09_12:11:00.000000,2023-02-09,12:11:00.000000,2023-02-09,1216,1216,III/1
881218_2023-02-09_13:11:00.000000,2023-02-09,13:11:00.000000,2023-02-09,1324,1331,III/2
881218_2023-02-09_13:26:00.000000,2023-02-09,13:26:00.000000,2023-02-09,1324,1331,III/2
881218_2023-02-09_13:26:00.000000,2023-02-09,13:26:00.000000,2023-02-09,1337,1337,III/2
881218_2023-02-09_14:56:00.000000,2023-02-09,14:56:00.000000,2023-02-09,1500,1509,III/2
881214_2023-02-10_08:56:00.000000,2023-02-10,08:56:00.000000,2023-02-10,0901,0903,III/2
881214_2023-02-10_09:11:00.000000,2023-02-10,09:11:00.000000,2023-02-10,0925,0925,III/1
881214_2023-02-10_11:11:00.000000,2023-02-10,11:11:00.000000,2023-02-10,1116,1116,III/1
881214_2023-02-10_13:56:00.000000,2023-02-10,13:56:00.000000,2023-02-10,1407,1408,III/1
881214_2023-02-10_15:11:00.000000,2023-02-10,15:11:00.000000,2023-02-10,1514,1515,III/2
881210_2023-02-11_07:26:00.000000,2023-02-11,07:26:00.000000,2023-02-11,0727,0727,III/1
881210_2023-02-11_10:11:00.000000,2023-02-11,10:11:00.000000,2023-02-11,1022,1022,III/1
881210_2023-02-11_14:11:00.000000,2023-02-11,14:11:00.000000,2023-02-11,1418,1421,III/2
881210_2023-02-11_14:41:00.000000,2023-02-11,14:41:00.000000,2023-02-11,1449,1450,III/1
881206_2023-02-12_15:11:00.000000,2023-02-12,15:11:00.000000,2023-02-12,1523,1523,III/1
881202_2023-02-13_08:56:00.000000,2023-02-13,08:56:00.000000,2023-02-13,0909,0914,III/2
881202_2023-02-13_09:11:00.000000,2023-02-13,09:11:00.000000,2023-02-13,0909,0914,III/2
881202_2023-02-13_10:11:00.000000,2023-02-13,10:11:00.000000,2023-02-13,1014,1014,III/1
881202_2023-02-13_10:41:00.000000,2023-02-13,10:41:00.000000,2023-02-13,1050,1050,III/1
881202_2023-02-13_12:41:00.000000,2023-02-13,12:41:00.000000,2023-02-13,1242,1243,III/1
881202_2023-02-13_12:56:00.000000,2023-02-13,12:56:00.000000,2023-02-13,1305,1306,III/1
881202_2023-02-13_14:11:00.000000,2023-02-13,14:11:00.000000,2023-02-13,1419,1428,III/2
881202_2023-02-13_14:26:00.000000,2023-02-13,14:26:00.000000,2023-02-13,1419,1428,III/2
881202_2023-02-13_15:11:00.000000,2023-02-13,15:11:00.000000,2023-02-13,1517,1518,III/1
881198_2023-02-14_08:41:00.000000,2023-02-14,08:41:00.000000,2023-02-14,0853,0854,III/2
881198_2023-02-14_09:11:00.000000,2023-02-14,09:11:00.000000,2023-02-14,0920,0921,III/1
881158_2023-02-15_14:11:00.000000,2023-02-15,14:11:00.000000,2023-02-15,1425,1425,III/1
881158_2023-02-15_14:56:00.000000,2023-02-15,14:56:00.000000,2023-02-15,1502,1503,III/1
881162_2023-02-16_06:26:00.000000,2023-02-16,06:26:00.000000,2023-02-16,0640,0643,III/1
881162_2023-02-16_06:41:00.000000,2023-02-16,06:41:00.000000,2023-02-16,0640,0643,III/1
881162_2023-02-16_07:11:00.000000,2023-02-16,07:11:00.000000,2023-02-16,0717,0719,III/1
881162_2023-02-16_07:26:00.000000,2023-02-16,07:26:00.000000,2023-02-16,0740,0741,III/1
881162_2023-02-16_10:11:00.000000,2023-02-16,10:11:00.000000,2023-02-16,1021,1025,III/1
881162_2023-02-16_12:41:00.000000,2023-02-16,12:41:00.000000,2023-02-16,1250,1251,III/1
881166_2023-02-17_11:26:00.000000,2023-02-17,11:26:00.000000,2023-02-17,1139,1147,III/1
881166_2023-02-17_11:41:00.000000,2023-02-17,11:41:00.000000,2023-02-17,1139,1147,III/1
881166_2023-02-17_15:11:00.000000,2023-02-17,15:11:00.000000,2023-02-17,1515,1516,III/1
881170_2023-02-18_07:26:00.000000,2023-02-18,07:26:00.000000,2023-02-18,0731,0738,III/2
881170_2023-02-18_08:56:00.000000,2023-02-18,08:56:00.000000,2023-02-18,0906,0907,III/2
881174_2023-02-19_09:56:00.000000,2023-02-19,09:56:00.000000,2023-02-19,0958,0959,III/2
881174_2023-02-19_12:56:00.000000,2023-02-19,12:56:00.000000,2023-02-19,1304,1305,III/1
881178_2023-02-20_06:41:00.000000,2023-02-20,06:41:00.000000,2023-02-20,0646,0652,III/2
881178_2023-02-20_07:11:00.000000,2023-02-20,07:11:00.000000,2023-02-20,0711,0712,III/1
881178_2023-02-20_08:56:00.000000,2023-02-20,08:56:00.000000,2023-02-20,0859,0900,III/1
881178_2023-02-20_10:11:00.000000,2023-02-20,10:11:00.000000,2023-02-20,1025,1025,III/1
881178_2023-02-20_12:11:00.000000,2023-02-20,12:11:00.000000,2023-02-20,1213,1213,III/1
881178_2023-02-20_12:41:00.000000,2023-02-20,12:41:00.000000,2023-02-20,1246,1247,III/1
881178_2023-02-20_14:41:00.000000,2023-02-20,14:41:00.000000,2023-02-20,1455,1457,III/1
881178_2023-02-20_14:56:00.000000,2023-02-20,14:56:00.000000,2023-02-20,1455,1457,III/1
881178_2023-02-20_14:56:00.000000,2023-02-20,14:56:00.000000,2023-02-20,1506,1508,III/1
881182_2023-02-21_06:41:00.000000,2023-02-21,06:41:00.000000,2023-02-21,0650,0652,III/1
881182_2023-02-21_11:26:00.000000,2023-02-21,11:26:00.000000,2023-02-21,1131,1132,III/2
881182_2023-02-21_14:26:00.000000,2023-02-21,14:26:00.000000,2023-02-21,1434,1439,III/2
881190_2023-02-23_06:26:00.000000,2023-02-23,06:26:00.000000,2023-02-23,0633,0633,III/1
881190_2023-02-23_07:11:00.000000,2023-02-23,07:11:00.000000,2023-02-23,0720,0720,III/1
881190_2023-02-23_07:41:00.000000,2023-02-23,07:41:00.000000,2023-02-23,0747,0750,III/3
881190_2023-02-23_07:56:00.000000,2023-02-23,07:56:00.000000,2023-02-23,0808,0810,III/3
881190_2023-02-23_10:26:00.000000,2023-02-23,10:26:00.000000,2023-02-23,1039,1040,III/2
881190_2023-02-23_10:41:00.000000,2023-02-23,10:41:00.000000,2023-02-23,1054,1056,III/1
881190_2023-02-23_12:11:00.000000,2023-02-23,12:11:00.000000,2023-02-23,1225,1232,III/2
881190_2023-02-23_12:26:00.000000,2023-02-23,12:26:00.000000,2023-02-23,1225,1232,III/2
881190_2023-02-23_14:56:00.000000,2023-02-23,14:56:00.000000,2023-02-23,1510,1516,III/3
881190_2023-02-23_15:11:00.000000,2023-02-23,15:11:00.000000,2023-02-23,1510,1516,III/3
881194_2023-02-24_06:26:00.000000,2023-02-24,06:26:00.000000,2023-02-24,0631,0633,III/1
881194_2023-02-24_06:56:00.000000,2023-02-24,06:56:00.000000,2023-02-24,0709,0709,III/1
881194_2023-02-24_07:41:00.000000,2023-02-24,07:41:00.000000,2023-02-24,0749,0750,III/1
881194_2023-02-24_10:11:00.000000,2023-02-24,10:11:00.000000,2023-02-24,1023,1023,III/1
881848_2023-02-25_06:26:00.000000,2023-02-25,06:26:00.000000,2023-02-25,0640,0641,III/1
881848_2023-02-25_07:41:00.000000,2023-02-25,07:41:00.000000,2023-02-25,0751,0751,III/1
881848_2023-02-25_13:11:00.000000,2023-02-25,13:11:00.000000,2023-02-25,1319,1321,III/2
881848_2023-02-25_14:56:00.000000,2023-02-25,14:56:00.000000,2023-02-25,1509,1509,III/1
881848_2023-02-25_15:11:00.000000,2023-02-25,15:11:00.000000,2023-02-25,1517,1519,III/1
882428_2023-03-01_11:41:00.000000,2023-03-01,11:41:00.000000,2023-03-01,1143,1144,III/2
882428_2023-03-01_13:11:00.000000,2023-03-01,13:11:00.000000,2023-03-01,1315,1316,III/1
882428_2023-03-01_13:41:00.000000,2023-03-01,13:41:00.000000,2023-03-01,1345,1348,III/1
882424_2023-03-02_06:26:00.000000,2023-03-02,06:26:00.000000,2023-03-02,0630,0635,III/1
882424_2023-03-02_06:56:00.000000,2023-03-02,06:56:00.000000,2023-03-02,0657,0704,III/1
882420_2023-03-03_06:26:00.000000,2023-03-03,06:26:00.000000,2023-03-03,0630,0632,III/1
882420_2023-03-03_11:26:00.000000,2023-03-03,11:26:00.000000,2023-03-03,1132,1137,III/2
882420_2023-03-03_11:56:00.000000,2023-03-03,11:56:00.000000,2023-03-03,1203,1204,III/1
882420_2023-03-03_12:56:00.000000,2023-03-03,12:56:00.000000,2023-03-03,1307,1307,III/1
882420_2023-03-03_14:26:00.000000,2023-03-03,14:26:00.000000,2023-03-03,1427,1429,III/1
882420_2023-03-03_14:41:00.000000,2023-03-03,14:41:00.000000,2023-03-03,1447,1452,III/1
882420_2023-03-03_15:11:00.000000,2023-03-03,15:11:00.000000,2023-03-03,1512,1512,III/1
882416_2023-03-04_06:56:00.000000,2023-03-04,06:56:00.000000,2023-03-04,0709,0711,III/2
882416_2023-03-04_07:11:00.000000,2023-03-04,07:11:00.000000,2023-03-04,0724,0729,III/2
882416_2023-03-04_07:26:00.000000,2023-03-04,07:26:00.000000,2023-03-04,0724,0729,III/2
882416_2023-03-04_11:56:00.000000,2023-03-04,11:56:00.000000,2023-03-04,1158,1200,III/1
882416_2023-03-04_12:56:00.000000,2023-03-04,12:56:00.000000,2023-03-04,1305,1305,III/1
882416_2023-03-04_14:26:00.000000,2023-03-04,14:26:00.000000,2023-03-04,1431,1431,III/1
882416_2023-03-04_14:26:00.000000,2023-03-04,14:26:00.000000,2023-03-04,1437,1440,III/2
882412_2023-03-05_07:41:00.000000,2023-03-05,07:41:00.000000,2023-03-05,0741,0742,III/1
882412_2023-03-05_09:41:00.000000,2023-03-05,09:41:00.000000,2023-03-05,0943,0944,III/1
882408_2023-03-06_08:56:00.000000,2023-03-06,08:56:00.000000,2023-03-06,0858,0859,III/1
882612_2023-03-10_13:11:00.000000,2023-03-10,13:11:00.000000,2023-03-10,1316,1318,III/1
883472_2023-03-13_08:15:00.000000,2023-03-13,08:15:00.000000,2023-03-13,0820,0823,III/2
883474_2023-03-13_08:15:00.000000,2023-03-13,08:15:00.000000,2023-03-13,0820,0823,III/2
883834_2023-03-15_15:15:00.000000,2023-03-15,15:15:00.000000,2023-03-15,1526,1527,III/1
883836_2023-03-15_15:15:00.000000,2023-03-15,15:15:00.000000,2023-03-15,1526,1527,III/1
884134_2023-03-17_09:00:00.000000,2023-03-17,09:00:00.000000,2023-03-17,0912,0912,III/2
884132_2023-03-17_09:00:00.000000,2023-03-17,09:00:00.000000,2023-03-17,0912,0912,III/2
884134_2023-03-17_13:00:00.000000,2023-03-17,13:00:00.000000,2023-03-17,1304,1305,V/2
884132_2023-03-17_13:00:00.000000,2023-03-17,13:00:00.000000,2023-03-17,1304,1305,V/2
884134_2023-03-17_13:00:00.000000,2023-03-17,13:00:00.000000,2023-03-17,1312,1313,III/1
884132_2023-03-17_13:00:00.000000,2023-03-17,13:00:00.000000,2023-03-17,1312,1313,III/1
884166_2023-03-18_10:45:00.000000,2023-03-18,10:45:00.000000,2023-03-18,1049,1049,III/1
884164_2023-03-18_10:45:00.000000,2023-03-18,10:45:00.000000,2023-03-18,1049,1049,III/1
884166_2023-03-18_11:30:00.000000,2023-03-18,11:30:00.000000,2023-03-18,1136,1137,III/2
884164_2023-03-18_11:30:00.000000,2023-03-18,11:30:00.000000,2023-03-18,1136,1137,III/2
884166_2023-03-18_14:15:00.000000,2023-03-18,14:15:00.000000,2023-03-18,1422,1432,III/1
884164_2023-03-18_14:15:00.000000,2023-03-18,14:15:00.000000,2023-03-18,1422,1432,III/1
884166_2023-03-18_14:30:00.000000,2023-03-18,14:30:00.000000,2023-03-18,1422,1432,III/1
884164_2023-03-18_14:30:00.000000,2023-03-18,14:30:00.000000,2023-03-18,1422,1432,III/1
884166_2023-03-18_15:15:00.000000,2023-03-18,15:15:00.000000,2023-03-18,1516,1516,III/1
884164_2023-03-18_15:15:00.000000,2023-03-18,15:15:00.000000,2023-03-18,1516,1516,III/1
884204_2023-03-19_09:15:00.000000,2023-03-19,09:15:00.000000,2023-03-19,0924,0924,III/1
884202_2023-03-19_09:15:00.000000,2023-03-19,09:15:00.000000,2023-03-19,0924,0924,III/1
884230_2023-03-20_09:15:00.000000,2023-03-20,09:15:00.000000,2023-03-20,0927,0936,III/2
884232_2023-03-20_09:15:00.000000,2023-03-20,09:15:00.000000,2023-03-20,0927,0936,III/2
884230_2023-03-20_09:30:00.000000,2023-03-20,09:30:00.000000,2023-03-20,0927,0936,III/2
884232_2023-03-20_09:30:00.000000,2023-03-20,09:30:00.000000,2023-03-20,0927,0936,III/2
884230_2023-03-20_15:00:00.000000,2023-03-20,15:00:00.000000,2023-03-20,1507,1510,III/1
884232_2023-03-20_15:00:00.000000,2023-03-20,15:00:00.000000,2023-03-20,1507,1510,III/1
884258_2023-03-21_08:30:00.000000,2023-03-21,08:30:00.000000,2023-03-21,0840,0841,III/1
884260_2023-03-21_08:30:00.000000,2023-03-21,08:30:00.000000,2023-03-21,0840,0841,III/1
884258_2023-03-21_14:15:00.000000,2023-03-21,14:15:00.000000,2023-03-21,1417,1418,III/1
884260_2023-03-21_14:15:00.000000,2023-03-21,14:15:00.000000,2023-03-21,1417,1418,III/1
885540_2023-03-23_08:45:00.000000,2023-03-23,08:45:00.000000,2023-03-23,0855,0855,III/1
885538_2023-03-23_08:45:00.000000,2023-03-23,08:45:00.000000,2023-03-23,0855,0855,III/1
885540_2023-03-23_13:15:00.000000,2023-03-23,13:15:00.000000,2023-03-23,1324,1324,III/1
885538_2023-03-23_13:15:00.000000,2023-03-23,13:15:00.000000,2023-03-23,1324,1324,III/1
885572_2023-03-24_09:30:00.000000,2023-03-24,09:30:00.000000,2023-03-24,0941,0941,III/2
885570_2023-03-24_09:30:00.000000,2023-03-24,09:30:00.000000,2023-03-24,0941,0941,III/2
885608_2023-03-25_11:30:00.000000,2023-03-25,11:30:00.000000,2023-03-25,1137,1139,III/1
885606_2023-03-25_11:30:00.000000,2023-03-25,11:30:00.000000,2023-03-25,1137,1139,III/1
885644_2023-03-26_11:45:00.000000,2023-03-26,11:45:00.000000,2023-03-26,1154,1154,III/2
885642_2023-03-26_11:45:00.000000,2023-03-26,11:45:00.000000,2023-03-26,1154,1154,III/2
885644_2023-03-26_12:15:00.000000,2023-03-26,12:15:00.000000,2023-03-26,1228,1229,III/1
885642_2023-03-26_12:15:00.000000,2023-03-26,12:15:00.000000,2023-03-26,1228,1229,III/1
885644_2023-03-26_12:45:00.000000,2023-03-26,12:45:00.000000,2023-03-26,1255,1302,III/1
885642_2023-03-26_12:45:00.000000,2023-03-26,12:45:00.000000,2023-03-26,1255,1302,III/1
885644_2023-03-26_13:00:00.000000,2023-03-26,13:00:00.000000,2023-03-26,1255,1302,III/1
885642_2023-03-26_13:00:00.000000,2023-03-26,13:00:00.000000,2023-03-26,1255,1302,III/1
885904_2023-03-27_08:15:00.000000,2023-03-27,08:15:00.000000,2023-03-27,0817,0818,III/1
885902_2023-03-27_08:15:00.000000,2023-03-27,08:15:00.000000,2023-03-27,0817,0818,III/1
885934_2023-03-29_10:45:00.000000,2023-03-29,10:45:00.000000,2023-03-29,1045,1048,III/1
885936_2023-03-29_10:45:00.000000,2023-03-29,10:45:00.000000,2023-03-29,1045,1048,III/1
885934_2023-03-29_11:45:00.000000,2023-03-29,11:45:00.000000,2023-03-29,1152,1152,III/1
885936_2023-03-29_11:45:00.000000,2023-03-29,11:45:00.000000,2023-03-29,1152,1152,III/1
885934_2023-03-29_13:00:00.000000,2023-03-29,13:00:00.000000,2023-03-29,1301,1302,III/1
885936_2023-03-29_13:00:00.000000,2023-03-29,13:00:00.000000,2023-03-29,1301,1302,III/1
885934_2023-03-29_13:30:00.000000,2023-03-29,13:30:00.000000,2023-03-29,1336,1338,III/1
885936_2023-03-29_13:30:00.000000,2023-03-29,13:30:00.000000,2023-03-29,1336,1338,III/1
885934_2023-03-29_13:45:00.000000,2023-03-29,13:45:00.000000,2023-03-29,1352,1355,III/1
885936_2023-03-29_13:45:00.000000,2023-03-29,13:45:00.000000,2023-03-29,1352,1355,III/1
885934_2023-03-29_15:30:00.000000,2023-03-29,15:30:00.000000,2023-03-29,1544,1546,III/1
885936_2023-03-29_15:30:00.000000,2023-03-29,15:30:00.000000,2023-03-29,1544,1546,III/1
886180_2023-03-30_08:00:00.000000,2023-03-30,08:00:00.000000,2023-03-30,0740,0809,IV/2
886178_2023-03-30_08:00:00.000000,2023-03-30,08:00:00.000000,2023-03-30,0740,0809,IV/2
886180_2023-03-30_08:15:00.000000,2023-03-30,08:15:00.000000,2023-03-30,0818,0824,III/1
886178_2023-03-30_08:15:00.000000,2023-03-30,08:15:00.000000,2023-03-30,0818,0824,III/1
886180_2023-03-30_09:00:00.000000,2023-03-30,09:00:00.000000,2023-03-30,0902,0911,III/1
886178_2023-03-30_09:00:00.000000,2023-03-30,09:00:00.000000,2023-03-30,0902,0911,III/1
886180_2023-03-30_11:00:00.000000,2023-03-30,11:00:00.000000,2023-03-30,1104,1104,III/1
886178_2023-03-30_11:00:00.000000,2023-03-30,11:00:00.000000,2023-03-30,1104,1104,III/1
886206_2023-03-31_09:00:00.000000,2023-03-31,09:00:00.000000,2023-03-31,0904,0908,III/2
886208_2023-03-31_09:00:00.000000,2023-03-31,09:00:00.000000,2023-03-31,0904,0908,III/2
886206_2023-03-31_11:00:00.000000,2023-03-31,11:00:00.000000,2023-03-31,1102,1102,III/1
886208_2023-03-31_11:00:00.000000,2023-03-31,11:00:00.000000,2023-03-31,1102,1102,III/1
886206_2023-03-31_11:15:00.000000,2023-03-31,11:15:00.000000,2023-03-31,1122,1122,III/1
886208_2023-03-31_11:15:00.000000,2023-03-31,11:15:00.000000,2023-03-31,1122,1122,III/1
886206_2023-03-31_13:45:00.000000,2023-03-31,13:45:00.000000,2023-03-31,1352,1355,III/1
886208_2023-03-31_13:45:00.000000,2023-03-31,13:45:00.000000,2023-03-31,1352,1355,III/1
886234_2023-04-01_14:30:00.000000,2023-04-01,14:30:00.000000,2023-04-01,1430,1431,III/1
886236_2023-04-01_14:30:00.000000,2023-04-01,14:30:00.000000,2023-04-01,1430,1431,III/1
886538_2023-04-04_07:41:00.000000,2023-04-04,07:41:00.000000,2023-04-04,0743,0743,III/2
886538_2023-04-04_11:26:00.000000,2023-04-04,11:26:00.000000,2023-04-04,1138,1138,III/1
886618_2023-04-05_10:30:00.000000,2023-04-05,10:30:00.000000,2023-04-05,1035,1035,III/1
886620_2023-04-05_10:30:00.000000,2023-04-05,10:30:00.000000,2023-04-05,1035,1035,III/1
886658_2023-04-06_08:45:00.000000,2023-04-06,08:45:00.000000,2023-04-06,0852,0853,III/2
886660_2023-04-06_08:45:00.000000,2023-04-06,08:45:00.000000,2023-04-06,0852,0853,III/2
886658_2023-04-06_09:30:00.000000,2023-04-06,09:30:00.000000,2023-04-06,0930,0931,III/1
886660_2023-04-06_09:30:00.000000,2023-04-06,09:30:00.000000,2023-04-06,0930,0931,III/1
886658_2023-04-06_15:15:00.000000,2023-04-06,15:15:00.000000,2023-04-06,1529,1530,III/1
886660_2023-04-06_15:15:00.000000,2023-04-06,15:15:00.000000,2023-04-06,1529,1530,III/1
886716_2023-04-08_13:00:00.000000,2023-04-08,13:00:00.000000,2023-04-08,1308,1309,III/1
886714_2023-04-08_13:00:00.000000,2023-04-08,13:00:00.000000,2023-04-08,1308,1309,III/1
886716_2023-04-08_13:15:00.000000,2023-04-08,13:15:00.000000,2023-04-08,1324,1324,III/1
886714_2023-04-08_13:15:00.000000,2023-04-08,13:15:00.000000,2023-04-08,1324,1324,III/1
886716_2023-04-08_14:00:00.000000,2023-04-08,14:00:00.000000,2023-04-08,1412,1413,III/2
886714_2023-04-08_14:00:00.000000,2023-04-08,14:00:00.000000,2023-04-08,1412,1413,III/2
887024_2023-04-09_15:30:00.000000,2023-04-09,15:30:00.000000,2023-04-09,1540,1541,III/1
887026_2023-04-09_15:30:00.000000,2023-04-09,15:30:00.000000,2023-04-09,1540,1541,III/1
887048_2023-04-10_14:30:00.000000,2023-04-10,14:30:00.000000,2023-04-10,1442,1443,III/1
887046_2023-04-10_14:30:00.000000,2023-04-10,14:30:00.000000,2023-04-10,1442,1443,III/1
887376_2023-04-13_06:26:00.000000,2023-04-13,06:26:00.000000,2023-04-13,0630,0631,III/1
887376_2023-04-13_10:41:00.000000,2023-04-13,10:41:00.000000,2023-04-13,1050,1051,III/1
887376_2023-04-13_11:26:00.000000,2023-04-13,11:26:00.000000,2023-04-13,1134,1135,III/1
887376_2023-04-13_11:56:00.000000,2023-04-13,11:56:00.000000,2023-04-13,1157,1201,III/2
887376_2023-04-13_14:11:00.000000,2023-04-13,14:11:00.000000,2023-04-13,1415,1415,III/1
887372_2023-04-14_09:11:00.000000,2023-04-14,09:11:00.000000,2023-04-14,0920,0923,III/1
887372_2023-04-14_10:11:00.000000,2023-04-14,10:11:00.000000,2023-04-14,1012,1013,III/1
887372_2023-04-14_13:56:00.000000,2023-04-14,13:56:00.000000,2023-04-14,1403,1408,III/1
887372_2023-04-14_15:41:00.000000,2023-04-14,15:41:00.000000,2023-04-14,1547,1549,III/1
887372_2023-04-14_16:11:00.000000,2023-04-14,16:11:00.000000,2023-04-14,1612,1616,III/1
887360_2023-04-17_06:26:00.000000,2023-04-17,06:26:00.000000,2023-04-17,0626,0635,III/2
887360_2023-04-17_06:56:00.000000,2023-04-17,06:56:00.000000,2023-04-17,0659,0700,III/2
887360_2023-04-17_10:41:00.000000,2023-04-17,10:41:00.000000,2023-04-17,1049,1049,III/1
887360_2023-04-17_12:11:00.000000,2023-04-17,12:11:00.000000,2023-04-17,1221,1226,III/2
887360_2023-04-17_13:11:00.000000,2023-04-17,13:11:00.000000,2023-04-17,1318,1321,III/1
887360_2023-04-17_14:26:00.000000,2023-04-17,14:26:00.000000,2023-04-17,1427,1434,III/2
887360_2023-04-17_16:11:00.000000,2023-04-17,16:11:00.000000,2023-04-17,1615,1623,III/2
887356_2023-04-18_09:56:00.000000,2023-04-18,09:56:00.000000,2023-04-18,0957,0958,III/1
887356_2023-04-18_11:11:00.000000,2023-04-18,11:11:00.000000,2023-04-18,1113,1122,III/1
887356_2023-04-18_14:11:00.000000,2023-04-18,14:11:00.000000,2023-04-18,1411,1412,III/1
887356_2023-04-18_15:11:00.000000,2023-04-18,15:11:00.000000,2023-04-18,1517,1518,III/1
887356_2023-04-18_16:56:00.000000,2023-04-18,16:56:00.000000,2023-04-18,1702,1705,III/1
887352_2023-04-19_07:26:00.000000,2023-04-19,07:26:00.000000,2023-04-19,0726,0727,III/1
887352_2023-04-19_10:26:00.000000,2023-04-19,10:26:00.000000,2023-04-19,1035,1036,III/1
887352_2023-04-19_12:26:00.000000,2023-04-19,12:26:00.000000,2023-04-19,1226,1229,III/2
887348_2023-04-20_10:26:00.000000,2023-04-20,10:26:00.000000,2023-04-20,1027,1036,III/1
887348_2023-04-20_10:41:00.000000,2023-04-20,10:41:00.000000,2023-04-20,1050,1051,III/1
887348_2023-04-20_12:11:00.000000,2023-04-20,12:11:00.000000,2023-04-20,1217,1219,III/3
887348_2023-04-20_13:56:00.000000,2023-04-20,13:56:00.000000,2023-04-20,1358,1359,III/1
887348_2023-04-20_17:11:00.000000,2023-04-20,17:11:00.000000,2023-04-20,1720,1722,III/1
887344_2023-04-21_06:26:00.000000,2023-04-21,06:26:00.000000,2023-04-21,0630,0631,III/1
887344_2023-04-21_07:41:00.000000,2023-04-21,07:41:00.000000,2023-04-21,0750,0755,III/2
887344_2023-04-21_07:41:00.000000,2023-04-21,07:41:00.000000,2023-04-21,0754,0756,III/2
887344_2023-04-21_10:56:00.000000,2023-04-21,10:56:00.000000,2023-04-21,1104,1104,III/1
887344_2023-04-21_12:26:00.000000,2023-04-21,12:26:00.000000,2023-04-21,1240,1241,III/1
887898_2023-04-22_07:41:00.000000,2023-04-22,07:41:00.000000,2023-04-22,0753,0753,III/1
887898_2023-04-22_08:11:00.000000,2023-04-22,08:11:00.000000,2023-04-22,0821,0821,III/2
887898_2023-04-22_10:41:00.000000,2023-04-22,10:41:00.000000,2023-04-22,1051,1051,III/1
887898_2023-04-22_12:56:00.000000,2023-04-22,12:56:00.000000,2023-04-22,1308,1419,III/1
887898_2023-04-22_13:11:00.000000,2023-04-22,13:11:00.000000,2023-04-22,1308,1419,III/1
887898_2023-04-22_13:26:00.000000,2023-04-22,13:26:00.000000,2023-04-22,1308,1419,III/1
887898_2023-04-22_13:41:00.000000,2023-04-22,13:41:00.000000,2023-04-22,1308,1419,III/1
887898_2023-04-22_13:56:00.000000,2023-04-22,13:56:00.000000,2023-04-22,1308,1419,III/1
887898_2023-04-22_14:11:00.000000,2023-04-22,14:11:00.000000,2023-04-22,1308,1419,III/1
887902_2023-04-23_16:11:00.000000,2023-04-23,16:11:00.000000,2023-04-23,1620,1623,III/1
887902_2023-04-23_16:26:00.000000,2023-04-23,16:26:00.000000,2023-04-23,1635,1644,III/1
887902_2023-04-23_16:41:00.000000,2023-04-23,16:41:00.000000,2023-04-23,1635,1644,III/1
887906_2023-04-24_10:56:00.000000,2023-04-24,10:56:00.000000,2023-04-24,1108,1115,III/1
887906_2023-04-24_11:11:00.000000,2023-04-24,11:11:00.000000,2023-04-24,1108,1115,III/1
887910_2023-04-25_09:56:00.000000,2023-04-25,09:56:00.000000,2023-04-25,0956,0957,III/2
887922_2023-04-28_08:56:00.000000,2023-04-28,08:56:00.000000,2023-04-28,0859,0911,III/2
887922_2023-04-28_10:56:00.000000,2023-04-28,10:56:00.000000,2023-04-28,1100,1103,III/2
887922_2023-04-28_11:26:00.000000,2023-04-28,11:26:00.000000,2023-04-28,1131,1138,III/2
887922_2023-04-28_14:41:00.000000,2023-04-28,14:41:00.000000,2023-04-28,1453,1454,III/1
887862_2023-04-29_08:11:00.000000,2023-04-29,08:11:00.000000,2023-04-29,0815,0823,III/2
887862_2023-04-29_08:26:00.000000,2023-04-29,08:26:00.000000,2023-04-29,0838,0838,III/1
887862_2023-04-29_10:41:00.000000,2023-04-29,10:41:00.000000,2023-04-29,1049,1049,III/1
887862_2023-04-29_11:11:00.000000,2023-04-29,11:11:00.000000,2023-04-29,1123,1124,III/1
887862_2023-04-29_13:11:00.000000,2023-04-29,13:11:00.000000,2023-04-29,1321,1329,III/2
887862_2023-04-29_13:26:00.000000,2023-04-29,13:26:00.000000,2023-04-29,1321,1329,III/2
887862_2023-04-29_14:41:00.000000,2023-04-29,14:41:00.000000,2023-04-29,1452,1452,III/1
888128_2023-04-30_06:26:00.000000,2023-04-30,06:26:00.000000,2023-04-30,0640,0641,III/2
888128_2023-04-30_08:11:00.000000,2023-04-30,08:11:00.000000,2023-04-30,0814,0821,III/1
888128_2023-04-30_08:26:00.000000,2023-04-30,08:26:00.000000,2023-04-30,0832,0840,III/2
888128_2023-04-30_11:26:00.000000,2023-04-30,11:26:00.000000,2023-04-30,1131,1134,III/1
888128_2023-04-30_13:56:00.000000,2023-04-30,13:56:00.000000,2023-04-30,1402,1403,III/1
888128_2023-04-30_16:41:00.000000,2023-04-30,16:41:00.000000,2023-04-30,1651,1652,III/1
888130_2023-05-01_06:56:00.000000,2023-05-01,06:56:00.000000,2023-05-01,0701,0704,III/2
888130_2023-05-01_07:41:00.000000,2023-05-01,07:41:00.000000,2023-05-01,0742,0744,III/2
888130_2023-05-01_09:26:00.000000,2023-05-01,09:26:00.000000,2023-05-01,0935,0943,III/2
888130_2023-05-01_09:41:00.000000,2023-05-01,09:41:00.000000,2023-05-01,0935,0943,III/2
888130_2023-05-01_12:41:00.000000,2023-05-01,12:41:00.000000,2023-05-01,1254,1255,III/1
888130_2023-05-01_12:56:00.000000,2023-05-01,12:56:00.000000,2023-05-01,1306,1313,III/1
888130_2023-05-01_13:11:00.000000,2023-05-01,13:11:00.000000,2023-05-01,1306,1313,III/1
888130_2023-05-01_14:26:00.000000,2023-05-01,14:26:00.000000,2023-05-01,1428,1429,III/2
888130_2023-05-01_15:26:00.000000,2023-05-01,15:26:00.000000,2023-05-01,1538,1539,III/1
888130_2023-05-01_16:26:00.000000,2023-05-01,16:26:00.000000,2023-05-01,1640,1641,III/1
888132_2023-05-02_06:26:00.000000,2023-05-02,06:26:00.000000,2023-05-02,0624,0627,III/1
888132_2023-05-02_10:26:00.000000,2023-05-02,10:26:00.000000,2023-05-02,1039,1040,III/1
888132_2023-05-02_11:26:00.000000,2023-05-02,11:26:00.000000,2023-05-02,1126,1129,III/1
888132_2023-05-02_13:56:00.000000,2023-05-02,13:56:00.000000,2023-05-02,1404,1405,III/1
888132_2023-05-02_14:56:00.000000,2023-05-02,14:56:00.000000,2023-05-02,1504,1511,III/1
888132_2023-05-02_16:26:00.000000,2023-05-02,16:26:00.000000,2023-05-02,1630,1632,III/1
888136_2023-05-03_07:26:00.000000,2023-05-03,07:26:00.000000,2023-05-03,0726,0731,III/2
888136_2023-05-03_11:56:00.000000,2023-05-03,11:56:00.000000,2023-05-03,1210,1217,III/1
888136_2023-05-03_12:11:00.000000,2023-05-03,12:11:00.000000,2023-05-03,1210,1217,III/1
888136_2023-05-03_15:56:00.000000,2023-05-03,15:56:00.000000,2023-05-03,1602,1602,III/1
888140_2023-05-04_07:56:00.000000,2023-05-04,07:56:00.000000,2023-05-04,0809,0816,III/1
888140_2023-05-04_08:11:00.000000,2023-05-04,08:11:00.000000,2023-05-04,0809,0816,III/1
888140_2023-05-04_08:26:00.000000,2023-05-04,08:26:00.000000,2023-05-04,0830,0853,II/2    717
888140_2023-05-04_08:41:00.000000,2023-05-04,08:41:00.000000,2023-05-04,0830,0853,II/2    717
888140_2023-05-04_08:41:00.000000,2023-05-04,08:41:00.000000,2023-05-04,0848,1506,IV/2
888140_2023-05-04_08:56:00.000000,2023-05-04,08:56:00.000000,2023-05-04,0848,1506,IV/2
888140_2023-05-04_09:11:00.000000,2023-05-04,09:11:00.000000,2023-05-04,0848,1506,IV/2
888140_2023-05-04_09:26:00.000000,2023-05-04,09:26:00.000000,2023-05-04,0848,1506,IV/2
888140_2023-05-04_09:41:00.000000,2023-05-04,09:41:00.000000,2023-05-04,0848,1506,IV/2
888140_2023-05-04_09:56:00.000000,2023-05-04,09:56:00.000000,2023-05-04,0848,1506,IV/2
888140_2023-05-04_09:11:00.000000,2023-05-04,09:11:00.000000,2023-05-04,0915,0921,III/1
888140_2023-05-04_09:41:00.000000,2023-05-04,09:41:00.000000,2023-05-04,0946,1504,IV/1
888140_2023-05-04_09:56:00.000000,2023-05-04,09:56:00.000000,2023-05-04,0946,1504,IV/1
888140_2023-05-04_10:11:00.000000,2023-05-04,10:11:00.000000,2023-05-04,0946,1504,IV/1
888140_2023-05-04_10:26:00.000000,2023-05-04,10:26:00.000000,2023-05-04,0946,1504,IV/1
888140_2023-05-04_10:41:00.000000,2023-05-04,10:41:00.000000,2023-05-04,0946,1504,IV/1
888140_2023-05-04_10:56:00.000000,2023-05-04,10:56:00.000000,2023-05-04,0946,1504,IV/1
888144_2023-05-05_06:56:00.000000,2023-05-05,06:56:00.000000,2023-05-05,0706,0719,II/2    708
888144_2023-05-05_07:11:00.000000,2023-05-05,07:11:00.000000,2023-05-05,0706,0719,II/2    708
888144_2023-05-05_07:26:00.000000,2023-05-05,07:26:00.000000,2023-05-05,0739,1739,IV/2
888144_2023-05-05_07:41:00.000000,2023-05-05,07:41:00.000000,2023-05-05,0739,1739,IV/2
888144_2023-05-05_07:56:00.000000,2023-05-05,07:56:00.000000,2023-05-05,0739,1739,IV/2
888144_2023-05-05_08:11:00.000000,2023-05-05,08:11:00.000000,2023-05-05,0739,1739,IV/2
888144_2023-05-05_08:26:00.000000,2023-05-05,08:26:00.000000,2023-05-05,0739,1739,IV/2
888144_2023-05-05_08:41:00.000000,2023-05-05,08:41:00.000000,2023-05-05,0739,1739,IV/2
888144_2023-05-05_07:41:00.000000,2023-05-05,07:41:00.000000,2023-05-05,0754,0804,II/2    997
888144_2023-05-05_07:56:00.000000,2023-05-05,07:56:00.000000,2023-05-05,0754,0804,II/2    997
888144_2023-05-05_09:56:00.000000,2023-05-05,09:56:00.000000,2023-05-05,1002,1742,IV/1
888144_2023-05-05_10:11:00.000000,2023-05-05,10:11:00.000000,2023-05-05,1002,1742,IV/1
888144_2023-05-05_10:26:00.000000,2023-05-05,10:26:00.000000,2023-05-05,1002,1742,IV/1
888144_2023-05-05_10:41:00.000000,2023-05-05,10:41:00.000000,2023-05-05,1002,1742,IV/1
888144_2023-05-05_10:56:00.000000,2023-05-05,10:56:00.000000,2023-05-05,1002,1742,IV/1
888144_2023-05-05_11:11:00.000000,2023-05-05,11:11:00.000000,2023-05-05,1002,1742,IV/1
888144_2023-05-05_15:41:00.000000,2023-05-05,15:41:00.000000,2023-05-05,1543,1547,III/2
888148_2023-05-06_06:41:00.000000,2023-05-06,06:41:00.000000,2023-05-06,0642,0645,III/2
888148_2023-05-06_08:11:00.000000,2023-05-06,08:11:00.000000,2023-05-06,0824,0824,III/1
888148_2023-05-06_08:56:00.000000,2023-05-06,08:56:00.000000,2023-05-06,0900,0901,III/1
888148_2023-05-06_11:41:00.000000,2023-05-06,11:41:00.000000,2023-05-06,1149,1150,III/1
888148_2023-05-06_12:26:00.000000,2023-05-06,12:26:00.000000,2023-05-06,1237,1240,III/3
888148_2023-05-06_15:11:00.000000,2023-05-06,15:11:00.000000,2023-05-06,1518,1521,III/2
888148_2023-05-06_16:56:00.000000,2023-05-06,16:56:00.000000,2023-05-06,1658,1659,III/1
888152_2023-05-07_06:26:00.000000,2023-05-07,06:26:00.000000,2023-05-07,0630,0633,III/3
888152_2023-05-07_06:41:00.000000,2023-05-07,06:41:00.000000,2023-05-07,0641,0642,III/2
888152_2023-05-07_07:56:00.000000,2023-05-07,07:56:00.000000,2023-05-07,0801,0803,III/2
888152_2023-05-07_09:26:00.000000,2023-05-07,09:26:00.000000,2023-05-07,0938,0938,III/1
888152_2023-05-07_11:11:00.000000,2023-05-07,11:11:00.000000,2023-05-07,1118,1120,III/1
888156_2023-05-08_06:41:00.000000,2023-05-08,06:41:00.000000,2023-05-08,0642,0643,III/2
888156_2023-05-08_06:56:00.000000,2023-05-08,06:56:00.000000,2023-05-08,0707,0709,III/2
888156_2023-05-08_08:11:00.000000,2023-05-08,08:11:00.000000,2023-05-08,0823,0831,III/3
888156_2023-05-08_08:26:00.000000,2023-05-08,08:26:00.000000,2023-05-08,0823,0831,III/3
888156_2023-05-08_08:26:00.000000,2023-05-08,08:26:00.000000,2023-05-08,0826,0828,II/2    797
888156_2023-05-08_09:41:00.000000,2023-05-08,09:41:00.000000,2023-05-08,0951,1000,III/2
888156_2023-05-08_09:56:00.000000,2023-05-08,09:56:00.000000,2023-05-08,0951,1000,III/2
888156_2023-05-08_10:41:00.000000,2023-05-08,10:41:00.000000,2023-05-08,1054,1103,III/2
888156_2023-05-08_10:56:00.000000,2023-05-08,10:56:00.000000,2023-05-08,1054,1103,III/2
888156_2023-05-08_14:11:00.000000,2023-05-08,14:11:00.000000,2023-05-08,1416,1419,III/2
888156_2023-05-08_17:11:00.000000,2023-05-08,17:11:00.000000,2023-05-08,1716,1716,III/1
888160_2023-05-09_07:26:00.000000,2023-05-09,07:26:00.000000,2023-05-09,0739,0742,III/2
888160_2023-05-09_07:41:00.000000,2023-05-09,07:41:00.000000,2023-05-09,0739,0742,III/2
888160_2023-05-09_10:41:00.000000,2023-05-09,10:41:00.000000,2023-05-09,1048,1050,III/2
888160_2023-05-09_11:56:00.000000,2023-05-09,11:56:00.000000,2023-05-09,1202,1205,III/2
888160_2023-05-09_13:56:00.000000,2023-05-09,13:56:00.000000,2023-05-09,1401,1402,III/3
888164_2023-05-10_06:56:00.000000,2023-05-10,06:56:00.000000,2023-05-10,0658,0659,III/1
888164_2023-05-10_07:11:00.000000,2023-05-10,07:11:00.000000,2023-05-10,0722,0723,III/2
888164_2023-05-10_07:56:00.000000,2023-05-10,07:56:00.000000,2023-05-10,0807,0808,III/2
888164_2023-05-10_09:26:00.000000,2023-05-10,09:26:00.000000,2023-05-10,0933,0933,III/1
888164_2023-05-10_14:11:00.000000,2023-05-10,14:11:00.000000,2023-05-10,1417,1422,III/2
888164_2023-05-10_14:26:00.000000,2023-05-10,14:26:00.000000,2023-05-10,1435,1436,III/1
888164_2023-05-10_14:41:00.000000,2023-05-10,14:41:00.000000,2023-05-10,1455,1459,III/2
888164_2023-05-10_14:56:00.000000,2023-05-10,14:56:00.000000,2023-05-10,1455,1459,III/2
888164_2023-05-10_15:41:00.000000,2023-05-10,15:41:00.000000,2023-05-10,1552,1553,III/1
888168_2023-05-11_08:41:00.000000,2023-05-11,08:41:00.000000,2023-05-11,0853,0856,V/2
888168_2023-05-11_08:56:00.000000,2023-05-11,08:56:00.000000,2023-05-11,0857,0907,II/2    419
888168_2023-05-11_12:56:00.000000,2023-05-11,12:56:00.000000,2023-05-11,1301,1302,III/2
888172_2023-05-12_07:26:00.000000,2023-05-12,07:26:00.000000,2023-05-12,0731,0732,III/1
888172_2023-05-12_12:41:00.000000,2023-05-12,12:41:00.000000,2023-05-12,1243,1243,III/1
888172_2023-05-12_13:56:00.000000,2023-05-12,13:56:00.000000,2023-05-12,1404,1404,III/1
888172_2023-05-12_16:11:00.000000,2023-05-12,16:11:00.000000,2023-05-12,1624,1624,III/1
888176_2023-05-13_08:26:00.000000,2023-05-13,08:26:00.000000,2023-05-13,0829,0829,III/1
888176_2023-05-13_10:11:00.000000,2023-05-13,10:11:00.000000,2023-05-13,1018,1018,III/1
888176_2023-05-13_14:41:00.000000,2023-05-13,14:41:00.000000,2023-05-13,1452,1452,III/1
888180_2023-05-14_11:26:00.000000,2023-05-14,11:26:00.000000,2023-05-14,1131,1132,III/1
888180_2023-05-14_14:41:00.000000,2023-05-14,14:41:00.000000,2023-05-14,1453,1455,III/1
888184_2023-05-15_06:41:00.000000,2023-05-15,06:41:00.000000,2023-05-15,0654,0654,III/1
888184_2023-05-15_08:26:00.000000,2023-05-15,08:26:00.000000,2023-05-15,0827,0827,III/1
888184_2023-05-15_08:26:00.000000,2023-05-15,08:26:00.000000,2023-05-15,0839,0841,III/1
888184_2023-05-15_09:56:00.000000,2023-05-15,09:56:00.000000,2023-05-15,1004,1004,III/1
888184_2023-05-15_11:56:00.000000,2023-05-15,11:56:00.000000,2023-05-15,1200,1201,III/1
888184_2023-05-15_12:41:00.000000,2023-05-15,12:41:00.000000,2023-05-15,1253,1256,III/1
888184_2023-05-15_14:26:00.000000,2023-05-15,14:26:00.000000,2023-05-15,1438,1447,III/1
888184_2023-05-15_14:41:00.000000,2023-05-15,14:41:00.000000,2023-05-15,1438,1447,III/1
888188_2023-05-16_06:56:00.000000,2023-05-16,06:56:00.000000,2023-05-16,0702,0703,III/2
888188_2023-05-16_07:11:00.000000,2023-05-16,07:11:00.000000,2023-05-16,0718,0720,III/1
888188_2023-05-16_10:26:00.000000,2023-05-16,10:26:00.000000,2023-05-16,1032,1032,III/1
888188_2023-05-16_11:11:00.000000,2023-05-16,11:11:00.000000,2023-05-16,1115,1116,III/1
888464_2023-05-17_15:00:00.000000,2023-05-17,15:00:00.000000,2023-05-17,1507,1511,III/2
888464_2023-05-17_15:00:00.000000,2023-05-17,15:00:00.000000,2023-05-17,1508,1511,V/2
888464_2023-05-17_15:15:00.000000,2023-05-17,15:15:00.000000,2023-05-17,1522,1532,II/2    343
888464_2023-05-17_15:30:00.000000,2023-05-17,15:30:00.000000,2023-05-17,1522,1532,II/2    343
888468_2023-05-18_08:11:00.000000,2023-05-18,08:11:00.000000,2023-05-18,0825,0826,III/1
888468_2023-05-18_12:41:00.000000,2023-05-18,12:41:00.000000,2023-05-18,1248,1249,III/1
888468_2023-05-18_13:56:00.000000,2023-05-18,13:56:00.000000,2023-05-18,1358,1405,III/2
888468_2023-05-18_14:41:00.000000,2023-05-18,14:41:00.000000,2023-05-18,1450,1451,III/1
888468_2023-05-18_15:56:00.000000,2023-05-18,15:56:00.000000,2023-05-18,1559,1603,III/1
888468_2023-05-18_16:41:00.000000,2023-05-18,16:41:00.000000,2023-05-18,1649,1650,III/1
888472_2023-05-19_07:11:00.000000,2023-05-19,07:11:00.000000,2023-05-19,0712,0715,III/1
888472_2023-05-19_07:56:00.000000,2023-05-19,07:56:00.000000,2023-05-19,0758,0803,III/2
888472_2023-05-19_08:26:00.000000,2023-05-19,08:26:00.000000,2023-05-19,0836,0837,III/2
888472_2023-05-19_09:11:00.000000,2023-05-19,09:11:00.000000,2023-05-19,0913,0915,III/1
888472_2023-05-19_09:56:00.000000,2023-05-19,09:56:00.000000,2023-05-19,1009,1009,III/1
888472_2023-05-19_16:11:00.000000,2023-05-19,16:11:00.000000,2023-05-19,1618,1619,III/1
888472_2023-05-19_16:56:00.000000,2023-05-19,16:56:00.000000,2023-05-19,1709,1718,III/1
888472_2023-05-19_17:11:00.000000,2023-05-19,17:11:00.000000,2023-05-19,1709,1718,III/1
888476_2023-05-20_06:26:00.000000,2023-05-20,06:26:00.000000,2023-05-20,0630,0630,III/1
888476_2023-05-20_07:11:00.000000,2023-05-20,07:11:00.000000,2023-05-20,0712,0716,III/1
888476_2023-05-20_07:26:00.000000,2023-05-20,07:26:00.000000,2023-05-20,0740,0807,III/1
888476_2023-05-20_07:41:00.000000,2023-05-20,07:41:00.000000,2023-05-20,0740,0807,III/1
888476_2023-05-20_07:56:00.000000,2023-05-20,07:56:00.000000,2023-05-20,0740,0807,III/1
888476_2023-05-20_09:11:00.000000,2023-05-20,09:11:00.000000,2023-05-20,0920,0925,III/1
888476_2023-05-20_11:26:00.000000,2023-05-20,11:26:00.000000,2023-05-20,1127,1129,III/2
888480_2023-05-21_06:56:00.000000,2023-05-21,06:56:00.000000,2023-05-21,0708,0714,III/1
888480_2023-05-21_07:11:00.000000,2023-05-21,07:11:00.000000,2023-05-21,0708,0714,III/1
888480_2023-05-21_09:56:00.000000,2023-05-21,09:56:00.000000,2023-05-21,1002,1002,III/1
888572_2023-05-21_10:00:00.000000,2023-05-21,10:00:00.000000,2023-05-21,1002,1002,III/1
888574_2023-05-21_10:00:00.000000,2023-05-21,10:00:00.000000,2023-05-21,1002,1002,III/1
888480_2023-05-21_13:26:00.000000,2023-05-21,13:26:00.000000,2023-05-21,1340,1340,III/1
888572_2023-05-21_13:30:00.000000,2023-05-21,13:30:00.000000,2023-05-21,1340,1340,III/1
888574_2023-05-21_13:30:00.000000,2023-05-21,13:30:00.000000,2023-05-21,1340,1340,III/1
888484_2023-05-22_09:26:00.000000,2023-05-22,09:26:00.000000,2023-05-22,0933,0934,III/2
888484_2023-05-22_13:26:00.000000,2023-05-22,13:26:00.000000,2023-05-22,1332,1334,III/2
888484_2023-05-22_13:26:00.000000,2023-05-22,13:26:00.000000,2023-05-22,1340,1353,II/2    439
888484_2023-05-22_13:41:00.000000,2023-05-22,13:41:00.000000,2023-05-22,1340,1353,II/2    439
888504_2023-05-23_08:41:00.000000,2023-05-23,08:41:00.000000,2023-05-23,0854,0856,III/1
888504_2023-05-23_10:56:00.000000,2023-05-23,10:56:00.000000,2023-05-23,1059,2355,IV/2
888504_2023-05-23_11:11:00.000000,2023-05-23,11:11:00.000000,2023-05-23,1059,2355,IV/2
888504_2023-05-23_11:26:00.000000,2023-05-23,11:26:00.000000,2023-05-23,1059,2355,IV/2
888504_2023-05-23_11:41:00.000000,2023-05-23,11:41:00.000000,2023-05-23,1059,2355,IV/2
888504_2023-05-23_11:56:00.000000,2023-05-23,11:56:00.000000,2023-05-23,1059,2355,IV/2
888504_2023-05-23_12:11:00.000000,2023-05-23,12:11:00.000000,2023-05-23,1059,2355,IV/2
888504_2023-05-23_11:11:00.000000,2023-05-23,11:11:00.000000,2023-05-23,1118,1119,III/2
888504_2023-05-23_11:11:00.000000,2023-05-23,11:11:00.000000,2023-05-23,1120,1757,IV/2
888504_2023-05-23_11:26:00.000000,2023-05-23,11:26:00.000000,2023-05-23,1120,1757,IV/2
888504_2023-05-23_11:41:00.000000,2023-05-23,11:41:00.000000,2023-05-23,1120,1757,IV/2
888504_2023-05-23_11:56:00.000000,2023-05-23,11:56:00.000000,2023-05-23,1120,1757,IV/2
888504_2023-05-23_12:11:00.000000,2023-05-23,12:11:00.000000,2023-05-23,1120,1757,IV/2
888504_2023-05-23_12:26:00.000000,2023-05-23,12:26:00.000000,2023-05-23,1120,1757,IV/2
888504_2023-05-23_11:56:00.000000,2023-05-23,11:56:00.000000,2023-05-23,1157,1158,III/1
888508_2023-05-24_09:11:00.000000,2023-05-24,09:11:00.000000,2023-05-24,0925,1608,IV/1
888508_2023-05-24_09:26:00.000000,2023-05-24,09:26:00.000000,2023-05-24,0925,1608,IV/1
888508_2023-05-24_09:41:00.000000,2023-05-24,09:41:00.000000,2023-05-24,0925,1608,IV/1
888508_2023-05-24_09:56:00.000000,2023-05-24,09:56:00.000000,2023-05-24,0925,1608,IV/1
888508_2023-05-24_10:11:00.000000,2023-05-24,10:11:00.000000,2023-05-24,0925,1608,IV/1
888508_2023-05-24_10:26:00.000000,2023-05-24,10:26:00.000000,2023-05-24,0925,1608,IV/1
888508_2023-05-24_12:41:00.000000,2023-05-24,12:41:00.000000,2023-05-24,1254,1255,III/2
888508_2023-05-24_15:11:00.000000,2023-05-24,15:11:00.000000,2023-05-24,1522,1527,III/2
888508_2023-05-24_15:26:00.000000,2023-05-24,15:26:00.000000,2023-05-24,1522,1527,III/2
888512_2023-05-25_06:56:00.000000,2023-05-25,06:56:00.000000,2023-05-25,0700,0702,III/1
888512_2023-05-25_07:41:00.000000,2023-05-25,07:41:00.000000,2023-05-25,0742,0748,III/2
888512_2023-05-25_09:11:00.000000,2023-05-25,09:11:00.000000,2023-05-25,0925,0928,III/2
888512_2023-05-25_09:26:00.000000,2023-05-25,09:26:00.000000,2023-05-25,0925,0928,III/2
888512_2023-05-25_12:41:00.000000,2023-05-25,12:41:00.000000,2023-05-25,1253,1255,III/3
888512_2023-05-25_14:26:00.000000,2023-05-25,14:26:00.000000,2023-05-25,1428,1428,III/2
888512_2023-05-25_16:26:00.000000,2023-05-25,16:26:00.000000,2023-05-25,1633,1636,III/1
888516_2023-05-26_14:41:00.000000,2023-05-26,14:41:00.000000,2023-05-26,1442,1443,III/1
888520_2023-05-27_08:11:00.000000,2023-05-27,08:11:00.000000,2023-05-27,0812,0813,III/2
888520_2023-05-27_09:41:00.000000,2023-05-27,09:41:00.000000,2023-05-27,0951,0951,III/1
888520_2023-05-27_10:11:00.000000,2023-05-27,10:11:00.000000,2023-05-27,1012,1013,III/2
888520_2023-05-27_12:41:00.000000,2023-05-27,12:41:00.000000,2023-05-27,1250,1250,III/2
888520_2023-05-27_12:56:00.000000,2023-05-27,12:56:00.000000,2023-05-27,1307,1308,III/3
888520_2023-05-27_13:11:00.000000,2023-05-27,13:11:00.000000,2023-05-27,1315,1316,III/2
888524_2023-05-28_07:11:00.000000,2023-05-28,07:11:00.000000,2023-05-28,0724,0724,III/1
888524_2023-05-28_07:56:00.000000,2023-05-28,07:56:00.000000,2023-05-28,0757,0758,III/1
888524_2023-05-28_08:26:00.000000,2023-05-28,08:26:00.000000,2023-05-28,0835,0835,III/1
888524_2023-05-28_10:26:00.000000,2023-05-28,10:26:00.000000,2023-05-28,1034,1043,III/1
888524_2023-05-28_10:41:00.000000,2023-05-28,10:41:00.000000,2023-05-28,1034,1043,III/1
888524_2023-05-28_11:56:00.000000,2023-05-28,11:56:00.000000,2023-05-28,1156,1157,III/2
888524_2023-05-28_13:26:00.000000,2023-05-28,13:26:00.000000,2023-05-28,1329,1329,III/1
888524_2023-05-28_16:26:00.000000,2023-05-28,16:26:00.000000,2023-05-28,1631,1632,III/1
888528_2023-05-29_06:56:00.000000,2023-05-29,06:56:00.000000,2023-05-29,0658,0659,III/1
888528_2023-05-29_09:11:00.000000,2023-05-29,09:11:00.000000,2023-05-29,0914,0924,III/2
888528_2023-05-29_10:56:00.000000,2023-05-29,10:56:00.000000,2023-05-29,1108,1108,III/1
888528_2023-05-29_11:56:00.000000,2023-05-29,11:56:00.000000,2023-05-29,1208,1208,III/1
888528_2023-05-29_12:41:00.000000,2023-05-29,12:41:00.000000,2023-05-29,1252,1258,III/1
888528_2023-05-29_12:56:00.000000,2023-05-29,12:56:00.000000,2023-05-29,1252,1258,III/1
888528_2023-05-29_13:26:00.000000,2023-05-29,13:26:00.000000,2023-05-29,1337,1346,III/1
888528_2023-05-29_13:41:00.000000,2023-05-29,13:41:00.000000,2023-05-29,1337,1346,III/1
2019321_2023-06-15_12:31:00.000000,2023-06-15,12:31:00.000000,2023-06-15,1242,1247,III/1
2019743_2023-06-28_05:52:01.000000,2023-06-28,05:52:01.000000,2023-06-28,0555,0605,III/2
2019743_2023-06-28_05:52:01.000000,2023-06-28,05:52:01.000000,2023-06-28,0602,0603,III/2
2019743_2023-06-28_14:22:01.000000,2023-06-28,14:22:01.000000,2023-06-28,1423,1423,III/2
2019743_2023-06-28_15:07:01.000000,2023-06-28,15:07:01.000000,2023-06-28,1509,1510,III/1
2019743_2023-06-28_15:22:01.000000,2023-06-28,15:22:01.000000,2023-06-28,1532,1534,III/2
2019743_2023-06-28_15:52:01.000000,2023-06-28,15:52:01.000000,2023-06-28,1602,1603,III/1
2019743_2023-06-28_16:37:01.000000,2023-06-28,16:37:01.000000,2023-06-28,1643,1643,III/3
2019743_2023-06-28_17:52:01.000000,2023-06-28,17:52:01.000000,2023-06-28,1759,1759,III/1
2020027_2023-06-28_18:51:00.000000,2023-06-28,18:51:00.000000,2023-06-28,1855,1858,III/2
2020021_2023-06-29_08:37:00.000000,2023-06-29,08:37:00.000000,2023-06-29,0850,0850,III/1
2020021_2023-06-29_14:07:00.000000,2023-06-29,14:07:00.000000,2023-06-29,1412,1414,V/2
2020024_2023-06-29_22:05:00.000000,2023-06-29,22:05:00.000000,2023-06-29,2208,2209,III/1
2020402_2023-06-30_08:38:00.000000,2023-06-30,08:38:00.000000,2023-06-30,0842,0843,III/1
2021008_2023-07-01_05:09:00.000000,2023-07-01,05:09:00.000000,2023-07-01,0520,0521,III/1
2021008_2023-07-01_07:09:00.000000,2023-07-01,07:09:00.000000,2023-07-01,0723,0724,III/2
2021008_2023-07-01_10:24:00.000000,2023-07-01,10:24:00.000000,2023-07-01,1027,1027,III/1
2021008_2023-07-01_10:54:00.000000,2023-07-01,10:54:00.000000,2023-07-01,1105,1108,III/1
2021008_2023-07-01_11:24:00.000000,2023-07-01,11:24:00.000000,2023-07-01,1137,1138,III/1
2021008_2023-07-01_12:54:00.000000,2023-07-01,12:54:00.000000,2023-07-01,1254,1255,III/1
2021008_2023-07-01_13:39:00.000000,2023-07-01,13:39:00.000000,2023-07-01,1342,1342,III/2
2021011_2023-07-01_22:05:00.000000,2023-07-01,22:05:00.000000,2023-07-01,2215,2218,III/1
2021011_2023-07-02_00:05:00.000000,2023-07-02,00:05:00.000000,2023-07-02,0016,0017,III/1
2021011_2023-07-02_02:20:00.000000,2023-07-02,02:20:00.000000,2023-07-02,0232,0234,III/2
2021011_2023-07-02_02:20:00.000000,2023-07-02,02:20:00.000000,2023-07-02,0234,0243,II/3    379
2021011_2023-07-02_02:35:00.000000,2023-07-02,02:35:00.000000,2023-07-02,0234,0243,II/3    379
2021014_2023-07-02_07:24:00.000000,2023-07-02,07:24:00.000000,2023-07-02,0724,0725,III/1
2021014_2023-07-02_12:24:00.000000,2023-07-02,12:24:00.000000,2023-07-02,1232,1233,III/1
2021017_2023-07-02_23:35:00.000000,2023-07-02,23:35:00.000000,2023-07-02,2341,2345,III/1
2021020_2023-07-03_12:25:00.000000,2023-07-03,12:25:00.000000,2023-07-03,1229,1232,III/2
2021020_2023-07-03_17:25:00.000000,2023-07-03,17:25:00.000000,2023-07-03,1737,1738,III/1
2021020_2023-07-03_18:10:00.000000,2023-07-03,18:10:00.000000,2023-07-03,1824,1827,III/1
2021023_2023-07-03_18:35:00.000000,2023-07-03,18:35:00.000000,2023-07-03,1833,1838,II/2    422
2021023_2023-07-03_19:05:00.000000,2023-07-03,19:05:00.000000,2023-07-03,1909,1914,III/2
2021023_2023-07-03_20:50:00.000000,2023-07-03,20:50:00.000000,2023-07-03,2104,2109,V/2
2021023_2023-07-03_21:05:00.000000,2023-07-03,21:05:00.000000,2023-07-03,2104,2109,V/2
2021023_2023-07-03_21:05:00.000000,2023-07-03,21:05:00.000000,2023-07-03,2109,2119,II/2    716
2021023_2023-07-03_21:05:00.000000,2023-07-03,21:05:00.000000,2023-07-03,2115,2122,II/2    354
2021023_2023-07-03_21:20:00.000000,2023-07-03,21:20:00.000000,2023-07-03,2115,2122,II/2    354
2021023_2023-07-03_21:20:00.000000,2023-07-03,21:20:00.000000,2023-07-03,2131,2136,II/1    583
2021023_2023-07-03_21:35:00.000000,2023-07-03,21:35:00.000000,2023-07-03,2131,2136,II/1    583
2021023_2023-07-04_00:20:00.000000,2023-07-04,00:20:00.000000,2023-07-04,0025,0030,III/2
2021023_2023-07-04_00:20:00.000000,2023-07-04,00:20:00.000000,2023-07-04,0032,0036,III/2
2021023_2023-07-04_00:35:00.000000,2023-07-04,00:35:00.000000,2023-07-04,0032,0036,III/2
2021023_2023-07-04_02:20:00.000000,2023-07-04,02:20:00.000000,2023-07-04,0223,0231,III/2
2021023_2023-07-04_02:35:00.000000,2023-07-04,02:35:00.000000,2023-07-04,0242,0243,III/2
2021023_2023-07-04_03:05:00.000000,2023-07-04,03:05:00.000000,2023-07-04,0314,0316,III/2
2021023_2023-07-04_03:50:00.000000,2023-07-04,03:50:00.000000,2023-07-04,0356,0403,III/2
2020414_2023-07-04_06:25:00.000000,2023-07-04,06:25:00.000000,2023-07-04,0637,0641,III/3
2020414_2023-07-04_06:40:00.000000,2023-07-04,06:40:00.000000,2023-07-04,0637,0641,III/3
2020414_2023-07-04_07:25:00.000000,2023-07-04,07:25:00.000000,2023-07-04,0732,0732,III/1
2020414_2023-07-04_13:55:00.000000,2023-07-04,13:55:00.000000,2023-07-04,1357,1358,III/1
2020414_2023-07-04_14:25:00.000000,2023-07-04,14:25:00.000000,2023-07-04,1426,1426,III/1
2020417_2023-07-05_00:34:00.000000,2023-07-05,00:34:00.000000,2023-07-05,0043,0043,III/1
2020417_2023-07-05_01:19:00.000000,2023-07-05,01:19:00.000000,2023-07-05,0121,0121,III/1
2020420_2023-07-05_07:56:00.000000,2023-07-05,07:56:00.000000,2023-07-05,0809,0809,III/1
2020420_2023-07-05_08:56:00.000000,2023-07-05,08:56:00.000000,2023-07-05,0904,0914,III/1
2020420_2023-07-05_09:11:00.000000,2023-07-05,09:11:00.000000,2023-07-05,0904,0914,III/1
2020420_2023-07-05_10:11:00.000000,2023-07-05,10:11:00.000000,2023-07-05,1012,1018,III/1
2020420_2023-07-05_11:26:00.000000,2023-07-05,11:26:00.000000,2023-07-05,1127,1128,III/1
2020420_2023-07-05_12:11:00.000000,2023-07-05,12:11:00.000000,2023-07-05,1224,1226,III/2
2020420_2023-07-05_13:41:00.000000,2023-07-05,13:41:00.000000,2023-07-05,1347,1355,III/1
2021282_2023-07-06_05:27:00.000000,2023-07-06,05:27:00.000000,2023-07-06,0530,0530,III/2
2021282_2023-07-06_07:12:00.000000,2023-07-06,07:12:00.000000,2023-07-06,0716,0719,III/2
2021282_2023-07-06_11:27:00.000000,2023-07-06,11:27:00.000000,2023-07-06,1137,1138,III/1
2021282_2023-07-06_16:27:00.000000,2023-07-06,16:27:00.000000,2023-07-06,1637,1638,III/2
2021282_2023-07-06_17:27:00.000000,2023-07-06,17:27:00.000000,2023-07-06,1730,1730,III/1
2021285_2023-07-06_19:03:00.000000,2023-07-06,19:03:00.000000,2023-07-06,1912,1912,III/1
2021285_2023-07-07_00:48:00.000000,2023-07-07,00:48:00.000000,2023-07-07,0053,0054,III/1
2021285_2023-07-07_01:33:00.000000,2023-07-07,01:33:00.000000,2023-07-07,0133,0136,III/2
2021311_2023-07-07_04:43:00.000000,2023-07-07,04:43:00.000000,2023-07-07,0444,0445,III/2
2021311_2023-07-07_05:28:00.000000,2023-07-07,05:28:00.000000,2023-07-07,0529,0529,III/1
2021311_2023-07-07_05:58:00.000000,2023-07-07,05:58:00.000000,2023-07-07,0601,0602,III/1
2021311_2023-07-07_06:13:00.000000,2023-07-07,06:13:00.000000,2023-07-07,0627,0628,III/1
2021311_2023-07-07_06:58:00.000000,2023-07-07,06:58:00.000000,2023-07-07,0705,0706,III/2
2021311_2023-07-07_09:43:00.000000,2023-07-07,09:43:00.000000,2023-07-07,0956,0958,III/1
2021311_2023-07-07_09:58:00.000000,2023-07-07,09:58:00.000000,2023-07-07,1001,1024,II/1    601
2021311_2023-07-07_10:13:00.000000,2023-07-07,10:13:00.000000,2023-07-07,1001,1024,II/1    601
2021311_2023-07-07_13:43:00.000000,2023-07-07,13:43:00.000000,2023-07-07,1355,1355,III/1
2021311_2023-07-07_14:28:00.000000,2023-07-07,14:28:00.000000,2023-07-07,1431,1439,III/1
2021354_2023-07-07_22:18:00.000000,2023-07-07,22:18:00.000000,2023-07-07,2226,2235,II/1    416
2021354_2023-07-07_22:33:00.000000,2023-07-07,22:33:00.000000,2023-07-07,2226,2235,II/1    416
2021354_2023-07-08_00:48:00.000000,2023-07-08,00:48:00.000000,2023-07-08,0050,0058,III/1
2021354_2023-07-08_01:18:00.000000,2023-07-08,01:18:00.000000,2023-07-08,0129,0224,III/2
2021354_2023-07-08_01:33:00.000000,2023-07-08,01:33:00.000000,2023-07-08,0129,0224,III/2
2021354_2023-07-08_01:48:00.000000,2023-07-08,01:48:00.000000,2023-07-08,0129,0224,III/2
2021354_2023-07-08_02:03:00.000000,2023-07-08,02:03:00.000000,2023-07-08,0129,0224,III/2
2021354_2023-07-08_02:18:00.000000,2023-07-08,02:18:00.000000,2023-07-08,0129,0224,III/2
2021314_2023-07-08_06:58:00.000000,2023-07-08,06:58:00.000000,2023-07-08,0702,0703,III/2
2021314_2023-07-08_07:58:00.000000,2023-07-08,07:58:00.000000,2023-07-08,0812,0813,III/1
2021314_2023-07-08_11:28:00.000000,2023-07-08,11:28:00.000000,2023-07-08,1135,1136,III/1
2021314_2023-07-08_16:13:00.000000,2023-07-08,16:13:00.000000,2023-07-08,1625,1625,III/1
2021314_2023-07-08_17:43:00.000000,2023-07-08,17:43:00.000000,2023-07-08,1746,1746,III/1
2021317_2023-07-09_08:29:00.000000,2023-07-09,08:29:00.000000,2023-07-09,0837,0837,III/2
2021317_2023-07-09_09:29:00.000000,2023-07-09,09:29:00.000000,2023-07-09,0942,0944,III/1
2021338_2023-07-10_08:00:00.000000,2023-07-10,08:00:00.000000,2023-07-10,0810,0811,III/1
2021338_2023-07-10_11:45:00.000000,2023-07-10,11:45:00.000000,2023-07-10,1146,1159,II/2    580
2021338_2023-07-10_16:45:00.000000,2023-07-10,16:45:00.000000,2023-07-10,1649,1649,III/2
2021338_2023-07-10_17:30:00.000000,2023-07-10,17:30:00.000000,2023-07-10,1731,1732,III/2
2021335_2023-07-11_00:46:00.000000,2023-07-11,00:46:00.000000,2023-07-11,0055,0055,III/1
2021757_2023-07-12_22:30:00.000000,2023-07-12,22:30:00.000000,2023-07-12,2235,2235,III/2
2022218_2023-07-14_18:29:00.000000,2023-07-14,18:29:00.000000,2023-07-14,1832,1846,III/2
2022218_2023-07-14_18:44:00.000000,2023-07-14,18:44:00.000000,2023-07-14,1832,1846,III/2
2022218_2023-07-15_00:14:00.000000,2023-07-15,00:14:00.000000,2023-07-15,0025,0028,II/2    851
2022218_2023-07-15_00:29:00.000000,2023-07-15,00:29:00.000000,2023-07-15,0039,0039,III/1
2022218_2023-07-15_01:44:00.000000,2023-07-15,01:44:00.000000,2023-07-15,0147,0154,III/1
2022218_2023-07-15_04:29:00.000000,2023-07-15,04:29:00.000000,2023-07-15,0440,0440,III/2
2022421_2023-07-15_07:20:00.000000,2023-07-15,07:20:00.000000,2023-07-15,0727,0731,III/3
2022421_2023-07-15_08:20:00.000000,2023-07-15,08:20:00.000000,2023-07-15,0828,0829,III/2
2022421_2023-07-15_09:20:00.000000,2023-07-15,09:20:00.000000,2023-07-15,0931,0931,III/1
2022421_2023-07-15_09:35:00.000000,2023-07-15,09:35:00.000000,2023-07-15,0949,0953,III/2
2022421_2023-07-15_09:50:00.000000,2023-07-15,09:50:00.000000,2023-07-15,0949,0953,III/2
2022421_2023-07-15_09:50:00.000000,2023-07-15,09:50:00.000000,2023-07-15,1000,1006,II/2    662
2022421_2023-07-15_10:05:00.000000,2023-07-15,10:05:00.000000,2023-07-15,1000,1006,II/2    662
2022421_2023-07-15_10:05:00.000000,2023-07-15,10:05:00.000000,2023-07-15,1006,1010,III/3
2022421_2023-07-15_10:05:00.000000,2023-07-15,10:05:00.000000,2023-07-15,1018,1032,II/2    262
2022421_2023-07-15_10:20:00.000000,2023-07-15,10:20:00.000000,2023-07-15,1018,1032,II/2    262
2022421_2023-07-15_13:05:00.000000,2023-07-15,13:05:00.000000,2023-07-15,1318,1320,III/1
2022421_2023-07-15_13:35:00.000000,2023-07-15,13:35:00.000000,2023-07-15,1340,1340,III/2
2022421_2023-07-15_14:50:00.000000,2023-07-15,14:50:00.000000,2023-07-15,1453,1456,III/1
2022421_2023-07-15_16:20:00.000000,2023-07-15,16:20:00.000000,2023-07-15,1632,1645,II/2    338
2022421_2023-07-15_16:35:00.000000,2023-07-15,16:35:00.000000,2023-07-15,1632,1645,II/2    338
2022424_2023-07-15_19:45:00.000000,2023-07-15,19:45:00.000000,2023-07-15,1957,2001,V/2
2022424_2023-07-15_20:00:00.000000,2023-07-15,20:00:00.000000,2023-07-15,1957,2001,V/2
2022424_2023-07-15_19:45:00.000000,2023-07-15,19:45:00.000000,2023-07-15,1958,2006,II/1    431
2022424_2023-07-15_20:00:00.000000,2023-07-15,20:00:00.000000,2023-07-15,1958,2006,II/1    431
2022424_2023-07-15_20:00:00.000000,2023-07-15,20:00:00.000000,2023-07-15,2006,2027,IV/1
2022424_2023-07-15_20:15:00.000000,2023-07-15,20:15:00.000000,2023-07-15,2006,2027,IV/1
2022424_2023-07-16_01:15:00.000000,2023-07-16,01:15:00.000000,2023-07-16,0127,0128,III/2
2022424_2023-07-16_01:45:00.000000,2023-07-16,01:45:00.000000,2023-07-16,0149,0150,III/2
2022424_2023-07-16_04:00:00.000000,2023-07-16,04:00:00.000000,2023-07-16,0400,0402,III/2
2022427_2023-07-16_05:37:00.000000,2023-07-16,05:37:00.000000,2023-07-16,0542,0543,III/2
2022427_2023-07-16_05:52:00.000000,2023-07-16,05:52:00.000000,2023-07-16,0559,0600,III/2
2022427_2023-07-16_07:22:00.000000,2023-07-16,07:22:00.000000,2023-07-16,0729,0732,III/2
2022427_2023-07-16_08:07:00.000000,2023-07-16,08:07:00.000000,2023-07-16,0816,0818,III/1
2022427_2023-07-16_08:22:00.000000,2023-07-16,08:22:00.000000,2023-07-16,0822,0825,III/3
2022427_2023-07-16_08:22:00.000000,2023-07-16,08:22:00.000000,2023-07-16,0831,0833,III/2
2022427_2023-07-16_08:22:00.000000,2023-07-16,08:22:00.000000,2023-07-16,0832,0832,III/2
2022427_2023-07-16_10:37:00.000000,2023-07-16,10:37:00.000000,2023-07-16,1047,1048,III/1
2022427_2023-07-16_12:07:00.000000,2023-07-16,12:07:00.000000,2023-07-16,1217,1217,III/1
2022427_2023-07-16_13:22:00.000000,2023-07-16,13:22:00.000000,2023-07-16,1331,1335,III/2
2022427_2023-07-16_15:07:00.000000,2023-07-16,15:07:00.000000,2023-07-16,1507,1509,V/2
2022427_2023-07-16_15:07:00.000000,2023-07-16,15:07:00.000000,2023-07-16,1509,1524,IV/2
2022427_2023-07-16_15:22:00.000000,2023-07-16,15:22:00.000000,2023-07-16,1509,1524,IV/2
2022427_2023-07-16_16:07:00.000000,2023-07-16,16:07:00.000000,2023-07-16,1608,1608,III/1
2022427_2023-07-16_17:37:00.000000,2023-07-16,17:37:00.000000,2023-07-16,1738,1752,V/3
2022427_2023-07-16_17:37:00.000000,2023-07-16,17:37:00.000000,2023-07-16,1738,1745,III/3
2022427_2023-07-16_18:07:00.000000,2023-07-16,18:07:00.000000,2023-07-16,1807,1811,III/2
2022430_2023-07-16_18:57:00.000000,2023-07-16,18:57:00.000000,2023-07-16,1900,1906,III/2
2022430_2023-07-16_19:12:00.000000,2023-07-16,19:12:00.000000,2023-07-16,1915,1925,II/2    567
2022430_2023-07-16_19:27:00.000000,2023-07-16,19:27:00.000000,2023-07-16,1927,2359,IV/1
2022430_2023-07-16_19:42:00.000000,2023-07-16,19:42:00.000000,2023-07-16,1927,2359,IV/1
2022430_2023-07-16_19:57:00.000000,2023-07-16,19:57:00.000000,2023-07-16,1927,2359,IV/1
2022430_2023-07-16_20:12:00.000000,2023-07-16,20:12:00.000000,2023-07-16,1927,2359,IV/1
2022430_2023-07-16_20:27:00.000000,2023-07-16,20:27:00.000000,2023-07-16,1927,2359,IV/1
2022430_2023-07-16_20:42:00.000000,2023-07-16,20:42:00.000000,2023-07-16,1927,2359,IV/1
2022430_2023-07-16_20:12:00.000000,2023-07-16,20:12:00.000000,2023-07-16,2022,2023,III/2
2022430_2023-07-16_22:27:00.000000,2023-07-16,22:27:00.000000,2023-07-16,2231,2234,III/2
2022430_2023-07-17_03:57:00.000000,2023-07-17,03:57:00.000000,2023-07-17,0359,0400,III/1
2022433_2023-07-17_08:07:00.000000,2023-07-17,08:07:00.000000,2023-07-17,0816,0817,III/2
2022433_2023-07-17_10:22:00.000000,2023-07-17,10:22:00.000000,2023-07-17,1027,1028,III/1
2022433_2023-07-17_10:37:00.000000,2023-07-17,10:37:00.000000,2023-07-17,1045,1047,III/1
2022433_2023-07-17_11:37:00.000000,2023-07-17,11:37:00.000000,2023-07-17,1150,1151,III/2
2022433_2023-07-17_15:52:00.000000,2023-07-17,15:52:00.000000,2023-07-17,1554,1555,III/1
2022436_2023-07-17_18:41:00.000000,2023-07-17,18:41:00.000000,2023-07-17,1848,1849,III/1
2022436_2023-07-17_20:41:00.000000,2023-07-17,20:41:00.000000,2023-07-17,2048,2048,III/2
2022436_2023-07-18_00:26:00.000000,2023-07-18,00:26:00.000000,2023-07-18,0039,0044,III/1
2022436_2023-07-18_00:41:00.000000,2023-07-18,00:41:00.000000,2023-07-18,0039,0044,III/1
2022439_2023-07-18_05:53:01.000000,2023-07-18,05:53:01.000000,2023-07-18,0608,0608,III/1
2022439_2023-07-18_07:23:01.000000,2023-07-18,07:23:01.000000,2023-07-18,0733,0734,III/1
2022439_2023-07-18_13:23:01.000000,2023-07-18,13:23:01.000000,2023-07-18,1326,1327,III/2
2022439_2023-07-18_13:53:01.000000,2023-07-18,13:53:01.000000,2023-07-18,1355,1356,III/1
2022439_2023-07-18_15:08:01.000000,2023-07-18,15:08:01.000000,2023-07-18,1517,1518,III/1
2022439_2023-07-18_16:08:01.000000,2023-07-18,16:08:01.000000,2023-07-18,1615,1616,III/1
2022439_2023-07-18_16:38:01.000000,2023-07-18,16:38:01.000000,2023-07-18,1649,1649,III/1
2022439_2023-07-18_17:23:01.000000,2023-07-18,17:23:01.000000,2023-07-18,1726,1747,II/2    1200
2022439_2023-07-18_17:38:01.000000,2023-07-18,17:38:01.000000,2023-07-18,1726,1747,II/2    1200
2022439_2023-07-18_17:38:01.000000,2023-07-18,17:38:01.000000,2023-07-18,1739,1748,IV/1
2022442_2023-07-19_02:40:00.000000,2023-07-19,02:40:00.000000,2023-07-19,0241,0241,III/2
2022442_2023-07-19_03:25:00.000000,2023-07-19,03:25:00.000000,2023-07-19,0335,0336,III/1
2022442_2023-07-19_03:55:00.000000,2023-07-19,03:55:00.000000,2023-07-19,0406,0407,III/1
2022442_2023-07-19_03:55:00.000000,2023-07-19,03:55:00.000000,2023-07-19,0407,0413,III/1
2022442_2023-07-19_04:10:00.000000,2023-07-19,04:10:00.000000,2023-07-19,0407,0413,III/1
2022445_2023-07-19_06:54:00.000000,2023-07-19,06:54:00.000000,2023-07-19,0655,0657,III/2
2022445_2023-07-19_07:24:00.000000,2023-07-19,07:24:00.000000,2023-07-19,0728,0729,III/1
2022445_2023-07-19_07:39:00.000000,2023-07-19,07:39:00.000000,2023-07-19,0751,0800,III/2
2022445_2023-07-19_07:54:00.000000,2023-07-19,07:54:00.000000,2023-07-19,0751,0800,III/2
2022445_2023-07-19_13:09:00.000000,2023-07-19,13:09:00.000000,2023-07-19,1319,1321,III/1
2022445_2023-07-19_17:09:00.000000,2023-07-19,17:09:00.000000,2023-07-19,1716,1734,II/1    429
2022445_2023-07-19_17:24:00.000000,2023-07-19,17:24:00.000000,2023-07-19,1716,1734,II/1    429
2022448_2023-07-19_19:09:00.000000,2023-07-19,19:09:00.000000,2023-07-19,1923,1923,III/1
2022448_2023-07-19_21:39:00.000000,2023-07-19,21:39:00.000000,2023-07-19,2144,2145,III/2
2022448_2023-07-19_22:09:00.000000,2023-07-19,22:09:00.000000,2023-07-19,2211,2213,III/1
2022448_2023-07-19_23:09:00.000000,2023-07-19,23:09:00.000000,2023-07-19,2313,2320,II/1    444
2022448_2023-07-19_23:09:00.000000,2023-07-19,23:09:00.000000,2023-07-19,2322,2322,III/1
2022448_2023-07-20_02:39:00.000000,2023-07-20,02:39:00.000000,2023-07-20,0241,0242,III/1
2022551_2023-07-20_22:08:00.000000,2023-07-20,22:08:00.000000,2023-07-20,2213,2214,III/1
2022551_2023-07-20_23:08:00.000000,2023-07-20,23:08:00.000000,2023-07-20,2319,2320,III/1
2022551_2023-07-21_00:23:00.000000,2023-07-21,00:23:00.000000,2023-07-21,0036,0037,III/2
2022551_2023-07-21_01:23:00.000000,2023-07-21,01:23:00.000000,2023-07-21,0125,0430,III/1
2022551_2023-07-21_01:38:00.000000,2023-07-21,01:38:00.000000,2023-07-21,0125,0430,III/1
2022551_2023-07-21_01:53:00.000000,2023-07-21,01:53:00.000000,2023-07-21,0125,0430,III/1
2022551_2023-07-21_02:08:00.000000,2023-07-21,02:08:00.000000,2023-07-21,0125,0430,III/1
2022551_2023-07-21_02:23:00.000000,2023-07-21,02:23:00.000000,2023-07-21,0125,0430,III/1
2022551_2023-07-21_02:38:00.000000,2023-07-21,02:38:00.000000,2023-07-21,0125,0430,III/1
2022554_2023-07-21_05:26:00.000000,2023-07-21,05:26:00.000000,2023-07-21,0535,0537,III/2
2022554_2023-07-21_07:56:00.000000,2023-07-21,07:56:00.000000,2023-07-21,0759,0802,III/1
2022554_2023-07-21_11:11:00.000000,2023-07-21,11:11:00.000000,2023-07-21,1116,1116,III/1
2022554_2023-07-21_13:26:00.000000,2023-07-21,13:26:00.000000,2023-07-21,1328,1329,III/1
2022557_2023-07-21_18:52:00.000000,2023-07-21,18:52:00.000000,2023-07-21,1856,1856,III/2
2022557_2023-07-21_23:07:00.000000,2023-07-21,23:07:00.000000,2023-07-21,2313,2359,III/1
2022557_2023-07-21_23:22:00.000000,2023-07-21,23:22:00.000000,2023-07-21,2313,2359,III/1
2022557_2023-07-21_23:37:00.000000,2023-07-21,23:37:00.000000,2023-07-21,2313,2359,III/1
2022557_2023-07-21_23:52:00.000000,2023-07-21,23:52:00.000000,2023-07-21,2313,2359,III/1
2022557_2023-07-22_00:22:00.000000,2023-07-22,00:22:00.000000,2023-07-22,0035,0036,III/2
2022557_2023-07-22_01:07:00.000000,2023-07-22,01:07:00.000000,2023-07-22,0112,0113,III/1
2022557_2023-07-22_03:52:00.000000,2023-07-22,03:52:00.000000,2023-07-22,0403,0409,III/1
2022557_2023-07-22_04:07:00.000000,2023-07-22,04:07:00.000000,2023-07-22,0403,0409,III/1
2022560_2023-07-22_07:12:00.000000,2023-07-22,07:12:00.000000,2023-07-22,0713,0714,III/2
2022560_2023-07-22_08:27:00.000000,2023-07-22,08:27:00.000000,2023-07-22,0840,0840,III/1
2022560_2023-07-22_16:57:00.000000,2023-07-22,16:57:00.000000,2023-07-22,1659,1659,III/1
2022563_2023-07-22_18:21:00.000000,2023-07-22,18:21:00.000000,2023-07-22,1825,1826,III/1
2022563_2023-07-22_18:36:00.000000,2023-07-22,18:36:00.000000,2023-07-22,1849,1850,III/1
2022566_2023-07-23_05:29:00.000000,2023-07-23,05:29:00.000000,2023-07-23,0534,0541,III/1
2022566_2023-07-23_06:44:00.000000,2023-07-23,06:44:00.000000,2023-07-23,0650,0727,III/1
2022566_2023-07-23_06:59:00.000000,2023-07-23,06:59:00.000000,2023-07-23,0650,0727,III/1
2022566_2023-07-23_07:14:00.000000,2023-07-23,07:14:00.000000,2023-07-23,0650,0727,III/1
2022566_2023-07-23_08:59:00.000000,2023-07-23,08:59:00.000000,2023-07-23,0908,0908,III/1
2022566_2023-07-23_13:14:00.000000,2023-07-23,13:14:00.000000,2023-07-23,1317,1318,III/1
2022566_2023-07-23_14:14:00.000000,2023-07-23,14:14:00.000000,2023-07-23,1416,1421,III/1
2022566_2023-07-23_14:14:00.000000,2023-07-23,14:14:00.000000,2023-07-23,1424,1943,IV/1
2022566_2023-07-23_14:29:00.000000,2023-07-23,14:29:00.000000,2023-07-23,1424,1943,IV/1
2022566_2023-07-23_14:44:00.000000,2023-07-23,14:44:00.000000,2023-07-23,1424,1943,IV/1
2022566_2023-07-23_14:59:00.000000,2023-07-23,14:59:00.000000,2023-07-23,1424,1943,IV/1
2022566_2023-07-23_15:14:00.000000,2023-07-23,15:14:00.000000,2023-07-23,1424,1943,IV/1
2022566_2023-07-23_15:29:00.000000,2023-07-23,15:29:00.000000,2023-07-23,1424,1943,IV/1
2022569_2023-07-24_04:20:00.000000,2023-07-24,04:20:00.000000,2023-07-24,0425,0449,III/1
2022569_2023-07-24_04:35:00.000000,2023-07-24,04:35:00.000000,2023-07-24,0425,0449,III/1
2022569_2023-07-24_04:20:00.000000,2023-07-24,04:20:00.000000,2023-07-24,0425,0426,III/1
2022572_2023-07-24_06:15:00.000000,2023-07-24,06:15:00.000000,2023-07-24,0628,0628,III/1
2022572_2023-07-24_10:15:00.000000,2023-07-24,10:15:00.000000,2023-07-24,1015,1016,III/1
2022572_2023-07-24_12:00:00.000000,2023-07-24,12:00:00.000000,2023-07-24,1202,1202,III/2
2022572_2023-07-24_12:30:00.000000,2023-07-24,12:30:00.000000,2023-07-24,1234,1235,III/1
2022572_2023-07-24_16:30:00.000000,2023-07-24,16:30:00.000000,2023-07-24,1635,1635,III/2
2022572_2023-07-24_17:30:00.000000,2023-07-24,17:30:00.000000,2023-07-24,1735,1739,III/1
2022572_2023-07-24_17:30:00.000000,2023-07-24,17:30:00.000000,2023-07-24,1735,1806,II/1    494
2022572_2023-07-24_17:45:00.000000,2023-07-24,17:45:00.000000,2023-07-24,1735,1806,II/1    494
2022572_2023-07-24_18:00:00.000000,2023-07-24,18:00:00.000000,2023-07-24,1735,1806,II/1    494
2022572_2023-07-24_17:30:00.000000,2023-07-24,17:30:00.000000,2023-07-24,1738,1806,II/1    546
2022572_2023-07-24_17:45:00.000000,2023-07-24,17:45:00.000000,2023-07-24,1738,1806,II/1    546
2022572_2023-07-24_18:00:00.000000,2023-07-24,18:00:00.000000,2023-07-24,1738,1806,II/1    546
2022575_2023-07-24_18:19:00.000000,2023-07-24,18:19:00.000000,2023-07-24,1817,1822,III/1
2022575_2023-07-25_00:49:00.000000,2023-07-25,00:49:00.000000,2023-07-25,0051,0051,III/1
2022578_2023-07-25_15:01:00.000000,2023-07-25,15:01:00.000000,2023-07-25,1512,1514,III/2
2022581_2023-07-25_20:18:00.000000,2023-07-25,20:18:00.000000,2023-07-25,2031,2032,III/1
2022581_2023-07-26_00:03:00.000000,2023-07-26,00:03:00.000000,2023-07-26,0017,0018,III/2
2022581_2023-07-26_03:03:00.000000,2023-07-26,03:03:00.000000,2023-07-26,0309,0310,III/1
2022584_2023-07-26_08:17:00.000000,2023-07-26,08:17:00.000000,2023-07-26,0825,0828,III/2
2022584_2023-07-26_15:17:00.000000,2023-07-26,15:17:00.000000,2023-07-26,1519,1525,III/2
2022584_2023-07-26_17:02:00.000000,2023-07-26,17:02:00.000000,2023-07-26,1708,1709,III/1
2022587_2023-07-27_00:31:00.000000,2023-07-27,00:31:00.000000,2023-07-27,0032,0033,III/2
2022590_2023-07-27_05:48:00.000000,2023-07-27,05:48:00.000000,2023-07-27,0553,0553,III/1
2022590_2023-07-27_09:03:00.000000,2023-07-27,09:03:00.000000,2023-07-27,0915,0921,III/1
2022590_2023-07-27_09:18:00.000000,2023-07-27,09:18:00.000000,2023-07-27,0915,0921,III/1
2022590_2023-07-27_10:03:00.000000,2023-07-27,10:03:00.000000,2023-07-27,1015,1016,III/1
2022590_2023-07-27_16:03:00.000000,2023-07-27,16:03:00.000000,2023-07-27,1615,1615,III/1
2022590_2023-07-27_17:18:00.000000,2023-07-27,17:18:00.000000,2023-07-27,1729,1733,III/1
2022593_2023-07-27_21:45:00.000000,2023-07-27,21:45:00.000000,2023-07-27,2154,2200,III/1
2022593_2023-07-28_01:45:00.000000,2023-07-28,01:45:00.000000,2023-07-28,0147,0148,III/1
2022593_2023-07-28_02:45:00.000000,2023-07-28,02:45:00.000000,2023-07-28,0248,0258,III/1
2022596_2023-07-28_15:35:00.000000,2023-07-28,15:35:00.000000,2023-07-28,1541,1551,V/3
2022596_2023-07-28_15:50:00.000000,2023-07-28,15:50:00.000000,2023-07-28,1541,1551,V/3
2022596_2023-07-28_15:50:00.000000,2023-07-28,15:50:00.000000,2023-07-28,1552,1616,II/2    550
2022596_2023-07-28_16:05:00.000000,2023-07-28,16:05:00.000000,2023-07-28,1552,1616,II/2    550
2022596_2023-07-28_17:50:00.000000,2023-07-28,17:50:00.000000,2023-07-28,1804,1811,III/1
2022599_2023-07-28_18:44:00.000000,2023-07-28,18:44:00.000000,2023-07-28,1854,1858,III/1
2022599_2023-07-29_01:44:00.000000,2023-07-29,01:44:00.000000,2023-07-29,0151,0151,III/1
2022599_2023-07-29_03:44:00.000000,2023-07-29,03:44:00.000000,2023-07-29,0355,0400,III/2
2022599_2023-07-29_03:59:00.000000,2023-07-29,03:59:00.000000,2023-07-29,0355,0400,III/2
2022599_2023-07-29_04:44:00.000000,2023-07-29,04:44:00.000000,2023-07-29,0447,0449,III/2
2022602_2023-07-29_07:21:00.000000,2023-07-29,07:21:00.000000,2023-07-29,0726,0737,II/2    416
2022602_2023-07-29_07:36:00.000000,2023-07-29,07:36:00.000000,2023-07-29,0726,0737,II/2    416
2022602_2023-07-29_08:36:00.000000,2023-07-29,08:36:00.000000,2023-07-29,0841,0844,III/2
2022602_2023-07-29_08:36:00.000000,2023-07-29,08:36:00.000000,2023-07-29,0849,0851,III/2
2022605_2023-07-30_00:58:00.000000,2023-07-30,00:58:00.000000,2023-07-30,0059,0109,III/1
2022605_2023-07-30_02:28:00.000000,2023-07-30,02:28:00.000000,2023-07-30,0231,0231,III/2
2022608_2023-07-30_05:07:00.000000,2023-07-30,05:07:00.000000,2023-07-30,0502,0509,III/2
2022608_2023-07-30_06:07:00.000000,2023-07-30,06:07:00.000000,2023-07-30,0615,0620,III/3
2022608_2023-07-30_15:07:00.000000,2023-07-30,15:07:00.000000,2023-07-30,1517,1526,III/1
2022608_2023-07-30_15:22:00.000000,2023-07-30,15:22:00.000000,2023-07-30,1517,1526,III/1
2022608_2023-07-30_15:52:00.000000,2023-07-30,15:52:00.000000,2023-07-30,1558,1601,III/1
2022611_2023-07-31_04:26:00.000000,2023-07-31,04:26:00.000000,2023-07-31,0435,0440,III/1
2022614_2023-07-31_06:39:00.000000,2023-07-31,06:39:00.000000,2023-07-31,0646,0647,III/1
2022614_2023-07-31_11:39:00.000000,2023-07-31,11:39:00.000000,2023-07-31,1140,1149,III/1
2022614_2023-07-31_11:39:00.000000,2023-07-31,11:39:00.000000,2023-07-31,1148,1149,III/2
2022614_2023-07-31_13:24:00.000000,2023-07-31,13:24:00.000000,2023-07-31,1329,1330,III/1
2022614_2023-07-31_14:09:00.000000,2023-07-31,14:09:00.000000,2023-07-31,1417,1418,III/1
2022614_2023-07-31_14:39:00.000000,2023-07-31,14:39:00.000000,2023-07-31,1450,1452,III/2
2022617_2023-07-31_18:55:00.000000,2023-07-31,18:55:00.000000,2023-07-31,1907,1908,III/2
2022617_2023-07-31_23:25:00.000000,2023-07-31,23:25:00.000000,2023-07-31,2336,2343,III/2
2022617_2023-07-31_23:40:00.000000,2023-07-31,23:40:00.000000,2023-07-31,2336,2343,III/2
2022617_2023-08-01_02:25:00.000000,2023-08-01,02:25:00.000000,2023-08-01,0237,0310,III/2
2022617_2023-08-01_02:40:00.000000,2023-08-01,02:40:00.000000,2023-08-01,0237,0310,III/2
2022617_2023-08-01_02:55:00.000000,2023-08-01,02:55:00.000000,2023-08-01,0237,0310,III/2
2022620_2023-08-01_06:40:00.000000,2023-08-01,06:40:00.000000,2023-08-01,0651,0700,III/1
2022620_2023-08-01_06:55:00.000000,2023-08-01,06:55:00.000000,2023-08-01,0651,0700,III/1
2022620_2023-08-01_10:40:00.000000,2023-08-01,10:40:00.000000,2023-08-01,1042,1042,III/1
2022620_2023-08-01_16:10:00.000000,2023-08-01,16:10:00.000000,2023-08-01,1613,1619,III/1
2022623_2023-08-01_22:38:00.000000,2023-08-01,22:38:00.000000,2023-08-01,2244,2245,III/1
2022623_2023-08-02_03:08:00.000000,2023-08-02,03:08:00.000000,2023-08-02,0308,0309,III/1
2022629_2023-08-02_23:52:00.000000,2023-08-02,23:52:00.000000,2023-08-02,2356,2356,III/1
2022632_2023-08-03_06:12:00.000000,2023-08-03,06:12:00.000000,2023-08-03,0615,0616,III/2
2022632_2023-08-03_08:42:00.000000,2023-08-03,08:42:00.000000,2023-08-03,0853,0854,III/1
2022632_2023-08-03_09:12:00.000000,2023-08-03,09:12:00.000000,2023-08-03,0914,0914,III/2
2022632_2023-08-03_11:42:00.000000,2023-08-03,11:42:00.000000,2023-08-03,1145,1146,III/1
2022632_2023-08-03_17:12:00.000000,2023-08-03,17:12:00.000000,2023-08-03,1726,1726,III/1
2022635_2023-08-03_19:20:00.000000,2023-08-03,19:20:00.000000,2023-08-03,1921,1921,III/1
2022635_2023-08-03_22:35:00.000000,2023-08-03,22:35:00.000000,2023-08-03,2241,2243,III/2
2022635_2023-08-04_00:20:00.000000,2023-08-04,00:20:00.000000,2023-08-04,0021,0023,III/2
2022635_2023-08-04_03:05:00.000000,2023-08-04,03:05:00.000000,2023-08-04,0312,0315,III/2
2022635_2023-08-04_03:50:00.000000,2023-08-04,03:50:00.000000,2023-08-04,0400,0401,III/2
2022638_2023-08-04_05:44:00.000000,2023-08-04,05:44:00.000000,2023-08-04,0556,0557,III/2
2022638_2023-08-04_14:29:00.000000,2023-08-04,14:29:00.000000,2023-08-04,1435,1435,III/1
2022641_2023-08-04_19:49:00.000000,2023-08-04,19:49:00.000000,2023-08-04,1957,1958,III/2
2022641_2023-08-05_03:04:00.000000,2023-08-05,03:04:00.000000,2023-08-05,0309,0311,III/2
2022641_2023-08-05_04:34:00.000000,2023-08-05,04:34:00.000000,2023-08-05,0447,0450,III/1
2022641_2023-08-05_04:49:00.000000,2023-08-05,04:49:00.000000,2023-08-05,0447,0450,III/1
2022644_2023-08-05_05:15:00.000000,2023-08-05,05:15:00.000000,2023-08-05,0523,0524,III/2
2022644_2023-08-05_07:00:00.000000,2023-08-05,07:00:00.000000,2023-08-05,0703,0721,II/2    572
2022644_2023-08-05_07:15:00.000000,2023-08-05,07:15:00.000000,2023-08-05,0703,0721,II/2    572
2022644_2023-08-05_12:30:00.000000,2023-08-05,12:30:00.000000,2023-08-05,1231,1233,III/1
2022644_2023-08-05_13:00:00.000000,2023-08-05,13:00:00.000000,2023-08-05,1314,1318,III/2
2022644_2023-08-05_13:15:00.000000,2023-08-05,13:15:00.000000,2023-08-05,1314,1318,III/2
2022644_2023-08-05_13:45:00.000000,2023-08-05,13:45:00.000000,2023-08-05,1347,1348,III/2
2022644_2023-08-05_14:30:00.000000,2023-08-05,14:30:00.000000,2023-08-05,1440,1440,III/2
2022647_2023-08-05_19:02:00.000000,2023-08-05,19:02:00.000000,2023-08-05,1903,1915,III/1
2022647_2023-08-05_20:47:00.000000,2023-08-05,20:47:00.000000,2023-08-05,2047,2359,III/2
2022647_2023-08-05_21:02:00.000000,2023-08-05,21:02:00.000000,2023-08-05,2047,2359,III/2
2022647_2023-08-05_21:17:00.000000,2023-08-05,21:17:00.000000,2023-08-05,2047,2359,III/2
2022647_2023-08-05_21:32:00.000000,2023-08-05,21:32:00.000000,2023-08-05,2047,2359,III/2
2022647_2023-08-05_21:47:00.000000,2023-08-05,21:47:00.000000,2023-08-05,2047,2359,III/2
2022647_2023-08-05_22:02:00.000000,2023-08-05,22:02:00.000000,2023-08-05,2047,2359,III/2
2022647_2023-08-05_22:02:00.000000,2023-08-05,22:02:00.000000,2023-08-05,2215,2219,II/1    772
2022647_2023-08-05_22:17:00.000000,2023-08-05,22:17:00.000000,2023-08-05,2215,2219,II/1    772
2022647_2023-08-06_00:17:00.000000,2023-08-06,00:17:00.000000,2023-08-06,0021,0025,III/1
2022647_2023-08-06_01:32:00.000000,2023-08-06,01:32:00.000000,2023-08-06,0142,0143,III/2
2022650_2023-08-06_06:47:00.000000,2023-08-06,06:47:00.000000,2023-08-06,0649,0657,III/2
2022650_2023-08-06_07:32:00.000000,2023-08-06,07:32:00.000000,2023-08-06,0745,0750,III/1
2022650_2023-08-06_07:47:00.000000,2023-08-06,07:47:00.000000,2023-08-06,0745,0750,III/1
2022650_2023-08-06_08:32:00.000000,2023-08-06,08:32:00.000000,2023-08-06,0843,0844,III/1
2022650_2023-08-06_09:17:00.000000,2023-08-06,09:17:00.000000,2023-08-06,0919,0919,III/1
2022650_2023-08-06_15:17:00.000000,2023-08-06,15:17:00.000000,2023-08-06,1522,1523,III/1
2022650_2023-08-06_16:47:00.000000,2023-08-06,16:47:00.000000,2023-08-06,1657,1658,III/1
2022653_2023-08-06_18:16:00.000000,2023-08-06,18:16:00.000000,2023-08-06,1818,2129,III/1
2022653_2023-08-06_18:31:00.000000,2023-08-06,18:31:00.000000,2023-08-06,1818,2129,III/1
2022653_2023-08-06_18:46:00.000000,2023-08-06,18:46:00.000000,2023-08-06,1818,2129,III/1
2022653_2023-08-06_19:01:00.000000,2023-08-06,19:01:00.000000,2023-08-06,1818,2129,III/1
2022653_2023-08-06_19:16:00.000000,2023-08-06,19:16:00.000000,2023-08-06,1818,2129,III/1
2022653_2023-08-06_19:31:00.000000,2023-08-06,19:31:00.000000,2023-08-06,1818,2129,III/1
2022653_2023-08-06_22:01:00.000000,2023-08-06,22:01:00.000000,2023-08-06,2213,2213,III/1
2022653_2023-08-06_22:31:00.000000,2023-08-06,22:31:00.000000,2023-08-06,2235,2243,III/3
2022653_2023-08-07_00:01:00.000000,2023-08-07,00:01:00.000000,2023-08-07,0011,0017,III/1
2022653_2023-08-07_00:16:00.000000,2023-08-07,00:16:00.000000,2023-08-07,0011,0017,III/1
2022653_2023-08-07_04:46:00.000000,2023-08-07,04:46:00.000000,2023-08-07,0449,0449,III/1
2022656_2023-08-07_05:18:00.000000,2023-08-07,05:18:00.000000,2023-08-07,0531,0531,III/1
2022656_2023-08-07_06:33:00.000000,2023-08-07,06:33:00.000000,2023-08-07,0634,0635,III/2
2022656_2023-08-07_08:18:00.000000,2023-08-07,08:18:00.000000,2023-08-07,0818,0820,III/2
2022656_2023-08-07_08:33:00.000000,2023-08-07,08:33:00.000000,2023-08-07,0833,0837,III/2
2022656_2023-08-07_11:03:00.000000,2023-08-07,11:03:00.000000,2023-08-07,1115,1115,III/1
2022656_2023-08-07_13:18:00.000000,2023-08-07,13:18:00.000000,2023-08-07,1331,1331,III/1
2022656_2023-08-07_16:18:00.000000,2023-08-07,16:18:00.000000,2023-08-07,1625,1626,III/1
2022656_2023-08-07_17:33:00.000000,2023-08-07,17:33:00.000000,2023-08-07,1745,1745,III/1
2022659_2023-08-07_19:29:00.000000,2023-08-07,19:29:00.000000,2023-08-07,1930,1939,III/2
2022659_2023-08-07_20:29:00.000000,2023-08-07,20:29:00.000000,2023-08-07,2038,2102,II/2    368
2022659_2023-08-07_20:44:00.000000,2023-08-07,20:44:00.000000,2023-08-07,2038,2102,II/2    368
2022659_2023-08-07_20:59:00.000000,2023-08-07,20:59:00.000000,2023-08-07,2038,2102,II/2    368
2022659_2023-08-07_21:29:00.000000,2023-08-07,21:29:00.000000,2023-08-07,2133,2135,III/3
2022659_2023-08-07_21:44:00.000000,2023-08-07,21:44:00.000000,2023-08-07,2151,2152,III/1
2022665_2023-08-08_20:27:00.000000,2023-08-08,20:27:00.000000,2023-08-08,2040,2049,III/1
2022665_2023-08-08_20:42:00.000000,2023-08-08,20:42:00.000000,2023-08-08,2040,2049,III/1
2024065_2023-08-09_18:26:00.000000,2023-08-09,18:26:00.000000,2023-08-09,1832,1837,III/1
2024065_2023-08-09_19:11:00.000000,2023-08-09,19:11:00.000000,2023-08-09,1916,1917,III/1
2024065_2023-08-09_21:11:00.000000,2023-08-09,21:11:00.000000,2023-08-09,2115,2118,II/1    309
2024065_2023-08-09_21:26:00.000000,2023-08-09,21:26:00.000000,2023-08-09,2131,2131,III/1
2024065_2023-08-10_00:11:00.000000,2023-08-10,00:11:00.000000,2023-08-10,0025,0028,III/1
2024065_2023-08-10_00:26:00.000000,2023-08-10,00:26:00.000000,2023-08-10,0025,0028,III/1
2024065_2023-08-10_02:26:00.000000,2023-08-10,02:26:00.000000,2023-08-10,0234,0238,III/2
2024065_2023-08-10_02:41:00.000000,2023-08-10,02:41:00.000000,2023-08-10,0245,0259,II/2    587
2024065_2023-08-10_02:56:00.000000,2023-08-10,02:56:00.000000,2023-08-10,0245,0259,II/2    587
2024065_2023-08-10_04:41:00.000000,2023-08-10,04:41:00.000000,2023-08-10,0444,0447,III/1
2024100_2023-08-10_08:37:00.000000,2023-08-10,08:37:00.000000,2023-08-10,0840,0840,III/1
2024100_2023-08-10_09:07:00.000000,2023-08-10,09:07:00.000000,2023-08-10,0921,0922,III/1
2024100_2023-08-10_11:52:00.000000,2023-08-10,11:52:00.000000,2023-08-10,1159,1200,III/2
2024100_2023-08-10_15:37:00.000000,2023-08-10,15:37:00.000000,2023-08-10,1545,1545,III/1
2024103_2023-08-10_20:39:00.000000,2023-08-10,20:39:00.000000,2023-08-10,2044,2044,III/1
2024103_2023-08-10_22:24:00.000000,2023-08-10,22:24:00.000000,2023-08-10,2226,2228,III/2
2024103_2023-08-11_02:39:00.000000,2023-08-11,02:39:00.000000,2023-08-11,0247,0248,III/1
2024103_2023-08-11_04:54:00.000000,2023-08-11,04:54:00.000000,2023-08-11,0500,0507,III/2
2024106_2023-08-11_06:39:00.000000,2023-08-11,06:39:00.000000,2023-08-11,0649,0650,III/2
2024106_2023-08-11_07:24:00.000000,2023-08-11,07:24:00.000000,2023-08-11,0728,0730,III/1
2024106_2023-08-11_08:24:00.000000,2023-08-11,08:24:00.000000,2023-08-11,0827,0828,III/1
2024106_2023-08-11_08:54:00.000000,2023-08-11,08:54:00.000000,2023-08-11,0907,0907,III/1
2024106_2023-08-11_10:09:00.000000,2023-08-11,10:09:00.000000,2023-08-11,1010,1012,III/1
2024106_2023-08-11_10:39:00.000000,2023-08-11,10:39:00.000000,2023-08-11,1048,1049,III/1
2024106_2023-08-11_13:24:00.000000,2023-08-11,13:24:00.000000,2023-08-11,1326,1337,III/1
2024109_2023-08-11_19:52:00.000000,2023-08-11,19:52:00.000000,2023-08-11,1956,2001,III/1
2024109_2023-08-11_22:52:00.000000,2023-08-11,22:52:00.000000,2023-08-11,2305,2305,III/1
2024112_2023-08-12_07:10:00.000000,2023-08-12,07:10:00.000000,2023-08-12,0716,0726,III/2
2024112_2023-08-12_07:25:00.000000,2023-08-12,07:25:00.000000,2023-08-12,0716,0726,III/2
2024112_2023-08-12_08:25:00.000000,2023-08-12,08:25:00.000000,2023-08-12,0826,0828,III/3
2024112_2023-08-12_08:55:00.000000,2023-08-12,08:55:00.000000,2023-08-12,0900,0903,III/1
2024112_2023-08-12_09:40:00.000000,2023-08-12,09:40:00.000000,2023-08-12,0942,0943,III/2
2024112_2023-08-12_10:40:00.000000,2023-08-12,10:40:00.000000,2023-08-12,1048,1048,III/1
2024112_2023-08-12_15:10:00.000000,2023-08-12,15:10:00.000000,2023-08-12,1511,1515,III/2
2024115_2023-08-13_04:20:00.000000,2023-08-13,04:20:00.000000,2023-08-13,0429,0430,III/1
2024118_2023-08-13_06:27:00.000000,2023-08-13,06:27:00.000000,2023-08-13,0631,0635,III/1
2024118_2023-08-13_07:27:00.000000,2023-08-13,07:27:00.000000,2023-08-13,0741,0742,III/1
2024118_2023-08-13_09:27:00.000000,2023-08-13,09:27:00.000000,2023-08-13,0933,0933,III/1
2024118_2023-08-13_10:27:00.000000,2023-08-13,10:27:00.000000,2023-08-13,1036,1039,III/1
2024118_2023-08-13_14:27:00.000000,2023-08-13,14:27:00.000000,2023-08-13,1434,1435,III/1
2024121_2023-08-14_01:04:00.000000,2023-08-14,01:04:00.000000,2023-08-14,0116,0118,III/2
2024124_2023-08-14_06:28:00.000000,2023-08-14,06:28:00.000000,2023-08-14,0632,0634,III/1
2024124_2023-08-14_09:28:00.000000,2023-08-14,09:28:00.000000,2023-08-14,0933,0934,III/1
2024127_2023-08-15_03:32:00.000000,2023-08-15,03:32:00.000000,2023-08-15,0339,0339,III/1
2024127_2023-08-15_04:32:00.000000,2023-08-15,04:32:00.000000,2023-08-15,0435,0435,III/1
2024127_2023-08-15_04:47:00.000000,2023-08-15,04:47:00.000000,2023-08-15,0458,0458,III/1
2024127_2023-08-15_05:02:00.000000,2023-08-15,05:02:00.000000,2023-08-15,0513,0514,III/1
2024130_2023-08-15_09:44:00.000000,2023-08-15,09:44:00.000000,2023-08-15,0946,0947,III/1
2024130_2023-08-15_12:14:00.000000,2023-08-15,12:14:00.000000,2023-08-15,1215,1218,III/1
2024133_2023-08-15_20:45:00.000000,2023-08-15,20:45:00.000000,2023-08-15,2057,2058,III/1
2024136_2023-08-16_14:16:00.000000,2023-08-16,14:16:00.000000,2023-08-16,1421,1430,III/2
2024139_2023-08-16_20:43:00.000000,2023-08-16,20:43:00.000000,2023-08-16,2047,2052,III/1
2024139_2023-08-16_21:43:00.000000,2023-08-16,21:43:00.000000,2023-08-16,2151,2155,III/1
2024139_2023-08-16_22:58:00.000000,2023-08-16,22:58:00.000000,2023-08-16,2300,2305,III/1
2024139_2023-08-16_23:28:00.000000,2023-08-16,23:28:00.000000,2023-08-16,2329,2330,III/1
2024139_2023-08-17_02:28:00.000000,2023-08-17,02:28:00.000000,2023-08-17,0229,0244,II/2    253
2024139_2023-08-17_02:43:00.000000,2023-08-17,02:43:00.000000,2023-08-17,0229,0244,II/2    253
2024373_2023-08-17_12:32:00.000000,2023-08-17,12:32:00.000000,2023-08-17,1235,1250,II/1    617
2024373_2023-08-17_12:47:00.000000,2023-08-17,12:47:00.000000,2023-08-17,1235,1250,II/1    617
2024373_2023-08-17_14:17:00.000000,2023-08-17,14:17:00.000000,2023-08-17,1417,1418,III/2
2024373_2023-08-17_16:47:00.000000,2023-08-17,16:47:00.000000,2023-08-17,1653,1654,III/1
2024376_2023-08-17_23:41:00.000000,2023-08-17,23:41:00.000000,2023-08-17,2347,2347,III/1
2024379_2023-08-18_14:19:00.000000,2023-08-18,14:19:00.000000,2023-08-18,1425,1425,III/2
2024379_2023-08-18_15:49:00.000000,2023-08-18,15:49:00.000000,2023-08-18,1551,1551,III/1
2024379_2023-08-18_16:34:00.000000,2023-08-18,16:34:00.000000,2023-08-18,1642,1642,III/1
2024382_2023-08-19_04:54:00.000000,2023-08-19,04:54:00.000000,2023-08-19,0507,0515,III/2
2024382_2023-08-19_05:09:00.000000,2023-08-19,05:09:00.000000,2023-08-19,0507,0515,III/2
2024385_2023-08-19_06:35:00.000000,2023-08-19,06:35:00.000000,2023-08-19,0644,0648,III/3
2024385_2023-08-19_09:20:00.000000,2023-08-19,09:20:00.000000,2023-08-19,0928,0936,III/2
2024385_2023-08-19_09:35:00.000000,2023-08-19,09:35:00.000000,2023-08-19,0928,0936,III/2
2024388_2023-08-20_01:52:00.000000,2023-08-20,01:52:00.000000,2023-08-20,0152,0153,III/2
2024391_2023-08-20_06:07:00.000000,2023-08-20,06:07:00.000000,2023-08-20,0614,0615,III/2
2024391_2023-08-20_06:22:00.000000,2023-08-20,06:22:00.000000,2023-08-20,0626,0631,II/1    488
2024391_2023-08-20_12:22:00.000000,2023-08-20,12:22:00.000000,2023-08-20,1227,1228,III/1
2024391_2023-08-20_13:37:00.000000,2023-08-20,13:37:00.000000,2023-08-20,1349,1352,III/2
2024391_2023-08-20_14:37:00.000000,2023-08-20,14:37:00.000000,2023-08-20,1450,1459,III/1
2024391_2023-08-20_14:52:00.000000,2023-08-20,14:52:00.000000,2023-08-20,1450,1459,III/1
2024391_2023-08-20_15:52:00.000000,2023-08-20,15:52:00.000000,2023-08-20,1602,1603,III/1
2024391_2023-08-20_16:37:00.000000,2023-08-20,16:37:00.000000,2023-08-20,1649,1653,III/1
2024391_2023-08-20_16:52:00.000000,2023-08-20,16:52:00.000000,2023-08-20,1649,1653,III/1
2024394_2023-08-20_17:35:00.000000,2023-08-20,17:35:00.000000,2023-08-20,1749,1753,III/2
2024394_2023-08-20_17:50:00.000000,2023-08-20,17:50:00.000000,2023-08-20,1749,1753,III/2
2024394_2023-08-20_22:05:00.000000,2023-08-20,22:05:00.000000,2023-08-20,2215,2216,III/1
2024397_2023-08-21_05:53:00.000000,2023-08-21,05:53:00.000000,2023-08-21,0605,0605,III/1
2024397_2023-08-21_08:23:00.000000,2023-08-21,08:23:00.000000,2023-08-21,0832,0833,III/1
2024397_2023-08-21_12:23:00.000000,2023-08-21,12:23:00.000000,2023-08-21,1223,1224,III/1
2024400_2023-08-22_05:03:00.000000,2023-08-22,05:03:00.000000,2023-08-22,0510,0511,III/1
2024403_2023-08-22_07:55:00.000000,2023-08-22,07:55:00.000000,2023-08-22,0803,0806,III/1
2024403_2023-08-22_08:55:00.000000,2023-08-22,08:55:00.000000,2023-08-22,0855,0856,III/2
2024403_2023-08-22_10:10:00.000000,2023-08-22,10:10:00.000000,2023-08-22,1022,1030,III/3
2024403_2023-08-22_10:25:00.000000,2023-08-22,10:25:00.000000,2023-08-22,1022,1030,III/3
2024403_2023-08-22_10:55:00.000000,2023-08-22,10:55:00.000000,2023-08-22,1056,1056,III/1
2024406_2023-08-22_23:31:00.000000,2023-08-22,23:31:00.000000,2023-08-22,2340,2340,III/2
2024409_2023-08-23_13:56:00.000000,2023-08-23,13:56:00.000000,2023-08-23,1358,1405,III/2
2024409_2023-08-23_15:26:00.000000,2023-08-23,15:26:00.000000,2023-08-23,1529,1530,III/2
2024412_2023-08-23_23:29:00.000000,2023-08-23,23:29:00.000000,2023-08-23,2330,2348,III/2
2024412_2023-08-23_23:44:00.000000,2023-08-23,23:44:00.000000,2023-08-23,2330,2348,III/2
2024412_2023-08-24_04:44:00.000000,2023-08-24,04:44:00.000000,2023-08-24,0456,0502,III/1
2024412_2023-08-24_04:59:00.000000,2023-08-24,04:59:00.000000,2023-08-24,0456,0502,III/1
2024751_2023-08-25_00:57:00.000000,2023-08-25,00:57:00.000000,2023-08-25,0102,0106,III/1
2024751_2023-08-25_03:12:00.000000,2023-08-25,03:12:00.000000,2023-08-25,0323,0325,III/2
2024751_2023-08-25_03:12:00.000000,2023-08-25,03:12:00.000000,2023-08-25,0323,0325,V/3
2024751_2023-08-25_04:42:00.000000,2023-08-25,04:42:00.000000,2023-08-25,0444,0445,III/2
2024757_2023-08-25_17:40:00.000000,2023-08-25,17:40:00.000000,2023-08-25,1742,1751,III/2
2024760_2023-08-26_07:01:00.000000,2023-08-26,07:01:00.000000,2023-08-26,0706,0708,III/2
2024760_2023-08-26_12:46:00.000000,2023-08-26,12:46:00.000000,2023-08-26,1256,1259,II/2    592
2024763_2023-08-27_00:08:00.000000,2023-08-27,00:08:00.000000,2023-08-27,0012,0016,III/1
2024769_2023-08-28_00:36:00.000000,2023-08-28,00:36:00.000000,2023-08-28,0039,0255,III/2
2024769_2023-08-28_00:51:00.000000,2023-08-28,00:51:00.000000,2023-08-28,0039,0255,III/2
2024769_2023-08-28_01:06:00.000000,2023-08-28,01:06:00.000000,2023-08-28,0039,0255,III/2
2024769_2023-08-28_01:21:00.000000,2023-08-28,01:21:00.000000,2023-08-28,0039,0255,III/2
2024769_2023-08-28_01:36:00.000000,2023-08-28,01:36:00.000000,2023-08-28,0039,0255,III/2
2024769_2023-08-28_01:51:00.000000,2023-08-28,01:51:00.000000,2023-08-28,0039,0255,III/2
2024769_2023-08-28_02:36:00.000000,2023-08-28,02:36:00.000000,2023-08-28,0242,0242,III/2
2024772_2023-08-28_08:49:00.000000,2023-08-28,08:49:00.000000,2023-08-28,0859,0900,III/1
2024775_2023-08-28_23:19:00.000000,2023-08-28,23:19:00.000000,2023-08-28,2331,2332,III/1
2024781_2023-08-30_02:47:00.000000,2023-08-30,02:47:00.000000,2023-08-30,0254,0254,III/2
2024781_2023-08-30_04:17:00.000000,2023-08-30,04:17:00.000000,2023-08-30,0430,0430,III/1
2024787_2023-08-30_17:14:00.000000,2023-08-30,17:14:00.000000,2023-08-30,1714,1715,III/1
2024787_2023-08-30_20:29:00.000000,2023-08-30,20:29:00.000000,2023-08-30,2035,2036,III/2
2024787_2023-08-30_23:14:00.000000,2023-08-30,23:14:00.000000,2023-08-30,2315,2319,III/1
2024787_2023-08-30_23:29:00.000000,2023-08-30,23:29:00.000000,2023-08-30,2341,2342,III/2
2024787_2023-08-31_02:14:00.000000,2023-08-31,02:14:00.000000,2023-08-31,0217,0217,III/1
2024790_2023-08-31_07:39:00.000000,2023-08-31,07:39:00.000000,2023-08-31,0740,0740,III/1
2024790_2023-08-31_11:39:00.000000,2023-08-31,11:39:00.000000,2023-08-31,1148,1148,III/1
2024790_2023-08-31_16:54:00.000000,2023-08-31,16:54:00.000000,2023-08-31,1708,1709,III/1
2024793_2023-08-31_22:27:00.000000,2023-08-31,22:27:00.000000,2023-08-31,2235,2240,III/2
2024793_2023-08-31_22:57:00.000000,2023-08-31,22:57:00.000000,2023-08-31,2305,2306,III/1
2024793_2023-09-01_02:27:00.000000,2023-09-01,02:27:00.000000,2023-09-01,0236,0236,III/2
2024793_2023-09-01_02:57:00.000000,2023-09-01,02:57:00.000000,2023-09-01,0303,0408,IV/2
2024793_2023-09-01_03:12:00.000000,2023-09-01,03:12:00.000000,2023-09-01,0303,0408,IV/2
2024793_2023-09-01_03:27:00.000000,2023-09-01,03:27:00.000000,2023-09-01,0303,0408,IV/2
2024793_2023-09-01_03:42:00.000000,2023-09-01,03:42:00.000000,2023-09-01,0303,0408,IV/2
2024793_2023-09-01_03:57:00.000000,2023-09-01,03:57:00.000000,2023-09-01,0303,0408,IV/2
2024793_2023-09-01_02:57:00.000000,2023-09-01,02:57:00.000000,2023-09-01,0308,0313,II/2    743
2024793_2023-09-01_03:12:00.000000,2023-09-01,03:12:00.000000,2023-09-01,0308,0313,II/2    743
2024796_2023-09-01_06:25:00.000000,2023-09-01,06:25:00.000000,2023-09-01,0629,0630,III/1
2024799_2023-09-01_22:10:00.000000,2023-09-01,22:10:00.000000,2023-09-01,2219,2224,III/2
2024799_2023-09-02_03:40:00.000000,2023-09-02,03:40:00.000000,2023-09-02,0351,0351,III/1
2024802_2023-09-02_10:42:00.000000,2023-09-02,10:42:00.000000,2023-09-02,1044,1044,III/1
2024802_2023-09-02_14:12:00.000000,2023-09-02,14:12:00.000000,2023-09-02,1422,1424,III/1
2024802_2023-09-02_14:57:00.000000,2023-09-02,14:57:00.000000,2023-09-02,1508,1508,III/1
2024805_2023-09-02_18:23:00.000000,2023-09-02,18:23:00.000000,2023-09-02,1837,1843,III/1
2024805_2023-09-02_18:38:00.000000,2023-09-02,18:38:00.000000,2023-09-02,1837,1843,III/1
2024805_2023-09-02_19:53:00.000000,2023-09-02,19:53:00.000000,2023-09-02,1955,1955,III/2
2024805_2023-09-02_20:38:00.000000,2023-09-02,20:38:00.000000,2023-09-02,2038,2046,III/2
2024805_2023-09-02_20:53:00.000000,2023-09-02,20:53:00.000000,2023-09-02,2107,2107,III/2
2024805_2023-09-03_00:08:00.000000,2023-09-03,00:08:00.000000,2023-09-03,0016,0029,III/2
2024805_2023-09-03_00:23:00.000000,2023-09-03,00:23:00.000000,2023-09-03,0016,0029,III/2
2024805_2023-09-03_01:38:00.000000,2023-09-03,01:38:00.000000,2023-09-03,0138,0139,III/1
2024805_2023-09-03_03:08:00.000000,2023-09-03,03:08:00.000000,2023-09-03,0317,0318,III/1
2024805_2023-09-03_03:53:00.000000,2023-09-03,03:53:00.000000,2023-09-03,0358,0409,III/1
2024805_2023-09-03_04:08:00.000000,2023-09-03,04:08:00.000000,2023-09-03,0358,0409,III/1
2024808_2023-09-03_08:44:00.000000,2023-09-03,08:44:00.000000,2023-09-03,0854,0903,III/1
2024808_2023-09-03_08:59:00.000000,2023-09-03,08:59:00.000000,2023-09-03,0854,0903,III/1
2024811_2023-09-03_17:35:00.000000,2023-09-03,17:35:00.000000,2023-09-03,1742,1742,III/1
2024811_2023-09-04_00:50:00.000000,2023-09-04,00:50:00.000000,2023-09-04,0101,0101,III/2
2024814_2023-09-04_06:45:00.000000,2023-09-04,06:45:00.000000,2023-09-04,0656,0657,III/1
2024817_2023-09-04_17:03:00.000000,2023-09-04,17:03:00.000000,2023-09-04,1704,1705,III/1
2024817_2023-09-04_20:33:00.000000,2023-09-04,20:33:00.000000,2023-09-04,2039,2039,III/1
2024820_2023-09-05_08:02:01.000000,2023-09-05,08:02:01.000000,2023-09-05,0810,0811,III/1
2024820_2023-09-05_08:47:01.000000,2023-09-05,08:47:01.000000,2023-09-05,0852,0855,III/2
2024820_2023-09-05_13:02:01.000000,2023-09-05,13:02:01.000000,2023-09-05,1316,1321,III/2
2024820_2023-09-05_13:17:01.000000,2023-09-05,13:17:01.000000,2023-09-05,1316,1321,III/2
2024823_2023-09-05_20:16:00.000000,2023-09-05,20:16:00.000000,2023-09-05,2021,2024,II/2    1314
2024823_2023-09-05_20:31:00.000000,2023-09-05,20:31:00.000000,2023-09-05,2034,2034,III/1
2024823_2023-09-05_22:16:00.000000,2023-09-05,22:16:00.000000,2023-09-05,2217,2222,III/3
2024826_2023-09-06_10:48:00.000000,2023-09-06,10:48:00.000000,2023-09-06,1056,1057,III/1
2024826_2023-09-06_11:48:00.000000,2023-09-06,11:48:00.000000,2023-09-06,1157,1200,III/1
2024826_2023-09-06_12:48:00.000000,2023-09-06,12:48:00.000000,2023-09-06,1258,1259,III/1
2024826_2023-09-06_14:48:00.000000,2023-09-06,14:48:00.000000,2023-09-06,1502,1502,III/1
2024829_2023-09-07_00:59:00.000000,2023-09-07,00:59:00.000000,2023-09-07,0107,0112,III/2
2024829_2023-09-07_04:59:00.000000,2023-09-07,04:59:00.000000,2023-09-07,0505,0511,III/2
2025127_2023-09-07_08:05:00.000000,2023-09-07,08:05:00.000000,2023-09-07,0812,0812,III/1
2025127_2023-09-07_11:05:00.000000,2023-09-07,11:05:00.000000,2023-09-07,1107,1107,III/1
2025127_2023-09-07_12:05:00.000000,2023-09-07,12:05:00.000000,2023-09-07,1206,1207,III/1
2025127_2023-09-07_15:50:00.000000,2023-09-07,15:50:00.000000,2023-09-07,1550,1558,III/1
2025130_2023-09-07_18:26:00.000000,2023-09-07,18:26:00.000000,2023-09-07,1829,1839,III/2
2025130_2023-09-07_18:56:00.000000,2023-09-07,18:56:00.000000,2023-09-07,1901,1907,III/1
2025130_2023-09-07_18:56:00.000000,2023-09-07,18:56:00.000000,2023-09-07,1903,1918,II/2    1238
2025130_2023-09-07_19:11:00.000000,2023-09-07,19:11:00.000000,2023-09-07,1903,1918,II/2    1238
2025130_2023-09-08_00:41:00.000000,2023-09-08,00:41:00.000000,2023-09-08,0043,0045,III/1
2025130_2023-09-08_03:56:00.000000,2023-09-08,03:56:00.000000,2023-09-08,0400,0403,III/1
2025133_2023-09-08_07:37:00.000000,2023-09-08,07:37:00.000000,2023-09-08,0739,0748,III/2
2025133_2023-09-08_12:22:00.000000,2023-09-08,12:22:00.000000,2023-09-08,1229,1230,III/2
2025133_2023-09-08_14:37:00.000000,2023-09-08,14:37:00.000000,2023-09-08,1440,1448,III/2
2025136_2023-09-08_17:54:00.000000,2023-09-08,17:54:00.000000,2023-09-08,1802,1803,III/2
2025136_2023-09-08_21:09:00.000000,2023-09-08,21:09:00.000000,2023-09-08,2120,2129,III/2
2025136_2023-09-08_21:24:00.000000,2023-09-08,21:24:00.000000,2023-09-08,2120,2129,III/2
2025136_2023-09-08_21:54:00.000000,2023-09-08,21:54:00.000000,2023-09-08,2204,2204,III/1
2025136_2023-09-08_22:54:00.000000,2023-09-08,22:54:00.000000,2023-09-08,2255,2257,III/2
2025136_2023-09-09_02:54:00.000000,2023-09-09,02:54:00.000000,2023-09-09,0259,0300,III/2
2025136_2023-09-09_03:54:00.000000,2023-09-09,03:54:00.000000,2023-09-09,0405,0405,III/2
2025136_2023-09-09_04:54:00.000000,2023-09-09,04:54:00.000000,2023-09-09,0456,0459,III/2
2025139_2023-09-09_06:08:00.000000,2023-09-09,06:08:00.000000,2023-09-09,0610,0612,III/1
2025139_2023-09-09_06:38:00.000000,2023-09-09,06:38:00.000000,2023-09-09,0645,0647,III/1
2025139_2023-09-09_07:08:00.000000,2023-09-09,07:08:00.000000,2023-09-09,0715,0716,III/2
2025139_2023-09-09_07:23:00.000000,2023-09-09,07:23:00.000000,2023-09-09,0726,0726,III/1
2025139_2023-09-09_07:53:00.000000,2023-09-09,07:53:00.000000,2023-09-09,0756,0758,III/1
2025139_2023-09-09_08:23:00.000000,2023-09-09,08:23:00.000000,2023-09-09,0823,0824,III/1
2025139_2023-09-09_08:53:00.000000,2023-09-09,08:53:00.000000,2023-09-09,0907,0908,III/2
2025139_2023-09-09_09:38:00.000000,2023-09-09,09:38:00.000000,2023-09-09,0943,0943,III/2
2025139_2023-09-09_11:38:00.000000,2023-09-09,11:38:00.000000,2023-09-09,1149,1151,III/2
2025142_2023-09-09_17:22:00.000000,2023-09-09,17:22:00.000000,2023-09-09,1726,1729,III/1
2025142_2023-09-09_20:52:00.000000,2023-09-09,20:52:00.000000,2023-09-09,2103,2104,III/2
2025142_2023-09-09_22:37:00.000000,2023-09-09,22:37:00.000000,2023-09-09,2242,2252,III/2
2025142_2023-09-09_23:52:00.000000,2023-09-09,23:52:00.000000,2023-09-09,2356,2357,III/1
2025142_2023-09-10_01:07:00.000000,2023-09-10,01:07:00.000000,2023-09-10,0121,0124,III/1
2025142_2023-09-10_01:22:00.000000,2023-09-10,01:22:00.000000,2023-09-10,0121,0124,III/1
2025145_2023-09-10_09:55:00.000000,2023-09-10,09:55:00.000000,2023-09-10,0956,0958,III/1
2025145_2023-09-10_11:55:00.000000,2023-09-10,11:55:00.000000,2023-09-10,1209,1209,III/1
2025148_2023-09-11_01:19:00.000000,2023-09-11,01:19:00.000000,2023-09-11,0120,0133,II/2    547
2025148_2023-09-11_01:34:00.000000,2023-09-11,01:34:00.000000,2023-09-11,0141,0147,III/2
2025151_2023-09-11_10:12:00.000000,2023-09-11,10:12:00.000000,2023-09-11,1016,1016,III/1
2025151_2023-09-11_14:27:00.000000,2023-09-11,14:27:00.000000,2023-09-11,1434,1437,III/1
2025154_2023-09-11_17:17:00.000000,2023-09-11,17:17:00.000000,2023-09-11,1720,1726,III/1
2025154_2023-09-11_20:32:00.000000,2023-09-11,20:32:00.000000,2023-09-11,2044,2045,III/2
2025154_2023-09-11_21:17:00.000000,2023-09-11,21:17:00.000000,2023-09-11,2121,2123,III/2
2025157_2023-09-12_07:28:00.000000,2023-09-12,07:28:00.000000,2023-09-12,0734,0734,III/1
2025157_2023-09-12_08:43:00.000000,2023-09-12,08:43:00.000000,2023-09-12,0850,0851,III/1
2025157_2023-09-12_10:43:00.000000,2023-09-12,10:43:00.000000,2023-09-12,1046,1046,III/1
2025160_2023-09-12_19:45:00.000000,2023-09-12,19:45:00.000000,2023-09-12,1955,1955,III/2
2025160_2023-09-13_04:30:00.000000,2023-09-13,04:30:00.000000,2023-09-13,0443,0443,III/1
2025160_2023-09-13_05:30:00.000000,2023-09-13,05:30:00.000000,2023-09-13,0541,0543,III/1
2025163_2023-09-13_09:15:00.000000,2023-09-13,09:15:00.000000,2023-09-13,0925,0926,III/1
2025163_2023-09-13_10:45:00.000000,2023-09-13,10:45:00.000000,2023-09-13,1057,1057,III/1
2025163_2023-09-13_11:00:00.000000,2023-09-13,11:00:00.000000,2023-09-13,1114,1115,III/2
2025163_2023-09-13_11:00:00.000000,2023-09-13,11:00:00.000000,2023-09-13,1114,1116,III/1
2025163_2023-09-13_11:15:00.000000,2023-09-13,11:15:00.000000,2023-09-13,1114,1116,III/1
2025163_2023-09-13_14:00:00.000000,2023-09-13,14:00:00.000000,2023-09-13,1408,1613,III/1
2025163_2023-09-13_14:15:00.000000,2023-09-13,14:15:00.000000,2023-09-13,1408,1613,III/1
2025163_2023-09-13_14:30:00.000000,2023-09-13,14:30:00.000000,2023-09-13,1408,1613,III/1
2025163_2023-09-13_14:45:00.000000,2023-09-13,14:45:00.000000,2023-09-13,1408,1613,III/1
2025163_2023-09-13_15:00:00.000000,2023-09-13,15:00:00.000000,2023-09-13,1408,1613,III/1
2025163_2023-09-13_15:15:00.000000,2023-09-13,15:15:00.000000,2023-09-13,1408,1613,III/1
2025163_2023-09-13_14:00:00.000000,2023-09-13,14:00:00.000000,2023-09-13,1408,1409,III/1
2025169_2023-09-14_07:02:00.000000,2023-09-14,07:02:00.000000,2023-09-14,0710,0713,III/2
2025172_2023-09-14_16:55:00.000000,2023-09-14,16:55:00.000000,2023-09-14,1656,1657,III/2
2025172_2023-09-14_19:25:00.000000,2023-09-14,19:25:00.000000,2023-09-14,1931,1932,III/2
2025172_2023-09-15_05:10:00.000000,2023-09-15,05:10:00.000000,2023-09-15,0511,0520,III/2
2025172_2023-09-15_05:40:00.000000,2023-09-15,05:40:00.000000,2023-09-15,0552,0559,III/1
2025172_2023-09-15_05:55:00.000000,2023-09-15,05:55:00.000000,2023-09-15,0552,0559,III/1
2025681_2023-09-15_15:31:00.000000,2023-09-15,15:31:00.000000,2023-09-15,1544,1544,III/2
2025178_2023-09-15_23:37:00.000000,2023-09-15,23:37:00.000000,2023-09-15,2341,2341,III/2
2025181_2023-09-16_16:05:00.000000,2023-09-16,16:05:00.000000,2023-09-16,1619,1619,III/1
2025184_2023-09-16_19:20:00.000000,2023-09-16,19:20:00.000000,2023-09-16,1929,1930,III/1
2025184_2023-09-17_00:05:00.000000,2023-09-17,00:05:00.000000,2023-09-17,0008,0008,III/1
2025184_2023-09-17_00:20:00.000000,2023-09-17,00:20:00.000000,2023-09-17,0020,0023,III/1
2025184_2023-09-17_04:50:00.000000,2023-09-17,04:50:00.000000,2023-09-17,0500,0500,III/2
2025187_2023-09-17_06:37:00.000000,2023-09-17,06:37:00.000000,2023-09-17,0648,0655,III/1
2025187_2023-09-17_06:52:00.000000,2023-09-17,06:52:00.000000,2023-09-17,0648,0655,III/1
2025187_2023-09-17_10:52:00.000000,2023-09-17,10:52:00.000000,2023-09-17,1056,1056,III/1
2025187_2023-09-17_16:07:00.000000,2023-09-17,16:07:00.000000,2023-09-17,1612,1621,II/1    344
2025190_2023-09-17_16:47:00.000000,2023-09-17,16:47:00.000000,2023-09-17,1700,1701,III/2
2025190_2023-09-17_18:32:00.000000,2023-09-17,18:32:00.000000,2023-09-17,1839,1840,III/1
2025190_2023-09-18_00:02:00.000000,2023-09-18,00:02:00.000000,2023-09-18,0013,0014,III/1
2025190_2023-09-18_02:02:00.000000,2023-09-18,02:02:00.000000,2023-09-18,0214,0215,III/1
2025196_2023-09-18_20:15:00.000000,2023-09-18,20:15:00.000000,2023-09-18,2026,2030,III/2
2025196_2023-09-19_03:45:00.000000,2023-09-19,03:45:00.000000,2023-09-19,0347,0355,III/2
2025202_2023-09-19_22:28:00.000000,2023-09-19,22:28:00.000000,2023-09-19,2238,2359,IV/1
2025202_2023-09-19_22:43:00.000000,2023-09-19,22:43:00.000000,2023-09-19,2238,2359,IV/1
2025202_2023-09-19_22:58:00.000000,2023-09-19,22:58:00.000000,2023-09-19,2238,2359,IV/1
2025202_2023-09-19_23:13:00.000000,2023-09-19,23:13:00.000000,2023-09-19,2238,2359,IV/1
2025202_2023-09-19_23:28:00.000000,2023-09-19,23:28:00.000000,2023-09-19,2238,2359,IV/1
2025202_2023-09-19_23:43:00.000000,2023-09-19,23:43:00.000000,2023-09-19,2238,2359,IV/1
2025202_2023-09-20_01:58:00.000000,2023-09-20,01:58:00.000000,2023-09-20,0200,0200,III/2
2025202_2023-09-20_02:13:00.000000,2023-09-20,02:13:00.000000,2023-09-20,0213,0217,III/1
2025202_2023-09-20_04:28:00.000000,2023-09-20,04:28:00.000000,2023-09-20,0437,0438,III/2
2025205_2023-09-20_06:42:00.000000,2023-09-20,06:42:00.000000,2023-09-20,0655,0656,III/2
2025205_2023-09-20_14:12:00.000000,2023-09-20,14:12:00.000000,2023-09-20,1425,1433,II/1    1054
2025205_2023-09-20_14:27:00.000000,2023-09-20,14:27:00.000000,2023-09-20,1425,1433,II/1    1054
2025208_2023-09-20_20:25:00.000000,2023-09-20,20:25:00.000000,2023-09-20,2025,2359,IV/1
2025208_2023-09-20_20:40:00.000000,2023-09-20,20:40:00.000000,2023-09-20,2025,2359,IV/1
2025208_2023-09-20_20:55:00.000000,2023-09-20,20:55:00.000000,2023-09-20,2025,2359,IV/1
2025208_2023-09-20_21:10:00.000000,2023-09-20,21:10:00.000000,2023-09-20,2025,2359,IV/1
2025208_2023-09-20_21:25:00.000000,2023-09-20,21:25:00.000000,2023-09-20,2025,2359,IV/1
2025208_2023-09-20_21:40:00.000000,2023-09-20,21:40:00.000000,2023-09-20,2025,2359,IV/1
2025208_2023-09-20_23:10:00.000000,2023-09-20,23:10:00.000000,2023-09-20,2322,2325,III/2
2025208_2023-09-21_00:55:00.000000,2023-09-21,00:55:00.000000,2023-09-21,0104,0105,III/1
2025208_2023-09-21_05:55:00.000000,2023-09-21,05:55:00.000000,2023-09-21,0556,0557,III/3
2025214_2023-09-21_18:23:00.000000,2023-09-21,18:23:00.000000,2023-09-21,1825,1832,III/2
2025214_2023-09-21_23:08:00.000000,2023-09-21,23:08:00.000000,2023-09-21,2312,2313,III/3
2025214_2023-09-22_04:38:00.000000,2023-09-22,04:38:00.000000,2023-09-22,0440,0446,III/1
2025214_2023-09-22_05:53:00.000000,2023-09-22,05:53:00.000000,2023-09-22,0559,0601,III/1
2025217_2023-09-22_07:16:00.000000,2023-09-22,07:16:00.000000,2023-09-22,0723,0727,III/1
2025217_2023-09-22_07:31:00.000000,2023-09-22,07:31:00.000000,2023-09-22,0733,0735,III/2
2025217_2023-09-22_07:31:00.000000,2023-09-22,07:31:00.000000,2023-09-22,0737,0738,III/2
2025217_2023-09-22_08:31:00.000000,2023-09-22,08:31:00.000000,2023-09-22,0839,0841,III/2
2025217_2023-09-22_11:31:00.000000,2023-09-22,11:31:00.000000,2023-09-22,1140,1143,III/2
2025217_2023-09-22_14:46:00.000000,2023-09-22,14:46:00.000000,2023-09-22,1446,1447,III/1
2025217_2023-09-22_15:01:00.000000,2023-09-22,15:01:00.000000,2023-09-22,1503,1505,III/2
2025217_2023-09-22_15:16:00.000000,2023-09-22,15:16:00.000000,2023-09-22,1518,1519,III/2
2025217_2023-09-22_15:16:00.000000,2023-09-22,15:16:00.000000,2023-09-22,1529,1530,III/2
2025220_2023-09-22_17:05:00.000000,2023-09-22,17:05:00.000000,2023-09-22,1714,1715,III/2
2025220_2023-09-22_19:20:00.000000,2023-09-22,19:20:00.000000,2023-09-22,1928,1935,II/2    483
2025220_2023-09-22_22:35:00.000000,2023-09-22,22:35:00.000000,2023-09-22,2242,2244,III/2
2025223_2023-09-23_07:18:00.000000,2023-09-23,07:18:00.000000,2023-09-23,0720,0721,III/3
2025949_2023-09-23_08:00:00.000000,2023-09-23,08:00:00.000000,2023-09-23,0803,0803,III/2
2025223_2023-09-23_10:48:00.000000,2023-09-23,10:48:00.000000,2023-09-23,1100,1103,III/2
2025223_2023-09-23_14:33:00.000000,2023-09-23,14:33:00.000000,2023-09-23,1442,1446,III/2
2025226_2023-09-23_19:03:00.000000,2023-09-23,19:03:00.000000,2023-09-23,1913,1914,III/2
2025229_2023-09-24_10:34:00.000000,2023-09-24,10:34:00.000000,2023-09-24,1036,1039,III/2
2025229_2023-09-24_14:49:00.000000,2023-09-24,14:49:00.000000,2023-09-24,1454,1458,III/2
2025229_2023-09-24_15:04:00.000000,2023-09-24,15:04:00.000000,2023-09-24,1507,1510,II/1    755
2025229_2023-09-24_15:34:00.000000,2023-09-24,15:34:00.000000,2023-09-24,1535,1536,III/2
2025229_2023-09-24_15:34:00.000000,2023-09-24,15:34:00.000000,2023-09-24,1539,1541,III/2
2025232_2023-09-24_17:30:00.000000,2023-09-24,17:30:00.000000,2023-09-24,1741,1741,III/1
2025232_2023-09-24_22:45:00.000000,2023-09-24,22:45:00.000000,2023-09-24,2248,2251,III/2
2025232_2023-09-24_23:45:00.000000,2023-09-24,23:45:00.000000,2023-09-24,2354,2354,III/1
2025232_2023-09-25_01:45:00.000000,2023-09-25,01:45:00.000000,2023-09-25,0159,0159,III/1
2025232_2023-09-25_02:00:00.000000,2023-09-25,02:00:00.000000,2023-09-25,0206,0206,III/1
2025232_2023-09-25_02:45:00.000000,2023-09-25,02:45:00.000000,2023-09-25,0257,0300,III/1
2025235_2023-09-25_07:06:00.000000,2023-09-25,07:06:00.000000,2023-09-25,0718,0723,III/2
2025235_2023-09-25_07:21:00.000000,2023-09-25,07:21:00.000000,2023-09-25,0718,0723,III/2
2025235_2023-09-25_09:21:00.000000,2023-09-25,09:21:00.000000,2023-09-25,0929,0929,III/1
2025235_2023-09-25_13:51:00.000000,2023-09-25,13:51:00.000000,2023-09-25,1359,1405,III/2
2025235_2023-09-25_15:21:00.000000,2023-09-25,15:21:00.000000,2023-09-25,1521,1523,III/1
2025235_2023-09-25_15:21:00.000000,2023-09-25,15:21:00.000000,2023-09-25,1531,1532,III/2
2025238_2023-09-25_17:58:00.000000,2023-09-25,17:58:00.000000,2023-09-25,1812,1815,III/2
2025238_2023-09-25_18:13:00.000000,2023-09-25,18:13:00.000000,2023-09-25,1812,1815,III/2
2025238_2023-09-25_19:13:00.000000,2023-09-25,19:13:00.000000,2023-09-25,1920,1926,III/2
2025238_2023-09-25_19:13:00.000000,2023-09-25,19:13:00.000000,2023-09-25,1921,1926,III/2
2025241_2023-09-26_07:23:00.000000,2023-09-26,07:23:00.000000,2023-09-26,0723,0724,III/1
2025241_2023-09-26_08:23:00.000000,2023-09-26,08:23:00.000000,2023-09-26,0830,0835,III/2
2025241_2023-09-26_10:23:00.000000,2023-09-26,10:23:00.000000,2023-09-26,1023,1024,III/1
2025241_2023-09-26_11:08:00.000000,2023-09-26,11:08:00.000000,2023-09-26,1111,1113,III/1
2025241_2023-09-26_12:23:00.000000,2023-09-26,12:23:00.000000,2023-09-26,1234,1234,III/1
2025241_2023-09-26_13:53:00.000000,2023-09-26,13:53:00.000000,2023-09-26,1401,1402,III/1
2025241_2023-09-26_14:38:00.000000,2023-09-26,14:38:00.000000,2023-09-26,1451,1451,III/1
2025244_2023-09-26_17:10:00.000000,2023-09-26,17:10:00.000000,2023-09-26,1715,1715,III/2
2025244_2023-09-27_05:40:00.000000,2023-09-27,05:40:00.000000,2023-09-27,0553,0553,III/1
2025247_2023-09-27_06:40:00.000000,2023-09-27,06:40:00.000000,2023-09-27,0649,0650,III/2
2025247_2023-09-27_07:40:00.000000,2023-09-27,07:40:00.000000,2023-09-27,0753,0753,III/1
2025247_2023-09-27_12:55:00.000000,2023-09-27,12:55:00.000000,2023-09-27,1256,1258,III/2
2025247_2023-09-27_13:40:00.000000,2023-09-27,13:40:00.000000,2023-09-27,1353,1353,III/1
2025247_2023-09-27_14:55:00.000000,2023-09-27,14:55:00.000000,2023-09-27,1456,1458,III/1
2025250_2023-09-27_19:38:00.000000,2023-09-27,19:38:00.000000,2023-09-27,1948,1952,III/1
2025250_2023-09-27_21:23:00.000000,2023-09-27,21:23:00.000000,2023-09-27,2130,2137,III/1
2025250_2023-09-28_00:08:00.000000,2023-09-28,00:08:00.000000,2023-09-28,0016,0018,III/2
2025250_2023-09-28_03:53:00.000000,2023-09-28,03:53:00.000000,2023-09-28,0359,0402,III/2
2025250_2023-09-28_06:08:00.000000,2023-09-28,06:08:00.000000,2023-09-28,0608,0610,III/2
2025250_2023-09-28_06:23:00.000000,2023-09-28,06:23:00.000000,2023-09-28,0625,0625,III/1
2025253_2023-09-28_08:57:00.000000,2023-09-28,08:57:00.000000,2023-09-28,0905,0908,V/3
2025253_2023-09-28_13:57:00.000000,2023-09-28,13:57:00.000000,2023-09-28,1402,1403,III/2
2025256_2023-09-29_02:50:00.000000,2023-09-29,02:50:00.000000,2023-09-29,0301,0305,III/1
2025259_2023-09-29_13:29:00.000000,2023-09-29,13:29:00.000000,2023-09-29,1329,1331,III/2
2025259_2023-09-29_15:14:00.000000,2023-09-29,15:14:00.000000,2023-09-29,1523,1530,III/1
2025259_2023-09-29_15:29:00.000000,2023-09-29,15:29:00.000000,2023-09-29,1523,1530,III/1
2025262_2023-09-29_18:47:00.000000,2023-09-29,18:47:00.000000,2023-09-29,1900,1902,III/1
2025262_2023-09-29_20:02:00.000000,2023-09-29,20:02:00.000000,2023-09-29,2010,2014,III/1
2025262_2023-09-29_20:32:00.000000,2023-09-29,20:32:00.000000,2023-09-29,2045,2045,III/1
2025262_2023-09-29_21:17:00.000000,2023-09-29,21:17:00.000000,2023-09-29,2125,2128,III/2
2025262_2023-09-29_23:02:00.000000,2023-09-29,23:02:00.000000,2023-09-29,2303,2312,III/1
2025262_2023-09-30_01:17:00.000000,2023-09-30,01:17:00.000000,2023-09-30,0118,0125,III/2
2025262_2023-09-30_06:02:00.000000,2023-09-30,06:02:00.000000,2023-09-30,0607,0607,III/1
2025265_2023-09-30_07:00:00.000000,2023-09-30,07:00:00.000000,2023-09-30,0712,0713,III/1
2025265_2023-09-30_09:30:00.000000,2023-09-30,09:30:00.000000,2023-09-30,0941,0941,III/1
2025265_2023-09-30_13:15:00.000000,2023-09-30,13:15:00.000000,2023-09-30,1322,1322,III/1
2025265_2023-09-30_14:45:00.000000,2023-09-30,14:45:00.000000,2023-09-30,1454,1454,III/2
2025265_2023-09-30_15:30:00.000000,2023-09-30,15:30:00.000000,2023-09-30,1542,1546,III/3
2025268_2023-10-01_00:15:00.000000,2023-10-01,00:15:00.000000,2023-10-01,0023,0030,III/2
2025268_2023-10-01_01:00:00.000000,2023-10-01,01:00:00.000000,2023-10-01,0110,0112,III/2
2025268_2023-10-01_01:30:00.000000,2023-10-01,01:30:00.000000,2023-10-01,0144,0147,III/3
2025268_2023-10-01_01:45:00.000000,2023-10-01,01:45:00.000000,2023-10-01,0144,0147,III/3
2025271_2023-10-01_12:47:00.000000,2023-10-01,12:47:00.000000,2023-10-01,1248,1250,III/1
2025271_2023-10-01_14:47:00.000000,2023-10-01,14:47:00.000000,2023-10-01,1448,1448,III/1
2025274_2023-10-01_18:27:00.000000,2023-10-01,18:27:00.000000,2023-10-01,1833,1833,III/1
2025274_2023-10-01_21:27:00.000000,2023-10-01,21:27:00.000000,2023-10-01,2130,2130,III/2
2025274_2023-10-01_21:57:00.000000,2023-10-01,21:57:00.000000,2023-10-01,2204,2204,III/1
2025274_2023-10-01_22:57:00.000000,2023-10-01,22:57:00.000000,2023-10-01,2310,2315,III/2
2025274_2023-10-01_23:12:00.000000,2023-10-01,23:12:00.000000,2023-10-01,2310,2315,III/2
2025277_2023-10-02_09:19:00.000000,2023-10-02,09:19:00.000000,2023-10-02,0931,0931,III/1
2025277_2023-10-02_12:19:00.000000,2023-10-02,12:19:00.000000,2023-10-02,1232,1232,III/1
2025280_2023-10-02_16:55:00.000000,2023-10-02,16:55:00.000000,2023-10-02,1656,1657,III/1
2025280_2023-10-02_19:55:00.000000,2023-10-02,19:55:00.000000,2023-10-02,2000,2009,III/1
2025280_2023-10-02_20:55:00.000000,2023-10-02,20:55:00.000000,2023-10-02,2104,2104,III/1
2025280_2023-10-02_21:25:00.000000,2023-10-02,21:25:00.000000,2023-10-02,2134,2139,III/2
2025280_2023-10-02_22:55:00.000000,2023-10-02,22:55:00.000000,2023-10-02,2309,2309,III/1
2025280_2023-10-03_00:40:00.000000,2023-10-03,00:40:00.000000,2023-10-03,0046,0046,III/1
2025280_2023-10-03_02:55:00.000000,2023-10-03,02:55:00.000000,2023-10-03,0302,0303,III/1
2025280_2023-10-03_05:40:00.000000,2023-10-03,05:40:00.000000,2023-10-03,0548,0549,III/1
2025283_2023-10-03_08:06:00.000000,2023-10-03,08:06:00.000000,2023-10-03,0811,0811,III/1
2025283_2023-10-03_09:21:00.000000,2023-10-03,09:21:00.000000,2023-10-03,0929,0929,III/1
2025283_2023-10-03_13:36:00.000000,2023-10-03,13:36:00.000000,2023-10-03,1340,1341,III/1
2025283_2023-10-03_14:36:00.000000,2023-10-03,14:36:00.000000,2023-10-03,1448,1448,III/1
2025286_2023-10-03_15:52:00.000000,2023-10-03,15:52:00.000000,2023-10-03,1557,1601,III/2
2025286_2023-10-03_18:52:00.000000,2023-10-03,18:52:00.000000,2023-10-03,1853,1853,III/1
2025286_2023-10-03_23:22:00.000000,2023-10-03,23:22:00.000000,2023-10-03,2326,2326,III/1
2025286_2023-10-04_05:37:00.000000,2023-10-04,05:37:00.000000,2023-10-04,0542,0543,III/1
2025286_2023-10-04_06:22:00.000000,2023-10-04,06:22:00.000000,2023-10-04,0636,0637,III/2
2025289_2023-10-04_08:53:00.000000,2023-10-04,08:53:00.000000,2023-10-04,0902,0902,III/2
2025292_2023-10-04_20:05:00.000000,2023-10-04,20:05:00.000000,2023-10-04,2013,2014,III/2
2025292_2023-10-05_05:05:00.000000,2023-10-05,05:05:00.000000,2023-10-05,0510,0511,III/1
2025292_2023-10-05_05:35:00.000000,2023-10-05,05:35:00.000000,2023-10-05,0541,0549,III/2
2027429_2023-10-06_00:17:00.000000,2023-10-06,00:17:00.000000,2023-10-06,0027,0028,III/2
2027432_2023-10-06_08:12:00.000000,2023-10-06,08:12:00.000000,2023-10-06,0822,0822,III/1
2027432_2023-10-06_08:57:00.000000,2023-10-06,08:57:00.000000,2023-10-06,0900,0901,III/1
2027432_2023-10-06_10:42:00.000000,2023-10-06,10:42:00.000000,2023-10-06,1056,1056,III/1
2027435_2023-10-06_17:45:00.000000,2023-10-06,17:45:00.000000,2023-10-06,1749,1749,III/1
2027435_2023-10-07_01:30:00.000000,2023-10-07,01:30:00.000000,2023-10-07,0140,0141,III/1
2027435_2023-10-07_05:15:00.000000,2023-10-07,05:15:00.000000,2023-10-07,0515,0521,V/2
2027435_2023-10-07_05:15:00.000000,2023-10-07,05:15:00.000000,2023-10-07,0516,0516,III/1
2027441_2023-10-07_17:57:00.000000,2023-10-07,17:57:00.000000,2023-10-07,1805,1806,III/1
2027441_2023-10-07_17:57:00.000000,2023-10-07,17:57:00.000000,2023-10-07,1807,1816,II/1    598
2027441_2023-10-07_18:12:00.000000,2023-10-07,18:12:00.000000,2023-10-07,1807,1816,II/1    598
2027441_2023-10-07_19:12:00.000000,2023-10-07,19:12:00.000000,2023-10-07,1926,1926,III/1
2027441_2023-10-07_21:42:00.000000,2023-10-07,21:42:00.000000,2023-10-07,2153,2154,III/1
2027441_2023-10-08_02:42:00.000000,2023-10-08,02:42:00.000000,2023-10-08,0247,0248,III/2
2027441_2023-10-08_03:27:00.000000,2023-10-08,03:27:00.000000,2023-10-08,0339,0342,III/2
2027441_2023-10-08_03:42:00.000000,2023-10-08,03:42:00.000000,2023-10-08,0356,0403,III/2
2027441_2023-10-08_03:57:00.000000,2023-10-08,03:57:00.000000,2023-10-08,0356,0403,III/2
2027441_2023-10-08_05:27:00.000000,2023-10-08,05:27:00.000000,2023-10-08,0529,0529,III/1
2027447_2023-10-08_17:39:00.000000,2023-10-08,17:39:00.000000,2023-10-08,1747,1748,III/1
2027447_2023-10-09_05:09:00.000000,2023-10-09,05:09:00.000000,2023-10-09,0519,0520,III/1
2027450_2023-10-09_07:03:00.000000,2023-10-09,07:03:00.000000,2023-10-09,0714,0715,III/2
2027450_2023-10-09_09:18:00.000000,2023-10-09,09:18:00.000000,2023-10-09,0926,0926,III/2
2027450_2023-10-09_13:33:00.000000,2023-10-09,13:33:00.000000,2023-10-09,1341,1342,III/1
2027459_2023-10-10_20:19:00.000000,2023-10-10,20:19:00.000000,2023-10-10,2028,2035,III/1
2027459_2023-10-10_20:34:00.000000,2023-10-10,20:34:00.000000,2023-10-10,2028,2035,III/1
2027459_2023-10-11_04:19:00.000000,2023-10-11,04:19:00.000000,2023-10-11,0433,0434,III/2
2027462_2023-10-11_07:22:00.000000,2023-10-11,07:22:00.000000,2023-10-11,0733,0738,III/3
2027462_2023-10-11_07:37:00.000000,2023-10-11,07:37:00.000000,2023-10-11,0733,0738,III/3
2027465_2023-10-12_00:17:00.000000,2023-10-12,00:17:00.000000,2023-10-12,0025,0025,III/1
2027465_2023-10-12_04:02:00.000000,2023-10-12,04:02:00.000000,2023-10-12,0403,0404,III/1
2027758_2023-10-13_05:44:00.000000,2023-10-13,05:44:00.000000,2023-10-13,0544,0545,III/1
2027758_2023-10-13_06:14:00.000000,2023-10-13,06:14:00.000000,2023-10-13,0621,0622,III/1
2027776_2023-10-16_01:51:00.000000,2023-10-16,01:51:00.000000,2023-10-16,0154,0154,III/1
2027779_2023-10-16_14:03:00.000000,2023-10-16,14:03:00.000000,2023-10-16,1408,1410,III/1
2027782_2023-10-16_16:19:00.000000,2023-10-16,16:19:00.000000,2023-10-16,1622,1623,III/1
2027782_2023-10-16_18:34:00.000000,2023-10-16,18:34:00.000000,2023-10-16,1836,1837,III/1
2027785_2023-10-17_08:35:00.000000,2023-10-17,08:35:00.000000,2023-10-17,0845,0846,III/1
2028168_2023-10-18_16:14:00.000000,2023-10-18,16:14:00.000000,2023-10-18,1624,1624,III/1
2028168_2023-10-19_02:29:00.000000,2023-10-19,02:29:00.000000,2023-10-19,0235,0242,III/1
2028168_2023-10-19_04:29:00.000000,2023-10-19,04:29:00.000000,2023-10-19,0442,0444,III/2
2028168_2023-10-19_05:44:00.000000,2023-10-19,05:44:00.000000,2023-10-19,0558,0558,III/1
2028171_2023-10-19_13:39:00.000000,2023-10-19,13:39:00.000000,2023-10-19,1348,1348,III/1
2028171_2023-10-19_14:39:00.000000,2023-10-19,14:39:00.000000,2023-10-19,1440,1440,III/1
2028174_2023-10-20_02:11:00.000000,2023-10-20,02:11:00.000000,2023-10-20,0225,0226,III/1
2028174_2023-10-20_04:11:00.000000,2023-10-20,04:11:00.000000,2023-10-20,0414,0415,III/2
2028177_2023-10-20_11:42:00.000000,2023-10-20,11:42:00.000000,2023-10-20,1151,1153,III/2
2028180_2023-10-20_15:38:00.000000,2023-10-20,15:38:00.000000,2023-10-20,1544,1553,III/1
2028186_2023-10-21_19:36:00.000000,2023-10-21,19:36:00.000000,2023-10-21,1937,1938,III/1
2028186_2023-10-21_22:36:00.000000,2023-10-21,22:36:00.000000,2023-10-21,2244,2245,III/1
2028198_2023-10-23_19:01:00.000000,2023-10-23,19:01:00.000000,2023-10-23,1915,1915,III/1
2028204_2023-10-24_16:13:00.000000,2023-10-24,16:13:00.000000,2023-10-24,1626,1627,III/1
2028213_2023-10-26_08:10:00.000000,2023-10-26,08:10:00.000000,2023-10-26,0824,0825,III/1
2028213_2023-10-26_13:25:00.000000,2023-10-26,13:25:00.000000,2023-10-26,1327,1330,III/1
2028216_2023-10-26_22:53:00.000000,2023-10-26,22:53:00.000000,2023-10-26,2302,2310,III/1
2028216_2023-10-26_23:08:00.000000,2023-10-26,23:08:00.000000,2023-10-26,2302,2310,III/1
2028216_2023-10-26_23:08:00.000000,2023-10-26,23:08:00.000000,2023-10-26,2318,2333,II/2    961
2028216_2023-10-26_23:23:00.000000,2023-10-26,23:23:00.000000,2023-10-26,2318,2333,II/2    961
2028234_2023-10-30_02:45:00.000000,2023-10-30,02:45:00.000000,2023-10-30,0250,0251,III/1
2028237_2023-10-30_11:20:00.000000,2023-10-30,11:20:00.000000,2023-10-30,1121,1122,III/2
2028237_2023-10-30_14:05:00.000000,2023-10-30,14:05:00.000000,2023-10-30,1407,1409,III/2
2028240_2023-10-30_14:58:00.000000,2023-10-30,14:58:00.000000,2023-10-30,1508,1509,III/2
2028240_2023-10-31_06:28:00.000000,2023-10-31,06:28:00.000000,2023-10-31,0637,0637,III/1
2028246_2023-10-31_15:55:00.000000,2023-10-31,15:55:00.000000,2023-10-31,1601,1602,III/1
2028246_2023-10-31_20:10:00.000000,2023-10-31,20:10:00.000000,2023-10-31,2020,2022,III/2
2028246_2023-10-31_21:10:00.000000,2023-10-31,21:10:00.000000,2023-10-31,2110,2114,III/1
2028246_2023-10-31_23:25:00.000000,2023-10-31,23:25:00.000000,2023-10-31,2336,2337,III/2
2028249_2023-11-01_08:40:00.000000,2023-11-01,08:40:00.000000,2023-11-01,0850,0850,III/1
2028249_2023-11-01_09:25:00.000000,2023-11-01,09:25:00.000000,2023-11-01,0929,0929,III/2
2028249_2023-11-01_09:55:00.000000,2023-11-01,09:55:00.000000,2023-11-01,0955,0956,III/1
2028252_2023-11-01_22:08:00.000000,2023-11-01,22:08:00.000000,2023-11-01,2220,2220,III/1
2028252_2023-11-02_01:23:00.000000,2023-11-02,01:23:00.000000,2023-11-02,0130,0132,III/1
2028252_2023-11-02_01:23:00.000000,2023-11-02,01:23:00.000000,2023-11-02,0133,0133,III/2
2028252_2023-11-02_05:08:00.000000,2023-11-02,05:08:00.000000,2023-11-02,0512,0512,III/1
2028252_2023-11-02_06:08:00.000000,2023-11-02,06:08:00.000000,2023-11-02,0617,0618,III/2
2028252_2023-11-02_06:53:00.000000,2023-11-02,06:53:00.000000,2023-11-02,0705,0705,III/1
2028252_2023-11-02_07:08:00.000000,2023-11-02,07:08:00.000000,2023-11-02,0715,0719,III/1
2028255_2023-11-02_12:12:00.000000,2023-11-02,12:12:00.000000,2023-11-02,1221,1222,III/2
2028255_2023-11-02_12:27:00.000000,2023-11-02,12:27:00.000000,2023-11-02,1227,1235,II/1    644
2028258_2023-11-02_19:05:00.000000,2023-11-02,19:05:00.000000,2023-11-02,1914,1914,III/1
2028258_2023-11-02_20:05:00.000000,2023-11-02,20:05:00.000000,2023-11-02,2015,2016,III/1
2028258_2023-11-02_22:05:00.000000,2023-11-02,22:05:00.000000,2023-11-02,2218,2218,III/1
2028258_2023-11-03_07:20:00.000000,2023-11-03,07:20:00.000000,2023-11-03,0723,0724,III/1
2028264_2023-11-03_23:33:00.000000,2023-11-03,23:33:00.000000,2023-11-03,2333,2339,III/1
2028264_2023-11-04_05:33:00.000000,2023-11-04,05:33:00.000000,2023-11-04,0537,0538,III/1
2028264_2023-11-04_06:48:00.000000,2023-11-04,06:48:00.000000,2023-11-04,0650,0650,III/1
2028264_2023-11-04_07:33:00.000000,2023-11-04,07:33:00.000000,2023-11-04,0739,0740,III/1
2028267_2023-11-04_10:17:00.000000,2023-11-04,10:17:00.000000,2023-11-04,1023,1023,III/1
2028267_2023-11-04_10:47:00.000000,2023-11-04,10:47:00.000000,2023-11-04,1047,1048,III/1
2028267_2023-11-04_11:02:00.000000,2023-11-04,11:02:00.000000,2023-11-04,1115,1117,III/1
2028267_2023-11-04_12:17:00.000000,2023-11-04,12:17:00.000000,2023-11-04,1218,1224,III/1
2028270_2023-11-04_20:15:00.000000,2023-11-04,20:15:00.000000,2023-11-04,2022,2022,III/1
2028270_2023-11-04_21:00:00.000000,2023-11-04,21:00:00.000000,2023-11-04,2104,2104,III/2
2028270_2023-11-04_22:30:00.000000,2023-11-04,22:30:00.000000,2023-11-04,2239,2239,III/2
2028270_2023-11-04_22:45:00.000000,2023-11-04,22:45:00.000000,2023-11-04,2252,2253,III/2
2028273_2023-11-05_09:05:00.000000,2023-11-05,09:05:00.000000,2023-11-05,0908,0909,III/2
2028273_2023-11-05_09:35:00.000000,2023-11-05,09:35:00.000000,2023-11-05,0948,0949,III/2
2028276_2023-11-06_02:43:00.000000,2023-11-06,02:43:00.000000,2023-11-06,0255,0255,III/1
2028279_2023-11-06_08:52:00.000000,2023-11-06,08:52:00.000000,2023-11-06,0857,0857,III/1
2028279_2023-11-06_09:07:00.000000,2023-11-06,09:07:00.000000,2023-11-06,0909,0910,III/1
2028279_2023-11-06_11:07:00.000000,2023-11-06,11:07:00.000000,2023-11-06,1114,1114,III/1
2028279_2023-11-06_12:52:00.000000,2023-11-06,12:52:00.000000,2023-11-06,1259,1300,III/1
2028288_2023-11-07_23:38:00.000000,2023-11-07,23:38:00.000000,2023-11-07,2341,2341,III/1
2028288_2023-11-08_02:38:00.000000,2023-11-08,02:38:00.000000,2023-11-08,0244,0244,III/1
2028288_2023-11-08_04:08:00.000000,2023-11-08,04:08:00.000000,2023-11-08,0414,0414,III/1
2028288_2023-11-08_04:53:00.000000,2023-11-08,04:53:00.000000,2023-11-08,0507,0507,III/1
2028288_2023-11-08_05:53:00.000000,2023-11-08,05:53:00.000000,2023-11-08,0605,0605,III/3
2028288_2023-11-08_07:23:00.000000,2023-11-08,07:23:00.000000,2023-11-08,0737,0737,III/1
2028291_2023-11-08_10:57:00.000000,2023-11-08,10:57:00.000000,2023-11-08,1109,1110,III/1
2028291_2023-11-08_11:42:00.000000,2023-11-08,11:42:00.000000,2023-11-08,1144,1152,III/1
2028297_2023-11-09_10:45:00.000000,2023-11-09,10:45:00.000000,2023-11-09,1051,1058,III/1
2028300_2023-11-09_14:18:00.000000,2023-11-09,14:18:00.000000,2023-11-09,1427,1427,III/1
2028300_2023-11-09_23:48:00.000000,2023-11-09,23:48:00.000000,2023-11-09,2358,2358,III/1
2028300_2023-11-10_04:03:00.000000,2023-11-10,04:03:00.000000,2023-11-10,0409,0409,III/1
2028315_2023-11-12_11:08:00.000000,2023-11-12,11:08:00.000000,2023-11-12,1122,1123,III/1
2028315_2023-11-12_13:23:00.000000,2023-11-12,13:23:00.000000,2023-11-12,1325,1326,III/1
2028318_2023-11-12_14:11:00.000000,2023-11-12,14:11:00.000000,2023-11-12,1417,1417,III/2
2028318_2023-11-12_14:41:00.000000,2023-11-12,14:41:00.000000,2023-11-12,1441,1443,III/2
2028318_2023-11-12_15:41:00.000000,2023-11-12,15:41:00.000000,2023-11-12,1543,1544,III/1
2028318_2023-11-12_16:26:00.000000,2023-11-12,16:26:00.000000,2023-11-12,1633,1633,III/1
2028318_2023-11-12_17:26:00.000000,2023-11-12,17:26:00.000000,2023-11-12,1734,1734,III/1
2028318_2023-11-12_17:26:00.000000,2023-11-12,17:26:00.000000,2023-11-12,1734,1735,III/1
2028318_2023-11-12_21:41:00.000000,2023-11-12,21:41:00.000000,2023-11-12,2146,2200,III/2
2028318_2023-11-12_21:56:00.000000,2023-11-12,21:56:00.000000,2023-11-12,2146,2200,III/2
2028318_2023-11-13_01:56:00.000000,2023-11-13,01:56:00.000000,2023-11-13,0205,0206,III/1
2028321_2023-11-13_09:40:00.000000,2023-11-13,09:40:00.000000,2023-11-13,0945,0947,III/1
2028321_2023-11-13_13:40:00.000000,2023-11-13,13:40:00.000000,2023-11-13,1352,1352,III/1
2028324_2023-11-13_23:09:00.000000,2023-11-13,23:09:00.000000,2023-11-13,2318,2318,III/1
2028324_2023-11-14_00:39:00.000000,2023-11-14,00:39:00.000000,2023-11-14,0050,0052,III/2
2028324_2023-11-14_01:54:00.000000,2023-11-14,01:54:00.000000,2023-11-14,0200,0201,III/2
2028324_2023-11-14_03:24:00.000000,2023-11-14,03:24:00.000000,2023-11-14,0332,0336,III/3
2028324_2023-11-14_04:09:00.000000,2023-11-14,04:09:00.000000,2023-11-14,0420,0422,V/3
2028324_2023-11-14_06:24:00.000000,2023-11-14,06:24:00.000000,2023-11-14,0632,0632,III/1
2028327_2023-11-14_09:43:00.000000,2023-11-14,09:43:00.000000,2023-11-14,0953,0954,III/1
2028327_2023-11-14_11:58:00.000000,2023-11-14,11:58:00.000000,2023-11-14,1158,1159,III/2
2028327_2023-11-14_12:43:00.000000,2023-11-14,12:43:00.000000,2023-11-14,1251,1251,III/2
2028327_2023-11-14_13:43:00.000000,2023-11-14,13:43:00.000000,2023-11-14,1353,1354,III/1
2028330_2023-11-14_14:37:00.000000,2023-11-14,14:37:00.000000,2023-11-14,1439,1448,III/1
2028330_2023-11-14_22:52:00.000000,2023-11-14,22:52:00.000000,2023-11-14,2301,2305,III/3
2028330_2023-11-15_01:07:00.000000,2023-11-15,01:07:00.000000,2023-11-15,0110,0113,III/1
2028333_2023-11-15_12:00:00.000000,2023-11-15,12:00:00.000000,2023-11-15,1210,1211,III/1
2028336_2023-11-16_00:49:00.000000,2023-11-16,00:49:00.000000,2023-11-16,0054,0056,III/3
2028336_2023-11-16_02:19:00.000000,2023-11-16,02:19:00.000000,2023-11-16,0225,0225,III/1
2028342_2023-11-16_15:32:00.000000,2023-11-16,15:32:00.000000,2023-11-16,1546,1546,III/1
2028342_2023-11-16_16:17:00.000000,2023-11-16,16:17:00.000000,2023-11-16,1622,1622,III/2
2028342_2023-11-16_21:17:00.000000,2023-11-16,21:17:00.000000,2023-11-16,2126,2128,III/1
2028342_2023-11-17_02:32:00.000000,2023-11-17,02:32:00.000000,2023-11-17,0238,0239,III/1
2028342_2023-11-17_06:32:00.000000,2023-11-17,06:32:00.000000,2023-11-17,0641,0641,III/1
2028345_2023-11-17_09:35:00.000000,2023-11-17,09:35:00.000000,2023-11-17,0947,0947,III/2
2028369_2023-11-21_13:16:00.000000,2023-11-21,13:16:00.000000,2023-11-21,1317,1318,III/1
2028372_2023-11-21_15:52:00.000000,2023-11-21,15:52:00.000000,2023-11-21,1553,1553,III/1
2028372_2023-11-21_18:22:00.000000,2023-11-21,18:22:00.000000,2023-11-21,1830,1831,III/1
2028372_2023-11-21_21:07:00.000000,2023-11-21,21:07:00.000000,2023-11-21,2110,2110,III/2
2028372_2023-11-22_01:37:00.000000,2023-11-22,01:37:00.000000,2023-11-22,0151,0152,III/1
2028372_2023-11-22_05:07:00.000000,2023-11-22,05:07:00.000000,2023-11-22,0521,0521,III/1
2028375_2023-11-22_12:03:00.000000,2023-11-22,12:03:00.000000,2023-11-22,1213,1213,III/1
2028375_2023-11-22_13:03:00.000000,2023-11-22,13:03:00.000000,2023-11-22,1307,1307,III/1
2028378_2023-11-22_17:05:00.000000,2023-11-22,17:05:00.000000,2023-11-22,1707,1708,III/1
2028378_2023-11-22_18:35:00.000000,2023-11-22,18:35:00.000000,2023-11-22,1843,1843,III/1
2028378_2023-11-22_22:50:00.000000,2023-11-22,22:50:00.000000,2023-11-22,2257,2259,III/2
2028378_2023-11-22_23:35:00.000000,2023-11-22,23:35:00.000000,2023-11-22,2342,2343,III/2
2028378_2023-11-23_00:50:00.000000,2023-11-23,00:50:00.000000,2023-11-23,0058,0058,III/2
2028378_2023-11-23_01:20:00.000000,2023-11-23,01:20:00.000000,2023-11-23,0126,0130,III/2
2028378_2023-11-23_03:05:00.000000,2023-11-23,03:05:00.000000,2023-11-23,0308,0309,III/1
2028378_2023-11-23_04:35:00.000000,2023-11-23,04:35:00.000000,2023-11-23,0436,0437,III/2
2028378_2023-11-23_08:20:00.000000,2023-11-23,08:20:00.000000,2023-11-23,0830,0832,III/2
2028381_2023-11-23_08:51:00.000000,2023-11-23,08:51:00.000000,2023-11-23,0901,0902,III/1
2028381_2023-11-23_12:36:00.000000,2023-11-23,12:36:00.000000,2023-11-23,1243,1245,III/1
2028384_2023-11-23_14:17:00.000000,2023-11-23,14:17:00.000000,2023-11-23,1430,1440,III/2
2028384_2023-11-23_14:32:00.000000,2023-11-23,14:32:00.000000,2023-11-23,1430,1440,III/2
2028384_2023-11-23_15:17:00.000000,2023-11-23,15:17:00.000000,2023-11-23,1519,1519,III/1
2028384_2023-11-23_20:32:00.000000,2023-11-23,20:32:00.000000,2023-11-23,2037,2046,III/2
2028384_2023-11-23_21:47:00.000000,2023-11-23,21:47:00.000000,2023-11-23,2159,2204,III/2
2028384_2023-11-23_22:02:00.000000,2023-11-23,22:02:00.000000,2023-11-23,2159,2204,III/2
2028384_2023-11-23_22:47:00.000000,2023-11-23,22:47:00.000000,2023-11-23,2250,2253,III/1
2028384_2023-11-24_01:02:00.000000,2023-11-24,01:02:00.000000,2023-11-24,0106,0106,III/1
2028384_2023-11-24_07:32:00.000000,2023-11-24,07:32:00.000000,2023-11-24,0744,0746,III/3
2028387_2023-11-24_09:23:00.000000,2023-11-24,09:23:00.000000,2023-11-24,0923,0928,III/2
2028387_2023-11-24_11:23:00.000000,2023-11-24,11:23:00.000000,2023-11-24,1131,1140,III/2
2028387_2023-11-24_11:38:00.000000,2023-11-24,11:38:00.000000,2023-11-24,1131,1140,III/2
2028390_2023-11-24_16:31:00.000000,2023-11-24,16:31:00.000000,2023-11-24,1645,1648,III/1
2028390_2023-11-24_16:46:00.000000,2023-11-24,16:46:00.000000,2023-11-24,1645,1648,III/1
2028390_2023-11-24_18:16:00.000000,2023-11-24,18:16:00.000000,2023-11-24,1818,1819,III/1
2028390_2023-11-24_19:31:00.000000,2023-11-24,19:31:00.000000,2023-11-24,1944,1944,III/1
2028390_2023-11-24_20:16:00.000000,2023-11-24,20:16:00.000000,2023-11-24,2019,2019,III/2
2028390_2023-11-24_22:31:00.000000,2023-11-24,22:31:00.000000,2023-11-24,2234,2243,III/2
2028390_2023-11-25_04:01:00.000000,2023-11-25,04:01:00.000000,2023-11-25,0406,0407,III/2
2028393_2023-11-25_10:26:00.000000,2023-11-25,10:26:00.000000,2023-11-25,1027,1029,III/2
2028393_2023-11-25_10:41:00.000000,2023-11-25,10:41:00.000000,2023-11-25,1051,1054,III/2
2028393_2023-11-25_11:41:00.000000,2023-11-25,11:41:00.000000,2023-11-25,1150,1150,III/2
2028396_2023-11-25_14:44:00.000000,2023-11-25,14:44:00.000000,2023-11-25,1450,1454,III/2
2028396_2023-11-25_16:59:00.000000,2023-11-25,16:59:00.000000,2023-11-25,1707,1711,III/1
2028396_2023-11-25_18:29:00.000000,2023-11-25,18:29:00.000000,2023-11-25,1843,1843,III/1
2028396_2023-11-25_19:59:00.000000,2023-11-25,19:59:00.000000,2023-11-25,2006,2006,III/2
2028396_2023-11-25_19:59:00.000000,2023-11-25,19:59:00.000000,2023-11-25,2008,2009,III/1
2028396_2023-11-25_20:44:00.000000,2023-11-25,20:44:00.000000,2023-11-25,2054,2105,III/1
2028396_2023-11-25_20:59:00.000000,2023-11-25,20:59:00.000000,2023-11-25,2054,2105,III/1
2028396_2023-11-25_21:44:00.000000,2023-11-25,21:44:00.000000,2023-11-25,2154,2154,III/1
2028396_2023-11-26_01:29:00.000000,2023-11-26,01:29:00.000000,2023-11-26,0134,0135,III/3
2028396_2023-11-26_04:59:00.000000,2023-11-26,04:59:00.000000,2023-11-26,0506,0507,III/2
2028396_2023-11-26_05:29:00.000000,2023-11-26,05:29:00.000000,2023-11-26,0538,0539,III/3
2028396_2023-11-26_07:29:00.000000,2023-11-26,07:29:00.000000,2023-11-26,0740,0747,III/2
2028396_2023-11-26_07:44:00.000000,2023-11-26,07:44:00.000000,2023-11-26,0740,0747,III/2
2028396_2023-11-26_07:44:00.000000,2023-11-26,07:44:00.000000,2023-11-26,0747,0750,II/2    413
2028396_2023-11-26_07:44:00.000000,2023-11-26,07:44:00.000000,2023-11-26,0748,0843,IV/1
2028396_2023-11-26_07:59:00.000000,2023-11-26,07:59:00.000000,2023-11-26,0748,0843,IV/1
2028396_2023-11-26_08:14:00.000000,2023-11-26,08:14:00.000000,2023-11-26,0748,0843,IV/1
2028396_2023-11-26_08:29:00.000000,2023-11-26,08:29:00.000000,2023-11-26,0748,0843,IV/1
2028411_2023-11-28_11:48:00.000000,2023-11-28,11:48:00.000000,2023-11-28,1154,1155,III/2
2028414_2023-11-28_15:23:00.000000,2023-11-28,15:23:00.000000,2023-11-28,1528,1528,III/1
2028414_2023-11-28_17:08:00.000000,2023-11-28,17:08:00.000000,2023-11-28,1721,1721,III/1
2028414_2023-11-28_18:23:00.000000,2023-11-28,18:23:00.000000,2023-11-28,1837,1837,III/2
2028414_2023-11-28_19:23:00.000000,2023-11-28,19:23:00.000000,2023-11-28,1934,1944,II/2    694
2028414_2023-11-28_19:38:00.000000,2023-11-28,19:38:00.000000,2023-11-28,1934,1944,II/2    694
2028414_2023-11-28_19:23:00.000000,2023-11-28,19:23:00.000000,2023-11-28,1935,2003,II/2
2028414_2023-11-28_19:38:00.000000,2023-11-28,19:38:00.000000,2023-11-28,1935,2003,II/2
2028414_2023-11-28_19:53:00.000000,2023-11-28,19:53:00.000000,2023-11-28,1935,2003,II/2
2028414_2023-11-28_19:38:00.000000,2023-11-28,19:38:00.000000,2023-11-28,1948,1951,III/2
2028414_2023-11-28_19:53:00.000000,2023-11-28,19:53:00.000000,2023-11-28,1959,2007,II/1    854
2028414_2023-11-28_22:23:00.000000,2023-11-28,22:23:00.000000,2023-11-28,2233,2237,III/3
2028414_2023-11-29_02:23:00.000000,2023-11-29,02:23:00.000000,2023-11-29,0229,0230,III/2
2028414_2023-11-29_07:23:00.000000,2023-11-29,07:23:00.000000,2023-11-29,0724,0725,III/3
2028417_2023-11-29_09:06:00.000000,2023-11-29,09:06:00.000000,2023-11-29,0903,0907,III/2
2028420_2023-11-29_18:07:00.000000,2023-11-29,18:07:00.000000,2023-11-29,1815,1817,III/1
2028420_2023-11-29_18:52:00.000000,2023-11-29,18:52:00.000000,2023-11-29,1857,1857,III/1
2028420_2023-11-29_19:22:00.000000,2023-11-29,19:22:00.000000,2023-11-29,1929,1929,III/1
2028420_2023-11-29_20:52:00.000000,2023-11-29,20:52:00.000000,2023-11-29,2053,2054,III/2
2028420_2023-11-29_21:22:00.000000,2023-11-29,21:22:00.000000,2023-11-29,2124,2124,III/1
2028420_2023-11-30_00:37:00.000000,2023-11-30,00:37:00.000000,2023-11-30,0040,0042,III/1
2028420_2023-11-30_05:52:00.000000,2023-11-30,05:52:00.000000,2023-11-30,0555,0603,III/2
2028420_2023-11-30_07:07:00.000000,2023-11-30,07:07:00.000000,2023-11-30,0715,0721,III/1
2028426_2023-11-30_15:35:00.000000,2023-11-30,15:35:00.000000,2023-11-30,1541,1546,III/2
2028426_2023-11-30_18:05:00.000000,2023-11-30,18:05:00.000000,2023-11-30,1818,1821,III/1
2028426_2023-11-30_18:20:00.000000,2023-11-30,18:20:00.000000,2023-11-30,1818,1821,III/1
2028426_2023-11-30_22:20:00.000000,2023-11-30,22:20:00.000000,2023-11-30,2231,2232,V/3
2028426_2023-11-30_22:20:00.000000,2023-11-30,22:20:00.000000,2023-11-30,2231,2232,III/2
2028426_2023-12-01_05:50:00.000000,2023-12-01,05:50:00.000000,2023-12-01,0557,0559,III/2
2028432_2023-12-01_17:48:00.000000,2023-12-01,17:48:00.000000,2023-12-01,1758,1801,III/2
2028432_2023-12-01_22:33:00.000000,2023-12-01,22:33:00.000000,2023-12-01,2243,2243,III/2
2028432_2023-12-02_02:33:00.000000,2023-12-02,02:33:00.000000,2023-12-02,0237,0238,V/2
2028432_2023-12-02_03:33:00.000000,2023-12-02,03:33:00.000000,2023-12-02,0338,0339,III/3
2028432_2023-12-02_07:48:00.000000,2023-12-02,07:48:00.000000,2023-12-02,0800,0801,III/2
2028435_2023-12-02_12:57:00.000000,2023-12-02,12:57:00.000000,2023-12-02,1309,1310,III/1
2028438_2023-12-02_20:32:00.000000,2023-12-02,20:32:00.000000,2023-12-02,2045,2045,III/1
2028450_2023-12-04_20:44:00.000000,2023-12-04,20:44:00.000000,2023-12-04,2051,2056,III/2
2028450_2023-12-04_23:29:00.000000,2023-12-04,23:29:00.000000,2023-12-04,2330,2333,III/2
2028450_2023-12-05_06:44:00.000000,2023-12-05,06:44:00.000000,2023-12-05,0648,0648,III/2
2028450_2023-12-05_07:14:00.000000,2023-12-05,07:14:00.000000,2023-12-05,0717,0718,III/1
2028453_2023-12-05_11:19:00.000000,2023-12-05,11:19:00.000000,2023-12-05,1124,1124,III/1
2028456_2023-12-06_05:28:00.000000,2023-12-06,05:28:00.000000,2023-12-06,0537,0541,III/1
2028462_2023-12-06_20:42:00.000000,2023-12-06,20:42:00.000000,2023-12-06,2046,2054,III/1
2028462_2023-12-07_02:57:00.000000,2023-12-07,02:57:00.000000,2023-12-07,0300,0300,III/1
2028462_2023-12-07_04:12:00.000000,2023-12-07,04:12:00.000000,2023-12-07,0425,0426,III/1
2031802_2023-12-07_13:26:00.000000,2023-12-07,13:26:00.000000,2023-12-07,1328,1330,III/2
2031802_2023-12-07_13:56:00.000000,2023-12-07,13:56:00.000000,2023-12-07,1357,1358,III/1
2031802_2023-12-07_18:11:00.000000,2023-12-07,18:11:00.000000,2023-12-07,1815,1816,III/2
2031994_2023-12-08_22:45:00.000000,2023-12-08,22:45:00.000000,2023-12-08,2256,2256,III/3
2028477_2023-12-09_09:42:00.000000,2023-12-09,09:42:00.000000,2023-12-09,0946,0948,III/2
2028477_2023-12-09_12:42:00.000000,2023-12-09,12:42:00.000000,2023-12-09,1243,1246,III/1
2028477_2023-12-09_12:57:00.000000,2023-12-09,12:57:00.000000,2023-12-09,1305,1306,III/1
2028480_2023-12-09_18:24:00.000000,2023-12-09,18:24:00.000000,2023-12-09,1829,1829,III/1
2028480_2023-12-09_23:09:00.000000,2023-12-09,23:09:00.000000,2023-12-09,2320,2320,III/1
2028480_2023-12-09_23:54:00.000000,2023-12-09,23:54:00.000000,2023-12-09,2354,2355,III/2
2028480_2023-12-10_01:39:00.000000,2023-12-10,01:39:00.000000,2023-12-10,0143,0206,III/1
2028480_2023-12-10_01:54:00.000000,2023-12-10,01:54:00.000000,2023-12-10,0143,0206,III/1
2028480_2023-12-10_05:39:00.000000,2023-12-10,05:39:00.000000,2023-12-10,0545,0553,III/1
2028486_2023-12-11_01:53:00.000000,2023-12-11,01:53:00.000000,2023-12-11,0155,0155,III/1
2028489_2023-12-11_13:00:00.000000,2023-12-11,13:00:00.000000,2023-12-11,1304,1304,III/1
2028492_2023-12-11_21:52:00.000000,2023-12-11,21:52:00.000000,2023-12-11,2159,2203,III/2
2028492_2023-12-12_01:37:00.000000,2023-12-12,01:37:00.000000,2023-12-12,0143,0143,III/1
2028492_2023-12-12_03:22:00.000000,2023-12-12,03:22:00.000000,2023-12-12,0336,0338,III/2
2028492_2023-12-12_03:37:00.000000,2023-12-12,03:37:00.000000,2023-12-12,0336,0338,III/2
2028495_2023-12-12_10:02:00.000000,2023-12-12,10:02:00.000000,2023-12-12,1004,1008,III/1
2028495_2023-12-12_11:17:00.000000,2023-12-12,11:17:00.000000,2023-12-12,1120,1122,III/1
2028498_2023-12-12_13:22:00.000000,2023-12-12,13:22:00.000000,2023-12-12,1335,1337,III/1
2028498_2023-12-12_14:22:00.000000,2023-12-12,14:22:00.000000,2023-12-12,1425,1427,III/2
2031988_2023-12-13_14:21:00.000000,2023-12-13,14:21:00.000000,2023-12-13,1421,1426,V/1
2031988_2023-12-13_14:36:00.000000,2023-12-13,14:36:00.000000,2023-12-13,1438,1439,III/1
2031991_2023-12-14_06:05:00.000000,2023-12-14,06:05:00.000000,2023-12-14,0616,0616,III/1
2028510_2023-12-14_16:51:00.000000,2023-12-14,16:51:00.000000,2023-12-14,1700,1708,II/2    2118
2028510_2023-12-14_17:06:00.000000,2023-12-14,17:06:00.000000,2023-12-14,1700,1708,II/2    2118
2028510_2023-12-14_17:06:00.000000,2023-12-14,17:06:00.000000,2023-12-14,1708,2058,IV/2
2028510_2023-12-14_17:21:00.000000,2023-12-14,17:21:00.000000,2023-12-14,1708,2058,IV/2
2028510_2023-12-14_17:36:00.000000,2023-12-14,17:36:00.000000,2023-12-14,1708,2058,IV/2
2028510_2023-12-14_17:51:00.000000,2023-12-14,17:51:00.000000,2023-12-14,1708,2058,IV/2
2028510_2023-12-14_18:06:00.000000,2023-12-14,18:06:00.000000,2023-12-14,1708,2058,IV/2
2028510_2023-12-14_18:21:00.000000,2023-12-14,18:21:00.000000,2023-12-14,1708,2058,IV/2
2028510_2023-12-14_17:06:00.000000,2023-12-14,17:06:00.000000,2023-12-14,1715,2034,IV/2
2028510_2023-12-14_17:21:00.000000,2023-12-14,17:21:00.000000,2023-12-14,1715,2034,IV/2
2028510_2023-12-14_17:36:00.000000,2023-12-14,17:36:00.000000,2023-12-14,1715,2034,IV/2
2028510_2023-12-14_17:51:00.000000,2023-12-14,17:51:00.000000,2023-12-14,1715,2034,IV/2
2028510_2023-12-14_18:06:00.000000,2023-12-14,18:06:00.000000,2023-12-14,1715,2034,IV/2
2028510_2023-12-14_18:21:00.000000,2023-12-14,18:21:00.000000,2023-12-14,1715,2034,IV/2
2028510_2023-12-15_00:06:00.000000,2023-12-15,00:06:00.000000,2023-12-15,0018,0020,III/2
2028510_2023-12-15_01:51:00.000000,2023-12-15,01:51:00.000000,2023-12-15,0153,0157,III/2
2028510_2023-12-15_07:21:00.000000,2023-12-15,07:21:00.000000,2023-12-15,0724,0729,III/1
2028510_2023-12-15_07:21:00.000000,2023-12-15,07:21:00.000000,2023-12-15,0729,0831,IV/2
2028510_2023-12-15_07:36:00.000000,2023-12-15,07:36:00.000000,2023-12-15,0729,0831,IV/2
2028510_2023-12-15_07:51:00.000000,2023-12-15,07:51:00.000000,2023-12-15,0729,0831,IV/2
2028510_2023-12-15_08:06:00.000000,2023-12-15,08:06:00.000000,2023-12-15,0729,0831,IV/2
2028510_2023-12-15_08:21:00.000000,2023-12-15,08:21:00.000000,2023-12-15,0729,0831,IV/2
2028510_2023-12-15_09:06:00.000000,2023-12-15,09:06:00.000000,2023-12-15,0912,0912,III/1
2028513_2023-12-15_09:51:00.000000,2023-12-15,09:51:00.000000,2023-12-15,0959,1003,III/1
2028513_2023-12-15_10:36:00.000000,2023-12-15,10:36:00.000000,2023-12-15,1043,1044,III/1
2028513_2023-12-15_11:51:00.000000,2023-12-15,11:51:00.000000,2023-12-15,1202,1204,III/1
2028516_2023-12-15_18:20:00.000000,2023-12-15,18:20:00.000000,2023-12-15,1831,1847,III/1
2028516_2023-12-15_18:35:00.000000,2023-12-15,18:35:00.000000,2023-12-15,1831,1847,III/1
2028525_2023-12-17_09:53:00.000000,2023-12-17,09:53:00.000000,2023-12-17,0958,0958,III/1
2028528_2023-12-17_21:05:00.000000,2023-12-17,21:05:00.000000,2023-12-17,2106,2115,III/1
2028528_2023-12-18_00:20:00.000000,2023-12-18,00:20:00.000000,2023-12-18,0027,0028,III/1
2028528_2023-12-18_03:35:00.000000,2023-12-18,03:35:00.000000,2023-12-18,0340,0344,III/2
2028534_2023-12-18_14:20:00.000000,2023-12-18,14:20:00.000000,2023-12-18,1421,1422,III/2
2028534_2023-12-19_02:50:00.000000,2023-12-19,02:50:00.000000,2023-12-19,0257,0259,III/1
2028540_2023-12-19_23:20:00.000000,2023-12-19,23:20:00.000000,2023-12-19,2324,2333,III/2
2028540_2023-12-20_03:05:00.000000,2023-12-20,03:05:00.000000,2023-12-20,0313,0317,III/2
2028543_2023-12-20_12:56:00.000000,2023-12-20,12:56:00.000000,2023-12-20,1304,1305,III/1
2032465_2023-12-20_17:35:00.000000,2023-12-20,17:35:00.000000,2023-12-20,1745,1745,III/1
2032465_2023-12-20_20:50:00.000000,2023-12-20,20:50:00.000000,2023-12-20,2100,2104,III/2
2032465_2023-12-20_21:20:00.000000,2023-12-20,21:20:00.000000,2023-12-20,2129,2129,III/2
2032465_2023-12-20_22:05:00.000000,2023-12-20,22:05:00.000000,2023-12-20,2207,2207,III/2
2032465_2023-12-20_22:35:00.000000,2023-12-20,22:35:00.000000,2023-12-20,2236,2238,III/1
2032468_2023-12-21_05:32:00.000000,2023-12-21,05:32:00.000000,2023-12-21,0540,0547,III/1
2032468_2023-12-21_07:02:00.000000,2023-12-21,07:02:00.000000,2023-12-21,0712,0716,III/1
2028549_2023-12-21_10:26:00.000000,2023-12-21,10:26:00.000000,2023-12-21,1040,1044,III/2
2028549_2023-12-21_10:41:00.000000,2023-12-21,10:41:00.000000,2023-12-21,1040,1044,III/2
2028558_2023-12-23_03:36:00.000000,2023-12-23,03:36:00.000000,2023-12-23,0341,0344,III/1
2028558_2023-12-23_06:06:00.000000,2023-12-23,06:06:00.000000,2023-12-23,0611,0611,III/1
2028558_2023-12-23_08:36:00.000000,2023-12-23,08:36:00.000000,2023-12-23,0841,0841,III/1
2028564_2023-12-24_00:52:00.000000,2023-12-24,00:52:00.000000,2023-12-24,0101,1056,III/1
2028564_2023-12-24_01:07:00.000000,2023-12-24,01:07:00.000000,2023-12-24,0101,1056,III/1
2028564_2023-12-24_01:22:00.000000,2023-12-24,01:22:00.000000,2023-12-24,0101,1056,III/1
2028564_2023-12-24_01:37:00.000000,2023-12-24,01:37:00.000000,2023-12-24,0101,1056,III/1
2028564_2023-12-24_01:52:00.000000,2023-12-24,01:52:00.000000,2023-12-24,0101,1056,III/1
2028564_2023-12-24_02:07:00.000000,2023-12-24,02:07:00.000000,2023-12-24,0101,1056,III/1
2028564_2023-12-24_08:07:00.000000,2023-12-24,08:07:00.000000,2023-12-24,0812,0816,III/2
2028567_2023-12-24_10:58:00.000000,2023-12-24,10:58:00.000000,2023-12-24,1112,1113,III/2
2028570_2023-12-25_01:07:00.000000,2023-12-25,01:07:00.000000,2023-12-25,0108,0115,III/2
2028570_2023-12-25_03:07:00.000000,2023-12-25,03:07:00.000000,2023-12-25,0320,0320,III/1
2028573_2023-12-25_12:28:00.000000,2023-12-25,12:28:00.000000,2023-12-25,1239,1240,III/2
2028576_2023-12-25_21:38:00.000000,2023-12-25,21:38:00.000000,2023-12-25,2143,2151,III/1
2028576_2023-12-25_23:23:00.000000,2023-12-25,23:23:00.000000,2023-12-25,2324,2325,III/2
2028576_2023-12-25_23:23:00.000000,2023-12-25,23:23:00.000000,2023-12-25,2324,2324,III/2
2028576_2023-12-25_23:38:00.000000,2023-12-25,23:38:00.000000,2023-12-25,2343,2344,III/2
2028576_2023-12-26_03:08:00.000000,2023-12-26,03:08:00.000000,2023-12-26,0312,0315,V/2
2028576_2023-12-26_09:23:00.000000,2023-12-26,09:23:00.000000,2023-12-26,0935,0935,III/1
2028579_2023-12-26_09:43:00.000000,2023-12-26,09:43:00.000000,2023-12-26,0949,0949,III/2
2028579_2023-12-26_10:28:00.000000,2023-12-26,10:28:00.000000,2023-12-26,1038,1039,III/1
2028579_2023-12-26_11:43:00.000000,2023-12-26,11:43:00.000000,2023-12-26,1150,1151,III/1
2028582_2023-12-26_14:39:00.000000,2023-12-26,14:39:00.000000,2023-12-26,1439,1441,III/1
2028582_2023-12-26_23:09:00.000000,2023-12-26,23:09:00.000000,2023-12-26,2322,2322,III/1
2028582_2023-12-27_08:54:00.000000,2023-12-27,08:54:00.000000,2023-12-27,0906,0906,III/1
2028585_2023-12-27_11:28:00.000000,2023-12-27,11:28:00.000000,2023-12-27,1137,1140,III/1
2028588_2023-12-28_03:25:00.000000,2023-12-28,03:25:00.000000,2023-12-28,0336,0336,III/2
2028588_2023-12-28_03:55:00.000000,2023-12-28,03:55:00.000000,2023-12-28,0357,0357,III/2
2028642_2024-01-05_15:24:00.000000,2024-01-05,15:24:00.000000,2024-01-05,1525,1525,III/2
2028642_2024-01-05_18:54:00.000000,2024-01-05,18:54:00.000000,2024-01-05,1901,1901,III/1
2028642_2024-01-06_01:09:00.000000,2024-01-06,01:09:00.000000,2024-01-06,0121,0122,III/1
2028642_2024-01-06_02:24:00.000000,2024-01-06,02:24:00.000000,2024-01-06,0229,0231,III/1
2028642_2024-01-06_04:39:00.000000,2024-01-06,04:39:00.000000,2024-01-06,0445,0447,III/1
2028642_2024-01-06_05:39:00.000000,2024-01-06,05:39:00.000000,2024-01-06,0543,0545,III/1
2028642_2024-01-06_07:54:00.000000,2024-01-06,07:54:00.000000,2024-01-06,0756,0759,III/1
2028645_2024-01-06_12:51:00.000000,2024-01-06,12:51:00.000000,2024-01-06,1301,1302,III/1
2028648_2024-01-06_19:26:00.000000,2024-01-06,19:26:00.000000,2024-01-06,1932,1936,III/1
2028648_2024-01-06_21:26:00.000000,2024-01-06,21:26:00.000000,2024-01-06,2129,2129,III/1
2028648_2024-01-07_04:11:00.000000,2024-01-07,04:11:00.000000,2024-01-07,0413,0415,III/1
2028648_2024-01-07_06:26:00.000000,2024-01-07,06:26:00.000000,2024-01-07,0633,0634,III/1
2028648_2024-01-07_07:26:00.000000,2024-01-07,07:26:00.000000,2024-01-07,0728,0732,III/1
2028648_2024-01-07_08:41:00.000000,2024-01-07,08:41:00.000000,2024-01-07,0845,0845,III/1
2028651_2024-01-07_09:50:00.000000,2024-01-07,09:50:00.000000,2024-01-07,0952,0952,III/1
2028660_2024-01-08_15:00:00.000000,2024-01-08,15:00:00.000000,2024-01-08,1513,1517,III/2
2028660_2024-01-08_15:15:00.000000,2024-01-08,15:15:00.000000,2024-01-08,1513,1517,III/2
2028660_2024-01-08_16:15:00.000000,2024-01-08,16:15:00.000000,2024-01-08,1626,1627,III/2
2028660_2024-01-08_19:15:00.000000,2024-01-08,19:15:00.000000,2024-01-08,1921,1922,III/1
2028660_2024-01-09_06:15:00.000000,2024-01-09,06:15:00.000000,2024-01-09,0622,0623,III/1
2028663_2024-01-09_11:03:00.000000,2024-01-09,11:03:00.000000,2024-01-09,1114,1115,III/1
2028663_2024-01-09_12:03:00.000000,2024-01-09,12:03:00.000000,2024-01-09,1213,1216,III/1
2033594_2024-01-09_17:46:00.000000,2024-01-09,17:46:00.000000,2024-01-09,1754,1754,III/2
2033594_2024-01-10_03:16:00.000000,2024-01-10,03:16:00.000000,2024-01-10,0324,0332,III/1
2033594_2024-01-10_03:31:00.000000,2024-01-10,03:31:00.000000,2024-01-10,0324,0332,III/1
2033594_2024-01-10_05:01:00.000000,2024-01-10,05:01:00.000000,2024-01-10,0509,0625,III/1
2033594_2024-01-10_05:16:00.000000,2024-01-10,05:16:00.000000,2024-01-10,0509,0625,III/1
2033594_2024-01-10_05:31:00.000000,2024-01-10,05:31:00.000000,2024-01-10,0509,0625,III/1
2033594_2024-01-10_05:46:00.000000,2024-01-10,05:46:00.000000,2024-01-10,0509,0625,III/1
2033594_2024-01-10_06:01:00.000000,2024-01-10,06:01:00.000000,2024-01-10,0509,0625,III/1
2033594_2024-01-10_06:16:00.000000,2024-01-10,06:16:00.000000,2024-01-10,0509,0625,III/1
2033594_2024-01-10_05:16:00.000000,2024-01-10,05:16:00.000000,2024-01-10,0527,0528,III/1
2033594_2024-01-10_05:46:00.000000,2024-01-10,05:46:00.000000,2024-01-10,0552,0558,III/1
2033594_2024-01-10_06:46:00.000000,2024-01-10,06:46:00.000000,2024-01-10,0657,0658,III/2
2033594_2024-01-10_09:01:00.000000,2024-01-10,09:01:00.000000,2024-01-10,0905,0905,III/1
2028672_2024-01-10_15:05:00.000000,2024-01-10,15:05:00.000000,2024-01-10,1510,1510,III/1
2028672_2024-01-10_15:50:00.000000,2024-01-10,15:50:00.000000,2024-01-10,1555,1556,III/1
2028672_2024-01-10_18:50:00.000000,2024-01-10,18:50:00.000000,2024-01-10,1858,1905,III/3
2028672_2024-01-10_21:05:00.000000,2024-01-10,21:05:00.000000,2024-01-10,2119,2119,III/2
2028672_2024-01-10_21:50:00.000000,2024-01-10,21:50:00.000000,2024-01-10,2155,2156,III/2
2028672_2024-01-10_23:20:00.000000,2024-01-10,23:20:00.000000,2024-01-10,2331,2335,III/1
2028672_2024-01-11_01:20:00.000000,2024-01-11,01:20:00.000000,2024-01-11,0124,0129,III/2
2028672_2024-01-11_03:05:00.000000,2024-01-11,03:05:00.000000,2024-01-11,0307,0315,III/2
2028678_2024-01-11_16:37:00.000000,2024-01-11,16:37:00.000000,2024-01-11,1650,1650,III/1
2028678_2024-01-11_21:22:00.000000,2024-01-11,21:22:00.000000,2024-01-11,2124,2130,III/1
2028678_2024-01-12_02:52:00.000000,2024-01-12,02:52:00.000000,2024-01-12,0257,0259,III/2
2028681_2024-01-12_11:28:00.000000,2024-01-12,11:28:00.000000,2024-01-12,1133,1141,III/2
2028681_2024-01-12_13:13:00.000000,2024-01-12,13:13:00.000000,2024-01-12,1314,1314,III/1
2028684_2024-01-12_14:39:00.000000,2024-01-12,14:39:00.000000,2024-01-12,1449,1449,III/1
2028684_2024-01-12_17:24:00.000000,2024-01-12,17:24:00.000000,2024-01-12,1736,1736,III/1
2028684_2024-01-12_23:24:00.000000,2024-01-12,23:24:00.000000,2024-01-12,2338,2343,III/1
2028684_2024-01-12_23:39:00.000000,2024-01-12,23:39:00.000000,2024-01-12,2338,2343,III/1
2028684_2024-01-13_00:39:00.000000,2024-01-13,00:39:00.000000,2024-01-13,0040,0045,III/2
2028684_2024-01-13_01:54:00.000000,2024-01-13,01:54:00.000000,2024-01-13,0201,0206,III/3
2028684_2024-01-13_03:39:00.000000,2024-01-13,03:39:00.000000,2024-01-13,0339,0344,III/1
2028684_2024-01-13_07:09:00.000000,2024-01-13,07:09:00.000000,2024-01-13,0719,0719,III/2
2028684_2024-01-13_08:24:00.000000,2024-01-13,08:24:00.000000,2024-01-13,0838,0838,III/2
2028684_2024-01-13_09:09:00.000000,2024-01-13,09:09:00.000000,2024-01-13,0922,0922,III/1
2028687_2024-01-13_11:57:00.000000,2024-01-13,11:57:00.000000,2024-01-13,1202,1207,III/2
2028690_2024-01-13_14:42:00.000000,2024-01-13,14:42:00.000000,2024-01-13,1448,1449,III/1
2028690_2024-01-13_15:42:00.000000,2024-01-13,15:42:00.000000,2024-01-13,1550,1550,III/1
2028690_2024-01-14_00:12:00.000000,2024-01-14,00:12:00.000000,2024-01-14,0014,0022,V/2
2028690_2024-01-14_06:12:00.000000,2024-01-14,06:12:00.000000,2024-01-14,0624,0625,III/1
2028693_2024-01-14_11:40:00.000000,2024-01-14,11:40:00.000000,2024-01-14,1146,1152,II/2    420
2028693_2024-01-14_12:10:00.000000,2024-01-14,12:10:00.000000,2024-01-14,1210,1214,III/1
2028696_2024-01-15_00:29:00.000000,2024-01-15,00:29:00.000000,2024-01-15,0031,0045,III/1
2028696_2024-01-15_00:44:00.000000,2024-01-15,00:44:00.000000,2024-01-15,0031,0045,III/1
2028699_2024-01-15_11:08:00.000000,2024-01-15,11:08:00.000000,2024-01-15,1121,1121,III/2
2028699_2024-01-15_12:23:00.000000,2024-01-15,12:23:00.000000,2024-01-15,1225,1225,III/1
2028702_2024-01-15_14:02:00.000000,2024-01-15,14:02:00.000000,2024-01-15,1401,1409,III/1
2028702_2024-01-16_02:02:00.000000,2024-01-16,02:02:00.000000,2024-01-16,0203,0204,III/2
2028708_2024-01-17_06:19:00.000000,2024-01-17,06:19:00.000000,2024-01-17,0629,0629,III/1
2028711_2024-01-17_11:50:00.000000,2024-01-17,11:50:00.000000,2024-01-17,1202,1203,III/2
2028711_2024-01-17_12:35:00.000000,2024-01-17,12:35:00.000000,2024-01-17,1240,1241,III/1
2028711_2024-01-17_12:35:00.000000,2024-01-17,12:35:00.000000,2024-01-17,1240,1242,III/2
2028714_2024-01-18_01:22:00.000000,2024-01-18,01:22:00.000000,2024-01-18,0129,0129,III/1
2028714_2024-01-18_08:07:00.000000,2024-01-18,08:07:00.000000,2024-01-18,0821,0821,III/1
2028717_2024-01-18_11:48:00.000000,2024-01-18,11:48:00.000000,2024-01-18,1151,1152,III/1
2028726_2024-01-19_23:12:00.000000,2024-01-19,23:12:00.000000,2024-01-19,2323,2324,III/2
2028726_2024-01-20_02:57:00.000000,2024-01-20,02:57:00.000000,2024-01-20,0257,0258,III/1
2028726_2024-01-20_05:42:00.000000,2024-01-20,05:42:00.000000,2024-01-20,0554,0557,V/2
2028726_2024-01-20_08:42:00.000000,2024-01-20,08:42:00.000000,2024-01-20,0851,0852,III/1
2028735_2024-01-21_09:12:00.000000,2024-01-21,09:12:00.000000,2024-01-21,0915,0919,III/2
2028735_2024-01-21_09:57:00.000000,2024-01-21,09:57:00.000000,2024-01-21,1005,1012,III/2
2028735_2024-01-21_10:12:00.000000,2024-01-21,10:12:00.000000,2024-01-21,1024,1024,III/1
2028735_2024-01-21_10:42:00.000000,2024-01-21,10:42:00.000000,2024-01-21,1055,1056,III/1
2028735_2024-01-21_12:27:00.000000,2024-01-21,12:27:00.000000,2024-01-21,1230,1230,III/1
2028738_2024-01-21_14:17:00.000000,2024-01-21,14:17:00.000000,2024-01-21,1423,1425,III/1
2028738_2024-01-22_00:47:00.000000,2024-01-22,00:47:00.000000,2024-01-22,0057,0100,III/2
2028738_2024-01-22_06:02:00.000000,2024-01-22,06:02:00.000000,2024-01-22,0613,0619,III/3
2028738_2024-01-22_06:17:00.000000,2024-01-22,06:17:00.000000,2024-01-22,0613,0619,III/3
2028738_2024-01-22_07:17:00.000000,2024-01-22,07:17:00.000000,2024-01-22,0727,0727,III/1
2028741_2024-01-22_12:25:00.000000,2024-01-22,12:25:00.000000,2024-01-22,1229,1231,III/2
2028741_2024-01-22_13:25:00.000000,2024-01-22,13:25:00.000000,2024-01-22,1327,1327,III/1
2028747_2024-01-23_10:53:00.000000,2024-01-23,10:53:00.000000,2024-01-23,1056,1057,III/1
2028750_2024-01-23_16:22:00.000000,2024-01-23,16:22:00.000000,2024-01-23,1623,1625,III/2
2028750_2024-01-23_17:07:00.000000,2024-01-23,17:07:00.000000,2024-01-23,1717,1717,III/1
2028750_2024-01-23_18:52:00.000000,2024-01-23,18:52:00.000000,2024-01-23,1904,1904,III/1
2028750_2024-01-23_20:52:00.000000,2024-01-23,20:52:00.000000,2024-01-23,2057,2104,III/2
2028750_2024-01-23_22:22:00.000000,2024-01-23,22:22:00.000000,2024-01-23,2231,2232,III/2
2028750_2024-01-24_08:07:00.000000,2024-01-24,08:07:00.000000,2024-01-24,0808,0810,III/1
2028753_2024-01-24_10:51:00.000000,2024-01-24,10:51:00.000000,2024-01-24,1057,1057,III/2
2028756_2024-01-24_22:55:00.000000,2024-01-24,22:55:00.000000,2024-01-24,2303,2304,III/2
2028756_2024-01-24_23:55:00.000000,2024-01-24,23:55:00.000000,2024-01-24,2356,2359,III/1
2028756_2024-01-25_01:40:00.000000,2024-01-25,01:40:00.000000,2024-01-25,0141,0141,III/2
2028756_2024-01-25_02:40:00.000000,2024-01-25,02:40:00.000000,2024-01-25,0249,0257,III/1
2028756_2024-01-25_02:55:00.000000,2024-01-25,02:55:00.000000,2024-01-25,0249,0257,III/1
2028756_2024-01-25_07:25:00.000000,2024-01-25,07:25:00.000000,2024-01-25,0734,0735,III/2
2028759_2024-01-25_09:34:00.000000,2024-01-25,09:34:00.000000,2024-01-25,0938,0942,III/1
2028765_2024-01-26_12:17:00.000000,2024-01-26,12:17:00.000000,2024-01-26,1218,1218,III/2
2028774_2024-01-28_00:33:00.000000,2024-01-28,00:33:00.000000,2024-01-28,0036,0040,III/1
2028774_2024-01-28_02:18:00.000000,2024-01-28,02:18:00.000000,2024-01-28,0228,0250,II/2    648
2028774_2024-01-28_02:33:00.000000,2024-01-28,02:33:00.000000,2024-01-28,0228,0250,II/2    648
2028774_2024-01-28_02:48:00.000000,2024-01-28,02:48:00.000000,2024-01-28,0228,0250,II/2    648
2028774_2024-01-28_02:18:00.000000,2024-01-28,02:18:00.000000,2024-01-28,0228,0232,V/2
2028774_2024-01-28_04:48:00.000000,2024-01-28,04:48:00.000000,2024-01-28,0500,0500,III/1
2028774_2024-01-28_06:33:00.000000,2024-01-28,06:33:00.000000,2024-01-28,0635,0636,III/2
2028774_2024-01-28_08:18:00.000000,2024-01-28,08:18:00.000000,2024-01-28,0826,0826,III/1
2028777_2024-01-28_08:57:00.000000,2024-01-28,08:57:00.000000,2024-01-28,0904,0907,III/1
2028777_2024-01-28_09:57:00.000000,2024-01-28,09:57:00.000000,2024-01-28,0958,1004,III/2
2028777_2024-01-28_10:12:00.000000,2024-01-28,10:12:00.000000,2024-01-28,1018,1018,III/1
2028780_2024-01-28_15:50:00.000000,2024-01-28,15:50:00.000000,2024-01-28,1603,1605,III/1
2028780_2024-01-28_18:50:00.000000,2024-01-28,18:50:00.000000,2024-01-28,1859,1859,III/1
2028780_2024-01-28_19:35:00.000000,2024-01-28,19:35:00.000000,2024-01-28,1946,1947,III/1
2028780_2024-01-28_20:35:00.000000,2024-01-28,20:35:00.000000,2024-01-28,2039,2040,III/1
2028780_2024-01-28_22:20:00.000000,2024-01-28,22:20:00.000000,2024-01-28,2222,2222,III/1
2028780_2024-01-29_01:20:00.000000,2024-01-29,01:20:00.000000,2024-01-29,0131,0136,III/1
2028780_2024-01-29_01:35:00.000000,2024-01-29,01:35:00.000000,2024-01-29,0131,0136,III/1
2028780_2024-01-29_02:05:00.000000,2024-01-29,02:05:00.000000,2024-01-29,0209,0210,III/2
2028780_2024-01-29_04:05:00.000000,2024-01-29,04:05:00.000000,2024-01-29,0407,0454,II/2    512
2028780_2024-01-29_04:20:00.000000,2024-01-29,04:20:00.000000,2024-01-29,0407,0454,II/2    512
2028780_2024-01-29_04:35:00.000000,2024-01-29,04:35:00.000000,2024-01-29,0407,0454,II/2    512
2028780_2024-01-29_04:50:00.000000,2024-01-29,04:50:00.000000,2024-01-29,0407,0454,II/2    512
2028780_2024-01-29_07:20:00.000000,2024-01-29,07:20:00.000000,2024-01-29,0727,0930,III/1
2028780_2024-01-29_07:35:00.000000,2024-01-29,07:35:00.000000,2024-01-29,0727,0930,III/1
2028780_2024-01-29_07:50:00.000000,2024-01-29,07:50:00.000000,2024-01-29,0727,0930,III/1
2028780_2024-01-29_08:05:00.000000,2024-01-29,08:05:00.000000,2024-01-29,0727,0930,III/1
2028780_2024-01-29_08:20:00.000000,2024-01-29,08:20:00.000000,2024-01-29,0727,0930,III/1
2028780_2024-01-29_08:35:00.000000,2024-01-29,08:35:00.000000,2024-01-29,0727,0930,III/1
2028780_2024-01-29_07:20:00.000000,2024-01-29,07:20:00.000000,2024-01-29,0727,0730,III/1
2028783_2024-01-29_09:55:00.000000,2024-01-29,09:55:00.000000,2024-01-29,1009,1011,III/2
2028783_2024-01-29_10:10:00.000000,2024-01-29,10:10:00.000000,2024-01-29,1009,1011,III/2
2028783_2024-01-29_10:10:00.000000,2024-01-29,10:10:00.000000,2024-01-29,1021,1029,II/1    393
2028783_2024-01-29_10:25:00.000000,2024-01-29,10:25:00.000000,2024-01-29,1021,1029,II/1    393
2028786_2024-01-29_14:53:00.000000,2024-01-29,14:53:00.000000,2024-01-29,1506,1510,III/2
2028786_2024-01-29_15:08:00.000000,2024-01-29,15:08:00.000000,2024-01-29,1506,1510,III/2
2028786_2024-01-29_16:08:00.000000,2024-01-29,16:08:00.000000,2024-01-29,1619,1625,III/1
2028786_2024-01-29_16:23:00.000000,2024-01-29,16:23:00.000000,2024-01-29,1619,1625,III/1
2028786_2024-01-29_20:38:00.000000,2024-01-29,20:38:00.000000,2024-01-29,2050,2051,III/1
2028786_2024-01-30_00:38:00.000000,2024-01-30,00:38:00.000000,2024-01-30,0046,0050,III/2
2028786_2024-01-30_00:53:00.000000,2024-01-30,00:53:00.000000,2024-01-30,0101,0111,III/2
2028786_2024-01-30_01:08:00.000000,2024-01-30,01:08:00.000000,2024-01-30,0101,0111,III/2
2028786_2024-01-30_02:23:00.000000,2024-01-30,02:23:00.000000,2024-01-30,0231,0231,III/2
2028786_2024-01-30_03:53:00.000000,2024-01-30,03:53:00.000000,2024-01-30,0403,0405,III/1
2028786_2024-01-30_07:53:00.000000,2024-01-30,07:53:00.000000,2024-01-30,0807,0807,III/1
2028789_2024-01-30_09:38:00.000000,2024-01-30,09:38:00.000000,2024-01-30,0939,0941,III/2
2028789_2024-01-30_11:53:00.000000,2024-01-30,11:53:00.000000,2024-01-30,1200,1206,III/1
2028792_2024-01-30_15:26:00.000000,2024-01-30,15:26:00.000000,2024-01-30,1532,1532,III/1
2028792_2024-01-30_18:56:00.000000,2024-01-30,18:56:00.000000,2024-01-30,1906,1909,III/1
2028792_2024-01-30_19:56:00.000000,2024-01-30,19:56:00.000000,2024-01-30,2005,2006,III/1
2028792_2024-01-30_22:56:00.000000,2024-01-30,22:56:00.000000,2024-01-30,2304,2311,III/1
2028792_2024-01-31_00:41:00.000000,2024-01-31,00:41:00.000000,2024-01-31,0046,0047,III/2
2028792_2024-01-31_04:11:00.000000,2024-01-31,04:11:00.000000,2024-01-31,0415,0419,III/2
2028792_2024-01-31_05:11:00.000000,2024-01-31,05:11:00.000000,2024-01-31,0516,0523,III/1
2028792_2024-01-31_06:26:00.000000,2024-01-31,06:26:00.000000,2024-01-31,0629,0630,V/2
2028792_2024-01-31_06:26:00.000000,2024-01-31,06:26:00.000000,2024-01-31,0629,0629,III/2
2028792_2024-01-31_07:26:00.000000,2024-01-31,07:26:00.000000,2024-01-31,0738,0738,III/1
2028795_2024-01-31_09:05:00.000000,2024-01-31,09:05:00.000000,2024-01-31,0911,0912,III/2
2028795_2024-01-31_12:20:00.000000,2024-01-31,12:20:00.000000,2024-01-31,1231,1232,III/2
2028798_2024-01-31_15:13:00.000000,2024-01-31,15:13:00.000000,2024-01-31,1527,1528,III/2
2028798_2024-01-31_16:13:00.000000,2024-01-31,16:13:00.000000,2024-01-31,1618,1620,III/1
2028798_2024-02-01_00:13:00.000000,2024-02-01,00:13:00.000000,2024-02-01,0013,0015,III/1
2028798_2024-02-01_01:58:00.000000,2024-02-01,01:58:00.000000,2024-02-01,0207,0208,III/1
2028801_2024-02-01_10:33:00.000000,2024-02-01,10:33:00.000000,2024-02-01,1039,1039,III/1
2028804_2024-02-01_14:46:00.000000,2024-02-01,14:46:00.000000,2024-02-01,1449,1454,III/1
2028804_2024-02-01_14:46:00.000000,2024-02-01,14:46:00.000000,2024-02-01,1458,1501,III/2
2028804_2024-02-01_17:01:00.000000,2024-02-01,17:01:00.000000,2024-02-01,1714,1716,III/1
2028804_2024-02-01_19:31:00.000000,2024-02-01,19:31:00.000000,2024-02-01,1933,1934,III/1
2028804_2024-02-01_20:31:00.000000,2024-02-01,20:31:00.000000,2024-02-01,2043,2044,V/2
2028804_2024-02-02_03:01:00.000000,2024-02-02,03:01:00.000000,2024-02-02,0306,0316,II/3    1444
2028804_2024-02-02_06:16:00.000000,2024-02-02,06:16:00.000000,2024-02-02,0627,0627,III/1
2028807_2024-02-02_10:16:00.000000,2024-02-02,10:16:00.000000,2024-02-02,1021,1022,III/2
2028807_2024-02-02_10:46:00.000000,2024-02-02,10:46:00.000000,2024-02-02,1053,1057,III/2
2028807_2024-02-02_11:01:00.000000,2024-02-02,11:01:00.000000,2024-02-02,1107,1113,II/1    874
2028807_2024-02-02_12:46:00.000000,2024-02-02,12:46:00.000000,2024-02-02,1258,1258,III/1
2028807_2024-02-02_13:16:00.000000,2024-02-02,13:16:00.000000,2024-02-02,1324,1334,III/3
2028807_2024-02-02_13:31:00.000000,2024-02-02,13:31:00.000000,2024-02-02,1324,1334,III/3
2028810_2024-02-02_15:18:00.000000,2024-02-02,15:18:00.000000,2024-02-02,1529,1530,III/1
2028810_2024-02-02_16:18:00.000000,2024-02-02,16:18:00.000000,2024-02-02,1630,1638,III/2
2028810_2024-02-02_16:33:00.000000,2024-02-02,16:33:00.000000,2024-02-02,1630,1638,III/2
2028810_2024-02-02_16:33:00.000000,2024-02-02,16:33:00.000000,2024-02-02,1645,1645,III/1
2028810_2024-02-02_17:33:00.000000,2024-02-02,17:33:00.000000,2024-02-02,1745,1748,III/1
2028810_2024-02-03_08:18:00.000000,2024-02-03,08:18:00.000000,2024-02-03,0819,0819,III/1
2028813_2024-02-03_09:13:00.000000,2024-02-03,09:13:00.000000,2024-02-03,0916,0917,III/2
2028813_2024-02-03_09:43:00.000000,2024-02-03,09:43:00.000000,2024-02-03,0953,0953,III/1
2028813_2024-02-03_11:13:00.000000,2024-02-03,11:13:00.000000,2024-02-03,1119,1120,III/2
2028813_2024-02-03_11:58:00.000000,2024-02-03,11:58:00.000000,2024-02-03,1207,1207,III/1
2028819_2024-02-04_10:56:00.000000,2024-02-04,10:56:00.000000,2024-02-04,1102,1103,III/2
2028819_2024-02-04_13:11:00.000000,2024-02-04,13:11:00.000000,2024-02-04,1313,1314,III/2
2028819_2024-02-04_13:56:00.000000,2024-02-04,13:56:00.000000,2024-02-04,1356,1357,III/1
2028822_2024-02-04_15:09:00.000000,2024-02-04,15:09:00.000000,2024-02-04,1515,1517,III/3
2028822_2024-02-04_20:54:00.000000,2024-02-04,20:54:00.000000,2024-02-04,2101,2110,II/1    434
2028822_2024-02-04_21:09:00.000000,2024-02-04,21:09:00.000000,2024-02-04,2101,2110,II/1    434
2028822_2024-02-05_06:09:00.000000,2024-02-05,06:09:00.000000,2024-02-05,0619,0621,V/3
2028822_2024-02-05_06:09:00.000000,2024-02-05,06:09:00.000000,2024-02-05,0620,0620,III/2
2028822_2024-02-05_07:24:00.000000,2024-02-05,07:24:00.000000,2024-02-05,0732,0733,III/2
2028825_2024-02-05_08:38:00.000000,2024-02-05,08:38:00.000000,2024-02-05,0842,0843,III/1
2028825_2024-02-05_11:08:00.000000,2024-02-05,11:08:00.000000,2024-02-05,1112,1113,III/1
2028825_2024-02-05_12:38:00.000000,2024-02-05,12:38:00.000000,2024-02-05,1246,1247,III/2
2028828_2024-02-05_18:26:00.000000,2024-02-05,18:26:00.000000,2024-02-05,1840,1840,III/1
2028828_2024-02-05_22:41:00.000000,2024-02-05,22:41:00.000000,2024-02-05,2250,2258,III/1
2028828_2024-02-05_22:56:00.000000,2024-02-05,22:56:00.000000,2024-02-05,2250,2258,III/1
2028828_2024-02-06_02:56:00.000000,2024-02-06,02:56:00.000000,2024-02-06,0310,0314,II/2    1063
2028828_2024-02-06_03:11:00.000000,2024-02-06,03:11:00.000000,2024-02-06,0310,0314,II/2    1063
2028828_2024-02-06_02:56:00.000000,2024-02-06,02:56:00.000000,2024-02-06,0310,0314,II/1    431
2028828_2024-02-06_03:11:00.000000,2024-02-06,03:11:00.000000,2024-02-06,0310,0314,II/1    431
2028828_2024-02-06_03:11:00.000000,2024-02-06,03:11:00.000000,2024-02-06,0314,0334,IV/2
2028828_2024-02-06_03:26:00.000000,2024-02-06,03:26:00.000000,2024-02-06,0314,0334,IV/2
2028834_2024-02-07_07:59:00.000000,2024-02-07,07:59:00.000000,2024-02-07,0759,0800,III/2
2028837_2024-02-07_08:48:00.000000,2024-02-07,08:48:00.000000,2024-02-07,0850,0851,III/2
2028837_2024-02-07_09:48:00.000000,2024-02-07,09:48:00.000000,2024-02-07,1002,1002,III/2
2028837_2024-02-07_11:18:00.000000,2024-02-07,11:18:00.000000,2024-02-07,1128,1131,III/2
2028837_2024-02-07_13:48:00.000000,2024-02-07,13:48:00.000000,2024-02-07,1358,1359,III/1
2028840_2024-02-07_16:01:00.000000,2024-02-07,16:01:00.000000,2024-02-07,1607,1608,III/1
2028840_2024-02-07_19:16:00.000000,2024-02-07,19:16:00.000000,2024-02-07,1923,1930,III/1
2028840_2024-02-07_20:01:00.000000,2024-02-07,20:01:00.000000,2024-02-07,2013,2016,III/1
2028840_2024-02-07_23:46:00.000000,2024-02-07,23:46:00.000000,2024-02-07,2346,2347,III/2
2028840_2024-02-08_06:46:00.000000,2024-02-08,06:46:00.000000,2024-02-08,0647,0647,III/1
2028843_2024-02-08_11:46:00.000000,2024-02-08,11:46:00.000000,2024-02-08,1149,1156,II/2    363
2028846_2024-02-08_17:49:00.000000,2024-02-08,17:49:00.000000,2024-02-08,1801,1811,III/1
2028846_2024-02-08_18:04:00.000000,2024-02-08,18:04:00.000000,2024-02-08,1801,1811,III/1
2028846_2024-02-08_18:49:00.000000,2024-02-08,18:49:00.000000,2024-02-08,1902,1903,III/1
2028846_2024-02-08_23:19:00.000000,2024-02-08,23:19:00.000000,2024-02-08,2332,2332,III/2
2028849_2024-02-09_12:29:30.000000,2024-02-09,12:29:30.000000,2024-02-09,1235,1235,III/1
2028849_2024-02-09_12:59:30.000000,2024-02-09,12:59:30.000000,2024-02-09,1303,1340,IV/2
2028849_2024-02-09_13:14:30.000000,2024-02-09,13:14:30.000000,2024-02-09,1303,1340,IV/2
2028849_2024-02-09_13:29:30.000000,2024-02-09,13:29:30.000000,2024-02-09,1303,1340,IV/2
2028849_2024-02-09_12:59:30.000000,2024-02-09,12:59:30.000000,2024-02-09,1303,1308,III/2
2028852_2024-02-10_02:37:00.000000,2024-02-10,02:37:00.000000,2024-02-10,0237,0238,III/1
2028855_2024-02-10_14:11:00.000000,2024-02-10,14:11:00.000000,2024-02-10,1418,1418,III/2
2028855_2024-02-10_14:41:00.000000,2024-02-10,14:41:00.000000,2024-02-10,1447,1447,III/1
2028858_2024-02-10_20:09:00.000000,2024-02-10,20:09:00.000000,2024-02-10,2023,2026,III/2
2028858_2024-02-10_20:24:00.000000,2024-02-10,20:24:00.000000,2024-02-10,2023,2026,III/2
2028858_2024-02-10_22:54:00.000000,2024-02-10,22:54:00.000000,2024-02-10,2256,2257,III/2
2028858_2024-02-10_22:54:00.000000,2024-02-10,22:54:00.000000,2024-02-10,2305,2330,IV/3
2028858_2024-02-10_23:09:00.000000,2024-02-10,23:09:00.000000,2024-02-10,2305,2330,IV/3
2028858_2024-02-10_23:24:00.000000,2024-02-10,23:24:00.000000,2024-02-10,2305,2330,IV/3
2028858_2024-02-10_22:54:00.000000,2024-02-10,22:54:00.000000,2024-02-10,2305,2323,II/3    1856
2028858_2024-02-10_23:09:00.000000,2024-02-10,23:09:00.000000,2024-02-10,2305,2323,II/3    1856
2028858_2024-02-11_04:54:00.000000,2024-02-11,04:54:00.000000,2024-02-11,0459,0500,III/2
2028858_2024-02-11_06:39:00.000000,2024-02-11,06:39:00.000000,2024-02-11,0641,0643,III/2
2028858_2024-02-11_07:09:00.000000,2024-02-11,07:09:00.000000,2024-02-11,0720,0720,III/2
2028861_2024-02-11_08:24:00.000000,2024-02-11,08:24:00.000000,2024-02-11,0825,0827,III/1
2036273_2024-02-11_08:24:00.000000,2024-02-11,08:24:00.000000,2024-02-11,0825,0827,III/1
2028861_2024-02-11_13:09:00.000000,2024-02-11,13:09:00.000000,2024-02-11,1322,1323,III/1
2036273_2024-02-11_13:09:00.000000,2024-02-11,13:09:00.000000,2024-02-11,1322,1323,III/1
2028861_2024-02-11_13:39:00.000000,2024-02-11,13:39:00.000000,2024-02-11,1344,1344,III/1
2036273_2024-02-11_13:39:00.000000,2024-02-11,13:39:00.000000,2024-02-11,1344,1344,III/1
2028864_2024-02-12_01:42:00.000000,2024-02-12,01:42:00.000000,2024-02-12,0154,0154,III/1
2028864_2024-02-12_05:12:00.000000,2024-02-12,05:12:00.000000,2024-02-12,0524,0524,III/1
2028864_2024-02-12_06:27:00.000000,2024-02-12,06:27:00.000000,2024-02-12,0635,0733,IV/2
2028864_2024-02-12_06:42:00.000000,2024-02-12,06:42:00.000000,2024-02-12,0635,0733,IV/2
2028864_2024-02-12_06:57:00.000000,2024-02-12,06:57:00.000000,2024-02-12,0635,0733,IV/2
2028864_2024-02-12_07:12:00.000000,2024-02-12,07:12:00.000000,2024-02-12,0635,0733,IV/2
2028864_2024-02-12_07:27:00.000000,2024-02-12,07:27:00.000000,2024-02-12,0635,0733,IV/2
2028870_2024-02-12_15:14:00.000000,2024-02-12,15:14:00.000000,2024-02-12,1521,1521,III/1
2028870_2024-02-12_18:29:00.000000,2024-02-12,18:29:00.000000,2024-02-12,1831,1831,III/2
2028870_2024-02-12_19:14:00.000000,2024-02-12,19:14:00.000000,2024-02-12,1927,1929,III/2
2028870_2024-02-12_20:59:00.000000,2024-02-12,20:59:00.000000,2024-02-12,2110,2110,III/1
2028870_2024-02-12_23:29:00.000000,2024-02-12,23:29:00.000000,2024-02-12,2337,2338,III/1
2028870_2024-02-12_23:29:00.000000,2024-02-12,23:29:00.000000,2024-02-12,2338,2339,III/1
2028870_2024-02-13_05:29:00.000000,2024-02-13,05:29:00.000000,2024-02-13,0530,0530,III/1
2028870_2024-02-13_07:44:00.000000,2024-02-13,07:44:00.000000,2024-02-13,0744,0746,III/1
2028873_2024-02-13_11:49:00.000000,2024-02-13,11:49:00.000000,2024-02-13,1159,1200,III/1
2028873_2024-02-13_14:04:00.000000,2024-02-13,14:04:00.000000,2024-02-13,1406,1406,III/1
2028876_2024-02-13_16:47:00.000000,2024-02-13,16:47:00.000000,2024-02-13,1657,1702,III/1
2028876_2024-02-13_18:47:00.000000,2024-02-13,18:47:00.000000,2024-02-13,1853,1853,III/1
2028876_2024-02-14_00:17:00.000000,2024-02-14,00:17:00.000000,2024-02-14,0021,0022,III/2
2028876_2024-02-14_02:02:00.000000,2024-02-14,02:02:00.000000,2024-02-14,0203,0203,III/1
2028876_2024-02-14_03:47:00.000000,2024-02-14,03:47:00.000000,2024-02-14,0355,0409,II/2    1081
2028876_2024-02-14_04:02:00.000000,2024-02-14,04:02:00.000000,2024-02-14,0355,0409,II/2    1081
2028876_2024-02-14_03:47:00.000000,2024-02-14,03:47:00.000000,2024-02-14,0400,0441,IV/2
2028876_2024-02-14_04:02:00.000000,2024-02-14,04:02:00.000000,2024-02-14,0400,0441,IV/2
2028876_2024-02-14_04:17:00.000000,2024-02-14,04:17:00.000000,2024-02-14,0400,0441,IV/2
2028876_2024-02-14_04:32:00.000000,2024-02-14,04:32:00.000000,2024-02-14,0400,0441,IV/2
2028876_2024-02-14_07:17:00.000000,2024-02-14,07:17:00.000000,2024-02-14,0729,0735,V/3
2028876_2024-02-14_07:32:00.000000,2024-02-14,07:32:00.000000,2024-02-14,0729,0735,V/3
2028879_2024-02-14_08:16:00.000000,2024-02-14,08:16:00.000000,2024-02-14,0817,0817,III/1
2028879_2024-02-14_09:46:00.000000,2024-02-14,09:46:00.000000,2024-02-14,0953,1001,III/2
2028879_2024-02-14_13:16:00.000000,2024-02-14,13:16:00.000000,2024-02-14,1323,1327,III/2
2028879_2024-02-14_14:46:00.000000,2024-02-14,14:46:00.000000,2024-02-14,1451,1452,III/2
2028882_2024-02-14_20:19:00.000000,2024-02-14,20:19:00.000000,2024-02-14,2022,2022,III/1
2028882_2024-02-15_02:34:00.000000,2024-02-15,02:34:00.000000,2024-02-15,0236,0240,II/1    433
2028882_2024-02-15_03:49:00.000000,2024-02-15,03:49:00.000000,2024-02-15,0356,0400,III/1
2028885_2024-02-15_08:59:00.000000,2024-02-15,08:59:00.000000,2024-02-15,0910,0914,II/1    1959
2028885_2024-02-15_11:44:00.000000,2024-02-15,11:44:00.000000,2024-02-15,1150,1151,III/2
2028885_2024-02-15_12:44:00.000000,2024-02-15,12:44:00.000000,2024-02-15,1245,1246,III/1
2028888_2024-02-15_21:36:00.000000,2024-02-15,21:36:00.000000,2024-02-15,2140,2148,III/2
2028888_2024-02-16_02:21:00.000000,2024-02-16,02:21:00.000000,2024-02-16,0228,0229,III/1
2028888_2024-02-16_02:51:00.000000,2024-02-16,02:51:00.000000,2024-02-16,0252,0256,III/1
2028888_2024-02-16_06:36:00.000000,2024-02-16,06:36:00.000000,2024-02-16,0646,0653,V/2
2028888_2024-02-16_06:51:00.000000,2024-02-16,06:51:00.000000,2024-02-16,0646,0653,V/2
2028888_2024-02-16_06:51:00.000000,2024-02-16,06:51:00.000000,2024-02-16,0653,0713,II/3    753
2028888_2024-02-16_07:06:00.000000,2024-02-16,07:06:00.000000,2024-02-16,0653,0713,II/3    753
2028888_2024-02-16_06:51:00.000000,2024-02-16,06:51:00.000000,2024-02-16,0653,0721,IV/2
2028888_2024-02-16_07:06:00.000000,2024-02-16,07:06:00.000000,2024-02-16,0653,0721,IV/2
2028888_2024-02-16_07:51:00.000000,2024-02-16,07:51:00.000000,2024-02-16,0752,0753,III/1
2028891_2024-02-16_08:41:00.000000,2024-02-16,08:41:00.000000,2024-02-16,0851,0853,III/2
2028891_2024-02-16_13:41:00.000000,2024-02-16,13:41:00.000000,2024-02-16,1353,1353,III/1
2028891_2024-02-16_13:41:00.000000,2024-02-16,13:41:00.000000,2024-02-16,1353,1353,III/1
2028894_2024-02-16_18:39:00.000000,2024-02-16,18:39:00.000000,2024-02-16,1846,1846,III/2
2028894_2024-02-16_23:09:00.000000,2024-02-16,23:09:00.000000,2024-02-16,2318,2324,III/1
2028894_2024-02-17_00:39:00.000000,2024-02-17,00:39:00.000000,2024-02-17,0043,0054,III/1
2028894_2024-02-17_01:24:00.000000,2024-02-17,01:24:00.000000,2024-02-17,0130,0130,III/1
2028894_2024-02-17_03:09:00.000000,2024-02-17,03:09:00.000000,2024-02-17,0323,0325,III/1
2028894_2024-02-17_03:24:00.000000,2024-02-17,03:24:00.000000,2024-02-17,0323,0325,III/1
2028897_2024-02-17_13:09:00.000000,2024-02-17,13:09:00.000000,2024-02-17,1319,1327,III/2
2028897_2024-02-17_13:24:00.000000,2024-02-17,13:24:00.000000,2024-02-17,1319,1327,III/2
2028897_2024-02-17_13:24:00.000000,2024-02-17,13:24:00.000000,2024-02-17,1329,1342,II/2    816
2028897_2024-02-17_13:39:00.000000,2024-02-17,13:39:00.000000,2024-02-17,1329,1342,II/2    816
2028897_2024-02-17_13:39:00.000000,2024-02-17,13:39:00.000000,2024-02-17,1353,1357,III/1
2028897_2024-02-17_13:54:00.000000,2024-02-17,13:54:00.000000,2024-02-17,1353,1357,III/1
2028897_2024-02-17_14:24:00.000000,2024-02-17,14:24:00.000000,2024-02-17,1437,1438,III/1
2028900_2024-02-18_07:11:00.000000,2024-02-18,07:11:00.000000,2024-02-18,0718,0719,III/1
2028903_2024-02-18_10:36:00.000000,2024-02-18,10:36:00.000000,2024-02-18,1050,1050,III/1
2028903_2024-02-18_11:51:00.000000,2024-02-18,11:51:00.000000,2024-02-18,1204,1204,III/1
2028903_2024-02-18_13:51:00.000000,2024-02-18,13:51:00.000000,2024-02-18,1402,1403,III/1
2028903_2024-02-18_14:51:00.000000,2024-02-18,14:51:00.000000,2024-02-18,1459,1459,III/1
2028906_2024-02-18_15:29:00.000000,2024-02-18,15:29:00.000000,2024-02-18,1532,1536,III/1
2028906_2024-02-19_03:29:00.000000,2024-02-19,03:29:00.000000,2024-02-19,0340,0346,III/3
2028906_2024-02-19_03:44:00.000000,2024-02-19,03:44:00.000000,2024-02-19,0340,0346,III/3
2028906_2024-02-19_05:59:00.000000,2024-02-19,05:59:00.000000,2024-02-19,0610,0610,III/1
2028909_2024-02-19_11:03:00.000000,2024-02-19,11:03:00.000000,2024-02-19,1111,1111,III/1
2028912_2024-02-19_15:31:00.000000,2024-02-19,15:31:00.000000,2024-02-19,1536,1536,III/1
2028912_2024-02-19_23:01:00.000000,2024-02-19,23:01:00.000000,2024-02-19,2313,2321,III/1
2028912_2024-02-19_23:16:00.000000,2024-02-19,23:16:00.000000,2024-02-19,2313,2321,III/1
2028912_2024-02-20_00:01:00.000000,2024-02-20,00:01:00.000000,2024-02-20,0006,0011,III/1
2028912_2024-02-20_05:31:00.000000,2024-02-20,05:31:00.000000,2024-02-20,0542,0548,III/2
2028912_2024-02-20_05:46:00.000000,2024-02-20,05:46:00.000000,2024-02-20,0542,0548,III/2
2028915_2024-02-20_13:01:00.000000,2024-02-20,13:01:00.000000,2024-02-20,1301,1311,III/1
2028915_2024-02-20_15:01:00.000000,2024-02-20,15:01:00.000000,2024-02-20,1508,1517,III/1
2028918_2024-02-20_21:03:00.000000,2024-02-20,21:03:00.000000,2024-02-20,2105,2106,III/1
2028918_2024-02-21_00:18:00.000000,2024-02-21,00:18:00.000000,2024-02-21,0026,0029,III/1
2028918_2024-02-21_01:48:00.000000,2024-02-21,01:48:00.000000,2024-02-21,0201,0222,II/2    627
2028918_2024-02-21_02:03:00.000000,2024-02-21,02:03:00.000000,2024-02-21,0201,0222,II/2    627
2028918_2024-02-21_02:18:00.000000,2024-02-21,02:18:00.000000,2024-02-21,0201,0222,II/2    627
2028921_2024-02-21_11:28:00.000000,2024-02-21,11:28:00.000000,2024-02-21,1134,1135,III/1
2028921_2024-02-21_14:28:00.000000,2024-02-21,14:28:00.000000,2024-02-21,1442,1442,III/1
2028921_2024-02-21_14:58:00.000000,2024-02-21,14:58:00.000000,2024-02-21,1510,1519,III/1
2028921_2024-02-21_15:13:00.000000,2024-02-21,15:13:00.000000,2024-02-21,1510,1519,III/1
2028924_2024-02-21_17:21:00.000000,2024-02-21,17:21:00.000000,2024-02-21,1734,1734,III/2
2028924_2024-02-21_19:21:00.000000,2024-02-21,19:21:00.000000,2024-02-21,1929,1929,III/1
2028924_2024-02-21_20:21:00.000000,2024-02-21,20:21:00.000000,2024-02-21,2033,2034,III/2
2028924_2024-02-21_22:36:00.000000,2024-02-21,22:36:00.000000,2024-02-21,2240,2240,III/2
2028924_2024-02-21_23:21:00.000000,2024-02-21,23:21:00.000000,2024-02-21,2327,2327,III/1
2028924_2024-02-21_23:21:00.000000,2024-02-21,23:21:00.000000,2024-02-21,2334,2334,III/2
2028924_2024-02-22_03:36:00.000000,2024-02-22,03:36:00.000000,2024-02-22,0350,0351,III/2
2028927_2024-02-22_08:41:00.000000,2024-02-22,08:41:00.000000,2024-02-22,0854,0854,III/1
2028927_2024-02-22_09:41:00.000000,2024-02-22,09:41:00.000000,2024-02-22,0944,0953,II/1    154
2028927_2024-02-22_11:56:00.000000,2024-02-22,11:56:00.000000,2024-02-22,1158,1622,IV/2
2028927_2024-02-22_12:11:00.000000,2024-02-22,12:11:00.000000,2024-02-22,1158,1622,IV/2
2028927_2024-02-22_12:26:00.000000,2024-02-22,12:26:00.000000,2024-02-22,1158,1622,IV/2
2028927_2024-02-22_12:41:00.000000,2024-02-22,12:41:00.000000,2024-02-22,1158,1622,IV/2
2028927_2024-02-22_12:56:00.000000,2024-02-22,12:56:00.000000,2024-02-22,1158,1622,IV/2
2036983_2024-02-22_13:00:00.000000,2024-02-22,13:00:00.000000,2024-02-22,1158,1622,IV/2
2028927_2024-02-22_11:56:00.000000,2024-02-22,11:56:00.000000,2024-02-22,1204,1205,III/2
2028930_2024-02-22_16:23:00.000000,2024-02-22,16:23:00.000000,2024-02-22,1634,1638,III/2
2028930_2024-02-22_17:08:00.000000,2024-02-22,17:08:00.000000,2024-02-22,1715,1716,III/1
2028930_2024-02-22_17:53:00.000000,2024-02-22,17:53:00.000000,2024-02-22,1805,1805,III/1
2028930_2024-02-22_19:38:00.000000,2024-02-22,19:38:00.000000,2024-02-22,1952,1952,III/1
2028930_2024-02-22_20:08:00.000000,2024-02-22,20:08:00.000000,2024-02-22,2022,2022,III/1
2028930_2024-02-22_22:23:00.000000,2024-02-22,22:23:00.000000,2024-02-22,2228,2228,III/1
2036964_2024-02-24_13:35:00.000000,2024-02-24,13:35:00.000000,2024-02-24,1336,1343,III/2
2036962_2024-02-24_13:35:00.000000,2024-02-24,13:35:00.000000,2024-02-24,1336,1343,III/2
2037066_2024-02-25_10:00:00.000000,2024-02-25,10:00:00.000000,2024-02-25,1009,1011,III/2
2028954_2024-02-26_17:32:00.000000,2024-02-26,17:32:00.000000,2024-02-26,1746,1746,III/2
2028954_2024-02-27_01:02:00.000000,2024-02-27,01:02:00.000000,2024-02-27,0105,0106,III/2
2028954_2024-02-27_04:02:00.000000,2024-02-27,04:02:00.000000,2024-02-27,0407,0410,III/2
2028954_2024-02-27_06:47:00.000000,2024-02-27,06:47:00.000000,2024-02-27,0652,0653,III/1
2028954_2024-02-27_07:02:00.000000,2024-02-27,07:02:00.000000,2024-02-27,0716,0716,III/1
2028960_2024-02-27_17:20:00.000000,2024-02-27,17:20:00.000000,2024-02-27,1721,1723,III/2
2028960_2024-02-28_02:05:00.000000,2024-02-28,02:05:00.000000,2024-02-28,0205,0206,V/2
2028960_2024-02-28_02:35:00.000000,2024-02-28,02:35:00.000000,2024-02-28,0249,0250,III/2
2028960_2024-02-28_03:50:00.000000,2024-02-28,03:50:00.000000,2024-02-28,0353,0353,III/1
2028960_2024-02-28_05:35:00.000000,2024-02-28,05:35:00.000000,2024-02-28,0541,0544,III/2
2028960_2024-02-28_05:50:00.000000,2024-02-28,05:50:00.000000,2024-02-28,0559,0601,III/2
2028960_2024-02-28_07:05:00.000000,2024-02-28,07:05:00.000000,2024-02-28,0715,0719,III/2
2028963_2024-02-28_08:55:00.000000,2024-02-28,08:55:00.000000,2024-02-28,0907,0923,II/2    432
2028963_2024-02-28_09:10:00.000000,2024-02-28,09:10:00.000000,2024-02-28,0907,0923,II/2    432
2028963_2024-02-28_10:55:00.000000,2024-02-28,10:55:00.000000,2024-02-28,1105,1107,V/3
2028963_2024-02-28_11:55:00.000000,2024-02-28,11:55:00.000000,2024-02-28,1205,1206,III/1
2028963_2024-02-28_14:10:00.000000,2024-02-28,14:10:00.000000,2024-02-28,1421,1426,III/1
2028963_2024-02-28_14:25:00.000000,2024-02-28,14:25:00.000000,2024-02-28,1421,1426,III/1
2028966_2024-02-28_23:22:00.000000,2024-02-28,23:22:00.000000,2024-02-28,2328,2328,III/1
2028966_2024-02-29_00:52:00.000000,2024-02-29,00:52:00.000000,2024-02-29,0059,0102,III/1
2028972_2024-03-01_00:39:00.000000,2024-03-01,00:39:00.000000,2024-03-01,0045,0045,III/1
2028972_2024-03-01_00:54:00.000000,2024-03-01,00:54:00.000000,2024-03-01,0108,0116,III/1
2028972_2024-03-01_01:09:00.000000,2024-03-01,01:09:00.000000,2024-03-01,0108,0116,III/1
2028972_2024-03-01_05:54:00.000000,2024-03-01,05:54:00.000000,2024-03-01,0558,0604,III/1
2028975_2024-03-01_10:20:00.000000,2024-03-01,10:20:00.000000,2024-03-01,1020,1021,III/1
2028975_2024-03-01_12:05:00.000000,2024-03-01,12:05:00.000000,2024-03-01,1217,1217,III/1
2028975_2024-03-01_14:35:00.000000,2024-03-01,14:35:00.000000,2024-03-01,1436,1437,III/1
2028978_2024-03-01_20:26:00.000000,2024-03-01,20:26:00.000000,2024-03-01,2029,2030,III/2
2028981_2024-03-02_08:48:00.000000,2024-03-02,08:48:00.000000,2024-03-02,0857,0858,III/1
2028987_2024-03-03_08:00:00.000000,2024-03-03,08:00:00.000000,2024-03-03,0812,0812,III/1
2028987_2024-03-03_15:15:00.000000,2024-03-03,15:15:00.000000,2024-03-03,1524,1525,III/1
2028990_2024-03-04_02:30:00.000000,2024-03-04,02:30:00.000000,2024-03-04,0230,0243,III/2
2028990_2024-03-04_06:45:00.000000,2024-03-04,06:45:00.000000,2024-03-04,0652,0655,III/2
2028993_2024-03-04_08:12:00.000000,2024-03-04,08:12:00.000000,2024-03-04,0817,0818,III/2
2028996_2024-03-04_19:03:00.000000,2024-03-04,19:03:00.000000,2024-03-04,1907,1907,III/1
2028996_2024-03-04_23:33:00.000000,2024-03-04,23:33:00.000000,2024-03-04,2343,2345,III/1
2028996_2024-03-05_00:03:00.000000,2024-03-05,00:03:00.000000,2024-03-05,0005,0009,III/1
2028996_2024-03-05_00:48:00.000000,2024-03-05,00:48:00.000000,2024-03-05,0100,0100,III/2
2028996_2024-03-05_02:18:00.000000,2024-03-05,02:18:00.000000,2024-03-05,0222,0224,III/1
2028999_2024-03-05_10:25:00.000000,2024-03-05,10:25:00.000000,2024-03-05,1036,1037,III/2
2028999_2024-03-05_12:25:00.000000,2024-03-05,12:25:00.000000,2024-03-05,1239,1240,III/1
2028999_2024-03-05_13:25:00.000000,2024-03-05,13:25:00.000000,2024-03-05,1335,1335,III/1
2028999_2024-03-05_14:55:00.000000,2024-03-05,14:55:00.000000,2024-03-05,1502,1502,III/1
2029002_2024-03-05_18:20:00.000000,2024-03-05,18:20:00.000000,2024-03-05,1825,1826,III/1
2029002_2024-03-05_22:20:00.000000,2024-03-05,22:20:00.000000,2024-03-05,2228,2235,V/2
2029002_2024-03-05_23:35:00.000000,2024-03-05,23:35:00.000000,2024-03-05,2346,2349,III/2
2029002_2024-03-06_02:05:00.000000,2024-03-06,02:05:00.000000,2024-03-06,0207,0209,III/2
2029002_2024-03-06_03:20:00.000000,2024-03-06,03:20:00.000000,2024-03-06,0333,0334,III/1
2029002_2024-03-06_03:20:00.000000,2024-03-06,03:20:00.000000,2024-03-06,0333,0344,II/2    1516
2029002_2024-03-06_03:35:00.000000,2024-03-06,03:35:00.000000,2024-03-06,0333,0344,II/2    1516
2029008_2024-03-07_05:07:00.000000,2024-03-07,05:07:00.000000,2024-03-07,0508,0509,III/2
2029008_2024-03-07_05:52:00.000000,2024-03-07,05:52:00.000000,2024-03-07,0559,0559,III/1
2029011_2024-03-07_07:35:00.000000,2024-03-07,07:35:00.000000,2024-03-07,0736,0737,III/1
2029011_2024-03-07_09:50:00.000000,2024-03-07,09:50:00.000000,2024-03-07,0957,0958,III/2
2029011_2024-03-07_12:35:00.000000,2024-03-07,12:35:00.000000,2024-03-07,1240,1241,III/1
2029014_2024-03-07_19:09:00.000000,2024-03-07,19:09:00.000000,2024-03-07,1919,1920,III/1
2029014_2024-03-07_22:24:00.000000,2024-03-07,22:24:00.000000,2024-03-07,2225,2244,II/2    904
2029014_2024-03-07_22:39:00.000000,2024-03-07,22:39:00.000000,2024-03-07,2225,2244,II/2    904
2029014_2024-03-08_03:24:00.000000,2024-03-08,03:24:00.000000,2024-03-08,0335,0338,III/2
2029014_2024-03-08_03:39:00.000000,2024-03-08,03:39:00.000000,2024-03-08,0340,0352,II/2    1067
2029017_2024-03-08_11:32:00.000000,2024-03-08,11:32:00.000000,2024-03-08,1145,1147,III/1
2029017_2024-03-08_13:02:00.000000,2024-03-08,13:02:00.000000,2024-03-08,1308,1308,III/1
2029020_2024-03-08_23:41:00.000000,2024-03-08,23:41:00.000000,2024-03-08,2351,2351,III/2
2029020_2024-03-09_00:56:00.000000,2024-03-09,00:56:00.000000,2024-03-09,0059,0059,III/1
2029023_2024-03-09_12:15:00.000000,2024-03-09,12:15:00.000000,2024-03-09,1218,1218,III/1
2029029_2024-03-10_11:57:00.000000,2024-03-10,11:57:00.000000,2024-03-10,1208,1216,V/3
2029029_2024-03-10_12:12:00.000000,2024-03-10,12:12:00.000000,2024-03-10,1208,1216,V/3
2029029_2024-03-10_11:57:00.000000,2024-03-10,11:57:00.000000,2024-03-10,1208,1234,II/3    714
2029029_2024-03-10_12:12:00.000000,2024-03-10,12:12:00.000000,2024-03-10,1208,1234,II/3    714
2029029_2024-03-10_12:27:00.000000,2024-03-10,12:27:00.000000,2024-03-10,1208,1234,II/3    714
2029032_2024-03-10_22:30:00.000000,2024-03-10,22:30:00.000000,2024-03-10,2241,2246,III/1
2029032_2024-03-10_22:45:00.000000,2024-03-10,22:45:00.000000,2024-03-10,2241,2246,III/1
2029032_2024-03-11_00:30:00.000000,2024-03-11,00:30:00.000000,2024-03-11,0037,0037,III/1
2029038_2024-03-12_06:17:00.000000,2024-03-12,06:17:00.000000,2024-03-12,0617,0618,III/2
2029047_2024-03-13_11:50:00.000000,2024-03-13,11:50:00.000000,2024-03-13,1200,1200,III/1
2029047_2024-03-13_14:05:00.000000,2024-03-13,14:05:00.000000,2024-03-13,1414,1414,III/1
2029050_2024-03-13_16:21:00.000000,2024-03-13,16:21:00.000000,2024-03-13,1626,1626,III/1
2029050_2024-03-13_22:51:00.000000,2024-03-13,22:51:00.000000,2024-03-13,2303,2304,III/2
2029050_2024-03-14_02:06:00.000000,2024-03-14,02:06:00.000000,2024-03-14,0211,0211,III/1
2029050_2024-03-14_05:51:00.000000,2024-03-14,05:51:00.000000,2024-03-14,0600,0600,III/1
2029053_2024-03-14_11:17:00.000000,2024-03-14,11:17:00.000000,2024-03-14,1125,1126,III/1
2029053_2024-03-14_12:32:00.000000,2024-03-14,12:32:00.000000,2024-03-14,1243,1244,III/1
2029053_2024-03-14_15:17:00.000000,2024-03-14,15:17:00.000000,2024-03-14,1522,1523,III/1
2037774_2024-03-15_05:01:00.000000,2024-03-15,05:01:00.000000,2024-03-15,0514,0515,III/2
2029068_2024-03-17_00:27:00.000000,2024-03-17,00:27:00.000000,2024-03-17,0036,0040,III/1
2029071_2024-03-17_10:55:00.000000,2024-03-17,10:55:00.000000,2024-03-17,1107,1107,III/2
2029080_2024-03-18_22:01:00.000000,2024-03-18,22:01:00.000000,2024-03-18,2211,2211,III/1
2029086_2024-03-19_21:33:00.000000,2024-03-19,21:33:00.000000,2024-03-19,2134,2134,III/2
2029086_2024-03-20_00:48:00.000000,2024-03-20,00:48:00.000000,2024-03-20,0053,0058,III/1
2029086_2024-03-20_01:48:00.000000,2024-03-20,01:48:00.000000,2024-03-20,0154,0203,III/1
2029089_2024-03-20_08:02:00.000000,2024-03-20,08:02:00.000000,2024-03-20,0804,0806,III/1
2029089_2024-03-20_15:17:00.000000,2024-03-20,15:17:00.000000,2024-03-20,1520,1521,III/1
2029092_2024-03-21_01:35:00.000000,2024-03-21,01:35:00.000000,2024-03-21,0141,0141,III/1
2029092_2024-03-21_04:35:00.000000,2024-03-21,04:35:00.000000,2024-03-21,0436,0456,III/1
2029092_2024-03-21_04:50:00.000000,2024-03-21,04:50:00.000000,2024-03-21,0436,0456,III/1
2029098_2024-03-21_22:06:00.000000,2024-03-21,22:06:00.000000,2024-03-21,2210,2210,III/2
2029101_2024-03-22_07:57:00.000000,2024-03-22,07:57:00.000000,2024-03-22,0805,0805,III/1
2029101_2024-03-22_08:42:00.000000,2024-03-22,08:42:00.000000,2024-03-22,0850,0857,III/2
2029101_2024-03-22_09:42:00.000000,2024-03-22,09:42:00.000000,2024-03-22,0942,0943,III/2
2029101_2024-03-22_10:27:00.000000,2024-03-22,10:27:00.000000,2024-03-22,1030,1030,III/1
2029101_2024-03-22_12:12:00.000000,2024-03-22,12:12:00.000000,2024-03-22,1222,1223,III/1
2029101_2024-03-22_14:27:00.000000,2024-03-22,14:27:00.000000,2024-03-22,1433,1438,III/2
2029104_2024-03-22_22:38:00.000000,2024-03-22,22:38:00.000000,2024-03-22,2249,2253,III/2
2029104_2024-03-23_01:08:00.000000,2024-03-23,01:08:00.000000,2024-03-23,0109,0112,II/2    791
2029107_2024-03-23_13:40:00.000000,2024-03-23,13:40:00.000000,2024-03-23,1342,1343,III/2
2029107_2024-03-23_15:55:00.000000,2024-03-23,15:55:00.000000,2024-03-23,1556,1558,V/2
2029107_2024-03-23_15:55:00.000000,2024-03-23,15:55:00.000000,2024-03-23,1556,1557,III/1
2029110_2024-03-23_18:25:00.000000,2024-03-23,18:25:00.000000,2024-03-23,1836,1836,III/1
2029110_2024-03-23_19:10:00.000000,2024-03-23,19:10:00.000000,2024-03-23,1910,1911,III/1
2029110_2024-03-23_19:40:00.000000,2024-03-23,19:40:00.000000,2024-03-23,1953,1953,III/2
2029110_2024-03-23_21:40:00.000000,2024-03-23,21:40:00.000000,2024-03-23,2148,2326,III/1
2029110_2024-03-23_21:55:00.000000,2024-03-23,21:55:00.000000,2024-03-23,2148,2326,III/1
2029110_2024-03-23_22:10:00.000000,2024-03-23,22:10:00.000000,2024-03-23,2148,2326,III/1
2029110_2024-03-23_22:25:00.000000,2024-03-23,22:25:00.000000,2024-03-23,2148,2326,III/1
2029110_2024-03-23_22:40:00.000000,2024-03-23,22:40:00.000000,2024-03-23,2148,2326,III/1
2029110_2024-03-23_22:55:00.000000,2024-03-23,22:55:00.000000,2024-03-23,2148,2326,III/1
2029113_2024-03-24_07:07:00.000000,2024-03-24,07:07:00.000000,2024-03-24,0713,0716,III/2
2029113_2024-03-24_07:37:00.000000,2024-03-24,07:37:00.000000,2024-03-24,0739,0746,III/1
2029113_2024-03-24_14:07:00.000000,2024-03-24,14:07:00.000000,2024-03-24,1413,1414,III/1
2029113_2024-03-24_15:22:00.000000,2024-03-24,15:22:00.000000,2024-03-24,1524,1535,III/1
2029116_2024-03-24_17:57:00.000000,2024-03-24,17:57:00.000000,2024-03-24,1805,1805,III/1
2029116_2024-03-24_19:42:00.000000,2024-03-24,19:42:00.000000,2024-03-24,1947,1948,III/2
2029116_2024-03-24_21:42:00.000000,2024-03-24,21:42:00.000000,2024-03-24,2147,2149,III/1
2029116_2024-03-24_22:27:00.000000,2024-03-24,22:27:00.000000,2024-03-24,2239,2240,III/1
2029116_2024-03-25_03:12:00.000000,2024-03-25,03:12:00.000000,2024-03-25,0315,0316,III/2
2029116_2024-03-25_06:12:00.000000,2024-03-25,06:12:00.000000,2024-03-25,0618,0618,III/2
2029122_2024-03-25_19:59:00.000000,2024-03-25,19:59:00.000000,2024-03-25,2012,2012,III/2
2029122_2024-03-25_20:44:00.000000,2024-03-25,20:44:00.000000,2024-03-25,2047,2048,III/2
2029122_2024-03-25_21:14:00.000000,2024-03-25,21:14:00.000000,2024-03-25,2116,2116,III/2
2029122_2024-03-25_21:44:00.000000,2024-03-25,21:44:00.000000,2024-03-25,2150,2150,III/1
2029122_2024-03-25_21:59:00.000000,2024-03-25,21:59:00.000000,2024-03-25,2211,2212,III/2
2029122_2024-03-25_22:29:00.000000,2024-03-25,22:29:00.000000,2024-03-25,2229,2230,III/3
2029122_2024-03-25_22:44:00.000000,2024-03-25,22:44:00.000000,2024-03-25,2254,2255,III/1
2029122_2024-03-25_23:29:00.000000,2024-03-25,23:29:00.000000,2024-03-25,2334,2335,III/1
2029122_2024-03-26_00:29:00.000000,2024-03-26,00:29:00.000000,2024-03-26,0034,0041,V/3
2029122_2024-03-26_00:29:00.000000,2024-03-26,00:29:00.000000,2024-03-26,0034,0037,III/3
2029122_2024-03-26_02:14:00.000000,2024-03-26,02:14:00.000000,2024-03-26,0220,0226,III/2
2029122_2024-03-26_02:59:00.000000,2024-03-26,02:59:00.000000,2024-03-26,0300,0303,III/2
2029122_2024-03-26_05:14:00.000000,2024-03-26,05:14:00.000000,2024-03-26,0524,0525,III/2
2029125_2024-03-26_07:32:00.000000,2024-03-26,07:32:00.000000,2024-03-26,0745,0747,III/2
2029125_2024-03-26_09:17:00.000000,2024-03-26,09:17:00.000000,2024-03-26,0926,0927,III/1
2029128_2024-03-26_22:01:00.000000,2024-03-26,22:01:00.000000,2024-03-26,2211,2211,III/1
2029128_2024-03-26_23:01:00.000000,2024-03-26,23:01:00.000000,2024-03-26,2305,2305,III/2
2029128_2024-03-27_06:01:00.000000,2024-03-27,06:01:00.000000,2024-03-27,0604,0604,III/1
2029131_2024-03-27_06:30:00.000000,2024-03-27,06:30:00.000000,2024-03-27,0634,0635,III/1
2029131_2024-03-27_08:30:00.000000,2024-03-27,08:30:00.000000,2024-03-27,0841,0842,III/1
2029131_2024-03-27_09:00:00.000000,2024-03-27,09:00:00.000000,2024-03-27,0910,0911,III/1
2029131_2024-03-27_09:30:00.000000,2024-03-27,09:30:00.000000,2024-03-27,0942,0946,III/2
2029131_2024-03-27_09:45:00.000000,2024-03-27,09:45:00.000000,2024-03-27,0942,0946,III/2
2029131_2024-03-27_11:15:00.000000,2024-03-27,11:15:00.000000,2024-03-27,1124,1132,III/2
2029131_2024-03-27_11:30:00.000000,2024-03-27,11:30:00.000000,2024-03-27,1124,1132,III/2
2029131_2024-03-27_15:00:00.000000,2024-03-27,15:00:00.000000,2024-03-27,1500,1503,III/2
2029134_2024-03-27_17:02:00.000000,2024-03-27,17:02:00.000000,2024-03-27,1713,1714,III/1
2029134_2024-03-28_06:02:00.000000,2024-03-28,06:02:00.000000,2024-03-28,0602,0604,III/3
2029137_2024-03-28_09:28:00.000000,2024-03-28,09:28:00.000000,2024-03-28,0940,0948,III/3
2029137_2024-03-28_09:43:00.000000,2024-03-28,09:43:00.000000,2024-03-28,0940,0948,III/3
2029137_2024-03-28_10:28:00.000000,2024-03-28,10:28:00.000000,2024-03-28,1037,1038,III/1
2029137_2024-03-28_11:28:00.000000,2024-03-28,11:28:00.000000,2024-03-28,1135,1137,III/1
2029137_2024-03-28_11:28:00.000000,2024-03-28,11:28:00.000000,2024-03-28,1135,1135,III/1
2029137_2024-03-28_16:13:00.000000,2024-03-28,16:13:00.000000,2024-03-28,1615,1616,III/1
2038981_2024-03-28_16:49:00.000000,2024-03-28,16:49:00.000000,2024-03-28,1700,1703,III/2
2038981_2024-03-28_17:19:00.000000,2024-03-28,17:19:00.000000,2024-03-28,1725,1726,III/1
2038981_2024-03-28_20:19:00.000000,2024-03-28,20:19:00.000000,2024-03-28,2031,2035,III/1
2038981_2024-03-28_20:34:00.000000,2024-03-28,20:34:00.000000,2024-03-28,2031,2035,III/1
2038981_2024-03-28_22:04:00.000000,2024-03-28,22:04:00.000000,2024-03-28,2216,2217,III/2
2038981_2024-03-28_22:19:00.000000,2024-03-28,22:19:00.000000,2024-03-28,2227,2228,III/2
2038987_2024-03-29_03:01:00.000000,2024-03-29,03:01:00.000000,2024-03-29,0306,0307,III/1
2038987_2024-03-29_03:31:00.000000,2024-03-29,03:31:00.000000,2024-03-29,0340,0347,III/2
2038987_2024-03-29_03:46:00.000000,2024-03-29,03:46:00.000000,2024-03-29,0340,0347,III/2
2038987_2024-03-29_04:46:00.000000,2024-03-29,04:46:00.000000,2024-03-29,0500,0500,III/1
2029143_2024-03-29_06:25:00.000000,2024-03-29,06:25:00.000000,2024-03-29,0627,0627,III/1
2029143_2024-03-29_09:55:00.000000,2024-03-29,09:55:00.000000,2024-03-29,1000,1001,III/1
2029143_2024-03-29_10:25:00.000000,2024-03-29,10:25:00.000000,2024-03-29,1037,1038,III/1
2029143_2024-03-29_11:10:00.000000,2024-03-29,11:10:00.000000,2024-03-29,1111,1112,III/1
2029143_2024-03-29_14:55:00.000000,2024-03-29,14:55:00.000000,2024-03-29,1507,1507,III/1
2029143_2024-03-29_15:25:00.000000,2024-03-29,15:25:00.000000,2024-03-29,1528,1530,III/1
2029146_2024-03-29_19:51:00.000000,2024-03-29,19:51:00.000000,2024-03-29,2003,2005,III/1
2029146_2024-03-29_22:21:00.000000,2024-03-29,22:21:00.000000,2024-03-29,2233,2241,III/1
2029146_2024-03-29_22:36:00.000000,2024-03-29,22:36:00.000000,2024-03-29,2233,2241,III/1
2029146_2024-03-29_23:21:00.000000,2024-03-29,23:21:00.000000,2024-03-29,2333,2334,III/1
2029146_2024-03-30_03:06:00.000000,2024-03-30,03:06:00.000000,2024-03-30,0317,0318,III/2
2029146_2024-03-30_04:06:00.000000,2024-03-30,04:06:00.000000,2024-03-30,0408,0408,III/1
2029146_2024-03-30_05:06:00.000000,2024-03-30,05:06:00.000000,2024-03-30,0507,0545,III/2
2029146_2024-03-30_05:21:00.000000,2024-03-30,05:21:00.000000,2024-03-30,0507,0545,III/2
2029146_2024-03-30_05:36:00.000000,2024-03-30,05:36:00.000000,2024-03-30,0507,0545,III/2
2029149_2024-03-30_07:53:00.000000,2024-03-30,07:53:00.000000,2024-03-30,0807,0903,III/1
2029149_2024-03-30_08:08:00.000000,2024-03-30,08:08:00.000000,2024-03-30,0807,0903,III/1
2029149_2024-03-30_08:23:00.000000,2024-03-30,08:23:00.000000,2024-03-30,0807,0903,III/1
2029149_2024-03-30_08:38:00.000000,2024-03-30,08:38:00.000000,2024-03-30,0807,0903,III/1
2029149_2024-03-30_08:53:00.000000,2024-03-30,08:53:00.000000,2024-03-30,0807,0903,III/1
2029149_2024-03-30_11:08:00.000000,2024-03-30,11:08:00.000000,2024-03-30,1111,1111,III/1
2029149_2024-03-30_15:53:00.000000,2024-03-30,15:53:00.000000,2024-03-30,1603,1607,III/1
2029152_2024-03-30_18:23:00.000000,2024-03-30,18:23:00.000000,2024-03-30,1830,1833,III/2
2029152_2024-03-30_22:23:00.000000,2024-03-30,22:23:00.000000,2024-03-30,2230,2231,III/2
2029152_2024-03-30_23:23:00.000000,2024-03-30,23:23:00.000000,2024-03-30,2333,2334,III/1
2029152_2024-03-30_23:53:00.000000,2024-03-30,23:53:00.000000,2024-03-30,2358,2358,III/1
2029155_2024-03-31_07:20:00.000000,2024-03-31,07:20:00.000000,2024-03-31,0729,0729,III/1
2029155_2024-03-31_08:35:00.000000,2024-03-31,08:35:00.000000,2024-03-31,0837,0837,III/1
2029158_2024-03-31_18:40:00.000000,2024-03-31,18:40:00.000000,2024-03-31,1841,1841,III/2
2029161_2024-04-01_06:48:00.000000,2024-04-01,06:48:00.000000,2024-04-01,0653,0700,V/3
2029161_2024-04-01_07:33:00.000000,2024-04-01,07:33:00.000000,2024-04-01,0743,0743,III/1
2029161_2024-04-01_10:03:00.000000,2024-04-01,10:03:00.000000,2024-04-01,1003,1010,III/2
2029161_2024-04-01_13:33:00.000000,2024-04-01,13:33:00.000000,2024-04-01,1347,1355,III/1
2029161_2024-04-01_13:48:00.000000,2024-04-01,13:48:00.000000,2024-04-01,1347,1355,III/1
2029164_2024-04-01_19:56:00.000000,2024-04-01,19:56:00.000000,2024-04-01,2004,2009,III/2
2039064_2024-04-04_03:01:00.000000,2024-04-04,03:01:00.000000,2024-04-04,0310,0310,III/1
2029185_2024-04-05_11:24:00.000000,2024-04-05,11:24:00.000000,2024-04-05,1133,1134,III/1
2029185_2024-04-05_16:24:00.000000,2024-04-05,16:24:00.000000,2024-04-05,1630,1630,III/1
2029197_2024-04-07_10:04:00.000000,2024-04-07,10:04:00.000000,2024-04-07,1018,1019,III/2
2029200_2024-04-07_18:22:00.000000,2024-04-07,18:22:00.000000,2024-04-07,1835,1837,III/1
2029203_2024-04-08_09:17:00.000000,2024-04-08,09:17:00.000000,2024-04-08,0925,0925,III/1
2029212_2024-04-09_19:25:00.000000,2024-04-09,19:25:00.000000,2024-04-09,1930,1934,III/2
2029212_2024-04-09_19:25:00.000000,2024-04-09,19:25:00.000000,2024-04-09,1931,1934,III/2
2029212_2024-04-09_21:40:00.000000,2024-04-09,21:40:00.000000,2024-04-09,2146,2147,III/1
2029212_2024-04-10_00:10:00.000000,2024-04-10,00:10:00.000000,2024-04-10,0011,0012,III/2
2039165_2024-04-10_17:57:00.000000,2024-04-10,17:57:00.000000,2024-04-10,1807,1809,III/1
2039165_2024-04-10_20:57:00.000000,2024-04-10,20:57:00.000000,2024-04-10,2106,2107,III/1
2039165_2024-04-10_23:42:00.000000,2024-04-10,23:42:00.000000,2024-04-10,2346,2348,III/2
2039168_2024-04-11_03:20:00.000000,2024-04-11,03:20:00.000000,2024-04-11,0334,0336,III/1
2039168_2024-04-11_03:35:00.000000,2024-04-11,03:35:00.000000,2024-04-11,0334,0336,III/1
2039168_2024-04-11_04:50:00.000000,2024-04-11,04:50:00.000000,2024-04-11,0451,0456,III/2
2039168_2024-04-11_04:50:00.000000,2024-04-11,04:50:00.000000,2024-04-11,0501,0505,III/1
2039177_2024-04-11_06:25:00.000000,2024-04-11,06:25:00.000000,2024-04-11,0629,0633,III/1
2039177_2024-04-11_06:25:00.000000,2024-04-11,06:25:00.000000,2024-04-11,0637,0644,III/1
2039177_2024-04-11_06:40:00.000000,2024-04-11,06:40:00.000000,2024-04-11,0637,0644,III/1
2039177_2024-04-11_07:40:00.000000,2024-04-11,07:40:00.000000,2024-04-11,0749,0749,III/1
2039177_2024-04-11_09:10:00.000000,2024-04-11,09:10:00.000000,2024-04-11,0915,0916,III/1
2039177_2024-04-11_09:40:00.000000,2024-04-11,09:40:00.000000,2024-04-11,0952,1002,III/2
2039177_2024-04-11_09:55:00.000000,2024-04-11,09:55:00.000000,2024-04-11,0952,1002,III/2
2039194_2024-04-11_20:18:00.000000,2024-04-11,20:18:00.000000,2024-04-11,2029,2030,III/2
2039194_2024-04-11_21:18:00.000000,2024-04-11,21:18:00.000000,2024-04-11,2126,2135,III/1
2039194_2024-04-11_21:33:00.000000,2024-04-11,21:33:00.000000,2024-04-11,2126,2135,III/1
2039194_2024-04-11_22:18:00.000000,2024-04-11,22:18:00.000000,2024-04-11,2220,2220,III/1
2039194_2024-04-11_23:33:00.000000,2024-04-11,23:33:00.000000,2024-04-11,2339,2347,III/3
2039194_2024-04-12_00:33:00.000000,2024-04-12,00:33:00.000000,2024-04-12,0040,0042,III/1
2039194_2024-04-12_05:18:00.000000,2024-04-12,05:18:00.000000,2024-04-12,0528,0529,III/1
2029227_2024-04-12_06:38:00.000000,2024-04-12,06:38:00.000000,2024-04-12,0649,0651,III/2
2029227_2024-04-12_15:23:00.000000,2024-04-12,15:23:00.000000,2024-04-12,1537,1539,III/2
2029227_2024-04-12_15:38:00.000000,2024-04-12,15:38:00.000000,2024-04-12,1537,1539,III/2
2029230_2024-04-12_19:15:00.000000,2024-04-12,19:15:00.000000,2024-04-12,1926,1935,III/2
2029230_2024-04-12_19:30:00.000000,2024-04-12,19:30:00.000000,2024-04-12,1926,1935,III/2
2029230_2024-04-12_19:30:00.000000,2024-04-12,19:30:00.000000,2024-04-12,1936,1944,III/2
2029230_2024-04-12_19:30:00.000000,2024-04-12,19:30:00.000000,2024-04-12,1942,1943,III/2
2029230_2024-04-12_19:45:00.000000,2024-04-12,19:45:00.000000,2024-04-12,1949,1951,III/1
2029230_2024-04-12_22:30:00.000000,2024-04-12,22:30:00.000000,2024-04-12,2235,2235,III/1
2029230_2024-04-13_02:30:00.000000,2024-04-13,02:30:00.000000,2024-04-13,0235,0236,III/1
2029230_2024-04-13_03:15:00.000000,2024-04-13,03:15:00.000000,2024-04-13,0317,0317,III/1
2029230_2024-04-13_03:30:00.000000,2024-04-13,03:30:00.000000,2024-04-13,0338,0339,III/1
2029230_2024-04-13_04:45:00.000000,2024-04-13,04:45:00.000000,2024-04-13,0459,0503,III/2
2029230_2024-04-13_05:00:00.000000,2024-04-13,05:00:00.000000,2024-04-13,0459,0503,III/2
2029233_2024-04-13_13:06:00.000000,2024-04-13,13:06:00.000000,2024-04-13,1314,1316,III/1
2029233_2024-04-13_13:21:00.000000,2024-04-13,13:21:00.000000,2024-04-13,1331,1333,III/2
2029239_2024-04-14_15:04:00.000000,2024-04-14,15:04:00.000000,2024-04-14,1518,1519,III/1
2029242_2024-04-14_20:18:00.000000,2024-04-14,20:18:00.000000,2024-04-14,2028,2029,III/1
2029242_2024-04-14_21:03:00.000000,2024-04-14,21:03:00.000000,2024-04-14,2114,2114,III/2
2029242_2024-04-14_23:33:00.000000,2024-04-14,23:33:00.000000,2024-04-14,2336,2337,III/1
2029242_2024-04-15_01:48:00.000000,2024-04-15,01:48:00.000000,2024-04-15,0155,0204,III/2
2029242_2024-04-15_02:03:00.000000,2024-04-15,02:03:00.000000,2024-04-15,0155,0204,III/2
2029242_2024-04-15_02:18:00.000000,2024-04-15,02:18:00.000000,2024-04-15,0226,0227,III/2
2029242_2024-04-15_04:33:00.000000,2024-04-15,04:33:00.000000,2024-04-15,0433,0435,III/1
2029248_2024-04-15_19:20:00.000000,2024-04-15,19:20:00.000000,2024-04-15,1920,1924,III/2
2029248_2024-04-15_21:35:00.000000,2024-04-15,21:35:00.000000,2024-04-15,2141,2142,III/2
2029248_2024-04-15_23:05:00.000000,2024-04-15,23:05:00.000000,2024-04-15,2317,2318,III/2
2029248_2024-04-15_23:50:00.000000,2024-04-15,23:50:00.000000,2024-04-15,2353,2353,III/1
2029248_2024-04-16_00:20:00.000000,2024-04-16,00:20:00.000000,2024-04-16,0022,0023,III/1
2029248_2024-04-16_01:05:00.000000,2024-04-16,01:05:00.000000,2024-04-16,0111,0118,III/1
2029248_2024-04-16_04:05:00.000000,2024-04-16,04:05:00.000000,2024-04-16,0416,0422,III/2
2029248_2024-04-16_04:20:00.000000,2024-04-16,04:20:00.000000,2024-04-16,0416,0422,III/2
2029248_2024-04-16_05:20:00.000000,2024-04-16,05:20:00.000000,2024-04-16,0523,0523,III/1
2029251_2024-04-16_07:30:00.000000,2024-04-16,07:30:00.000000,2024-04-16,0735,0735,III/2
2029251_2024-04-16_13:30:00.000000,2024-04-16,13:30:00.000000,2024-04-16,1336,1338,III/1
2029254_2024-04-17_04:52:00.000000,2024-04-17,04:52:00.000000,2024-04-17,0452,0454,III/1
2029254_2024-04-17_04:52:00.000000,2024-04-17,04:52:00.000000,2024-04-17,0504,0506,III/2
2029260_2024-04-17_18:23:00.000000,2024-04-17,18:23:00.000000,2024-04-17,1824,1826,III/1
2029260_2024-04-17_19:53:00.000000,2024-04-17,19:53:00.000000,2024-04-17,2001,2009,V/3
2029260_2024-04-17_20:08:00.000000,2024-04-17,20:08:00.000000,2024-04-17,2001,2009,V/3
2029260_2024-04-17_20:53:00.000000,2024-04-17,20:53:00.000000,2024-04-17,2103,2104,III/2
2029260_2024-04-18_02:38:00.000000,2024-04-18,02:38:00.000000,2024-04-18,0244,0250,V/3
2029260_2024-04-18_04:23:00.000000,2024-04-18,04:23:00.000000,2024-04-18,0425,0429,III/2
2029263_2024-04-18_09:11:00.000000,2024-04-18,09:11:00.000000,2024-04-18,0924,0929,III/2
2029263_2024-04-18_09:26:00.000000,2024-04-18,09:26:00.000000,2024-04-18,0924,0929,III/2
2029263_2024-04-18_11:11:00.000000,2024-04-18,11:11:00.000000,2024-04-18,1113,1119,III/2
2029263_2024-04-18_15:26:00.000000,2024-04-18,15:26:00.000000,2024-04-18,1529,1535,III/2
2029263_2024-04-18_15:56:00.000000,2024-04-18,15:56:00.000000,2024-04-18,1605,1606,III/1
2029263_2024-04-18_16:56:00.000000,2024-04-18,16:56:00.000000,2024-04-18,1700,1702,III/2
2029269_2024-04-19_12:54:00.000000,2024-04-19,12:54:00.000000,2024-04-19,1301,1303,III/2
2029269_2024-04-19_13:54:00.000000,2024-04-19,13:54:00.000000,2024-04-19,1401,1403,III/2
2029269_2024-04-19_14:24:00.000000,2024-04-19,14:24:00.000000,2024-04-19,1433,1435,III/2
2029269_2024-04-19_14:54:00.000000,2024-04-19,14:54:00.000000,2024-04-19,1459,1501,III/3
2029269_2024-04-19_16:24:00.000000,2024-04-19,16:24:00.000000,2024-04-19,1632,1640,III/3
2029269_2024-04-19_16:39:00.000000,2024-04-19,16:39:00.000000,2024-04-19,1632,1640,III/3
2029269_2024-04-19_16:24:00.000000,2024-04-19,16:24:00.000000,2024-04-19,1637,1637,III/3
2029269_2024-04-19_16:39:00.000000,2024-04-19,16:39:00.000000,2024-04-19,1640,1640,III/2
2029275_2024-04-20_10:22:00.000000,2024-04-20,10:22:00.000000,2024-04-20,1032,1032,III/1
2029275_2024-04-20_14:37:00.000000,2024-04-20,14:37:00.000000,2024-04-20,1451,1452,III/2
2029275_2024-04-20_15:37:00.000000,2024-04-20,15:37:00.000000,2024-04-20,1543,1548,III/3
2029275_2024-04-20_16:07:00.000000,2024-04-20,16:07:00.000000,2024-04-20,1620,1620,III/2
2029278_2024-04-20_17:43:00.000000,2024-04-20,17:43:00.000000,2024-04-20,1753,1801,III/1
2029278_2024-04-20_17:58:00.000000,2024-04-20,17:58:00.000000,2024-04-20,1753,1801,III/1
2029278_2024-04-20_19:58:00.000000,2024-04-20,19:58:00.000000,2024-04-20,2001,2252,III/2
2029278_2024-04-20_20:13:00.000000,2024-04-20,20:13:00.000000,2024-04-20,2001,2252,III/2
2029278_2024-04-20_20:28:00.000000,2024-04-20,20:28:00.000000,2024-04-20,2001,2252,III/2
2029278_2024-04-20_20:43:00.000000,2024-04-20,20:43:00.000000,2024-04-20,2001,2252,III/2
2029278_2024-04-20_20:58:00.000000,2024-04-20,20:58:00.000000,2024-04-20,2001,2252,III/2
2029278_2024-04-20_21:13:00.000000,2024-04-20,21:13:00.000000,2024-04-20,2001,2252,III/2
2029278_2024-04-21_02:13:00.000000,2024-04-21,02:13:00.000000,2024-04-21,0218,0227,III/2
2029278_2024-04-21_04:28:00.000000,2024-04-21,04:28:00.000000,2024-04-21,0429,0431,III/2
2029278_2024-04-21_05:13:00.000000,2024-04-21,05:13:00.000000,2024-04-21,0520,0522,III/2
2029278_2024-04-21_05:13:00.000000,2024-04-21,05:13:00.000000,2024-04-21,0521,0523,V/2
2029281_2024-04-21_06:05:00.000000,2024-04-21,06:05:00.000000,2024-04-21,0610,0613,III/2
2029281_2024-04-21_12:35:00.000000,2024-04-21,12:35:00.000000,2024-04-21,1246,1247,III/2
2029281_2024-04-21_14:05:00.000000,2024-04-21,14:05:00.000000,2024-04-21,1412,1413,III/2
2029281_2024-04-21_15:05:00.000000,2024-04-21,15:05:00.000000,2024-04-21,1508,1513,V/3
2029281_2024-04-21_15:05:00.000000,2024-04-21,15:05:00.000000,2024-04-21,1508,1514,III/3
2029284_2024-04-21_21:30:00.000000,2024-04-21,21:30:00.000000,2024-04-21,2142,2155,III/3
2029284_2024-04-21_21:45:00.000000,2024-04-21,21:45:00.000000,2024-04-21,2142,2155,III/3
2029284_2024-04-21_22:00:00.000000,2024-04-21,22:00:00.000000,2024-04-21,2210,2214,II/1    393
2029284_2024-04-22_02:00:00.000000,2024-04-22,02:00:00.000000,2024-04-22,0214,0218,III/1
2029284_2024-04-22_02:15:00.000000,2024-04-22,02:15:00.000000,2024-04-22,0214,0218,III/1
2029287_2024-04-22_05:33:00.000000,2024-04-22,05:33:00.000000,2024-04-22,0533,0536,III/3
2029287_2024-04-22_06:18:00.000000,2024-04-22,06:18:00.000000,2024-04-22,0622,0623,III/2
2029287_2024-04-22_10:03:00.000000,2024-04-22,10:03:00.000000,2024-04-22,1017,1018,III/1
2029287_2024-04-22_15:33:00.000000,2024-04-22,15:33:00.000000,2024-04-22,1542,1548,III/3
2029287_2024-04-22_16:18:00.000000,2024-04-22,16:18:00.000000,2024-04-22,1627,1627,III/2
2029290_2024-04-22_17:46:00.000000,2024-04-22,17:46:00.000000,2024-04-22,1753,1753,III/1
2029290_2024-04-22_18:01:00.000000,2024-04-22,18:01:00.000000,2024-04-22,1808,1809,III/1
2029290_2024-04-22_18:16:00.000000,2024-04-22,18:16:00.000000,2024-04-22,1830,1831,III/1
2029290_2024-04-22_21:01:00.000000,2024-04-22,21:01:00.000000,2024-04-22,2112,2115,III/3
2029290_2024-04-22_21:16:00.000000,2024-04-22,21:16:00.000000,2024-04-22,2119,2139,II/3    395
2029290_2024-04-22_21:31:00.000000,2024-04-22,21:31:00.000000,2024-04-22,2119,2139,II/3    395
2029290_2024-04-22_23:46:00.000000,2024-04-22,23:46:00.000000,2024-04-22,2353,2354,III/1
2029290_2024-04-23_00:01:00.000000,2024-04-23,00:01:00.000000,2024-04-23,0001,0002,III/1
2029290_2024-04-23_00:31:00.000000,2024-04-23,00:31:00.000000,2024-04-23,0039,0042,III/2
2029290_2024-04-23_01:01:00.000000,2024-04-23,01:01:00.000000,2024-04-23,0115,0116,III/1
2029290_2024-04-23_02:16:00.000000,2024-04-23,02:16:00.000000,2024-04-23,0223,0224,III/1
2029290_2024-04-23_02:46:00.000000,2024-04-23,02:46:00.000000,2024-04-23,0250,0251,III/2
2029290_2024-04-23_03:01:00.000000,2024-04-23,03:01:00.000000,2024-04-23,0315,0316,III/1
2029293_2024-04-23_06:46:00.000000,2024-04-23,06:46:00.000000,2024-04-23,0700,0703,III/2
2029293_2024-04-23_07:01:00.000000,2024-04-23,07:01:00.000000,2024-04-23,0700,0703,III/2
2029293_2024-04-23_07:16:00.000000,2024-04-23,07:16:00.000000,2024-04-23,0725,0726,III/1
2029293_2024-04-23_10:31:00.000000,2024-04-23,10:31:00.000000,2024-04-23,1043,1045,V/3
2029293_2024-04-23_11:16:00.000000,2024-04-23,11:16:00.000000,2024-04-23,1130,1131,III/2
2029293_2024-04-23_15:16:00.000000,2024-04-23,15:16:00.000000,2024-04-23,1528,1528,III/1
2029293_2024-04-23_16:16:00.000000,2024-04-23,16:16:00.000000,2024-04-23,1617,1617,III/2
2029293_2024-04-23_16:46:00.000000,2024-04-23,16:46:00.000000,2024-04-23,1648,1648,III/1
2029296_2024-04-23_17:33:00.000000,2024-04-23,17:33:00.000000,2024-04-23,1735,1742,III/3
2029296_2024-04-23_17:33:00.000000,2024-04-23,17:33:00.000000,2024-04-23,1747,1821,II/2    358
2029296_2024-04-23_17:48:00.000000,2024-04-23,17:48:00.000000,2024-04-23,1747,1821,II/2    358
2029296_2024-04-23_18:03:00.000000,2024-04-23,18:03:00.000000,2024-04-23,1747,1821,II/2    358
2029296_2024-04-23_18:18:00.000000,2024-04-23,18:18:00.000000,2024-04-23,1747,1821,II/2    358
2029296_2024-04-23_20:33:00.000000,2024-04-23,20:33:00.000000,2024-04-23,2045,2047,III/1
2029296_2024-04-23_22:18:00.000000,2024-04-23,22:18:00.000000,2024-04-23,2231,2235,III/2
2029296_2024-04-23_22:33:00.000000,2024-04-23,22:33:00.000000,2024-04-23,2231,2235,III/2
2029296_2024-04-24_00:03:00.000000,2024-04-24,00:03:00.000000,2024-04-24,0017,0018,III/1
2029296_2024-04-24_01:03:00.000000,2024-04-24,01:03:00.000000,2024-04-24,0108,0109,V/3
2029296_2024-04-24_02:33:00.000000,2024-04-24,02:33:00.000000,2024-04-24,0236,0238,V/2
2029299_2024-04-24_05:29:00.000000,2024-04-24,05:29:00.000000,2024-04-24,0540,0541,III/2
2029299_2024-04-24_09:44:00.000000,2024-04-24,09:44:00.000000,2024-04-24,0954,0958,III/2
2029299_2024-04-24_10:29:00.000000,2024-04-24,10:29:00.000000,2024-04-24,1035,1035,III/1
2029299_2024-04-24_12:29:00.000000,2024-04-24,12:29:00.000000,2024-04-24,1241,1241,III/1
2029299_2024-04-24_13:59:00.000000,2024-04-24,13:59:00.000000,2024-04-24,1404,1409,III/2
2029299_2024-04-24_14:14:00.000000,2024-04-24,14:14:00.000000,2024-04-24,1415,1432,II/3    379
2029299_2024-04-24_14:29:00.000000,2024-04-24,14:29:00.000000,2024-04-24,1415,1432,II/3    379
2029299_2024-04-24_14:29:00.000000,2024-04-24,14:29:00.000000,2024-04-24,1440,1715,IV/2
2029299_2024-04-24_14:44:00.000000,2024-04-24,14:44:00.000000,2024-04-24,1440,1715,IV/2
2029299_2024-04-24_14:59:00.000000,2024-04-24,14:59:00.000000,2024-04-24,1440,1715,IV/2
2029299_2024-04-24_15:14:00.000000,2024-04-24,15:14:00.000000,2024-04-24,1440,1715,IV/2
2029299_2024-04-24_15:29:00.000000,2024-04-24,15:29:00.000000,2024-04-24,1440,1715,IV/2
2029299_2024-04-24_15:44:00.000000,2024-04-24,15:44:00.000000,2024-04-24,1440,1715,IV/2
2039462_2024-04-24_17:34:00.000000,2024-04-24,17:34:00.000000,2024-04-24,1741,1742,III/1
2039462_2024-04-24_22:34:00.000000,2024-04-24,22:34:00.000000,2024-04-24,2244,2247,III/1
2039459_2024-04-25_03:45:00.000000,2024-04-25,03:45:00.000000,2024-04-25,0356,0357,III/1
2029305_2024-04-25_05:27:00.000000,2024-04-25,05:27:00.000000,2024-04-25,0533,0534,III/2
2029305_2024-04-25_10:12:00.000000,2024-04-25,10:12:00.000000,2024-04-25,1023,1024,III/2
2029305_2024-04-25_11:57:00.000000,2024-04-25,11:57:00.000000,2024-04-25,1200,1201,III/2
2029305_2024-04-25_12:57:00.000000,2024-04-25,12:57:00.000000,2024-04-25,1305,1307,V/3
2029305_2024-04-25_13:12:00.000000,2024-04-25,13:12:00.000000,2024-04-25,1313,1318,III/1
2029305_2024-04-25_16:12:00.000000,2024-04-25,16:12:00.000000,2024-04-25,1617,1627,III/1
2029305_2024-04-25_16:12:00.000000,2024-04-25,16:12:00.000000,2024-04-25,1626,1627,III/1
2029305_2024-04-25_16:57:00.000000,2024-04-25,16:57:00.000000,2024-04-25,1710,1713,III/2
2029305_2024-04-25_17:12:00.000000,2024-04-25,17:12:00.000000,2024-04-25,1710,1713,III/2
2029308_2024-04-25_18:06:00.000000,2024-04-25,18:06:00.000000,2024-04-25,1806,1807,III/1
2029308_2024-04-25_19:21:00.000000,2024-04-25,19:21:00.000000,2024-04-25,1922,1922,III/1
2029308_2024-04-25_21:36:00.000000,2024-04-25,21:36:00.000000,2024-04-25,2139,2139,III/1
2029308_2024-04-25_23:21:00.000000,2024-04-25,23:21:00.000000,2024-04-25,2333,2336,III/2
2029311_2024-04-26_07:55:00.000000,2024-04-26,07:55:00.000000,2024-04-26,0800,0801,III/2
2029311_2024-04-26_10:25:00.000000,2024-04-26,10:25:00.000000,2024-04-26,1039,1041,III/1
2029311_2024-04-26_10:40:00.000000,2024-04-26,10:40:00.000000,2024-04-26,1039,1041,III/1
2029311_2024-04-26_11:40:00.000000,2024-04-26,11:40:00.000000,2024-04-26,1148,1151,III/2
2029311_2024-04-26_15:10:00.000000,2024-04-26,15:10:00.000000,2024-04-26,1514,1514,III/1
2029317_2024-04-27_05:53:00.000000,2024-04-27,05:53:00.000000,2024-04-27,0601,0601,III/1
2029317_2024-04-27_09:53:00.000000,2024-04-27,09:53:00.000000,2024-04-27,0955,0956,III/1
2029317_2024-04-27_14:08:00.000000,2024-04-27,14:08:00.000000,2024-04-27,1409,1409,III/1
2029317_2024-04-27_14:38:00.000000,2024-04-27,14:38:00.000000,2024-04-27,1445,1454,III/2
2029317_2024-04-27_14:53:00.000000,2024-04-27,14:53:00.000000,2024-04-27,1445,1454,III/2
2029317_2024-04-27_15:38:00.000000,2024-04-27,15:38:00.000000,2024-04-27,1544,1546,III/2
2029317_2024-04-27_16:08:00.000000,2024-04-27,16:08:00.000000,2024-04-27,1616,1617,III/1
2029320_2024-04-27_21:24:00.000000,2024-04-27,21:24:00.000000,2024-04-27,2130,2132,III/2
2029320_2024-04-27_22:54:00.000000,2024-04-27,22:54:00.000000,2024-04-27,2304,2305,III/1
2029320_2024-04-27_23:24:00.000000,2024-04-27,23:24:00.000000,2024-04-27,2338,2339,III/1
2029323_2024-04-28_13:36:00.000000,2024-04-28,13:36:00.000000,2024-04-28,1349,1352,III/2
2029323_2024-04-28_13:51:00.000000,2024-04-28,13:51:00.000000,2024-04-28,1349,1352,III/2
2029323_2024-04-28_15:36:00.000000,2024-04-28,15:36:00.000000,2024-04-28,1541,1542,III/1
2029323_2024-04-28_15:36:00.000000,2024-04-28,15:36:00.000000,2024-04-28,1542,1544,III/1
2029323_2024-04-28_16:36:00.000000,2024-04-28,16:36:00.000000,2024-04-28,1637,1639,III/2
2029326_2024-04-28_20:11:00.000000,2024-04-28,20:11:00.000000,2024-04-28,2025,2031,III/1
2029326_2024-04-28_20:26:00.000000,2024-04-28,20:26:00.000000,2024-04-28,2025,2031,III/1
2029326_2024-04-29_01:56:00.000000,2024-04-29,01:56:00.000000,2024-04-29,0205,0205,III/1
2029326_2024-04-29_02:26:00.000000,2024-04-29,02:26:00.000000,2024-04-29,0235,0236,III/1
2029329_2024-04-29_06:19:00.000000,2024-04-29,06:19:00.000000,2024-04-29,0626,0630,III/1
2029329_2024-04-29_07:04:00.000000,2024-04-29,07:04:00.000000,2024-04-29,0718,0719,III/2
2029329_2024-04-29_12:19:00.000000,2024-04-29,12:19:00.000000,2024-04-29,1227,1228,III/1
2029329_2024-04-29_14:49:00.000000,2024-04-29,14:49:00.000000,2024-04-29,1449,1457,III/1
2029329_2024-04-29_16:49:00.000000,2024-04-29,16:49:00.000000,2024-04-29,1703,1703,III/1
2029332_2024-04-29_18:12:00.000000,2024-04-29,18:12:00.000000,2024-04-29,1821,1822,III/1
2029335_2024-04-30_14:18:00.000000,2024-04-30,14:18:00.000000,2024-04-30,1430,1431,III/1
2029335_2024-04-30_15:33:00.000000,2024-04-30,15:33:00.000000,2024-04-30,1543,1545,III/1
2029335_2024-04-30_16:18:00.000000,2024-04-30,16:18:00.000000,2024-04-30,1626,1629,III/1
2029338_2024-04-30_23:14:00.000000,2024-04-30,23:14:00.000000,2024-04-30,2327,2329,III/2
2029338_2024-05-01_01:14:00.000000,2024-05-01,01:14:00.000000,2024-05-01,0118,0118,III/1
2029347_2024-05-02_06:29:00.000000,2024-05-02,06:29:00.000000,2024-05-02,0639,0641,III/2
2029347_2024-05-02_09:14:00.000000,2024-05-02,09:14:00.000000,2024-05-02,0921,0921,III/1
2029347_2024-05-02_11:14:00.000000,2024-05-02,11:14:00.000000,2024-05-02,1115,1116,III/2
2029347_2024-05-02_16:44:00.000000,2024-05-02,16:44:00.000000,2024-05-02,1657,1659,III/2
2029350_2024-05-02_18:47:00.000000,2024-05-02,18:47:00.000000,2024-05-02,1852,1855,III/1
2029350_2024-05-02_20:47:00.000000,2024-05-02,20:47:00.000000,2024-05-02,2053,2056,III/2
2029350_2024-05-02_23:02:00.000000,2024-05-02,23:02:00.000000,2024-05-02,2308,2316,III/2
2029350_2024-05-03_00:02:00.000000,2024-05-03,00:02:00.000000,2024-05-03,0014,0016,III/3
2029350_2024-05-03_02:17:00.000000,2024-05-03,02:17:00.000000,2024-05-03,0219,0223,III/2
2029350_2024-05-03_02:17:00.000000,2024-05-03,02:17:00.000000,2024-05-03,0220,0222,II/2    944
2029350_2024-05-03_02:17:00.000000,2024-05-03,02:17:00.000000,2024-05-03,0225,0253,IV/1
2029350_2024-05-03_02:32:00.000000,2024-05-03,02:32:00.000000,2024-05-03,0225,0253,IV/1
2029350_2024-05-03_02:47:00.000000,2024-05-03,02:47:00.000000,2024-05-03,0225,0253,IV/1
2039855_2024-05-03_06:28:00.000000,2024-05-03,06:28:00.000000,2024-05-03,0639,0645,III/2
2039858_2024-05-03_15:32:00.000000,2024-05-03,15:32:00.000000,2024-05-03,1535,1540,III/2
2029356_2024-05-03_18:18:00.000000,2024-05-03,18:18:00.000000,2024-05-03,1818,1854,III/2
2029356_2024-05-03_18:33:00.000000,2024-05-03,18:33:00.000000,2024-05-03,1818,1854,III/2
2029356_2024-05-03_18:48:00.000000,2024-05-03,18:48:00.000000,2024-05-03,1818,1854,III/2
2029356_2024-05-03_18:33:00.000000,2024-05-03,18:33:00.000000,2024-05-03,1845,1854,III/2
2029356_2024-05-03_18:48:00.000000,2024-05-03,18:48:00.000000,2024-05-03,1845,1854,III/2
2029356_2024-05-03_20:18:00.000000,2024-05-03,20:18:00.000000,2024-05-03,2022,2053,II/1    392
2029356_2024-05-03_20:33:00.000000,2024-05-03,20:33:00.000000,2024-05-03,2022,2053,II/1    392
2029356_2024-05-03_20:48:00.000000,2024-05-03,20:48:00.000000,2024-05-03,2022,2053,II/1    392
2029356_2024-05-03_20:33:00.000000,2024-05-03,20:33:00.000000,2024-05-03,2035,2334,IV/1
2029356_2024-05-03_20:48:00.000000,2024-05-03,20:48:00.000000,2024-05-03,2035,2334,IV/1
2029356_2024-05-03_21:03:00.000000,2024-05-03,21:03:00.000000,2024-05-03,2035,2334,IV/1
2029356_2024-05-03_21:18:00.000000,2024-05-03,21:18:00.000000,2024-05-03,2035,2334,IV/1
2029356_2024-05-03_21:33:00.000000,2024-05-03,21:33:00.000000,2024-05-03,2035,2334,IV/1
2029356_2024-05-03_21:48:00.000000,2024-05-03,21:48:00.000000,2024-05-03,2035,2334,IV/1
2029356_2024-05-03_21:48:00.000000,2024-05-03,21:48:00.000000,2024-05-03,2156,2206,III/2
2029356_2024-05-03_22:03:00.000000,2024-05-03,22:03:00.000000,2024-05-03,2156,2206,III/2
2029356_2024-05-03_23:03:00.000000,2024-05-03,23:03:00.000000,2024-05-03,2312,2314,III/3
2029356_2024-05-03_23:18:00.000000,2024-05-03,23:18:00.000000,2024-05-03,2323,2331,III/2
2029359_2024-05-04_05:56:00.000000,2024-05-04,05:56:00.000000,2024-05-04,0609,0610,III/1
2029359_2024-05-04_06:11:00.000000,2024-05-04,06:11:00.000000,2024-05-04,0614,0622,III/3
2029359_2024-05-04_06:11:00.000000,2024-05-04,06:11:00.000000,2024-05-04,0625,0634,II/1    950
2029359_2024-05-04_06:26:00.000000,2024-05-04,06:26:00.000000,2024-05-04,0625,0634,II/1    950
2029359_2024-05-04_06:26:00.000000,2024-05-04,06:26:00.000000,2024-05-04,0627,0704,IV/1
2029359_2024-05-04_06:41:00.000000,2024-05-04,06:41:00.000000,2024-05-04,0627,0704,IV/1
2029359_2024-05-04_06:56:00.000000,2024-05-04,06:56:00.000000,2024-05-04,0627,0704,IV/1
2029359_2024-05-04_07:56:00.000000,2024-05-04,07:56:00.000000,2024-05-04,0810,0811,III/1
2029359_2024-05-04_10:41:00.000000,2024-05-04,10:41:00.000000,2024-05-04,1046,1047,III/1
2029359_2024-05-04_14:11:00.000000,2024-05-04,14:11:00.000000,2024-05-04,1423,1425,III/2
2029359_2024-05-04_15:56:00.000000,2024-05-04,15:56:00.000000,2024-05-04,1600,1602,III/2
2029362_2024-05-04_21:49:00.000000,2024-05-04,21:49:00.000000,2024-05-04,2156,2205,III/1
2029362_2024-05-04_22:04:00.000000,2024-05-04,22:04:00.000000,2024-05-04,2156,2205,III/1
2029362_2024-05-04_23:49:00.000000,2024-05-04,23:49:00.000000,2024-05-04,2350,2359,III/1
2029365_2024-05-05_05:54:00.000000,2024-05-05,05:54:00.000000,2024-05-05,0556,0600,III/3
2029365_2024-05-05_07:54:00.000000,2024-05-05,07:54:00.000000,2024-05-05,0758,0759,III/1
2029365_2024-05-05_08:39:00.000000,2024-05-05,08:39:00.000000,2024-05-05,0847,0851,III/2
2029365_2024-05-05_09:24:00.000000,2024-05-05,09:24:00.000000,2024-05-05,0929,0930,III/1
2029365_2024-05-05_10:54:00.000000,2024-05-05,10:54:00.000000,2024-05-05,1108,1117,III/2
2029365_2024-05-05_11:09:00.000000,2024-05-05,11:09:00.000000,2024-05-05,1108,1117,III/2
2029365_2024-05-05_13:39:00.000000,2024-05-05,13:39:00.000000,2024-05-05,1346,1347,III/2
2029365_2024-05-05_16:24:00.000000,2024-05-05,16:24:00.000000,2024-05-05,1629,1629,III/2
2029365_2024-05-05_16:54:00.000000,2024-05-05,16:54:00.000000,2024-05-05,1707,1708,III/1
2029365_2024-05-05_17:24:00.000000,2024-05-05,17:24:00.000000,2024-05-05,1733,1735,III/1
2029368_2024-05-05_18:36:00.000000,2024-05-05,18:36:00.000000,2024-05-05,1841,1841,III/1
2029368_2024-05-05_19:51:00.000000,2024-05-05,19:51:00.000000,2024-05-05,1951,1952,III/1
2029371_2024-05-06_06:23:00.000000,2024-05-06,06:23:00.000000,2024-05-06,0636,0637,III/1
2029371_2024-05-06_06:38:00.000000,2024-05-06,06:38:00.000000,2024-05-06,0651,0700,III/2
2029371_2024-05-06_06:53:00.000000,2024-05-06,06:53:00.000000,2024-05-06,0651,0700,III/2
2029371_2024-05-06_12:08:00.000000,2024-05-06,12:08:00.000000,2024-05-06,1216,1217,III/1
2039897_2024-05-06_20:30:00.000000,2024-05-06,20:30:00.000000,2024-05-06,2041,2042,III/1
2039897_2024-05-06_23:15:00.000000,2024-05-06,23:15:00.000000,2024-05-06,2328,2328,III/2
2029377_2024-05-07_05:06:00.000000,2024-05-07,05:06:00.000000,2024-05-07,0509,0511,III/1
2029377_2024-05-07_05:21:00.000000,2024-05-07,05:21:00.000000,2024-05-07,0524,0525,III/2
2029377_2024-05-07_05:36:00.000000,2024-05-07,05:36:00.000000,2024-05-07,0539,0539,III/1
2029377_2024-05-07_08:06:00.000000,2024-05-07,08:06:00.000000,2024-05-07,0808,0809,III/1
2029377_2024-05-07_08:36:00.000000,2024-05-07,08:36:00.000000,2024-05-07,0843,0844,III/1
2029377_2024-05-07_12:51:00.000000,2024-05-07,12:51:00.000000,2024-05-07,1253,1253,III/1
2029380_2024-05-07_18:54:00.000000,2024-05-07,18:54:00.000000,2024-05-07,1905,1905,III/2
2029380_2024-05-07_19:39:00.000000,2024-05-07,19:39:00.000000,2024-05-07,1947,1953,III/2
2029380_2024-05-08_00:54:00.000000,2024-05-08,00:54:00.000000,2024-05-08,0105,0106,III/1
2029380_2024-05-08_02:54:00.000000,2024-05-08,02:54:00.000000,2024-05-08,0256,0256,III/1
2029380_2024-05-08_03:24:00.000000,2024-05-08,03:24:00.000000,2024-05-08,0336,0336,III/1
2029380_2024-05-08_04:09:00.000000,2024-05-08,04:09:00.000000,2024-05-08,0413,0418,III/2
2029380_2024-05-08_04:39:00.000000,2024-05-08,04:39:00.000000,2024-05-08,0443,0444,III/2
2029383_2024-05-08_05:05:00.000000,2024-05-08,05:05:00.000000,2024-05-08,0501,0528,II/3    887
2029383_2024-05-08_05:20:00.000000,2024-05-08,05:20:00.000000,2024-05-08,0501,0528,II/3    887
2029383_2024-05-08_05:05:00.000000,2024-05-08,05:05:00.000000,2024-05-08,0508,1743,IV/2
2029383_2024-05-08_05:20:00.000000,2024-05-08,05:20:00.000000,2024-05-08,0508,1743,IV/2
2029383_2024-05-08_05:35:00.000000,2024-05-08,05:35:00.000000,2024-05-08,0508,1743,IV/2
2029383_2024-05-08_05:50:00.000000,2024-05-08,05:50:00.000000,2024-05-08,0508,1743,IV/2
2029383_2024-05-08_06:05:00.000000,2024-05-08,06:05:00.000000,2024-05-08,0508,1743,IV/2
2029383_2024-05-08_06:20:00.000000,2024-05-08,06:20:00.000000,2024-05-08,0508,1743,IV/2
2029383_2024-05-08_08:20:00.000000,2024-05-08,08:20:00.000000,2024-05-08,0832,0836,III/2
2029383_2024-05-08_08:35:00.000000,2024-05-08,08:35:00.000000,2024-05-08,0832,0836,III/2
2029383_2024-05-08_09:35:00.000000,2024-05-08,09:35:00.000000,2024-05-08,0940,2140,IV/1
2029383_2024-05-08_09:50:00.000000,2024-05-08,09:50:00.000000,2024-05-08,0940,2140,IV/1
2029383_2024-05-08_10:05:00.000000,2024-05-08,10:05:00.000000,2024-05-08,0940,2140,IV/1
2029383_2024-05-08_10:20:00.000000,2024-05-08,10:20:00.000000,2024-05-08,0940,2140,IV/1
2029383_2024-05-08_10:35:00.000000,2024-05-08,10:35:00.000000,2024-05-08,0940,2140,IV/1
2029383_2024-05-08_10:50:00.000000,2024-05-08,10:50:00.000000,2024-05-08,0940,2140,IV/1
2029383_2024-05-08_16:05:00.000000,2024-05-08,16:05:00.000000,2024-05-08,1609,2359,IV/1
2029383_2024-05-08_16:20:00.000000,2024-05-08,16:20:00.000000,2024-05-08,1609,2359,IV/1
2029383_2024-05-08_16:35:00.000000,2024-05-08,16:35:00.000000,2024-05-08,1609,2359,IV/1
2029383_2024-05-08_16:50:00.000000,2024-05-08,16:50:00.000000,2024-05-08,1609,2359,IV/1
2029383_2024-05-08_17:05:00.000000,2024-05-08,17:05:00.000000,2024-05-08,1609,2359,IV/1
2029383_2024-05-08_17:20:00.000000,2024-05-08,17:20:00.000000,2024-05-08,1609,2359,IV/1
2029383_2024-05-08_16:50:00.000000,2024-05-08,16:50:00.000000,2024-05-08,1654,1703,III/2
2029386_2024-05-08_18:25:00.000000,2024-05-08,18:25:00.000000,2024-05-08,1829,1833,III/3
2029386_2024-05-08_20:10:00.000000,2024-05-08,20:10:00.000000,2024-05-08,2019,2024,III/2
2029386_2024-05-08_22:55:00.000000,2024-05-08,22:55:00.000000,2024-05-08,2258,2359,IV/3
2029386_2024-05-08_23:10:00.000000,2024-05-08,23:10:00.000000,2024-05-08,2258,2359,IV/3
2029386_2024-05-08_23:25:00.000000,2024-05-08,23:25:00.000000,2024-05-08,2258,2359,IV/3
2029386_2024-05-08_23:40:00.000000,2024-05-08,23:40:00.000000,2024-05-08,2258,2359,IV/3
2029386_2024-05-08_23:55:00.000000,2024-05-08,23:55:00.000000,2024-05-08,2258,2359,IV/3
2029389_2024-05-09_08:03:00.000000,2024-05-09,08:03:00.000000,2024-05-09,0810,0812,III/3
2029389_2024-05-09_08:48:00.000000,2024-05-09,08:48:00.000000,2024-05-09,0902,0916,II/2    1004
2029389_2024-05-09_09:03:00.000000,2024-05-09,09:03:00.000000,2024-05-09,0902,0916,II/2    1004
2029389_2024-05-09_09:03:00.000000,2024-05-09,09:03:00.000000,2024-05-09,0910,1527,IV/3
2029389_2024-05-09_09:18:00.000000,2024-05-09,09:18:00.000000,2024-05-09,0910,1527,IV/3
2029389_2024-05-09_09:33:00.000000,2024-05-09,09:33:00.000000,2024-05-09,0910,1527,IV/3
2029389_2024-05-09_09:48:00.000000,2024-05-09,09:48:00.000000,2024-05-09,0910,1527,IV/3
2029389_2024-05-09_10:03:00.000000,2024-05-09,10:03:00.000000,2024-05-09,0910,1527,IV/3
2029389_2024-05-09_10:18:00.000000,2024-05-09,10:18:00.000000,2024-05-09,0910,1527,IV/3
2029389_2024-05-09_09:33:00.000000,2024-05-09,09:33:00.000000,2024-05-09,0939,1519,IV/2
2029389_2024-05-09_09:48:00.000000,2024-05-09,09:48:00.000000,2024-05-09,0939,1519,IV/2
2029389_2024-05-09_10:03:00.000000,2024-05-09,10:03:00.000000,2024-05-09,0939,1519,IV/2
2029389_2024-05-09_10:18:00.000000,2024-05-09,10:18:00.000000,2024-05-09,0939,1519,IV/2
2029389_2024-05-09_10:33:00.000000,2024-05-09,10:33:00.000000,2024-05-09,0939,1519,IV/2
2029389_2024-05-09_10:48:00.000000,2024-05-09,10:48:00.000000,2024-05-09,0939,1519,IV/2
2040025_2024-05-09_11:45:00.000000,2024-05-09,11:45:00.000000,2024-05-09,1153,1156,III/3
2029389_2024-05-09_11:48:00.000000,2024-05-09,11:48:00.000000,2024-05-09,1153,1156,III/3
2029389_2024-05-09_17:18:00.000000,2024-05-09,17:18:00.000000,2024-05-09,1732,1737,II/3    303
2029389_2024-05-09_17:33:00.000000,2024-05-09,17:33:00.000000,2024-05-09,1732,1737,II/3    303
2029389_2024-05-09_17:33:00.000000,2024-05-09,17:33:00.000000,2024-05-09,1738,2247,IV/2
2029392_2024-05-09_17:57:00.000000,2024-05-09,17:57:00.000000,2024-05-09,1738,2247,IV/2
2029392_2024-05-09_18:12:00.000000,2024-05-09,18:12:00.000000,2024-05-09,1738,2247,IV/2
2029392_2024-05-09_18:27:00.000000,2024-05-09,18:27:00.000000,2024-05-09,1738,2247,IV/2
2029392_2024-05-09_18:42:00.000000,2024-05-09,18:42:00.000000,2024-05-09,1738,2247,IV/2
2029392_2024-05-09_18:57:00.000000,2024-05-09,18:57:00.000000,2024-05-09,1738,2247,IV/2
2040168_2024-05-10_14:00:00.000000,2024-05-10,14:00:00.000000,2024-05-10,1401,1406,III/2
2029398_2024-05-11_01:13:00.000000,2024-05-11,01:13:00.000000,2024-05-11,0113,0339,IV/2
2029398_2024-05-11_01:28:00.000000,2024-05-11,01:28:00.000000,2024-05-11,0113,0339,IV/2
2029398_2024-05-11_01:43:00.000000,2024-05-11,01:43:00.000000,2024-05-11,0113,0339,IV/2
2029398_2024-05-11_01:58:00.000000,2024-05-11,01:58:00.000000,2024-05-11,0113,0339,IV/2
2029398_2024-05-11_02:13:00.000000,2024-05-11,02:13:00.000000,2024-05-11,0113,0339,IV/2
2029398_2024-05-11_02:28:00.000000,2024-05-11,02:28:00.000000,2024-05-11,0113,0339,IV/2
2029398_2024-05-11_01:13:00.000000,2024-05-11,01:13:00.000000,2024-05-11,0113,0124,II/3    564
2029398_2024-05-11_04:13:00.000000,2024-05-11,04:13:00.000000,2024-05-11,0420,1746,IV/1
2029398_2024-05-11_04:28:00.000000,2024-05-11,04:28:00.000000,2024-05-11,0420,1746,IV/1
2029401_2024-05-11_05:00:00.000000,2024-05-11,05:00:00.000000,2024-05-11,0420,1746,IV/1
2029401_2024-05-11_05:15:00.000000,2024-05-11,05:15:00.000000,2024-05-11,0420,1746,IV/1
2029401_2024-05-11_05:30:00.000000,2024-05-11,05:30:00.000000,2024-05-11,0420,1746,IV/1
2029401_2024-05-11_05:45:00.000000,2024-05-11,05:45:00.000000,2024-05-11,0420,1746,IV/1
2029401_2024-05-11_06:30:00.000000,2024-05-11,06:30:00.000000,2024-05-11,0631,0632,III/2
2029401_2024-05-11_07:30:00.000000,2024-05-11,07:30:00.000000,2024-05-11,0734,0737,III/1
2029401_2024-05-11_08:45:00.000000,2024-05-11,08:45:00.000000,2024-05-11,0857,0857,III/2
2029401_2024-05-11_09:30:00.000000,2024-05-11,09:30:00.000000,2024-05-11,0937,2343,IV/1
2029401_2024-05-11_09:45:00.000000,2024-05-11,09:45:00.000000,2024-05-11,0937,2343,IV/1
2029401_2024-05-11_10:00:00.000000,2024-05-11,10:00:00.000000,2024-05-11,0937,2343,IV/1
2029401_2024-05-11_10:15:00.000000,2024-05-11,10:15:00.000000,2024-05-11,0937,2343,IV/1
2029401_2024-05-11_10:30:00.000000,2024-05-11,10:30:00.000000,2024-05-11,0937,2343,IV/1
2029401_2024-05-11_10:45:00.000000,2024-05-11,10:45:00.000000,2024-05-11,0937,2343,IV/1
2029401_2024-05-11_12:00:00.000000,2024-05-11,12:00:00.000000,2024-05-11,1205,1206,III/1
2029401_2024-05-11_15:15:00.000000,2024-05-11,15:15:00.000000,2024-05-11,1524,1531,III/2
2029401_2024-05-11_15:30:00.000000,2024-05-11,15:30:00.000000,2024-05-11,1524,1531,III/2
2029401_2024-05-11_17:00:00.000000,2024-05-11,17:00:00.000000,2024-05-11,1706,2359,IV/1
2029401_2024-05-11_17:15:00.000000,2024-05-11,17:15:00.000000,2024-05-11,1706,2359,IV/1
2029401_2024-05-11_17:30:00.000000,2024-05-11,17:30:00.000000,2024-05-11,1706,2359,IV/1
2029404_2024-05-11_17:59:00.000000,2024-05-11,17:59:00.000000,2024-05-11,1706,2359,IV/1
2029404_2024-05-11_18:14:00.000000,2024-05-11,18:14:00.000000,2024-05-11,1706,2359,IV/1
2029404_2024-05-11_18:29:00.000000,2024-05-11,18:29:00.000000,2024-05-11,1706,2359,IV/1
2029404_2024-05-12_00:14:00.000000,2024-05-12,00:14:00.000000,2024-05-12,0000,0056,IV/1
2029404_2024-05-12_00:29:00.000000,2024-05-12,00:29:00.000000,2024-05-12,0000,0056,IV/1
2029404_2024-05-12_00:44:00.000000,2024-05-12,00:44:00.000000,2024-05-12,0000,0056,IV/1
2029404_2024-05-12_04:14:00.000000,2024-05-12,04:14:00.000000,2024-05-12,0415,0416,III/2
2029407_2024-05-12_05:14:00.000000,2024-05-12,05:14:00.000000,2024-05-12,0515,0526,III/2
2029407_2024-05-12_06:44:00.000000,2024-05-12,06:44:00.000000,2024-05-12,0649,0650,III/2
2029407_2024-05-12_07:59:00.000000,2024-05-12,07:59:00.000000,2024-05-12,0806,0807,III/2
2029407_2024-05-12_08:44:00.000000,2024-05-12,08:44:00.000000,2024-05-12,0854,0855,III/1
2029407_2024-05-12_09:29:00.000000,2024-05-12,09:29:00.000000,2024-05-12,0933,0934,III/1
2029407_2024-05-12_10:14:00.000000,2024-05-12,10:14:00.000000,2024-05-12,1015,1016,III/2
2029410_2024-05-12_18:31:00.000000,2024-05-12,18:31:00.000000,2024-05-12,1842,1842,III/1
2029410_2024-05-12_20:01:00.000000,2024-05-12,20:01:00.000000,2024-05-12,2010,2017,III/2
2029410_2024-05-12_20:16:00.000000,2024-05-12,20:16:00.000000,2024-05-12,2010,2017,III/2
2029410_2024-05-12_20:46:00.000000,2024-05-12,20:46:00.000000,2024-05-12,2058,2059,III/1
2029410_2024-05-12_23:01:00.000000,2024-05-12,23:01:00.000000,2024-05-12,2301,2302,III/1
2029410_2024-05-13_00:46:00.000000,2024-05-13,00:46:00.000000,2024-05-13,0052,0057,III/1
2040129_2024-05-13_21:47:00.000000,2024-05-13,21:47:00.000000,2024-05-13,2154,2159,III/2
2040129_2024-05-14_01:32:00.000000,2024-05-14,01:32:00.000000,2024-05-14,0140,0147,III/2
2040129_2024-05-14_02:02:00.000000,2024-05-14,02:02:00.000000,2024-05-14,0207,0219,II/2    447
2040129_2024-05-14_02:17:00.000000,2024-05-14,02:17:00.000000,2024-05-14,0207,0219,II/2    447
2040129_2024-05-14_02:17:00.000000,2024-05-14,02:17:00.000000,2024-05-14,0220,0251,IV/2
2040129_2024-05-14_02:32:00.000000,2024-05-14,02:32:00.000000,2024-05-14,0220,0251,IV/2
2040129_2024-05-14_02:47:00.000000,2024-05-14,02:47:00.000000,2024-05-14,0220,0251,IV/2
2040129_2024-05-14_04:17:00.000000,2024-05-14,04:17:00.000000,2024-05-14,0422,0424,III/2
2040132_2024-05-14_06:26:00.000000,2024-05-14,06:26:00.000000,2024-05-14,0631,0632,III/1
2040132_2024-05-14_08:56:00.000000,2024-05-14,08:56:00.000000,2024-05-14,0906,0907,III/1
2040132_2024-05-14_11:41:00.000000,2024-05-14,11:41:00.000000,2024-05-14,1145,1145,III/2
2040132_2024-05-14_12:41:00.000000,2024-05-14,12:41:00.000000,2024-05-14,1242,1243,III/1
2040132_2024-05-14_12:41:00.000000,2024-05-14,12:41:00.000000,2024-05-14,1245,1304,II/2    1040
2040132_2024-05-14_12:56:00.000000,2024-05-14,12:56:00.000000,2024-05-14,1245,1304,II/2    1040
2040132_2024-05-14_14:26:00.000000,2024-05-14,14:26:00.000000,2024-05-14,1436,1437,III/1
2040132_2024-05-14_16:41:00.000000,2024-05-14,16:41:00.000000,2024-05-14,1646,1655,III/3
2040132_2024-05-14_16:41:00.000000,2024-05-14,16:41:00.000000,2024-05-14,1647,1718,IV/1
2040132_2024-05-14_16:56:00.000000,2024-05-14,16:56:00.000000,2024-05-14,1647,1718,IV/1
2040132_2024-05-14_17:11:00.000000,2024-05-14,17:11:00.000000,2024-05-14,1647,1718,IV/1
2040132_2024-05-14_16:41:00.000000,2024-05-14,16:41:00.000000,2024-05-14,1650,1715,II/2    279
2040132_2024-05-14_16:56:00.000000,2024-05-14,16:56:00.000000,2024-05-14,1650,1715,II/2    279
2040132_2024-05-14_17:11:00.000000,2024-05-14,17:11:00.000000,2024-05-14,1650,1715,II/2    279
2040132_2024-05-14_16:56:00.000000,2024-05-14,16:56:00.000000,2024-05-14,1704,1710,III/2
2040132_2024-05-14_17:26:00.000000,2024-05-14,17:26:00.000000,2024-05-14,1730,1800,II/2    610
2040132_2024-05-14_17:41:00.000000,2024-05-14,17:41:00.000000,2024-05-14,1730,1800,II/2    610
2040135_2024-05-14_18:03:00.000000,2024-05-14,18:03:00.000000,2024-05-14,1805,1806,III/2
2040135_2024-05-14_19:48:00.000000,2024-05-14,19:48:00.000000,2024-05-14,1955,1957,III/1
2040135_2024-05-14_23:33:00.000000,2024-05-14,23:33:00.000000,2024-05-14,2337,2337,III/2
2040138_2024-05-15_08:10:00.000000,2024-05-15,08:10:00.000000,2024-05-15,0815,0821,III/3
2040138_2024-05-15_08:25:00.000000,2024-05-15,08:25:00.000000,2024-05-15,0827,0911,IV/1
2040138_2024-05-15_08:40:00.000000,2024-05-15,08:40:00.000000,2024-05-15,0827,0911,IV/1
2040138_2024-05-15_08:55:00.000000,2024-05-15,08:55:00.000000,2024-05-15,0827,0911,IV/1
2040138_2024-05-15_09:10:00.000000,2024-05-15,09:10:00.000000,2024-05-15,0827,0911,IV/1
2040138_2024-05-15_10:25:00.000000,2024-05-15,10:25:00.000000,2024-05-15,1037,1042,III/1
2040138_2024-05-15_10:40:00.000000,2024-05-15,10:40:00.000000,2024-05-15,1037,1042,III/1
2040138_2024-05-15_14:25:00.000000,2024-05-15,14:25:00.000000,2024-05-15,1427,1431,III/1
2040138_2024-05-15_14:25:00.000000,2024-05-15,14:25:00.000000,2024-05-15,1427,1523,IV/1
2040138_2024-05-15_14:40:00.000000,2024-05-15,14:40:00.000000,2024-05-15,1427,1523,IV/1
2040138_2024-05-15_14:55:00.000000,2024-05-15,14:55:00.000000,2024-05-15,1427,1523,IV/1
2040138_2024-05-15_15:10:00.000000,2024-05-15,15:10:00.000000,2024-05-15,1427,1523,IV/1
2040138_2024-05-15_14:25:00.000000,2024-05-15,14:25:00.000000,2024-05-15,1428,1441,II/1    559
2040138_2024-05-15_14:40:00.000000,2024-05-15,14:40:00.000000,2024-05-15,1428,1441,II/1    559
2040138_2024-05-15_16:25:00.000000,2024-05-15,16:25:00.000000,2024-05-15,1629,1629,III/1
2040141_2024-05-15_18:20:00.000000,2024-05-15,18:20:00.000000,2024-05-15,1827,1829,III/1
2040141_2024-05-15_20:35:00.000000,2024-05-15,20:35:00.000000,2024-05-15,2037,2044,III/2
2040141_2024-05-15_21:20:00.000000,2024-05-15,21:20:00.000000,2024-05-15,2124,2124,III/1
2040141_2024-05-16_04:20:00.000000,2024-05-16,04:20:00.000000,2024-05-16,0423,0423,III/1
2040147_2024-05-16_18:21:00.000000,2024-05-16,18:21:00.000000,2024-05-16,1824,1826,III/1
2040147_2024-05-16_22:36:00.000000,2024-05-16,22:36:00.000000,2024-05-16,2245,2250,III/1
2040150_2024-05-17_10:22:00.000000,2024-05-17,10:22:00.000000,2024-05-17,1029,1029,III/1
2040150_2024-05-17_12:52:00.000000,2024-05-17,12:52:00.000000,2024-05-17,1259,1302,III/2
2040153_2024-05-17_18:07:00.000000,2024-05-17,18:07:00.000000,2024-05-17,1821,1822,III/1
2040153_2024-05-17_19:37:00.000000,2024-05-17,19:37:00.000000,2024-05-17,1937,1943,III/2
2040153_2024-05-17_20:07:00.000000,2024-05-17,20:07:00.000000,2024-05-17,2013,2014,V/2
2040153_2024-05-17_20:07:00.000000,2024-05-17,20:07:00.000000,2024-05-17,2013,2015,III/2
2040153_2024-05-17_20:52:00.000000,2024-05-17,20:52:00.000000,2024-05-17,2103,2111,II/2    425
2040153_2024-05-17_21:07:00.000000,2024-05-17,21:07:00.000000,2024-05-17,2103,2111,II/2    425
2040153_2024-05-17_21:07:00.000000,2024-05-17,21:07:00.000000,2024-05-17,2111,2226,IV/2
2040153_2024-05-17_21:22:00.000000,2024-05-17,21:22:00.000000,2024-05-17,2111,2226,IV/2
2040153_2024-05-17_21:37:00.000000,2024-05-17,21:37:00.000000,2024-05-17,2111,2226,IV/2
2040153_2024-05-17_21:52:00.000000,2024-05-17,21:52:00.000000,2024-05-17,2111,2226,IV/2
2040153_2024-05-17_22:07:00.000000,2024-05-17,22:07:00.000000,2024-05-17,2111,2226,IV/2
2040153_2024-05-17_22:22:00.000000,2024-05-17,22:22:00.000000,2024-05-17,2111,2226,IV/2
2040153_2024-05-18_00:22:00.000000,2024-05-18,00:22:00.000000,2024-05-18,0030,0030,III/1
2040153_2024-05-18_00:52:00.000000,2024-05-18,00:52:00.000000,2024-05-18,0054,0054,III/1
2040153_2024-05-18_02:07:00.000000,2024-05-18,02:07:00.000000,2024-05-18,0208,0210,III/1
2040153_2024-05-18_03:22:00.000000,2024-05-18,03:22:00.000000,2024-05-18,0324,0325,III/1
2040153_2024-05-18_04:07:00.000000,2024-05-18,04:07:00.000000,2024-05-18,0417,0516,III/2
2040153_2024-05-18_04:22:00.000000,2024-05-18,04:22:00.000000,2024-05-18,0417,0516,III/2
2040156_2024-05-18_04:51:00.000000,2024-05-18,04:51:00.000000,2024-05-18,0417,0516,III/2
2040156_2024-05-18_05:06:00.000000,2024-05-18,05:06:00.000000,2024-05-18,0417,0516,III/2
2040156_2024-05-18_07:36:00.000000,2024-05-18,07:36:00.000000,2024-05-18,0747,0747,III/1
2040156_2024-05-18_08:51:00.000000,2024-05-18,08:51:00.000000,2024-05-18,0859,0900,III/1
2040156_2024-05-18_09:36:00.000000,2024-05-18,09:36:00.000000,2024-05-18,0946,0946,III/2
2040156_2024-05-18_10:36:00.000000,2024-05-18,10:36:00.000000,2024-05-18,1050,1053,III/3
2040156_2024-05-18_10:51:00.000000,2024-05-18,10:51:00.000000,2024-05-18,1050,1053,III/3
2040156_2024-05-18_16:06:00.000000,2024-05-18,16:06:00.000000,2024-05-18,1613,1614,III/1
2040156_2024-05-18_17:36:00.000000,2024-05-18,17:36:00.000000,2024-05-18,1741,1741,III/1
2040159_2024-05-18_21:54:00.000000,2024-05-18,21:54:00.000000,2024-05-18,2202,2205,III/1
2040159_2024-05-19_01:54:00.000000,2024-05-19,01:54:00.000000,2024-05-19,0200,0201,III/1
2040159_2024-05-19_02:39:00.000000,2024-05-19,02:39:00.000000,2024-05-19,0251,0251,III/2
2040159_2024-05-19_03:54:00.000000,2024-05-19,03:54:00.000000,2024-05-19,0354,0356,III/1
2040162_2024-05-19_05:05:00.000000,2024-05-19,05:05:00.000000,2024-05-19,0506,0507,III/2
2040162_2024-05-19_09:20:00.000000,2024-05-19,09:20:00.000000,2024-05-19,0932,0933,III/2
2040162_2024-05-19_11:35:00.000000,2024-05-19,11:35:00.000000,2024-05-19,1149,1151,III/1
2040162_2024-05-19_11:50:00.000000,2024-05-19,11:50:00.000000,2024-05-19,1149,1151,III/1
2040162_2024-05-19_12:05:00.000000,2024-05-19,12:05:00.000000,2024-05-19,1209,1210,III/2
2040162_2024-05-19_12:20:00.000000,2024-05-19,12:20:00.000000,2024-05-19,1221,1222,III/1
2040162_2024-05-19_12:20:00.000000,2024-05-19,12:20:00.000000,2024-05-19,1233,1235,III/3
2040162_2024-05-19_13:05:00.000000,2024-05-19,13:05:00.000000,2024-05-19,1316,1319,III/3
2040162_2024-05-19_13:35:00.000000,2024-05-19,13:35:00.000000,2024-05-19,1342,1346,III/3
2040162_2024-05-19_15:20:00.000000,2024-05-19,15:20:00.000000,2024-05-19,1520,1522,III/2
2040162_2024-05-19_15:50:00.000000,2024-05-19,15:50:00.000000,2024-05-19,1554,1600,III/3
2040162_2024-05-19_17:05:00.000000,2024-05-19,17:05:00.000000,2024-05-19,1718,1720,III/1
2040162_2024-05-19_17:50:00.000000,2024-05-19,17:50:00.000000,2024-05-19,1754,1759,III/3
2040165_2024-05-19_19:25:00.000000,2024-05-19,19:25:00.000000,2024-05-19,1930,1930,III/1
2040165_2024-05-19_19:55:00.000000,2024-05-19,19:55:00.000000,2024-05-19,2003,2004,III/1
2040165_2024-05-19_20:25:00.000000,2024-05-19,20:25:00.000000,2024-05-19,2039,2039,III/1
2040165_2024-05-19_21:40:00.000000,2024-05-19,21:40:00.000000,2024-05-19,2154,2156,III/2
2040165_2024-05-19_21:55:00.000000,2024-05-19,21:55:00.000000,2024-05-19,2154,2156,III/2
2040165_2024-05-20_01:10:00.000000,2024-05-20,01:10:00.000000,2024-05-20,0123,0124,III/1
2040239_2024-05-20_07:49:00.000000,2024-05-20,07:49:00.000000,2024-05-20,0757,0758,III/3
2040239_2024-05-20_14:04:00.000000,2024-05-20,14:04:00.000000,2024-05-20,1406,1409,III/2
2040242_2024-05-21_02:11:00.000000,2024-05-21,02:11:00.000000,2024-05-21,0224,0227,III/1
2040242_2024-05-21_02:26:00.000000,2024-05-21,02:26:00.000000,2024-05-21,0224,0227,III/1
2040248_2024-05-22_04:27:00.000000,2024-05-22,04:27:00.000000,2024-05-22,0435,0435,III/1
2040254_2024-05-22_18:43:00.000000,2024-05-22,18:43:00.000000,2024-05-22,1844,1845,III/1
2040254_2024-05-22_20:43:00.000000,2024-05-22,20:43:00.000000,2024-05-22,2049,2050,III/1
2040254_2024-05-22_22:13:00.000000,2024-05-22,22:13:00.000000,2024-05-22,2220,2222,III/2
2040254_2024-05-23_00:43:00.000000,2024-05-23,00:43:00.000000,2024-05-23,0056,0057,III/1
2040254_2024-05-23_01:43:00.000000,2024-05-23,01:43:00.000000,2024-05-23,0152,0152,III/1
2040260_2024-05-23_20:30:00.000000,2024-05-23,20:30:00.000000,2024-05-23,2043,2044,III/1
2040260_2024-05-24_01:00:00.000000,2024-05-24,01:00:00.000000,2024-05-24,0110,0111,III/1
2040260_2024-05-24_01:15:00.000000,2024-05-24,01:15:00.000000,2024-05-24,0116,0117,III/2
2040260_2024-05-24_02:30:00.000000,2024-05-24,02:30:00.000000,2024-05-24,0242,0245,III/1
2040263_2024-05-24_06:45:00.000000,2024-05-24,06:45:00.000000,2024-05-24,0659,0701,III/2
2040263_2024-05-24_07:00:00.000000,2024-05-24,07:00:00.000000,2024-05-24,0659,0701,III/2
2040263_2024-05-24_10:00:00.000000,2024-05-24,10:00:00.000000,2024-05-24,1004,1005,III/1
2040263_2024-05-24_12:45:00.000000,2024-05-24,12:45:00.000000,2024-05-24,1258,1307,V/2
2040263_2024-05-24_13:00:00.000000,2024-05-24,13:00:00.000000,2024-05-24,1258,1307,V/2
2040266_2024-05-24_23:46:00.000000,2024-05-24,23:46:00.000000,2024-05-24,2358,2359,III/1
2040266_2024-05-25_02:46:00.000000,2024-05-25,02:46:00.000000,2024-05-25,0257,0258,III/1
2040269_2024-05-25_15:59:00.000000,2024-05-25,15:59:00.000000,2024-05-25,1611,1612,III/1
2040269_2024-05-25_16:59:00.000000,2024-05-25,16:59:00.000000,2024-05-25,1703,1706,III/1
2040269_2024-05-25_17:44:00.000000,2024-05-25,17:44:00.000000,2024-05-25,1748,1749,III/1
2040269_2024-05-25_17:44:00.000000,2024-05-25,17:44:00.000000,2024-05-25,1750,1750,III/1
2040272_2024-05-25_18:47:00.000000,2024-05-25,18:47:00.000000,2024-05-25,1857,1859,III/2
2040272_2024-05-25_20:32:00.000000,2024-05-25,20:32:00.000000,2024-05-25,2033,2033,III/1
2040272_2024-05-25_22:02:00.000000,2024-05-25,22:02:00.000000,2024-05-25,2206,2212,III/2
2040272_2024-05-26_02:32:00.000000,2024-05-26,02:32:00.000000,2024-05-26,0233,0235,III/2
2040275_2024-05-26_09:13:00.000000,2024-05-26,09:13:00.000000,2024-05-26,0925,0927,III/1
2040275_2024-05-26_10:13:00.000000,2024-05-26,10:13:00.000000,2024-05-26,1019,1020,III/2
2040275_2024-05-26_11:43:00.000000,2024-05-26,11:43:00.000000,2024-05-26,1146,1149,III/1
2040275_2024-05-26_12:43:00.000000,2024-05-26,12:43:00.000000,2024-05-26,1248,1249,III/1
2040275_2024-05-26_15:13:00.000000,2024-05-26,15:13:00.000000,2024-05-26,1527,1527,III/1
2040275_2024-05-26_16:13:00.000000,2024-05-26,16:13:00.000000,2024-05-26,1625,1625,III/1
2040278_2024-05-26_20:48:00.000000,2024-05-26,20:48:00.000000,2024-05-26,2057,2058,III/1
2040278_2024-05-26_21:18:00.000000,2024-05-26,21:18:00.000000,2024-05-26,2131,2132,III/1
2040278_2024-05-26_23:03:00.000000,2024-05-26,23:03:00.000000,2024-05-26,2314,2316,III/1
2040278_2024-05-27_00:18:00.000000,2024-05-27,00:18:00.000000,2024-05-27,0022,0024,III/1
2040278_2024-05-27_00:48:00.000000,2024-05-27,00:48:00.000000,2024-05-27,0054,0054,III/1
2040278_2024-05-27_04:18:00.000000,2024-05-27,04:18:00.000000,2024-05-27,0432,0432,III/1
2040281_2024-05-27_06:57:00.000000,2024-05-27,06:57:00.000000,2024-05-27,0659,0703,III/2
2040281_2024-05-27_06:57:00.000000,2024-05-27,06:57:00.000000,2024-05-27,0659,0738,II/3    1135
2040281_2024-05-27_07:12:00.000000,2024-05-27,07:12:00.000000,2024-05-27,0659,0738,II/3    1135
2040281_2024-05-27_07:27:00.000000,2024-05-27,07:27:00.000000,2024-05-27,0659,0738,II/3    1135
2040281_2024-05-27_06:57:00.000000,2024-05-27,06:57:00.000000,2024-05-27,0705,0804,IV/1
2040281_2024-05-27_07:12:00.000000,2024-05-27,07:12:00.000000,2024-05-27,0705,0804,IV/1
2040281_2024-05-27_07:27:00.000000,2024-05-27,07:27:00.000000,2024-05-27,0705,0804,IV/1
2040281_2024-05-27_07:42:00.000000,2024-05-27,07:42:00.000000,2024-05-27,0705,0804,IV/1
2040281_2024-05-27_07:57:00.000000,2024-05-27,07:57:00.000000,2024-05-27,0705,0804,IV/1
2040281_2024-05-27_17:42:00.000000,2024-05-27,17:42:00.000000,2024-05-27,1749,1751,III/2
2040284_2024-05-27_19:19:00.000000,2024-05-27,19:19:00.000000,2024-05-27,1928,1929,III/1
2040287_2024-05-28_07:11:00.000000,2024-05-28,07:11:00.000000,2024-05-28,0719,0720,III/1
2040815_2024-05-29_04:40:00.000000,2024-05-29,04:40:00.000000,2024-05-29,0453,0455,III/1
2040812_2024-05-29_13:50:00.000000,2024-05-29,13:50:00.000000,2024-05-29,1401,1402,III/1
2040812_2024-05-29_14:20:00.000000,2024-05-29,14:20:00.000000,2024-05-29,1426,1500,II/2    878
2040812_2024-05-29_14:35:00.000000,2024-05-29,14:35:00.000000,2024-05-29,1426,1500,II/2    878
2040812_2024-05-29_14:50:00.000000,2024-05-29,14:50:00.000000,2024-05-29,1426,1500,II/2    878
2040812_2024-05-29_14:35:00.000000,2024-05-29,14:35:00.000000,2024-05-29,1438,1439,III/2
2040812_2024-05-29_14:35:00.000000,2024-05-29,14:35:00.000000,2024-05-29,1448,1550,IV/1
2040812_2024-05-29_14:50:00.000000,2024-05-29,14:50:00.000000,2024-05-29,1448,1550,IV/1
2040812_2024-05-29_15:05:00.000000,2024-05-29,15:05:00.000000,2024-05-29,1448,1550,IV/1
2040812_2024-05-29_15:20:00.000000,2024-05-29,15:20:00.000000,2024-05-29,1448,1550,IV/1
2040812_2024-05-29_15:35:00.000000,2024-05-29,15:35:00.000000,2024-05-29,1448,1550,IV/1
2040299_2024-05-30_07:10:00.000000,2024-05-30,07:10:00.000000,2024-05-30,0720,0720,III/2
2040299_2024-05-30_07:55:00.000000,2024-05-30,07:55:00.000000,2024-05-30,0755,0756,III/1
2040299_2024-05-30_16:55:00.000000,2024-05-30,16:55:00.000000,2024-05-30,1700,1701,III/1
2040302_2024-05-31_03:22:00.000000,2024-05-31,03:22:00.000000,2024-05-31,0335,0335,III/1
2040925_2024-05-31_12:25:00.000000,2024-05-31,12:25:00.000000,2024-05-31,1239,1239,III/1
2040925_2024-05-31_14:40:00.000000,2024-05-31,14:40:00.000000,2024-05-31,1449,1450,III/1
2040931_2024-06-01_19:09:00.000000,2024-06-01,19:09:00.000000,2024-06-01,1920,1928,II/2    467
2040931_2024-06-01_19:24:00.000000,2024-06-01,19:24:00.000000,2024-06-01,1920,1928,II/2    467
2040931_2024-06-01_19:24:00.000000,2024-06-01,19:24:00.000000,2024-06-01,1933,2203,IV/1
2040931_2024-06-01_19:39:00.000000,2024-06-01,19:39:00.000000,2024-06-01,1933,2203,IV/1
2040931_2024-06-01_19:54:00.000000,2024-06-01,19:54:00.000000,2024-06-01,1933,2203,IV/1
2040931_2024-06-01_20:09:00.000000,2024-06-01,20:09:00.000000,2024-06-01,1933,2203,IV/1
2040931_2024-06-01_20:24:00.000000,2024-06-01,20:24:00.000000,2024-06-01,1933,2203,IV/1
2040931_2024-06-01_20:39:00.000000,2024-06-01,20:39:00.000000,2024-06-01,1933,2203,IV/1
2040931_2024-06-01_19:54:00.000000,2024-06-01,19:54:00.000000,2024-06-01,2001,2002,III/1
2040931_2024-06-01_23:39:00.000000,2024-06-01,23:39:00.000000,2024-06-01,2351,2351,III/1
2040934_2024-06-02_09:23:00.000000,2024-06-02,09:23:00.000000,2024-06-02,0933,0933,III/1
2040937_2024-06-02_23:25:00.000000,2024-06-02,23:25:00.000000,2024-06-02,2329,2330,III/1
2040937_2024-06-03_00:40:00.000000,2024-06-03,00:40:00.000000,2024-06-03,0046,0046,III/1
2040937_2024-06-03_02:40:00.000000,2024-06-03,02:40:00.000000,2024-06-03,0254,0254,III/1
2040940_2024-06-03_06:52:00.000000,2024-06-03,06:52:00.000000,2024-06-03,0701,0701,III/1
2040940_2024-06-03_10:22:00.000000,2024-06-03,10:22:00.000000,2024-06-03,1024,1025,III/1
2040940_2024-06-03_10:52:00.000000,2024-06-03,10:52:00.000000,2024-06-03,1052,1101,III/2
2040940_2024-06-03_14:07:00.000000,2024-06-03,14:07:00.000000,2024-06-03,1414,1415,III/2
2040940_2024-06-03_16:37:00.000000,2024-06-03,16:37:00.000000,2024-06-03,1641,1649,III/2
2040949_2024-06-04_20:42:00.000000,2024-06-04,20:42:00.000000,2024-06-04,2050,2051,III/1
2040949_2024-06-04_21:42:00.000000,2024-06-04,21:42:00.000000,2024-06-04,2155,2155,III/1
2040949_2024-06-05_00:57:00.000000,2024-06-05,00:57:00.000000,2024-06-05,0059,0100,III/1
2040952_2024-06-05_09:06:00.000000,2024-06-05,09:06:00.000000,2024-06-05,0914,0916,III/2
2040952_2024-06-05_16:21:00.000000,2024-06-05,16:21:00.000000,2024-06-05,1633,1636,III/1
2040958_2024-06-06_08:21:00.000000,2024-06-06,08:21:00.000000,2024-06-06,0830,0831,III/1
2040958_2024-06-06_16:36:00.000000,2024-06-06,16:36:00.000000,2024-06-06,1643,1644,III/1
2040967_2024-06-07_18:44:00.000000,2024-06-07,18:44:00.000000,2024-06-07,1853,1901,V/2
2040967_2024-06-07_18:59:00.000000,2024-06-07,18:59:00.000000,2024-06-07,1853,1901,V/2
2040967_2024-06-07_21:59:00.000000,2024-06-07,21:59:00.000000,2024-06-07,2213,2213,III/1
2040967_2024-06-07_23:14:00.000000,2024-06-07,23:14:00.000000,2024-06-07,2319,2319,III/1
2040967_2024-06-08_01:14:00.000000,2024-06-08,01:14:00.000000,2024-06-08,0128,0157,II/3    894
2040967_2024-06-08_01:29:00.000000,2024-06-08,01:29:00.000000,2024-06-08,0128,0157,II/3    894
2040967_2024-06-08_01:44:00.000000,2024-06-08,01:44:00.000000,2024-06-08,0128,0157,II/3    894
2040967_2024-06-08_01:29:00.000000,2024-06-08,01:29:00.000000,2024-06-08,0129,0316,IV/2
2040967_2024-06-08_01:44:00.000000,2024-06-08,01:44:00.000000,2024-06-08,0129,0316,IV/2
2040967_2024-06-08_01:59:00.000000,2024-06-08,01:59:00.000000,2024-06-08,0129,0316,IV/2
2040967_2024-06-08_02:14:00.000000,2024-06-08,02:14:00.000000,2024-06-08,0129,0316,IV/2
2040967_2024-06-08_02:29:00.000000,2024-06-08,02:29:00.000000,2024-06-08,0129,0316,IV/2
2040967_2024-06-08_02:44:00.000000,2024-06-08,02:44:00.000000,2024-06-08,0129,0316,IV/2
2040967_2024-06-08_02:59:00.000000,2024-06-08,02:59:00.000000,2024-06-08,0303,0304,III/1
2040973_2024-06-08_04:50:00.000000,2024-06-08,04:50:00.000000,2024-06-08,0457,0501,III/1
2040973_2024-06-08_07:20:00.000000,2024-06-08,07:20:00.000000,2024-06-08,0726,0726,III/1
2040973_2024-06-08_07:20:00.000000,2024-06-08,07:20:00.000000,2024-06-08,0726,0727,III/2
2040973_2024-06-08_08:20:00.000000,2024-06-08,08:20:00.000000,2024-06-08,0833,0834,III/1
2040973_2024-06-08_09:35:00.000000,2024-06-08,09:35:00.000000,2024-06-08,0945,0946,III/1
2040973_2024-06-08_13:50:00.000000,2024-06-08,13:50:00.000000,2024-06-08,1350,1353,III/1
2040973_2024-06-08_15:20:00.000000,2024-06-08,15:20:00.000000,2024-06-08,1527,1528,III/1
2040973_2024-06-08_17:05:00.000000,2024-06-08,17:05:00.000000,2024-06-08,1714,1715,III/2
2040976_2024-06-08_19:15:00.000000,2024-06-08,19:15:00.000000,2024-06-08,1918,1919,III/1
2040976_2024-06-08_20:00:00.000000,2024-06-08,20:00:00.000000,2024-06-08,2009,2014,III/1
2040976_2024-06-08_20:45:00.000000,2024-06-08,20:45:00.000000,2024-06-08,2057,2104,III/3
2040976_2024-06-08_21:00:00.000000,2024-06-08,21:00:00.000000,2024-06-08,2057,2104,III/3
2040976_2024-06-08_22:45:00.000000,2024-06-08,22:45:00.000000,2024-06-08,2245,2246,III/1
2040976_2024-06-09_00:15:00.000000,2024-06-09,00:15:00.000000,2024-06-09,0017,0020,III/2
2040979_2024-06-09_04:50:00.000000,2024-06-09,04:50:00.000000,2024-06-09,0451,0451,III/1
2040979_2024-06-09_15:05:00.000000,2024-06-09,15:05:00.000000,2024-06-09,1514,1515,III/1
2040985_2024-06-10_06:50:00.000000,2024-06-10,06:50:00.000000,2024-06-10,0700,0701,III/1
2040985_2024-06-10_11:05:00.000000,2024-06-10,11:05:00.000000,2024-06-10,1105,1107,III/2
2040985_2024-06-10_15:20:00.000000,2024-06-10,15:20:00.000000,2024-06-10,1522,1529,III/1
2040985_2024-06-10_17:20:00.000000,2024-06-10,17:20:00.000000,2024-06-10,1729,1730,III/1
2040988_2024-06-10_22:31:00.000000,2024-06-10,22:31:00.000000,2024-06-10,2231,2233,III/1
2040988_2024-06-11_03:01:00.000000,2024-06-11,03:01:00.000000,2024-06-11,0311,0312,III/1
2040991_2024-06-11_08:34:00.000000,2024-06-11,08:34:00.000000,2024-06-11,0840,0841,III/1
2040991_2024-06-11_16:34:00.000000,2024-06-11,16:34:00.000000,2024-06-11,1638,1639,III/2
2040991_2024-06-11_16:34:00.000000,2024-06-11,16:34:00.000000,2024-06-11,1638,1639,IV/2
2040991_2024-06-11_17:19:00.000000,2024-06-11,17:19:00.000000,2024-06-11,1723,1723,III/1
2040994_2024-06-11_22:46:00.000000,2024-06-11,22:46:00.000000,2024-06-11,2251,2255,II/1    528
2040997_2024-06-12_14:04:00.000000,2024-06-12,14:04:00.000000,2024-06-12,1413,1413,III/1
2040997_2024-06-12_15:04:00.000000,2024-06-12,15:04:00.000000,2024-06-12,1515,1515,III/1
2040997_2024-06-12_16:19:00.000000,2024-06-12,16:19:00.000000,2024-06-12,1624,1624,III/2
2040997_2024-06-12_17:19:00.000000,2024-06-12,17:19:00.000000,2024-06-12,1729,1730,III/2
2040997_2024-06-12_17:49:00.000000,2024-06-12,17:49:00.000000,2024-06-12,1750,1750,III/1
2041000_2024-06-13_03:02:00.000000,2024-06-13,03:02:00.000000,2024-06-13,0302,0303,III/1
2041000_2024-06-13_03:47:00.000000,2024-06-13,03:47:00.000000,2024-06-13,0359,0359,III/1
2041006_2024-06-14_04:02:00.000000,2024-06-14,04:02:00.000000,2024-06-14,0402,0403,III/1
2041006_2024-06-14_04:02:00.000000,2024-06-14,04:02:00.000000,2024-06-14,0402,0403,III/1
2041009_2024-06-14_15:19:00.000000,2024-06-14,15:19:00.000000,2024-06-14,1523,1530,III/1
2041009_2024-06-14_15:49:00.000000,2024-06-14,15:49:00.000000,2024-06-14,1602,1602,III/1
2041012_2024-06-14_21:48:00.000000,2024-06-14,21:48:00.000000,2024-06-14,2159,2200,III/1
2041015_2024-06-15_04:49:00.000000,2024-06-15,04:49:00.000000,2024-06-15,0459,0459,III/1
2041015_2024-06-15_06:34:00.000000,2024-06-15,06:34:00.000000,2024-06-15,0636,0636,III/1
2041015_2024-06-15_10:34:00.000000,2024-06-15,10:34:00.000000,2024-06-15,1039,1039,III/1
2041015_2024-06-15_11:04:00.000000,2024-06-15,11:04:00.000000,2024-06-15,1117,1117,III/1
2041015_2024-06-15_16:04:00.000000,2024-06-15,16:04:00.000000,2024-06-15,1617,1626,III/2
2041015_2024-06-15_16:19:00.000000,2024-06-15,16:19:00.000000,2024-06-15,1617,1626,III/2
2041021_2024-06-16_08:49:00.000000,2024-06-16,08:49:00.000000,2024-06-16,0854,0854,III/1
2041021_2024-06-16_16:19:00.000000,2024-06-16,16:19:00.000000,2024-06-16,1625,1625,III/1
2041027_2024-06-17_07:19:00.000000,2024-06-17,07:19:00.000000,2024-06-17,0720,0721,III/1
2041027_2024-06-17_07:49:00.000000,2024-06-17,07:49:00.000000,2024-06-17,0759,0804,III/1
2041027_2024-06-17_10:49:00.000000,2024-06-17,10:49:00.000000,2024-06-17,1100,1104,II/2    411
2041027_2024-06-17_11:19:00.000000,2024-06-17,11:19:00.000000,2024-06-17,1123,1128,III/1
2041027_2024-06-17_11:49:00.000000,2024-06-17,11:49:00.000000,2024-06-17,1154,1155,III/1
2041027_2024-06-17_16:34:00.000000,2024-06-17,16:34:00.000000,2024-06-17,1647,1648,III/2
2041027_2024-06-17_17:34:00.000000,2024-06-17,17:34:00.000000,2024-06-17,1737,1737,III/1
2041030_2024-06-17_19:19:00.000000,2024-06-17,19:19:00.000000,2024-06-17,1922,1924,III/1
2041030_2024-06-17_21:19:00.000000,2024-06-17,21:19:00.000000,2024-06-17,2120,2120,III/1
2041030_2024-06-17_21:49:00.000000,2024-06-17,21:49:00.000000,2024-06-17,2157,2159,III/1
2041030_2024-06-17_22:49:00.000000,2024-06-17,22:49:00.000000,2024-06-17,2255,2255,III/2
2042040_2024-06-18_13:31:00.000000,2024-06-18,13:31:00.000000,2024-06-18,1336,1338,III/1
2042040_2024-06-18_14:46:00.000000,2024-06-18,14:46:00.000000,2024-06-18,1452,1453,III/1
2042040_2024-06-18_15:31:00.000000,2024-06-18,15:31:00.000000,2024-06-18,1535,1537,III/1
2042040_2024-06-18_17:46:00.000000,2024-06-18,17:46:00.000000,2024-06-18,1753,1757,III/1
2041039_2024-06-19_04:49:00.000000,2024-06-19,04:49:00.000000,2024-06-19,0502,0503,III/1
2041039_2024-06-19_05:49:00.000000,2024-06-19,05:49:00.000000,2024-06-19,0556,0557,III/2
2041039_2024-06-19_07:34:00.000000,2024-06-19,07:34:00.000000,2024-06-19,0734,0736,III/2
2041039_2024-06-19_09:04:00.000000,2024-06-19,09:04:00.000000,2024-06-19,0904,0905,III/2
2041042_2024-06-19_20:20:00.000000,2024-06-19,20:20:00.000000,2024-06-19,2023,2023,III/1
2041042_2024-06-19_21:05:00.000000,2024-06-19,21:05:00.000000,2024-06-19,2107,2107,III/2
2041042_2024-06-20_02:05:00.000000,2024-06-20,02:05:00.000000,2024-06-20,0219,0225,III/2
2041042_2024-06-20_02:20:00.000000,2024-06-20,02:20:00.000000,2024-06-20,0219,0225,III/2
2041042_2024-06-20_03:20:00.000000,2024-06-20,03:20:00.000000,2024-06-20,0327,0328,III/1
2041045_2024-06-20_04:49:00.000000,2024-06-20,04:49:00.000000,2024-06-20,0452,0452,III/1
2041045_2024-06-20_05:04:00.000000,2024-06-20,05:04:00.000000,2024-06-20,0514,0515,III/1
2041045_2024-06-20_05:04:00.000000,2024-06-20,05:04:00.000000,2024-06-20,0516,0516,III/1
2041045_2024-06-20_06:49:00.000000,2024-06-20,06:49:00.000000,2024-06-20,0656,0657,III/1
2041045_2024-06-20_08:49:00.000000,2024-06-20,08:49:00.000000,2024-06-20,0903,0903,III/1
2041045_2024-06-20_10:49:00.000000,2024-06-20,10:49:00.000000,2024-06-20,1058,1059,III/1
2041045_2024-06-20_12:19:00.000000,2024-06-20,12:19:00.000000,2024-06-20,1223,1223,III/1
2041045_2024-06-20_17:19:00.000000,2024-06-20,17:19:00.000000,2024-06-20,1721,1731,III/2
2041045_2024-06-20_17:19:00.000000,2024-06-20,17:19:00.000000,2024-06-20,1730,1731,III/1
2041048_2024-06-20_21:20:00.000000,2024-06-20,21:20:00.000000,2024-06-20,2129,2130,III/2
2041048_2024-06-21_00:20:00.000000,2024-06-21,00:20:00.000000,2024-06-21,0032,0032,III/1
2041048_2024-06-21_02:50:00.000000,2024-06-21,02:50:00.000000,2024-06-21,0256,0256,III/1
2041048_2024-06-21_04:05:00.000000,2024-06-21,04:05:00.000000,2024-06-21,0419,0425,III/1
2041051_2024-06-21_05:50:00.000000,2024-06-21,05:50:00.000000,2024-06-21,0554,0559,III/2
2041051_2024-06-21_07:50:00.000000,2024-06-21,07:50:00.000000,2024-06-21,0758,0801,III/1
2041051_2024-06-21_09:50:00.000000,2024-06-21,09:50:00.000000,2024-06-21,0950,0951,III/1
2041051_2024-06-21_13:50:00.000000,2024-06-21,13:50:00.000000,2024-06-21,1355,1357,III/2
2041051_2024-06-21_14:05:00.000000,2024-06-21,14:05:00.000000,2024-06-21,1406,1406,III/1
2041051_2024-06-21_14:05:00.000000,2024-06-21,14:05:00.000000,2024-06-21,1415,1418,III/3
2041051_2024-06-21_15:50:00.000000,2024-06-21,15:50:00.000000,2024-06-21,1554,1557,V/2
2041051_2024-06-21_15:50:00.000000,2024-06-21,15:50:00.000000,2024-06-21,1554,1557,III/2
2041051_2024-06-21_16:20:00.000000,2024-06-21,16:20:00.000000,2024-06-21,1624,1631,III/1
2041054_2024-06-21_19:50:00.000000,2024-06-21,19:50:00.000000,2024-06-21,1957,1958,III/1
2041054_2024-06-21_22:50:00.000000,2024-06-21,22:50:00.000000,2024-06-21,2251,2253,III/2
2041054_2024-06-21_23:35:00.000000,2024-06-21,23:35:00.000000,2024-06-21,2340,2359,II/3    590
2041054_2024-06-21_23:50:00.000000,2024-06-21,23:50:00.000000,2024-06-21,2340,2359,II/3    590
2042148_2024-06-22_06:20:00.000000,2024-06-22,06:20:00.000000,2024-06-22,0625,0629,III/1
2042148_2024-06-22_09:50:00.000000,2024-06-22,09:50:00.000000,2024-06-22,1002,1002,III/2
2042148_2024-06-22_10:20:00.000000,2024-06-22,10:20:00.000000,2024-06-22,1027,1028,III/3
2042148_2024-06-22_10:50:00.000000,2024-06-22,10:50:00.000000,2024-06-22,1054,1059,III/2
2042148_2024-06-22_11:20:00.000000,2024-06-22,11:20:00.000000,2024-06-22,1122,1126,III/2
2042148_2024-06-22_12:05:00.000000,2024-06-22,12:05:00.000000,2024-06-22,1218,1218,III/1
2042151_2024-06-22_19:50:00.000000,2024-06-22,19:50:00.000000,2024-06-22,1956,1956,III/2
2042151_2024-06-22_22:35:00.000000,2024-06-22,22:35:00.000000,2024-06-22,2240,2242,III/2
2042151_2024-06-23_01:05:00.000000,2024-06-23,01:05:00.000000,2024-06-23,0105,0115,III/2
2042151_2024-06-23_01:50:00.000000,2024-06-23,01:50:00.000000,2024-06-23,0150,0152,III/3
2042163_2024-06-24_18:36:00.000000,2024-06-24,18:36:00.000000,2024-06-24,1840,1844,III/1
2042163_2024-06-24_20:51:00.000000,2024-06-24,20:51:00.000000,2024-06-24,2053,2059,III/2
2042163_2024-06-24_22:21:00.000000,2024-06-24,22:21:00.000000,2024-06-24,2232,2233,III/1
2042163_2024-06-24_23:06:00.000000,2024-06-24,23:06:00.000000,2024-06-24,2319,2323,III/2
2042163_2024-06-24_23:21:00.000000,2024-06-24,23:21:00.000000,2024-06-24,2319,2323,III/2
2042163_2024-06-25_00:51:00.000000,2024-06-25,00:51:00.000000,2024-06-25,0101,0106,III/2
2042166_2024-06-25_05:21:00.000000,2024-06-25,05:21:00.000000,2024-06-25,0533,0536,III/1
2042166_2024-06-25_06:06:00.000000,2024-06-25,06:06:00.000000,2024-06-25,0619,0625,III/1
2042166_2024-06-25_06:21:00.000000,2024-06-25,06:21:00.000000,2024-06-25,0619,0625,III/1
2042166_2024-06-25_08:06:00.000000,2024-06-25,08:06:00.000000,2024-06-25,0820,0823,III/2
2042166_2024-06-25_08:21:00.000000,2024-06-25,08:21:00.000000,2024-06-25,0820,0823,III/2
2042166_2024-06-25_09:21:00.000000,2024-06-25,09:21:00.000000,2024-06-25,0926,0929,III/1
2042166_2024-06-25_09:36:00.000000,2024-06-25,09:36:00.000000,2024-06-25,0947,0956,III/2
2042166_2024-06-25_09:51:00.000000,2024-06-25,09:51:00.000000,2024-06-25,0947,0956,III/2
2042166_2024-06-25_11:06:00.000000,2024-06-25,11:06:00.000000,2024-06-25,1106,1114,III/2
2042166_2024-06-25_13:21:00.000000,2024-06-25,13:21:00.000000,2024-06-25,1331,1332,III/1
2042166_2024-06-25_14:21:00.000000,2024-06-25,14:21:00.000000,2024-06-25,1421,1422,III/1
2042166_2024-06-25_14:51:00.000000,2024-06-25,14:51:00.000000,2024-06-25,1502,1503,III/1
2042166_2024-06-25_17:51:00.000000,2024-06-25,17:51:00.000000,2024-06-25,1757,1758,III/1
2042169_2024-06-25_19:36:00.000000,2024-06-25,19:36:00.000000,2024-06-25,1946,1948,III/2
2042169_2024-06-25_20:21:00.000000,2024-06-25,20:21:00.000000,2024-06-25,2026,2027,III/1
2042169_2024-06-25_22:21:00.000000,2024-06-25,22:21:00.000000,2024-06-25,2227,2227,III/1
2042169_2024-06-26_02:06:00.000000,2024-06-26,02:06:00.000000,2024-06-26,0218,0221,III/3
2042172_2024-06-26_10:06:00.000000,2024-06-26,10:06:00.000000,2024-06-26,1016,1027,III/1
2042172_2024-06-26_10:21:00.000000,2024-06-26,10:21:00.000000,2024-06-26,1016,1027,III/1
2042172_2024-06-26_16:21:00.000000,2024-06-26,16:21:00.000000,2024-06-26,1630,1632,III/2
2042175_2024-06-26_19:21:00.000000,2024-06-26,19:21:00.000000,2024-06-26,1928,1934,III/1
2042175_2024-06-26_19:21:00.000000,2024-06-26,19:21:00.000000,2024-06-26,1928,1928,III/2
2042175_2024-06-26_20:06:00.000000,2024-06-26,20:06:00.000000,2024-06-26,2019,2022,III/1
2042175_2024-06-26_20:21:00.000000,2024-06-26,20:21:00.000000,2024-06-26,2019,2022,III/1
2042175_2024-06-26_21:36:00.000000,2024-06-26,21:36:00.000000,2024-06-26,2141,2142,III/1
2042178_2024-06-27_05:07:00.000000,2024-06-27,05:07:00.000000,2024-06-27,0513,0515,III/2
2042178_2024-06-27_06:22:00.000000,2024-06-27,06:22:00.000000,2024-06-27,0631,0637,III/2
2042178_2024-06-27_11:22:00.000000,2024-06-27,11:22:00.000000,2024-06-27,1135,1138,III/2
2042178_2024-06-27_11:37:00.000000,2024-06-27,11:37:00.000000,2024-06-27,1135,1138,III/2
2042178_2024-06-27_13:22:00.000000,2024-06-27,13:22:00.000000,2024-06-27,1330,1334,III/2
2042178_2024-06-27_15:07:00.000000,2024-06-27,15:07:00.000000,2024-06-27,1517,1519,V/2
2042181_2024-06-27_19:06:00.000000,2024-06-27,19:06:00.000000,2024-06-27,1916,1916,III/2
2042181_2024-06-27_23:36:00.000000,2024-06-27,23:36:00.000000,2024-06-27,2343,2350,III/2
2042181_2024-06-27_23:36:00.000000,2024-06-27,23:36:00.000000,2024-06-27,2344,2349,V/3
2042181_2024-06-28_00:06:00.000000,2024-06-28,00:06:00.000000,2024-06-28,0005,0011,III/1
2042181_2024-06-28_01:21:00.000000,2024-06-28,01:21:00.000000,2024-06-28,0129,0133,III/1
2042181_2024-06-28_02:36:00.000000,2024-06-28,02:36:00.000000,2024-06-28,0236,0237,III/1
2042181_2024-06-28_03:21:00.000000,2024-06-28,03:21:00.000000,2024-06-28,0323,0331,III/2
2042187_2024-06-29_01:20:00.000000,2024-06-29,01:20:00.000000,2024-06-29,0127,0127,III/1
2042187_2024-06-29_02:20:00.000000,2024-06-29,02:20:00.000000,2024-06-29,0225,0230,III/2
2042187_2024-06-29_04:20:00.000000,2024-06-29,04:20:00.000000,2024-06-29,0433,0434,III/1
2042190_2024-06-29_06:23:00.000000,2024-06-29,06:23:00.000000,2024-06-29,0626,0629,III/1
2042190_2024-06-29_06:38:00.000000,2024-06-29,06:38:00.000000,2024-06-29,0646,0647,III/2
2042190_2024-06-29_12:53:00.000000,2024-06-29,12:53:00.000000,2024-06-29,1254,1254,III/1
2042193_2024-06-29_22:35:00.000000,2024-06-29,22:35:00.000000,2024-06-29,2248,2248,III/1
2042196_2024-06-30_05:23:00.000000,2024-06-30,05:23:00.000000,2024-06-30,0526,0528,III/2
2042196_2024-06-30_06:23:00.000000,2024-06-30,06:23:00.000000,2024-06-30,0636,0636,III/1
2042196_2024-06-30_07:23:00.000000,2024-06-30,07:23:00.000000,2024-06-30,0726,0729,III/2
2042196_2024-06-30_14:23:00.000000,2024-06-30,14:23:00.000000,2024-06-30,1428,1430,III/1
2042202_2024-07-01_10:54:00.000000,2024-07-01,10:54:00.000000,2024-07-01,1057,1103,III/2
2042202_2024-07-01_11:24:00.000000,2024-07-01,11:24:00.000000,2024-07-01,1132,1136,III/1
2042208_2024-07-02_06:40:00.000000,2024-07-02,06:40:00.000000,2024-07-02,0640,0644,III/2
2042208_2024-07-02_12:25:00.000000,2024-07-02,12:25:00.000000,2024-07-02,1237,1242,III/1
2042208_2024-07-02_12:40:00.000000,2024-07-02,12:40:00.000000,2024-07-02,1237,1242,III/1
2042208_2024-07-02_16:25:00.000000,2024-07-02,16:25:00.000000,2024-07-02,1633,1633,III/1
2042217_2024-07-03_20:34:00.000000,2024-07-03,20:34:00.000000,2024-07-03,2038,2043,III/1
2042217_2024-07-04_03:19:00.000000,2024-07-04,03:19:00.000000,2024-07-04,0330,0332,III/1
2042220_2024-07-04_04:56:00.000000,2024-07-04,04:56:00.000000,2024-07-04,0507,0508,III/2
2042220_2024-07-04_06:56:00.000000,2024-07-04,06:56:00.000000,2024-07-04,0658,0659,III/1
2042220_2024-07-04_10:56:00.000000,2024-07-04,10:56:00.000000,2024-07-04,1105,1106,III/1
2042220_2024-07-04_12:26:00.000000,2024-07-04,12:26:00.000000,2024-07-04,1236,1237,III/2
2042220_2024-07-04_14:26:00.000000,2024-07-04,14:26:00.000000,2024-07-04,1427,1448,II/2    815
2042220_2024-07-04_14:41:00.000000,2024-07-04,14:41:00.000000,2024-07-04,1427,1448,II/2    815
2042223_2024-07-04_19:49:00.000000,2024-07-04,19:49:00.000000,2024-07-04,1955,2001,III/2
2042223_2024-07-04_20:04:00.000000,2024-07-04,20:04:00.000000,2024-07-04,2010,2015,II/1    515
2042223_2024-07-05_00:04:00.000000,2024-07-05,00:04:00.000000,2024-07-05,0006,0007,III/2
2042226_2024-07-05_06:42:00.000000,2024-07-05,06:42:00.000000,2024-07-05,0650,0650,III/1
2042226_2024-07-05_07:42:00.000000,2024-07-05,07:42:00.000000,2024-07-05,0745,0746,III/1
2042226_2024-07-05_12:57:00.000000,2024-07-05,12:57:00.000000,2024-07-05,1307,1308,III/2
2042226_2024-07-05_14:27:00.000000,2024-07-05,14:27:00.000000,2024-07-05,1433,1433,III/1
2042226_2024-07-05_14:57:00.000000,2024-07-05,14:57:00.000000,2024-07-05,1509,1511,III/2
2042226_2024-07-05_15:27:00.000000,2024-07-05,15:27:00.000000,2024-07-05,1527,1530,III/1
2042226_2024-07-05_16:12:00.000000,2024-07-05,16:12:00.000000,2024-07-05,1626,1627,III/2
2042229_2024-07-05_18:49:00.000000,2024-07-05,18:49:00.000000,2024-07-05,1858,1858,III/1
2042229_2024-07-05_19:34:00.000000,2024-07-05,19:34:00.000000,2024-07-05,1941,1942,III/1
2042229_2024-07-05_20:49:00.000000,2024-07-05,20:49:00.000000,2024-07-05,2101,2101,III/1
2042229_2024-07-05_22:04:00.000000,2024-07-05,22:04:00.000000,2024-07-05,2208,2208,III/1
2042232_2024-07-06_04:42:00.000000,2024-07-06,04:42:00.000000,2024-07-06,0443,0444,III/1
2042232_2024-07-06_05:27:00.000000,2024-07-06,05:27:00.000000,2024-07-06,0538,0540,III/1
2042232_2024-07-06_06:57:00.000000,2024-07-06,06:57:00.000000,2024-07-06,0708,0711,III/1
2042232_2024-07-06_08:42:00.000000,2024-07-06,08:42:00.000000,2024-07-06,0842,0844,III/1
2042232_2024-07-06_08:57:00.000000,2024-07-06,08:57:00.000000,2024-07-06,0904,0905,III/2
2042232_2024-07-06_10:12:00.000000,2024-07-06,10:12:00.000000,2024-07-06,1024,1024,III/2
2042232_2024-07-06_11:12:00.000000,2024-07-06,11:12:00.000000,2024-07-06,1126,1126,III/1
2042232_2024-07-06_12:12:00.000000,2024-07-06,12:12:00.000000,2024-07-06,1222,1226,III/1
2042232_2024-07-06_16:57:00.000000,2024-07-06,16:57:00.000000,2024-07-06,1704,1704,III/1
2042232_2024-07-06_18:12:00.000000,2024-07-06,18:12:00.000000,2024-07-06,1818,1819,III/1
2042235_2024-07-06_19:18:00.000000,2024-07-06,19:18:00.000000,2024-07-06,1925,1925,III/2
2042235_2024-07-06_23:03:00.000000,2024-07-06,23:03:00.000000,2024-07-06,2315,2318,III/1
2042235_2024-07-07_01:33:00.000000,2024-07-07,01:33:00.000000,2024-07-07,0147,0149,III/1
2042235_2024-07-07_01:48:00.000000,2024-07-07,01:48:00.000000,2024-07-07,0147,0149,III/1
2042235_2024-07-07_02:48:00.000000,2024-07-07,02:48:00.000000,2024-07-07,0253,0255,III/1
2042238_2024-07-07_06:28:00.000000,2024-07-07,06:28:00.000000,2024-07-07,0628,0629,III/1
2042238_2024-07-07_14:58:00.000000,2024-07-07,14:58:00.000000,2024-07-07,1509,1510,III/2
2042238_2024-07-07_16:13:00.000000,2024-07-07,16:13:00.000000,2024-07-07,1616,1617,III/1
2042241_2024-07-07_19:18:00.000000,2024-07-07,19:18:00.000000,2024-07-07,1926,1926,III/1
2042241_2024-07-07_20:33:00.000000,2024-07-07,20:33:00.000000,2024-07-07,2042,2043,III/1
2042241_2024-07-07_21:18:00.000000,2024-07-07,21:18:00.000000,2024-07-07,2119,2120,III/1
2042241_2024-07-07_21:18:00.000000,2024-07-07,21:18:00.000000,2024-07-07,2119,2120,III/1
2042241_2024-07-08_00:03:00.000000,2024-07-08,00:03:00.000000,2024-07-08,0003,0004,III/1
2042241_2024-07-08_01:18:00.000000,2024-07-08,01:18:00.000000,2024-07-08,0120,0121,III/1
2042244_2024-07-08_07:44:00.000000,2024-07-08,07:44:00.000000,2024-07-08,0752,0755,III/1
2042244_2024-07-08_10:59:00.000000,2024-07-08,10:59:00.000000,2024-07-08,1109,1112,III/2
2042244_2024-07-08_12:59:00.000000,2024-07-08,12:59:00.000000,2024-07-08,1301,1302,III/2
2042244_2024-07-08_14:29:00.000000,2024-07-08,14:29:00.000000,2024-07-08,1440,1450,III/2
2042244_2024-07-08_14:44:00.000000,2024-07-08,14:44:00.000000,2024-07-08,1440,1450,III/2
2042247_2024-07-08_18:47:00.000000,2024-07-08,18:47:00.000000,2024-07-08,1854,1903,III/1
2042247_2024-07-08_19:02:00.000000,2024-07-08,19:02:00.000000,2024-07-08,1854,1903,III/1
2042247_2024-07-08_21:47:00.000000,2024-07-08,21:47:00.000000,2024-07-08,2155,2155,III/2
2042247_2024-07-09_03:02:00.000000,2024-07-09,03:02:00.000000,2024-07-09,0303,0309,III/2
2042250_2024-07-09_08:30:00.000000,2024-07-09,08:30:00.000000,2024-07-09,0832,0832,III/1
2042250_2024-07-09_13:30:00.000000,2024-07-09,13:30:00.000000,2024-07-09,1331,1331,III/1
2042250_2024-07-09_17:00:00.000000,2024-07-09,17:00:00.000000,2024-07-09,1706,1707,III/1
2042262_2024-07-11_06:32:00.000000,2024-07-11,06:32:00.000000,2024-07-11,0646,0646,III/1
2042262_2024-07-11_11:32:00.000000,2024-07-11,11:32:00.000000,2024-07-11,1136,1137,III/1
2042265_2024-07-12_00:30:00.000000,2024-07-12,00:30:00.000000,2024-07-12,0035,0036,III/1
2042839_2024-07-12_15:20:00.000000,2024-07-12,15:20:00.000000,2024-07-12,1525,1526,III/1
2042271_2024-07-13_02:15:00.000000,2024-07-13,02:15:00.000000,2024-07-13,0229,0235,III/1
2042271_2024-07-13_02:30:00.000000,2024-07-13,02:30:00.000000,2024-07-13,0229,0235,III/1
2042271_2024-07-13_03:45:00.000000,2024-07-13,03:45:00.000000,2024-07-13,0359,0359,III/2
2042274_2024-07-13_05:19:00.000000,2024-07-13,05:19:00.000000,2024-07-13,0527,0528,III/1
2042274_2024-07-13_08:49:00.000000,2024-07-13,08:49:00.000000,2024-07-13,0852,0856,III/1
2042274_2024-07-13_10:34:00.000000,2024-07-13,10:34:00.000000,2024-07-13,1040,1040,III/2
2042274_2024-07-13_12:34:00.000000,2024-07-13,12:34:00.000000,2024-07-13,1242,1252,II/1    297
2042274_2024-07-13_12:49:00.000000,2024-07-13,12:49:00.000000,2024-07-13,1242,1252,II/1    297
2042274_2024-07-13_12:49:00.000000,2024-07-13,12:49:00.000000,2024-07-13,1258,1259,III/1
2042274_2024-07-13_13:04:00.000000,2024-07-13,13:04:00.000000,2024-07-13,1304,1307,III/1
2042274_2024-07-13_17:49:00.000000,2024-07-13,17:49:00.000000,2024-07-13,1803,1804,III/1
2042277_2024-07-13_18:44:00.000000,2024-07-13,18:44:00.000000,2024-07-13,1848,1851,III/1
2042277_2024-07-13_22:29:00.000000,2024-07-13,22:29:00.000000,2024-07-13,2241,2242,III/1
2042277_2024-07-14_00:44:00.000000,2024-07-14,00:44:00.000000,2024-07-14,0045,0046,III/2
2042277_2024-07-14_02:29:00.000000,2024-07-14,02:29:00.000000,2024-07-14,0233,0233,III/2
2042277_2024-07-14_03:14:00.000000,2024-07-14,03:14:00.000000,2024-07-14,0328,0328,III/1
2042277_2024-07-14_03:59:00.000000,2024-07-14,03:59:00.000000,2024-07-14,0405,0414,III/2
2042280_2024-07-14_14:05:00.000000,2024-07-14,14:05:00.000000,2024-07-14,1418,1418,III/1
2042280_2024-07-14_15:05:00.000000,2024-07-14,15:05:00.000000,2024-07-14,1519,1528,III/1
2042280_2024-07-14_15:20:00.000000,2024-07-14,15:20:00.000000,2024-07-14,1519,1528,III/1
2042280_2024-07-14_16:35:00.000000,2024-07-14,16:35:00.000000,2024-07-14,1642,1651,III/1
2042280_2024-07-14_16:50:00.000000,2024-07-14,16:50:00.000000,2024-07-14,1642,1651,III/1
2042280_2024-07-14_16:35:00.000000,2024-07-14,16:35:00.000000,2024-07-14,1649,1650,III/1
2042280_2024-07-14_17:20:00.000000,2024-07-14,17:20:00.000000,2024-07-14,1734,1735,III/2
2042280_2024-07-14_17:50:00.000000,2024-07-14,17:50:00.000000,2024-07-14,1800,1800,III/1
2042283_2024-07-14_20:58:00.000000,2024-07-14,20:58:00.000000,2024-07-14,2105,2106,III/1
2042283_2024-07-14_21:28:00.000000,2024-07-14,21:28:00.000000,2024-07-14,2134,2140,III/1
2042283_2024-07-14_21:43:00.000000,2024-07-14,21:43:00.000000,2024-07-14,2149,2150,III/1
2042286_2024-07-15_09:21:00.000000,2024-07-15,09:21:00.000000,2024-07-15,0925,0934,III/1
2042289_2024-07-15_19:12:00.000000,2024-07-15,19:12:00.000000,2024-07-15,1919,1923,III/2
2042956_2024-07-16_13:15:00.000000,2024-07-16,13:15:00.000000,2024-07-16,1320,1321,III/1
2042956_2024-07-16_13:15:00.000000,2024-07-16,13:15:00.000000,2024-07-16,1321,1355,II/3    398
2042956_2024-07-16_13:30:00.000000,2024-07-16,13:30:00.000000,2024-07-16,1321,1355,II/3    398
2042956_2024-07-16_13:45:00.000000,2024-07-16,13:45:00.000000,2024-07-16,1321,1355,II/3    398
2042956_2024-07-16_13:30:00.000000,2024-07-16,13:30:00.000000,2024-07-16,1343,1451,IV/2
2042956_2024-07-16_13:45:00.000000,2024-07-16,13:45:00.000000,2024-07-16,1343,1451,IV/2
2042956_2024-07-16_14:00:00.000000,2024-07-16,14:00:00.000000,2024-07-16,1343,1451,IV/2
2042956_2024-07-16_14:15:00.000000,2024-07-16,14:15:00.000000,2024-07-16,1343,1451,IV/2
2042956_2024-07-16_14:30:00.000000,2024-07-16,14:30:00.000000,2024-07-16,1343,1451,IV/2
2042956_2024-07-16_14:45:00.000000,2024-07-16,14:45:00.000000,2024-07-16,1343,1451,IV/2
2042295_2024-07-16_20:41:00.000000,2024-07-16,20:41:00.000000,2024-07-16,2047,2047,III/1
2042295_2024-07-16_21:41:00.000000,2024-07-16,21:41:00.000000,2024-07-16,2150,2153,III/2
2042295_2024-07-16_21:56:00.000000,2024-07-16,21:56:00.000000,2024-07-16,2208,2234,II/2    442
2042295_2024-07-16_22:11:00.000000,2024-07-16,22:11:00.000000,2024-07-16,2208,2234,II/2    442
2042295_2024-07-16_22:26:00.000000,2024-07-16,22:26:00.000000,2024-07-16,2208,2234,II/2    442
2042295_2024-07-16_22:11:00.000000,2024-07-16,22:11:00.000000,2024-07-16,2220,2259,IV/1
2042295_2024-07-16_22:26:00.000000,2024-07-16,22:26:00.000000,2024-07-16,2220,2259,IV/1
2042295_2024-07-16_22:41:00.000000,2024-07-16,22:41:00.000000,2024-07-16,2220,2259,IV/1
2042295_2024-07-16_22:56:00.000000,2024-07-16,22:56:00.000000,2024-07-16,2220,2259,IV/1
2042295_2024-07-17_00:11:00.000000,2024-07-17,00:11:00.000000,2024-07-17,0017,0018,III/1
2042295_2024-07-17_02:26:00.000000,2024-07-17,02:26:00.000000,2024-07-17,0237,0238,III/2
2042295_2024-07-17_03:41:00.000000,2024-07-17,03:41:00.000000,2024-07-17,0355,0356,III/1
2042298_2024-07-17_06:08:00.000000,2024-07-17,06:08:00.000000,2024-07-17,0609,0612,III/3
2042298_2024-07-17_06:08:00.000000,2024-07-17,06:08:00.000000,2024-07-17,0609,0612,V/3
2042298_2024-07-17_06:23:00.000000,2024-07-17,06:23:00.000000,2024-07-17,0625,0627,III/1
2042298_2024-07-17_06:38:00.000000,2024-07-17,06:38:00.000000,2024-07-17,0639,0645,II/1    302
2042298_2024-07-17_06:53:00.000000,2024-07-17,06:53:00.000000,2024-07-17,0700,0706,II/1    334
2042298_2024-07-17_07:08:00.000000,2024-07-17,07:08:00.000000,2024-07-17,0722,0746,IV/1
2042298_2024-07-17_07:23:00.000000,2024-07-17,07:23:00.000000,2024-07-17,0722,0746,IV/1
2042298_2024-07-17_07:38:00.000000,2024-07-17,07:38:00.000000,2024-07-17,0722,0746,IV/1
2042298_2024-07-17_14:23:00.000000,2024-07-17,14:23:00.000000,2024-07-17,1429,1430,III/1
2042301_2024-07-17_22:25:00.000000,2024-07-17,22:25:00.000000,2024-07-17,2236,2237,III/2
2042301_2024-07-17_23:40:00.000000,2024-07-17,23:40:00.000000,2024-07-17,2348,2348,III/1
2042301_2024-07-18_00:10:00.000000,2024-07-18,00:10:00.000000,2024-07-18,0019,0019,III/1
2042301_2024-07-18_01:25:00.000000,2024-07-18,01:25:00.000000,2024-07-18,0138,0138,III/1
2042301_2024-07-18_04:25:00.000000,2024-07-18,04:25:00.000000,2024-07-18,0430,0432,III/2
2042304_2024-07-18_05:09:00.000000,2024-07-18,05:09:00.000000,2024-07-18,0512,0513,III/1
2042304_2024-07-18_07:09:00.000000,2024-07-18,07:09:00.000000,2024-07-18,0720,0720,III/1
2042304_2024-07-18_10:54:00.000000,2024-07-18,10:54:00.000000,2024-07-18,1102,1103,III/1
2042304_2024-07-18_12:24:00.000000,2024-07-18,12:24:00.000000,2024-07-18,1226,1226,III/2
2042304_2024-07-18_16:24:00.000000,2024-07-18,16:24:00.000000,2024-07-18,1624,1628,III/1
2042304_2024-07-18_16:24:00.000000,2024-07-18,16:24:00.000000,2024-07-18,1624,1628,III/2
2042307_2024-07-18_20:54:00.000000,2024-07-18,20:54:00.000000,2024-07-18,2102,2106,III/1
2042310_2024-07-19_05:55:00.000000,2024-07-19,05:55:00.000000,2024-07-19,0558,0558,III/2
2042310_2024-07-19_08:10:00.000000,2024-07-19,08:10:00.000000,2024-07-19,0818,0821,III/1
2042310_2024-07-19_12:55:00.000000,2024-07-19,12:55:00.000000,2024-07-19,1258,1300,III/1
2042313_2024-07-20_02:38:00.000000,2024-07-20,02:38:00.000000,2024-07-20,0252,0255,III/1
2042313_2024-07-20_02:53:00.000000,2024-07-20,02:53:00.000000,2024-07-20,0252,0255,III/1
2042316_2024-07-20_05:41:00.000000,2024-07-20,05:41:00.000000,2024-07-20,0545,0646,III/1
2042316_2024-07-20_05:56:00.000000,2024-07-20,05:56:00.000000,2024-07-20,0545,0646,III/1
2042316_2024-07-20_06:11:00.000000,2024-07-20,06:11:00.000000,2024-07-20,0545,0646,III/1
2042316_2024-07-20_06:26:00.000000,2024-07-20,06:26:00.000000,2024-07-20,0545,0646,III/1
2042316_2024-07-20_06:41:00.000000,2024-07-20,06:41:00.000000,2024-07-20,0545,0646,III/1
2042316_2024-07-20_06:41:00.000000,2024-07-20,06:41:00.000000,2024-07-20,0654,0654,III/2
2042316_2024-07-20_09:11:00.000000,2024-07-20,09:11:00.000000,2024-07-20,0921,0924,III/1
2042316_2024-07-20_10:11:00.000000,2024-07-20,10:11:00.000000,2024-07-20,1019,1020,III/1
2042316_2024-07-20_14:26:00.000000,2024-07-20,14:26:00.000000,2024-07-20,1433,1433,III/2
2042316_2024-07-20_15:11:00.000000,2024-07-20,15:11:00.000000,2024-07-20,1520,1522,III/2
2042319_2024-07-20_19:07:00.000000,2024-07-20,19:07:00.000000,2024-07-20,1915,1916,III/1
2042319_2024-07-20_22:07:00.000000,2024-07-20,22:07:00.000000,2024-07-20,2208,2208,III/2
2042319_2024-07-20_23:07:00.000000,2024-07-20,23:07:00.000000,2024-07-20,2308,2311,III/2
2042319_2024-07-21_00:37:00.000000,2024-07-21,00:37:00.000000,2024-07-21,0042,0042,III/1
2042319_2024-07-21_01:52:00.000000,2024-07-21,01:52:00.000000,2024-07-21,0153,0157,V/3
2042319_2024-07-21_01:52:00.000000,2024-07-21,01:52:00.000000,2024-07-21,0153,0157,V/3
2042322_2024-07-21_07:42:00.000000,2024-07-21,07:42:00.000000,2024-07-21,0742,0749,III/1
2042322_2024-07-21_10:27:00.000000,2024-07-21,10:27:00.000000,2024-07-21,1035,1038,III/1
2042322_2024-07-21_11:12:00.000000,2024-07-21,11:12:00.000000,2024-07-21,1120,1123,III/1
2042322_2024-07-21_11:27:00.000000,2024-07-21,11:27:00.000000,2024-07-21,1137,1139,III/1
2042322_2024-07-21_12:27:00.000000,2024-07-21,12:27:00.000000,2024-07-21,1234,1234,III/1
2042322_2024-07-21_12:57:00.000000,2024-07-21,12:57:00.000000,2024-07-21,1309,1311,III/1
2042322_2024-07-21_13:27:00.000000,2024-07-21,13:27:00.000000,2024-07-21,1329,1331,III/2
2042322_2024-07-21_15:57:00.000000,2024-07-21,15:57:00.000000,2024-07-21,1600,1604,III/2
2042322_2024-07-21_16:12:00.000000,2024-07-21,16:12:00.000000,2024-07-21,1620,1629,III/2
2042322_2024-07-21_16:27:00.000000,2024-07-21,16:27:00.000000,2024-07-21,1620,1629,III/2
2042322_2024-07-21_16:12:00.000000,2024-07-21,16:12:00.000000,2024-07-21,1625,1628,II/2    592
2042322_2024-07-21_16:27:00.000000,2024-07-21,16:27:00.000000,2024-07-21,1625,1628,II/2    592
2042322_2024-07-21_17:12:00.000000,2024-07-21,17:12:00.000000,2024-07-21,1723,1723,III/1
2042325_2024-07-21_18:51:00.000000,2024-07-21,18:51:00.000000,2024-07-21,1902,1904,III/1
2042325_2024-07-21_19:36:00.000000,2024-07-21,19:36:00.000000,2024-07-21,1942,1943,III/2
2042325_2024-07-22_01:21:00.000000,2024-07-22,01:21:00.000000,2024-07-22,0130,0131,III/1
2042325_2024-07-22_01:51:00.000000,2024-07-22,01:51:00.000000,2024-07-22,0201,0202,III/1
2042325_2024-07-22_03:06:00.000000,2024-07-22,03:06:00.000000,2024-07-22,0310,0311,III/2
2042328_2024-07-22_05:43:00.000000,2024-07-22,05:43:00.000000,2024-07-22,0554,0555,III/2
2042328_2024-07-22_09:13:00.000000,2024-07-22,09:13:00.000000,2024-07-22,0917,0919,III/1
2042328_2024-07-22_09:13:00.000000,2024-07-22,09:13:00.000000,2024-07-22,0917,0919,V/2
2042328_2024-07-22_09:13:00.000000,2024-07-22,09:13:00.000000,2024-07-22,0926,0931,II/2    536
2042328_2024-07-22_09:28:00.000000,2024-07-22,09:28:00.000000,2024-07-22,0926,0931,II/2    536
2042328_2024-07-22_10:58:00.000000,2024-07-22,10:58:00.000000,2024-07-22,1100,1102,III/1
2042328_2024-07-22_12:58:00.000000,2024-07-22,12:58:00.000000,2024-07-22,1303,1305,III/2
2042328_2024-07-22_14:43:00.000000,2024-07-22,14:43:00.000000,2024-07-22,1457,1458,III/2
2042328_2024-07-22_17:58:00.000000,2024-07-22,17:58:00.000000,2024-07-22,1812,1814,III/1
2042337_2024-07-23_20:34:00.000000,2024-07-23,20:34:00.000000,2024-07-23,2035,2042,III/1
2042337_2024-07-23_23:19:00.000000,2024-07-23,23:19:00.000000,2024-07-23,2324,2324,III/1
2042340_2024-07-24_05:46:00.000000,2024-07-24,05:46:00.000000,2024-07-24,0555,0556,III/1
2042340_2024-07-24_06:46:00.000000,2024-07-24,06:46:00.000000,2024-07-24,0654,0659,III/2
2042340_2024-07-24_07:31:00.000000,2024-07-24,07:31:00.000000,2024-07-24,0732,0738,III/3
2042340_2024-07-24_07:31:00.000000,2024-07-24,07:31:00.000000,2024-07-24,0732,0740,V/3
2042340_2024-07-24_07:31:00.000000,2024-07-24,07:31:00.000000,2024-07-24,0744,0759,IV/2
2042340_2024-07-24_07:46:00.000000,2024-07-24,07:46:00.000000,2024-07-24,0744,0759,IV/2
2042340_2024-07-24_07:31:00.000000,2024-07-24,07:31:00.000000,2024-07-24,0745,0802,II/2    404
2042340_2024-07-24_07:46:00.000000,2024-07-24,07:46:00.000000,2024-07-24,0745,0802,II/2    404
2042340_2024-07-24_08:01:00.000000,2024-07-24,08:01:00.000000,2024-07-24,0745,0802,II/2    404
2042340_2024-07-24_10:46:00.000000,2024-07-24,10:46:00.000000,2024-07-24,1046,1053,III/2
2042340_2024-07-24_11:16:00.000000,2024-07-24,11:16:00.000000,2024-07-24,1117,1120,III/1
2042340_2024-07-24_11:46:00.000000,2024-07-24,11:46:00.000000,2024-07-24,1151,1156,III/2
2042340_2024-07-24_12:46:00.000000,2024-07-24,12:46:00.000000,2024-07-24,1249,1259,III/2
2042340_2024-07-24_14:01:00.000000,2024-07-24,14:01:00.000000,2024-07-24,1407,1411,III/1
2042340_2024-07-24_16:46:00.000000,2024-07-24,16:46:00.000000,2024-07-24,1649,1650,III/1
2042340_2024-07-24_17:01:00.000000,2024-07-24,17:01:00.000000,2024-07-24,1714,1721,III/3
2042340_2024-07-24_17:16:00.000000,2024-07-24,17:16:00.000000,2024-07-24,1714,1721,III/3
2042340_2024-07-24_17:16:00.000000,2024-07-24,17:16:00.000000,2024-07-24,1726,1737,II/2    665
2042340_2024-07-24_17:31:00.000000,2024-07-24,17:31:00.000000,2024-07-24,1726,1737,II/2    665
2042352_2024-07-26_05:18:00.000000,2024-07-26,05:18:00.000000,2024-07-26,0531,0533,III/1
2042352_2024-07-26_08:33:00.000000,2024-07-26,08:33:00.000000,2024-07-26,0833,0850,III/2
2042352_2024-07-26_08:48:00.000000,2024-07-26,08:48:00.000000,2024-07-26,0833,0850,III/2
2042352_2024-07-26_16:48:00.000000,2024-07-26,16:48:00.000000,2024-07-26,1651,1652,III/1
2042352_2024-07-26_17:18:00.000000,2024-07-26,17:18:00.000000,2024-07-26,1721,1722,III/2
2042352_2024-07-26_17:33:00.000000,2024-07-26,17:33:00.000000,2024-07-26,1733,1736,III/1
2042355_2024-07-26_21:00:00.000000,2024-07-26,21:00:00.000000,2024-07-26,2103,2114,III/2
2042355_2024-07-26_21:15:00.000000,2024-07-26,21:15:00.000000,2024-07-26,2118,2121,III/2
2042355_2024-07-26_21:30:00.000000,2024-07-26,21:30:00.000000,2024-07-26,2130,2131,III/3
2042355_2024-07-26_23:15:00.000000,2024-07-26,23:15:00.000000,2024-07-26,2319,2319,III/1
2042355_2024-07-27_00:15:00.000000,2024-07-27,00:15:00.000000,2024-07-27,0016,0016,III/1
2042355_2024-07-27_00:15:00.000000,2024-07-27,00:15:00.000000,2024-07-27,0029,0030,III/2
2042355_2024-07-27_00:15:00.000000,2024-07-27,00:15:00.000000,2024-07-27,0029,0030,V/2
2042355_2024-07-27_01:30:00.000000,2024-07-27,01:30:00.000000,2024-07-27,0136,0139,III/2
2042355_2024-07-27_04:30:00.000000,2024-07-27,04:30:00.000000,2024-07-27,0433,0451,II/2    217
2042355_2024-07-27_04:45:00.000000,2024-07-27,04:45:00.000000,2024-07-27,0433,0451,II/2    217
2042355_2024-07-27_04:30:00.000000,2024-07-27,04:30:00.000000,2024-07-27,0439,0445,III/3
2042358_2024-07-27_05:34:00.000000,2024-07-27,05:34:00.000000,2024-07-27,0546,0556,II/2    258
2042358_2024-07-27_05:49:00.000000,2024-07-27,05:49:00.000000,2024-07-27,0546,0556,II/2    258
2042358_2024-07-27_06:34:00.000000,2024-07-27,06:34:00.000000,2024-07-27,0643,0936,IV/1
2042358_2024-07-27_06:49:00.000000,2024-07-27,06:49:00.000000,2024-07-27,0643,0936,IV/1
2042358_2024-07-27_07:04:00.000000,2024-07-27,07:04:00.000000,2024-07-27,0643,0936,IV/1
2042358_2024-07-27_07:19:00.000000,2024-07-27,07:19:00.000000,2024-07-27,0643,0936,IV/1
2042358_2024-07-27_07:34:00.000000,2024-07-27,07:34:00.000000,2024-07-27,0643,0936,IV/1
2042358_2024-07-27_07:49:00.000000,2024-07-27,07:49:00.000000,2024-07-27,0643,0936,IV/1
2042358_2024-07-27_06:49:00.000000,2024-07-27,06:49:00.000000,2024-07-27,0653,0655,III/2
2042358_2024-07-27_09:34:00.000000,2024-07-27,09:34:00.000000,2024-07-27,0941,0944,III/1
2042358_2024-07-27_10:49:00.000000,2024-07-27,10:49:00.000000,2024-07-27,1049,1052,III/2
2042358_2024-07-27_17:49:00.000000,2024-07-27,17:49:00.000000,2024-07-27,1800,1802,III/2
2042361_2024-07-27_20:44:00.000000,2024-07-27,20:44:00.000000,2024-07-27,2045,2048,III/2
2042361_2024-07-28_01:44:00.000000,2024-07-28,01:44:00.000000,2024-07-28,0151,0209,II/3    1053
2042361_2024-07-28_01:59:00.000000,2024-07-28,01:59:00.000000,2024-07-28,0151,0209,II/3    1053
2042364_2024-07-28_06:36:00.000000,2024-07-28,06:36:00.000000,2024-07-28,0646,0648,III/3
2042364_2024-07-28_10:36:00.000000,2024-07-28,10:36:00.000000,2024-07-28,1039,1042,III/2
2042367_2024-07-28_18:13:00.000000,2024-07-28,18:13:00.000000,2024-07-28,1811,1817,III/3
2042367_2024-07-29_02:28:00.000000,2024-07-29,02:28:00.000000,2024-07-29,0236,0239,II/2    535
2042370_2024-07-29_05:07:00.000000,2024-07-29,05:07:00.000000,2024-07-29,0514,0518,III/2
2042370_2024-07-29_05:52:00.000000,2024-07-29,05:52:00.000000,2024-07-29,0600,0601,III/2
2042370_2024-07-29_08:07:00.000000,2024-07-29,08:07:00.000000,2024-07-29,0819,0819,III/1
2042370_2024-07-29_09:37:00.000000,2024-07-29,09:37:00.000000,2024-07-29,0944,0944,III/1
2042370_2024-07-29_12:37:00.000000,2024-07-29,12:37:00.000000,2024-07-29,1249,1258,III/3
2042370_2024-07-29_12:52:00.000000,2024-07-29,12:52:00.000000,2024-07-29,1249,1258,III/3
2042370_2024-07-29_12:52:00.000000,2024-07-29,12:52:00.000000,2024-07-29,1300,1312,II/2    567
2042370_2024-07-29_13:07:00.000000,2024-07-29,13:07:00.000000,2024-07-29,1300,1312,II/2    567
2042370_2024-07-29_13:07:00.000000,2024-07-29,13:07:00.000000,2024-07-29,1316,1328,IV/1
2042370_2024-07-29_13:22:00.000000,2024-07-29,13:22:00.000000,2024-07-29,1316,1328,IV/1
2042370_2024-07-29_14:07:00.000000,2024-07-29,14:07:00.000000,2024-07-29,1421,1645,IV/2
2042370_2024-07-29_14:22:00.000000,2024-07-29,14:22:00.000000,2024-07-29,1421,1645,IV/2
2042370_2024-07-29_14:37:00.000000,2024-07-29,14:37:00.000000,2024-07-29,1421,1645,IV/2
2042370_2024-07-29_14:52:00.000000,2024-07-29,14:52:00.000000,2024-07-29,1421,1645,IV/2
2042370_2024-07-29_15:07:00.000000,2024-07-29,15:07:00.000000,2024-07-29,1421,1645,IV/2
2042370_2024-07-29_15:22:00.000000,2024-07-29,15:22:00.000000,2024-07-29,1421,1645,IV/2
2042370_2024-07-29_17:22:00.000000,2024-07-29,17:22:00.000000,2024-07-29,1722,1725,III/3
2042373_2024-07-29_22:11:00.000000,2024-07-29,22:11:00.000000,2024-07-29,2217,2218,III/1
2043581_2024-07-31_17:07:00.000000,2024-07-31,17:07:00.000000,2024-07-31,1710,1711,III/3
2043542_2024-07-31_18:09:00.000000,2024-07-31,18:09:00.000000,2024-07-31,1819,1829,II/2    682
2043542_2024-07-31_18:24:00.000000,2024-07-31,18:24:00.000000,2024-07-31,1819,1829,II/2    682
2043542_2024-07-31_18:09:00.000000,2024-07-31,18:09:00.000000,2024-07-31,1820,1831,III/2
2043542_2024-07-31_18:24:00.000000,2024-07-31,18:24:00.000000,2024-07-31,1820,1831,III/2
2043542_2024-07-31_18:24:00.000000,2024-07-31,18:24:00.000000,2024-07-31,1827,1915,IV/2
2043542_2024-07-31_18:39:00.000000,2024-07-31,18:39:00.000000,2024-07-31,1827,1915,IV/2
2043542_2024-07-31_18:54:00.000000,2024-07-31,18:54:00.000000,2024-07-31,1827,1915,IV/2
2043542_2024-07-31_19:09:00.000000,2024-07-31,19:09:00.000000,2024-07-31,1827,1915,IV/2
2043542_2024-07-31_21:39:00.000000,2024-07-31,21:39:00.000000,2024-07-31,2148,2149,III/2
2043542_2024-07-31_23:09:00.000000,2024-07-31,23:09:00.000000,2024-07-31,2319,2320,III/2
2043542_2024-08-01_00:39:00.000000,2024-08-01,00:39:00.000000,2024-08-01,0049,0050,III/1
2043542_2024-08-01_01:39:00.000000,2024-08-01,01:39:00.000000,2024-08-01,0147,0151,V/3
2043542_2024-08-01_02:39:00.000000,2024-08-01,02:39:00.000000,2024-08-01,0249,0250,III/2
2043542_2024-08-01_04:39:00.000000,2024-08-01,04:39:00.000000,2024-08-01,0439,0440,III/2
2043542_2024-08-01_04:39:00.000000,2024-08-01,04:39:00.000000,2024-08-01,0448,0448,III/1
2043545_2024-08-01_05:41:00.000000,2024-08-01,05:41:00.000000,2024-08-01,0555,0555,III/2
2043545_2024-08-01_06:41:00.000000,2024-08-01,06:41:00.000000,2024-08-01,0652,0652,III/1
2043545_2024-08-01_06:56:00.000000,2024-08-01,06:56:00.000000,2024-08-01,0701,0709,III/2
2043545_2024-08-01_06:56:00.000000,2024-08-01,06:56:00.000000,2024-08-01,0708,0755,IV/2
2043545_2024-08-01_07:11:00.000000,2024-08-01,07:11:00.000000,2024-08-01,0708,0755,IV/2
2043545_2024-08-01_07:26:00.000000,2024-08-01,07:26:00.000000,2024-08-01,0708,0755,IV/2
2043545_2024-08-01_07:41:00.000000,2024-08-01,07:41:00.000000,2024-08-01,0708,0755,IV/2
2043545_2024-08-01_07:11:00.000000,2024-08-01,07:11:00.000000,2024-08-01,0712,0715,II/2    739
2043545_2024-08-01_07:56:00.000000,2024-08-01,07:56:00.000000,2024-08-01,0806,0807,III/1
2043545_2024-08-01_12:11:00.000000,2024-08-01,12:11:00.000000,2024-08-01,1213,1215,III/2
2043545_2024-08-01_13:41:00.000000,2024-08-01,13:41:00.000000,2024-08-01,1354,1354,III/1
2043548_2024-08-02_00:37:00.000000,2024-08-02,00:37:00.000000,2024-08-02,0043,0045,III/2
2043548_2024-08-02_00:52:00.000000,2024-08-02,00:52:00.000000,2024-08-02,0052,0056,III/1
2043548_2024-08-02_01:37:00.000000,2024-08-02,01:37:00.000000,2024-08-02,0148,0150,III/1
2043548_2024-08-02_02:22:00.000000,2024-08-02,02:22:00.000000,2024-08-02,0233,0240,III/2
2043548_2024-08-02_02:37:00.000000,2024-08-02,02:37:00.000000,2024-08-02,0233,0240,III/2
2043548_2024-08-02_03:52:00.000000,2024-08-02,03:52:00.000000,2024-08-02,0354,0356,III/1
2043548_2024-08-02_04:22:00.000000,2024-08-02,04:22:00.000000,2024-08-02,0428,0431,III/2
2043548_2024-08-02_04:37:00.000000,2024-08-02,04:37:00.000000,2024-08-02,0440,0441,III/1
2043548_2024-08-02_04:37:00.000000,2024-08-02,04:37:00.000000,2024-08-02,0449,0459,II/2    438
2043548_2024-08-02_04:52:00.000000,2024-08-02,04:52:00.000000,2024-08-02,0449,0459,II/2    438
2043548_2024-08-02_04:37:00.000000,2024-08-02,04:37:00.000000,2024-08-02,0449,0459,II/2    516
2043548_2024-08-02_04:52:00.000000,2024-08-02,04:52:00.000000,2024-08-02,0449,0459,II/2    516
2043548_2024-08-02_04:52:00.000000,2024-08-02,04:52:00.000000,2024-08-02,0452,0700,IV/1
2043551_2024-08-02_05:12:00.000000,2024-08-02,05:12:00.000000,2024-08-02,0452,0700,IV/1
2043551_2024-08-02_05:27:00.000000,2024-08-02,05:27:00.000000,2024-08-02,0452,0700,IV/1
2043551_2024-08-02_05:42:00.000000,2024-08-02,05:42:00.000000,2024-08-02,0452,0700,IV/1
2043551_2024-08-02_05:57:00.000000,2024-08-02,05:57:00.000000,2024-08-02,0452,0700,IV/1
2043551_2024-08-02_06:12:00.000000,2024-08-02,06:12:00.000000,2024-08-02,0452,0700,IV/1
2043551_2024-08-02_07:42:00.000000,2024-08-02,07:42:00.000000,2024-08-02,0750,0758,III/1
2043551_2024-08-02_07:57:00.000000,2024-08-02,07:57:00.000000,2024-08-02,0750,0758,III/1
2043551_2024-08-02_07:57:00.000000,2024-08-02,07:57:00.000000,2024-08-02,0758,0758,III/1
2043551_2024-08-02_11:12:00.000000,2024-08-02,11:12:00.000000,2024-08-02,1117,1120,III/1
2043551_2024-08-02_12:57:00.000000,2024-08-02,12:57:00.000000,2024-08-02,1258,1300,III/1
2043551_2024-08-02_15:42:00.000000,2024-08-02,15:42:00.000000,2024-08-02,1545,1546,III/1
2043551_2024-08-02_16:27:00.000000,2024-08-02,16:27:00.000000,2024-08-02,1634,1635,III/1
2043551_2024-08-02_17:27:00.000000,2024-08-02,17:27:00.000000,2024-08-02,1736,1737,III/1
2043554_2024-08-02_19:36:00.000000,2024-08-02,19:36:00.000000,2024-08-02,1950,1956,III/1
2043554_2024-08-02_19:51:00.000000,2024-08-02,19:51:00.000000,2024-08-02,1950,1956,III/1
2043554_2024-08-03_01:06:00.000000,2024-08-03,01:06:00.000000,2024-08-03,0113,0116,III/1
2043554_2024-08-03_03:36:00.000000,2024-08-03,03:36:00.000000,2024-08-03,0339,0339,III/1
2043557_2024-08-03_14:43:00.000000,2024-08-03,14:43:00.000000,2024-08-03,1453,1455,III/2
2043557_2024-08-03_15:43:00.000000,2024-08-03,15:43:00.000000,2024-08-03,1544,1544,III/1
2043560_2024-08-03_18:34:00.000000,2024-08-03,18:34:00.000000,2024-08-03,1835,1837,III/1
2043560_2024-08-03_18:34:00.000000,2024-08-03,18:34:00.000000,2024-08-03,1837,1838,III/1
2043560_2024-08-04_04:19:00.000000,2024-08-04,04:19:00.000000,2024-08-04,0432,0433,III/1
2043563_2024-08-04_05:30:00.000000,2024-08-04,05:30:00.000000,2024-08-04,0540,0541,III/1
2043563_2024-08-04_07:45:00.000000,2024-08-04,07:45:00.000000,2024-08-04,0756,0756,III/2
2043563_2024-08-04_08:45:00.000000,2024-08-04,08:45:00.000000,2024-08-04,0845,0851,III/2
2043563_2024-08-04_09:45:00.000000,2024-08-04,09:45:00.000000,2024-08-04,0959,1000,III/1
2043563_2024-08-04_11:30:00.000000,2024-08-04,11:30:00.000000,2024-08-04,1143,1143,III/1
2043563_2024-08-04_15:00:00.000000,2024-08-04,15:00:00.000000,2024-08-04,1512,1517,V/3
2043563_2024-08-04_15:15:00.000000,2024-08-04,15:15:00.000000,2024-08-04,1512,1517,V/3
2043563_2024-08-04_15:00:00.000000,2024-08-04,15:00:00.000000,2024-08-04,1512,1515,III/3
2043563_2024-08-04_17:30:00.000000,2024-08-04,17:30:00.000000,2024-08-04,1741,1747,III/2
2043563_2024-08-04_17:45:00.000000,2024-08-04,17:45:00.000000,2024-08-04,1741,1747,III/2
2043566_2024-08-04_22:03:00.000000,2024-08-04,22:03:00.000000,2024-08-04,2208,2212,V/2
2043566_2024-08-04_22:03:00.000000,2024-08-04,22:03:00.000000,2024-08-04,2208,2230,II/3    472
2043566_2024-08-04_22:18:00.000000,2024-08-04,22:18:00.000000,2024-08-04,2208,2230,II/3    472
2043566_2024-08-04_22:03:00.000000,2024-08-04,22:03:00.000000,2024-08-04,2208,2214,III/3
2043566_2024-08-05_02:18:00.000000,2024-08-05,02:18:00.000000,2024-08-05,0230,0245,II/2    314
2043566_2024-08-05_02:33:00.000000,2024-08-05,02:33:00.000000,2024-08-05,0230,0245,II/2    314
2043569_2024-08-05_05:16:00.000000,2024-08-05,05:16:00.000000,2024-08-05,0520,0524,III/3
2043569_2024-08-05_05:16:00.000000,2024-08-05,05:16:00.000000,2024-08-05,0524,0545,II/3    443
2043569_2024-08-05_05:31:00.000000,2024-08-05,05:31:00.000000,2024-08-05,0524,0545,II/3    443
2043569_2024-08-05_08:46:00.000000,2024-08-05,08:46:00.000000,2024-08-05,0858,0900,V/3
2043569_2024-08-05_08:46:00.000000,2024-08-05,08:46:00.000000,2024-08-05,0858,0859,III/3
2043569_2024-08-05_10:16:00.000000,2024-08-05,10:16:00.000000,2024-08-05,1022,1022,III/1
2043569_2024-08-05_12:01:00.000000,2024-08-05,12:01:00.000000,2024-08-05,1214,1217,V/2
2043569_2024-08-05_12:16:00.000000,2024-08-05,12:16:00.000000,2024-08-05,1214,1217,V/2
2043569_2024-08-05_13:01:00.000000,2024-08-05,13:01:00.000000,2024-08-05,1311,1311,III/1
2043569_2024-08-05_13:16:00.000000,2024-08-05,13:16:00.000000,2024-08-05,1329,1330,III/1
2043569_2024-08-05_13:31:00.000000,2024-08-05,13:31:00.000000,2024-08-05,1331,1345,II/2    171
2043569_2024-08-05_14:16:00.000000,2024-08-05,14:16:00.000000,2024-08-05,1418,1419,III/2
2043569_2024-08-05_15:16:00.000000,2024-08-05,15:16:00.000000,2024-08-05,1523,1531,V/3
2043569_2024-08-05_15:16:00.000000,2024-08-05,15:16:00.000000,2024-08-05,1530,1556,II/2    925
2043569_2024-08-05_15:31:00.000000,2024-08-05,15:31:00.000000,2024-08-05,1530,1556,II/2    925
2043569_2024-08-05_15:46:00.000000,2024-08-05,15:46:00.000000,2024-08-05,1530,1556,II/2    925
2043569_2024-08-05_16:46:00.000000,2024-08-05,16:46:00.000000,2024-08-05,1655,1714,III/2
2043569_2024-08-05_17:01:00.000000,2024-08-05,17:01:00.000000,2024-08-05,1655,1714,III/2
2043572_2024-08-05_18:31:00.000000,2024-08-05,18:31:00.000000,2024-08-05,1835,1839,III/2
2043572_2024-08-05_19:16:00.000000,2024-08-05,19:16:00.000000,2024-08-05,1922,1923,III/2
2043572_2024-08-05_19:46:00.000000,2024-08-05,19:46:00.000000,2024-08-05,1956,1957,III/2
2043572_2024-08-05_20:46:00.000000,2024-08-05,20:46:00.000000,2024-08-05,2048,2049,III/2
2043572_2024-08-05_23:01:00.000000,2024-08-05,23:01:00.000000,2024-08-05,2301,2306,III/1
2043572_2024-08-05_23:16:00.000000,2024-08-05,23:16:00.000000,2024-08-05,2319,2320,III/1
2043572_2024-08-06_04:31:00.000000,2024-08-06,04:31:00.000000,2024-08-06,0441,0450,III/1
2043572_2024-08-06_04:46:00.000000,2024-08-06,04:46:00.000000,2024-08-06,0441,0450,III/1
2043575_2024-08-06_05:33:00.000000,2024-08-06,05:33:00.000000,2024-08-06,0537,0538,III/2
2043575_2024-08-06_06:03:00.000000,2024-08-06,06:03:00.000000,2024-08-06,0612,0617,V/3
2043575_2024-08-06_08:33:00.000000,2024-08-06,08:33:00.000000,2024-08-06,0843,0846,III/3
2043575_2024-08-06_09:18:00.000000,2024-08-06,09:18:00.000000,2024-08-06,0929,0930,III/2
2043575_2024-08-06_09:48:00.000000,2024-08-06,09:48:00.000000,2024-08-06,1002,1003,III/1
2043578_2024-08-06_22:14:00.000000,2024-08-06,22:14:00.000000,2024-08-06,2222,2225,III/3
2043578_2024-08-06_22:14:00.000000,2024-08-06,22:14:00.000000,2024-08-06,2223,2226,V/3
2043578_2024-08-06_22:59:00.000000,2024-08-06,22:59:00.000000,2024-08-06,2312,2316,III/2
2043578_2024-08-06_23:14:00.000000,2024-08-06,23:14:00.000000,2024-08-06,2312,2316,III/2
2043578_2024-08-07_02:14:00.000000,2024-08-07,02:14:00.000000,2024-08-07,0223,0226,III/3
2043578_2024-08-07_02:14:00.000000,2024-08-07,02:14:00.000000,2024-08-07,0228,0248,II/2    370
2043578_2024-08-07_02:29:00.000000,2024-08-07,02:29:00.000000,2024-08-07,0228,0248,II/2    370
2043578_2024-08-07_02:44:00.000000,2024-08-07,02:44:00.000000,2024-08-07,0228,0248,II/2    370
2043578_2024-08-07_04:14:00.000000,2024-08-07,04:14:00.000000,2024-08-07,0424,0425,III/1
2043991_2024-08-07_10:30:00.000000,2024-08-07,10:30:00.000000,2024-08-07,1033,1039,III/1
2043991_2024-08-07_13:30:00.000000,2024-08-07,13:30:00.000000,2024-08-07,1333,1335,III/2
2043991_2024-08-07_13:45:00.000000,2024-08-07,13:45:00.000000,2024-08-07,1352,1409,II/2    305
2043991_2024-08-07_14:00:00.000000,2024-08-07,14:00:00.000000,2024-08-07,1352,1409,II/2    305
2043991_2024-08-07_15:00:00.000000,2024-08-07,15:00:00.000000,2024-08-07,1504,1508,III/1
2043991_2024-08-07_15:45:00.000000,2024-08-07,15:45:00.000000,2024-08-07,1545,1550,III/2
2043841_2024-08-07_18:28:00.000000,2024-08-07,18:28:00.000000,2024-08-07,1839,1844,III/2
2043841_2024-08-07_18:43:00.000000,2024-08-07,18:43:00.000000,2024-08-07,1839,1844,III/2
2043841_2024-08-07_18:43:00.000000,2024-08-07,18:43:00.000000,2024-08-07,1848,1911,II/2    792
2043841_2024-08-07_18:58:00.000000,2024-08-07,18:58:00.000000,2024-08-07,1848,1911,II/2    792
2043841_2024-08-07_20:28:00.000000,2024-08-07,20:28:00.000000,2024-08-07,2041,2043,III/2
2043841_2024-08-08_00:43:00.000000,2024-08-08,00:43:00.000000,2024-08-08,0043,0047,III/1
2043841_2024-08-08_03:58:00.000000,2024-08-08,03:58:00.000000,2024-08-08,0408,0411,III/2
2043844_2024-08-08_05:50:00.000000,2024-08-08,05:50:00.000000,2024-08-08,0552,0553,III/2
2043844_2024-08-08_06:20:00.000000,2024-08-08,06:20:00.000000,2024-08-08,0630,0634,III/3
2043844_2024-08-08_06:20:00.000000,2024-08-08,06:20:00.000000,2024-08-08,0632,0634,III/3
2043844_2024-08-08_07:05:00.000000,2024-08-08,07:05:00.000000,2024-08-08,0707,0707,III/2
2043844_2024-08-08_07:05:00.000000,2024-08-08,07:05:00.000000,2024-08-08,0718,0719,III/1
2043844_2024-08-08_07:35:00.000000,2024-08-08,07:35:00.000000,2024-08-08,0735,0738,III/1
2043844_2024-08-08_07:50:00.000000,2024-08-08,07:50:00.000000,2024-08-08,0757,0759,III/1
2043844_2024-08-08_10:05:00.000000,2024-08-08,10:05:00.000000,2024-08-08,1016,1018,III/1
2043847_2024-08-08_19:11:00.000000,2024-08-08,19:11:00.000000,2024-08-08,1923,1932,III/2
2043847_2024-08-08_19:26:00.000000,2024-08-08,19:26:00.000000,2024-08-08,1923,1932,III/2
2043847_2024-08-08_19:26:00.000000,2024-08-08,19:26:00.000000,2024-08-08,1929,1935,II/2    1026
2043847_2024-08-08_19:56:00.000000,2024-08-08,19:56:00.000000,2024-08-08,2005,2015,II/2    359
2043847_2024-08-08_20:11:00.000000,2024-08-08,20:11:00.000000,2024-08-08,2005,2015,II/2    359
2043847_2024-08-09_00:11:00.000000,2024-08-09,00:11:00.000000,2024-08-09,0018,0021,V/3
2043850_2024-08-09_07:22:00.000000,2024-08-09,07:22:00.000000,2024-08-09,0727,0732,V/3
2043850_2024-08-09_07:22:00.000000,2024-08-09,07:22:00.000000,2024-08-09,0727,0731,III/3
2043850_2024-08-09_08:22:00.000000,2024-08-09,08:22:00.000000,2024-08-09,0825,0827,III/2
2043850_2024-08-09_09:37:00.000000,2024-08-09,09:37:00.000000,2024-08-09,0949,0949,III/1
2043850_2024-08-09_10:07:00.000000,2024-08-09,10:07:00.000000,2024-08-09,1021,1022,III/1
2043850_2024-08-09_11:52:00.000000,2024-08-09,11:52:00.000000,2024-08-09,1157,1204,III/3
2043850_2024-08-09_12:07:00.000000,2024-08-09,12:07:00.000000,2024-08-09,1208,1221,II/2    786
2043850_2024-08-09_14:37:00.000000,2024-08-09,14:37:00.000000,2024-08-09,1444,1447,III/2
2043850_2024-08-09_15:07:00.000000,2024-08-09,15:07:00.000000,2024-08-09,1508,1510,III/2
2043850_2024-08-09_15:37:00.000000,2024-08-09,15:37:00.000000,2024-08-09,1540,1542,III/1
2043853_2024-08-09_19:39:00.000000,2024-08-09,19:39:00.000000,2024-08-09,1950,2000,III/2
2043853_2024-08-09_19:54:00.000000,2024-08-09,19:54:00.000000,2024-08-09,1950,2000,III/2
2043853_2024-08-09_20:39:00.000000,2024-08-09,20:39:00.000000,2024-08-09,2048,2052,III/2
2043853_2024-08-09_21:24:00.000000,2024-08-09,21:24:00.000000,2024-08-09,2124,2129,II/2    606
2043853_2024-08-09_22:54:00.000000,2024-08-09,22:54:00.000000,2024-08-09,2304,2359,IV/1
2043853_2024-08-09_23:09:00.000000,2024-08-09,23:09:00.000000,2024-08-09,2304,2359,IV/1
2043853_2024-08-09_23:24:00.000000,2024-08-09,23:24:00.000000,2024-08-09,2304,2359,IV/1
2043853_2024-08-09_23:39:00.000000,2024-08-09,23:39:00.000000,2024-08-09,2304,2359,IV/1
2043853_2024-08-09_23:54:00.000000,2024-08-09,23:54:00.000000,2024-08-09,2304,2359,IV/1
2043853_2024-08-09_23:09:00.000000,2024-08-09,23:09:00.000000,2024-08-09,2310,2310,III/2
2043856_2024-08-10_09:08:00.000000,2024-08-10,09:08:00.000000,2024-08-10,0918,0919,III/1
2043856_2024-08-10_16:38:00.000000,2024-08-10,16:38:00.000000,2024-08-10,1651,1700,III/1
2043856_2024-08-10_16:53:00.000000,2024-08-10,16:53:00.000000,2024-08-10,1651,1700,III/1
2043856_2024-08-10_17:08:00.000000,2024-08-10,17:08:00.000000,2024-08-10,1716,1716,III/1
2043856_2024-08-10_17:23:00.000000,2024-08-10,17:23:00.000000,2024-08-10,1729,1735,III/1
2043859_2024-08-10_20:53:00.000000,2024-08-10,20:53:00.000000,2024-08-10,2100,2101,III/2
2043859_2024-08-10_22:38:00.000000,2024-08-10,22:38:00.000000,2024-08-10,2248,2249,III/2
2043859_2024-08-11_02:38:00.000000,2024-08-11,02:38:00.000000,2024-08-11,0248,0250,III/3
2043865_2024-08-12_00:36:00.000000,2024-08-12,00:36:00.000000,2024-08-12,0038,0043,III/2
2043865_2024-08-12_04:21:00.000000,2024-08-12,04:21:00.000000,2024-08-12,0426,0432,III/2
2043868_2024-08-12_07:56:00.000000,2024-08-12,07:56:00.000000,2024-08-12,0809,0809,III/2
2043868_2024-08-12_09:26:00.000000,2024-08-12,09:26:00.000000,2024-08-12,0938,0939,III/1
2043868_2024-08-12_13:56:00.000000,2024-08-12,13:56:00.000000,2024-08-12,1402,1403,III/2
2043871_2024-08-12_18:19:00.000000,2024-08-12,18:19:00.000000,2024-08-12,1829,1830,III/2
2043871_2024-08-12_18:34:00.000000,2024-08-12,18:34:00.000000,2024-08-12,1836,1838,V/2
2043871_2024-08-13_02:34:00.000000,2024-08-13,02:34:00.000000,2024-08-13,0247,0255,III/1
2043871_2024-08-13_02:49:00.000000,2024-08-13,02:49:00.000000,2024-08-13,0247,0255,III/1
2043871_2024-08-13_02:49:00.000000,2024-08-13,02:49:00.000000,2024-08-13,0255,0255,III/1
2043871_2024-08-13_03:49:00.000000,2024-08-13,03:49:00.000000,2024-08-13,0401,0402,III/1
2043874_2024-08-13_06:58:00.000000,2024-08-13,06:58:00.000000,2024-08-13,0700,0701,III/2
2043874_2024-08-13_07:58:00.000000,2024-08-13,07:58:00.000000,2024-08-13,0802,0803,III/2
2043874_2024-08-13_11:58:00.000000,2024-08-13,11:58:00.000000,2024-08-13,1159,1159,III/1
2043874_2024-08-13_14:43:00.000000,2024-08-13,14:43:00.000000,2024-08-13,1449,1450,III/1
2043874_2024-08-13_15:58:00.000000,2024-08-13,15:58:00.000000,2024-08-13,1609,1611,III/2
2043874_2024-08-13_17:13:00.000000,2024-08-13,17:13:00.000000,2024-08-13,1722,1724,III/1
2044342_2024-08-14_06:50:00.000000,2024-08-14,06:50:00.000000,2024-08-14,0649,0700,II/2    516
2044342_2024-08-14_07:50:00.000000,2024-08-14,07:50:00.000000,2024-08-14,0755,0756,III/2
2044342_2024-08-14_08:05:00.000000,2024-08-14,08:05:00.000000,2024-08-14,0819,0819,III/2
2044342_2024-08-14_13:20:00.000000,2024-08-14,13:20:00.000000,2024-08-14,1332,1333,III/1
2044342_2024-08-14_15:35:00.000000,2024-08-14,15:35:00.000000,2024-08-14,1535,1536,III/1
2044342_2024-08-14_15:35:00.000000,2024-08-14,15:35:00.000000,2024-08-14,1546,1547,III/2
2043883_2024-08-15_03:30:00.000000,2024-08-15,03:30:00.000000,2024-08-15,0333,0334,III/2
2043886_2024-08-15_06:16:00.000000,2024-08-15,06:16:00.000000,2024-08-15,0619,0622,III/2
2043886_2024-08-15_11:46:00.000000,2024-08-15,11:46:00.000000,2024-08-15,1149,1150,III/1
2043889_2024-08-16_04:44:00.000000,2024-08-16,04:44:00.000000,2024-08-16,0444,0452,III/1
2043892_2024-08-16_11:02:00.000000,2024-08-16,11:02:00.000000,2024-08-16,1108,1109,III/1
2043892_2024-08-16_12:47:00.000000,2024-08-16,12:47:00.000000,2024-08-16,1257,1305,III/1
2043892_2024-08-16_13:02:00.000000,2024-08-16,13:02:00.000000,2024-08-16,1257,1305,III/1
2043892_2024-08-16_13:17:00.000000,2024-08-16,13:17:00.000000,2024-08-16,1317,1321,III/2
2043892_2024-08-16_14:17:00.000000,2024-08-16,14:17:00.000000,2024-08-16,1420,1420,III/1
2043895_2024-08-17_00:27:00.000000,2024-08-17,00:27:00.000000,2024-08-17,0036,0037,III/1
2043898_2024-08-17_07:03:00.000000,2024-08-17,07:03:00.000000,2024-08-17,0715,0716,III/2
2043898_2024-08-17_07:18:00.000000,2024-08-17,07:18:00.000000,2024-08-17,0732,0732,III/2
2043898_2024-08-17_10:18:00.000000,2024-08-17,10:18:00.000000,2024-08-17,1027,1031,III/2
2043898_2024-08-17_10:33:00.000000,2024-08-17,10:33:00.000000,2024-08-17,1041,1044,III/2
2043901_2024-08-17_17:40:00.000000,2024-08-17,17:40:00.000000,2024-08-17,1742,1743,III/1
2043901_2024-08-17_18:40:00.000000,2024-08-17,18:40:00.000000,2024-08-17,1850,1853,III/1
2043901_2024-08-17_22:55:00.000000,2024-08-17,22:55:00.000000,2024-08-17,2304,2305,III/2
2043901_2024-08-18_00:25:00.000000,2024-08-18,00:25:00.000000,2024-08-18,0033,0033,III/2
2043901_2024-08-18_04:40:00.000000,2024-08-18,04:40:00.000000,2024-08-18,0445,0447,III/2
2043901_2024-08-18_04:40:00.000000,2024-08-18,04:40:00.000000,2024-08-18,0446,0447,III/2
2043904_2024-08-18_05:35:00.000000,2024-08-18,05:35:00.000000,2024-08-18,0527,0553,III/2
2043904_2024-08-18_05:50:00.000000,2024-08-18,05:50:00.000000,2024-08-18,0527,0553,III/2
2043904_2024-08-18_09:05:00.000000,2024-08-18,09:05:00.000000,2024-08-18,0919,0920,III/1
2043904_2024-08-18_14:35:00.000000,2024-08-18,14:35:00.000000,2024-08-18,1443,1444,III/1
2043907_2024-08-18_21:38:00.000000,2024-08-18,21:38:00.000000,2024-08-18,2150,2150,III/1
2043907_2024-08-18_23:08:00.000000,2024-08-18,23:08:00.000000,2024-08-18,2321,2326,III/1
2043907_2024-08-18_23:23:00.000000,2024-08-18,23:23:00.000000,2024-08-18,2321,2326,III/1
2043907_2024-08-19_00:23:00.000000,2024-08-19,00:23:00.000000,2024-08-19,0034,0041,III/2
2043907_2024-08-19_00:38:00.000000,2024-08-19,00:38:00.000000,2024-08-19,0034,0041,III/2
2043910_2024-08-19_11:51:00.000000,2024-08-19,11:51:00.000000,2024-08-19,1159,1159,III/1
2043916_2024-08-20_05:38:00.000000,2024-08-20,05:38:00.000000,2024-08-20,0550,0558,III/1
2043916_2024-08-20_05:53:00.000000,2024-08-20,05:53:00.000000,2024-08-20,0550,0558,III/1
2043916_2024-08-20_08:23:00.000000,2024-08-20,08:23:00.000000,2024-08-20,0833,0837,III/2
2043916_2024-08-20_09:08:00.000000,2024-08-20,09:08:00.000000,2024-08-20,0910,0910,III/2
2043916_2024-08-20_11:38:00.000000,2024-08-20,11:38:00.000000,2024-08-20,1143,1144,III/1
2043916_2024-08-20_14:23:00.000000,2024-08-20,14:23:00.000000,2024-08-20,1424,1424,III/1
2043919_2024-08-20_21:34:00.000000,2024-08-20,21:34:00.000000,2024-08-20,2141,2141,III/2
2043922_2024-08-21_11:24:00.000000,2024-08-21,11:24:00.000000,2024-08-21,1126,1127,III/1
2043925_2024-08-22_04:02:00.000000,2024-08-22,04:02:00.000000,2024-08-22,0416,0424,III/2
2043925_2024-08-22_04:17:00.000000,2024-08-22,04:17:00.000000,2024-08-22,0416,0424,III/2
2043925_2024-08-22_04:32:00.000000,2024-08-22,04:32:00.000000,2024-08-22,0436,0436,III/1
2043928_2024-08-22_07:26:00.000000,2024-08-22,07:26:00.000000,2024-08-22,0727,0735,III/2
2043928_2024-08-22_09:11:00.000000,2024-08-22,09:11:00.000000,2024-08-22,0913,0914,III/1
2043928_2024-08-22_09:26:00.000000,2024-08-22,09:26:00.000000,2024-08-22,0940,0941,III/1
2043928_2024-08-22_16:11:00.000000,2024-08-22,16:11:00.000000,2024-08-22,1613,1618,III/3
2043928_2024-08-22_17:11:00.000000,2024-08-22,17:11:00.000000,2024-08-22,1723,1729,III/2
2043931_2024-08-22_18:15:00.000000,2024-08-22,18:15:00.000000,2024-08-22,1829,1831,III/1
2043931_2024-08-22_18:30:00.000000,2024-08-22,18:30:00.000000,2024-08-22,1829,1831,III/1
2043931_2024-08-22_20:45:00.000000,2024-08-22,20:45:00.000000,2024-08-22,2056,2058,III/3
2043931_2024-08-22_22:30:00.000000,2024-08-22,22:30:00.000000,2024-08-22,2237,2239,III/2
2043931_2024-08-22_23:15:00.000000,2024-08-22,23:15:00.000000,2024-08-22,2318,2319,III/2
2043931_2024-08-23_00:15:00.000000,2024-08-23,00:15:00.000000,2024-08-23,0017,0018,III/3
2043931_2024-08-23_01:00:00.000000,2024-08-23,01:00:00.000000,2024-08-23,0101,0101,III/2
2043931_2024-08-23_01:15:00.000000,2024-08-23,01:15:00.000000,2024-08-23,0120,0142,II/1    214
2043931_2024-08-23_01:30:00.000000,2024-08-23,01:30:00.000000,2024-08-23,0120,0142,II/1    214
2043931_2024-08-23_03:30:00.000000,2024-08-23,03:30:00.000000,2024-08-23,0343,0350,II/1    502
2043931_2024-08-23_03:45:00.000000,2024-08-23,03:45:00.000000,2024-08-23,0343,0350,II/1    502
2044755_2024-08-23_10:28:00.000000,2024-08-23,10:28:00.000000,2024-08-23,1037,1037,III/1
2044755_2024-08-23_11:28:00.000000,2024-08-23,11:28:00.000000,2024-08-23,1140,1141,III/1
2044755_2024-08-23_12:28:00.000000,2024-08-23,12:28:00.000000,2024-08-23,1234,1234,III/1
2044755_2024-08-23_13:13:00.000000,2024-08-23,13:13:00.000000,2024-08-23,1315,1315,III/1
2044827_2024-08-25_04:41:00.000000,2024-08-25,04:41:00.000000,2024-08-25,0442,0443,V/3
2044830_2024-08-25_15:16:00.000000,2024-08-25,15:16:00.000000,2024-08-25,1519,1523,III/2
2044830_2024-08-25_17:01:00.000000,2024-08-25,17:01:00.000000,2024-08-25,1712,1712,III/1
2044833_2024-08-25_18:54:00.000000,2024-08-25,18:54:00.000000,2024-08-25,1855,1858,III/1
2044833_2024-08-25_21:24:00.000000,2024-08-25,21:24:00.000000,2024-08-25,2136,2138,III/1
2044833_2024-08-25_22:54:00.000000,2024-08-25,22:54:00.000000,2024-08-25,2300,2302,III/1
2044839_2024-08-26_13:17:00.000000,2024-08-26,13:17:00.000000,2024-08-26,1326,1327,III/1
2044839_2024-08-26_16:32:00.000000,2024-08-26,16:32:00.000000,2024-08-26,1634,1634,III/1
2043955_2024-08-26_22:36:00.000000,2024-08-26,22:36:00.000000,2024-08-26,2238,2238,III/2
2043955_2024-08-26_23:21:00.000000,2024-08-26,23:21:00.000000,2024-08-26,2334,2338,III/1
2043955_2024-08-26_23:36:00.000000,2024-08-26,23:36:00.000000,2024-08-26,2334,2338,III/1
2043964_2024-08-28_08:50:00.000000,2024-08-28,08:50:00.000000,2024-08-28,0857,0905,III/2
2043967_2024-08-28_18:32:00.000000,2024-08-28,18:32:00.000000,2024-08-28,1837,1837,III/1
2043970_2024-08-29_07:22:00.000000,2024-08-29,07:22:00.000000,2024-08-29,0723,0723,III/1
2043973_2024-08-30_00:30:00.000000,2024-08-30,00:30:00.000000,2024-08-30,0033,0106,III/2
2043973_2024-08-30_00:45:00.000000,2024-08-30,00:45:00.000000,2024-08-30,0033,0106,III/2
2043973_2024-08-30_01:00:00.000000,2024-08-30,01:00:00.000000,2024-08-30,0033,0106,III/2
2043973_2024-08-30_02:30:00.000000,2024-08-30,02:30:00.000000,2024-08-30,0236,0236,III/2
2043973_2024-08-30_04:45:00.000000,2024-08-30,04:45:00.000000,2024-08-30,0459,0459,III/2
2043979_2024-08-31_01:28:00.000000,2024-08-31,01:28:00.000000,2024-08-31,0128,0133,III/3
2043979_2024-08-31_04:58:00.000000,2024-08-31,04:58:00.000000,2024-08-31,0510,0510,III/2
