Index,Date,URL,date,time,key,labels
94,858918_2022-05-02_06:30:00.000000,https://spaceweather.astron.nl//SolarKSP/data/atdb_process/solar_bf_compressing/3868/858918/dynamic_spectra/LOFAR_20220502_063000_LBA_OUTER_S0.fits,2022-05-02,06:30:00.000000,858918_2022-05-02_06:30:00.000000,3
73,858918_2022-05-02_06:45:00.000000,https://spaceweather.astron.nl//SolarKSP/data/atdb_process/solar_bf_compressing/3868/858918/dynamic_spectra/LOFAR_20220502_064500_LBA_OUTER_S0.fits,2022-05-02,06:45:00.000000,858918_2022-05-02_06:45:00.000000,3
74,858918_2022-05-02_07:00:00.000000,https://spaceweather.astron.nl//SolarKSP/data/atdb_process/solar_bf_compressing/3868/858918/dynamic_spectra/LOFAR_20220502_070000_LBA_OUTER_S0.fits,2022-05-02,07:00:00.000000,858918_2022-05-02_07:00:00.000000,3
90,858918_2022-05-02_07:15:00.000000,https://spaceweather.astron.nl//SolarKSP/data/atdb_process/solar_bf_compressing/3868/858918/dynamic_spectra/LOFAR_20220502_071500_LBA_OUTER_S0.fits,2022-05-02,07:15:00.000000,858918_2022-05-02_07:15:00.000000,3
84,858918_2022-05-02_07:30:00.000000,https://spaceweather.astron.nl//SolarKSP/data/atdb_process/solar_bf_compressing/3868/858918/dynamic_spectra/LOFAR_20220502_073000_LBA_OUTER_S0.fits,2022-05-02,07:30:00.000000,858918_2022-05-02_07:30:00.000000,3
64,858918_2022-05-02_07:45:00.000000,https://spaceweather.astron.nl//SolarKSP/data/atdb_process/solar_bf_compressing/3868/858918/dynamic_spectra/LOFAR_20220502_074500_LBA_OUTER_S0.fits,2022-05-02,07:45:00.000000,858918_2022-05-02_07:45:00.000000,3
82,858918_2022-05-02_08:00:00.000000,https://spaceweather.astron.nl//SolarKSP/data/atdb_process/solar_bf_compressing/3868/858918/dynamic_spectra/LOFAR_20220502_080000_LBA_OUTER_S0.fits,2022-05-02,08:00:00.000000,858918_2022-05-02_08:00:00.000000,3
59,858918_2022-05-02_08:15:00.000000,https://spaceweather.astron.nl//SolarKSP/data/atdb_process/solar_bf_compressing/3868/858918/dynamic_spectra/LOFAR_20220502_081500_LBA_OUTER_S0.fits,2022-05-02,08:15:00.000000,858918_2022-05-02_08:15:00.000000,3
75,858918_2022-05-02_08:30:00.000000,https://spaceweather.astron.nl//SolarKSP/data/atdb_process/solar_bf_compressing/3868/858918/dynamic_spectra/LOFAR_20220502_083000_LBA_OUTER_S0.fits,2022-05-02,08:30:00.000000,858918_2022-05-02_08:30:00.000000,3
91,858918_2022-05-02_08:45:00.000000,https://spaceweather.astron.nl//SolarKSP/data/atdb_process/solar_bf_compressing/3868/858918/dynamic_spectra/LOFAR_20220502_084500_LBA_OUTER_S0.fits,2022-05-02,08:45:00.000000,858918_2022-05-02_08:45:00.000000,3
93,858918_2022-05-02_09:00:00.000000,https://spaceweather.astron.nl//SolarKSP/data/atdb_process/solar_bf_compressing/3868/858918/dynamic_spectra/LOFAR_20220502_090000_LBA_OUTER_S0.fits,2022-05-02,09:00:00.000000,858918_2022-05-02_09:00:00.000000,3
67,858918_2022-05-02_09:15:00.000000,https://spaceweather.astron.nl//SolarKSP/data/atdb_process/solar_bf_compressing/3868/858918/dynamic_spectra/LOFAR_20220502_091500_LBA_OUTER_S0.fits,2022-05-02,09:15:00.000000,858918_2022-05-02_09:15:00.000000,3
65,858918_2022-05-02_09:30:00.000000,https://spaceweather.astron.nl//SolarKSP/data/atdb_process/solar_bf_compressing/3868/858918/dynamic_spectra/LOFAR_20220502_093000_LBA_OUTER_S0.fits,2022-05-02,09:30:00.000000,858918_2022-05-02_09:30:00.000000,3
81,858918_2022-05-02_09:45:00.000000,https://spaceweather.astron.nl//SolarKSP/data/atdb_process/solar_bf_compressing/3868/858918/dynamic_spectra/LOFAR_20220502_094500_LBA_OUTER_S0.fits,2022-05-02,09:45:00.000000,858918_2022-05-02_09:45:00.000000,3
58,858918_2022-05-02_10:00:00.000000,https://spaceweather.astron.nl//SolarKSP/data/atdb_process/solar_bf_compressing/3868/858918/dynamic_spectra/LOFAR_20220502_100000_LBA_OUTER_S0.fits,2022-05-02,10:00:00.000000,858918_2022-05-02_10:00:00.000000,3
83,858918_2022-05-02_10:15:00.000000,https://spaceweather.astron.nl//SolarKSP/data/atdb_process/solar_bf_compressing/3868/858918/dynamic_spectra/LOFAR_20220502_101500_LBA_OUTER_S0.fits,2022-05-02,10:15:00.000000,858918_2022-05-02_10:15:00.000000,3
89,858918_2022-05-02_10:30:00.000000,https://spaceweather.astron.nl//SolarKSP/data/atdb_process/solar_bf_compressing/3868/858918/dynamic_spectra/LOFAR_20220502_103000_LBA_OUTER_S0.fits,2022-05-02,10:30:00.000000,858918_2022-05-02_10:30:00.000000,3
66,858918_2022-05-02_10:45:00.000000,https://spaceweather.astron.nl//SolarKSP/data/atdb_process/solar_bf_compressing/3868/858918/dynamic_spectra/LOFAR_20220502_104500_LBA_OUTER_S0.fits,2022-05-02,10:45:00.000000,858918_2022-05-02_10:45:00.000000,3
68,858918_2022-05-02_11:00:00.000000,https://spaceweather.astron.nl//SolarKSP/data/atdb_process/solar_bf_compressing/3868/858918/dynamic_spectra/LOFAR_20220502_110000_LBA_OUTER_S0.fits,2022-05-02,11:00:00.000000,858918_2022-05-02_11:00:00.000000,3
92,858918_2022-05-02_11:15:00.000000,https://spaceweather.astron.nl//SolarKSP/data/atdb_process/solar_bf_compressing/3868/858918/dynamic_spectra/LOFAR_20220502_111500_LBA_OUTER_S0.fits,2022-05-02,11:15:00.000000,858918_2022-05-02_11:15:00.000000,3
80,858918_2022-05-02_11:30:00.000000,https://spaceweather.astron.nl//SolarKSP/data/atdb_process/solar_bf_compressing/3868/858918/dynamic_spectra/LOFAR_20220502_113000_LBA_OUTER_S0.fits,2022-05-02,11:30:00.000000,858918_2022-05-02_11:30:00.000000,3
57,858918_2022-05-02_11:45:00.000000,https://spaceweather.astron.nl//SolarKSP/data/atdb_process/solar_bf_compressing/3868/858918/dynamic_spectra/LOFAR_20220502_114500_LBA_OUTER_S0.fits,2022-05-02,11:45:00.000000,858918_2022-05-02_11:45:00.000000,3
77,858918_2022-05-02_12:00:00.000000,https://spaceweather.astron.nl//SolarKSP/data/atdb_process/solar_bf_compressing/3868/858918/dynamic_spectra/LOFAR_20220502_120000_LBA_OUTER_S0.fits,2022-05-02,12:00:00.000000,858918_2022-05-02_12:00:00.000000,3
62,858918_2022-05-02_12:15:00.000000,https://spaceweather.astron.nl//SolarKSP/data/atdb_process/solar_bf_compressing/3868/858918/dynamic_spectra/LOFAR_20220502_121500_LBA_OUTER_S0.fits,2022-05-02,12:15:00.000000,858918_2022-05-02_12:15:00.000000,3
69,858918_2022-05-02_12:30:00.000000,https://spaceweather.astron.nl//SolarKSP/data/atdb_process/solar_bf_compressing/3868/858918/dynamic_spectra/LOFAR_20220502_123000_LBA_OUTER_S0.fits,2022-05-02,12:30:00.000000,858918_2022-05-02_12:30:00.000000,3
87,858918_2022-05-02_12:45:00.000000,https://spaceweather.astron.nl//SolarKSP/data/atdb_process/solar_bf_compressing/3868/858918/dynamic_spectra/LOFAR_20220502_124500_LBA_OUTER_S0.fits,2022-05-02,12:45:00.000000,858918_2022-05-02_12:45:00.000000,3
85,858918_2022-05-02_13:00:00.000000,https://spaceweather.astron.nl//SolarKSP/data/atdb_process/solar_bf_compressing/3868/858918/dynamic_spectra/LOFAR_20220502_130000_LBA_OUTER_S0.fits,2022-05-02,13:00:00.000000,858918_2022-05-02_13:00:00.000000,3
71,858918_2022-05-02_13:15:00.000000,https://spaceweather.astron.nl//SolarKSP/data/atdb_process/solar_bf_compressing/3868/858918/dynamic_spectra/LOFAR_20220502_131500_LBA_OUTER_S0.fits,2022-05-02,13:15:00.000000,858918_2022-05-02_13:15:00.000000,3
60,858918_2022-05-02_13:30:00.000000,https://spaceweather.astron.nl//SolarKSP/data/atdb_process/solar_bf_compressing/3868/858918/dynamic_spectra/LOFAR_20220502_133000_LBA_OUTER_S0.fits,2022-05-02,13:30:00.000000,858918_2022-05-02_13:30:00.000000,3
79,858918_2022-05-02_13:45:00.000000,https://spaceweather.astron.nl//SolarKSP/data/atdb_process/solar_bf_compressing/3868/858918/dynamic_spectra/LOFAR_20220502_134500_LBA_OUTER_S0.fits,2022-05-02,13:45:00.000000,858918_2022-05-02_13:45:00.000000,3
78,858918_2022-05-02_14:00:00.000000,https://spaceweather.astron.nl//SolarKSP/data/atdb_process/solar_bf_compressing/3868/858918/dynamic_spectra/LOFAR_20220502_140000_LBA_OUTER_S0.fits,2022-05-02,14:00:00.000000,858918_2022-05-02_14:00:00.000000,3
63,858918_2022-05-02_14:15:00.000000,https://spaceweather.astron.nl//SolarKSP/data/atdb_process/solar_bf_compressing/3868/858918/dynamic_spectra/LOFAR_20220502_141500_LBA_OUTER_S0.fits,2022-05-02,14:15:00.000000,858918_2022-05-02_14:15:00.000000,3
70,858918_2022-05-02_14:30:00.000000,https://spaceweather.astron.nl//SolarKSP/data/atdb_process/solar_bf_compressing/3868/858918/dynamic_spectra/LOFAR_20220502_143000_LBA_OUTER_S0.fits,2022-05-02,14:30:00.000000,858918_2022-05-02_14:30:00.000000,3
86,858918_2022-05-02_14:45:00.000000,https://spaceweather.astron.nl//SolarKSP/data/atdb_process/solar_bf_compressing/3868/858918/dynamic_spectra/LOFAR_20220502_144500_LBA_OUTER_S0.fits,2022-05-02,14:45:00.000000,858918_2022-05-02_14:45:00.000000,3
88,858918_2022-05-02_15:00:00.000000,https://spaceweather.astron.nl//SolarKSP/data/atdb_process/solar_bf_compressing/3868/858918/dynamic_spectra/LOFAR_20220502_150000_LBA_OUTER_S0.fits,2022-05-02,15:00:00.000000,858918_2022-05-02_15:00:00.000000,3
72,858918_2022-05-02_15:15:00.000000,https://spaceweather.astron.nl//SolarKSP/data/atdb_process/solar_bf_compressing/3868/858918/dynamic_spectra/LOFAR_20220502_151500_LBA_OUTER_S0.fits,2022-05-02,15:15:00.000000,858918_2022-05-02_15:15:00.000000,3
61,858918_2022-05-02_15:30:00.000000,https://spaceweather.astron.nl//SolarKSP/data/atdb_process/solar_bf_compressing/3868/858918/dynamic_spectra/LOFAR_20220502_153000_LBA_OUTER_S0.fits,2022-05-02,15:30:00.000000,858918_2022-05-02_15:30:00.000000,3
76,858918_2022-05-02_15:45:00.000000,https://spaceweather.astron.nl//SolarKSP/data/atdb_process/solar_bf_compressing/3868/858918/dynamic_spectra/LOFAR_20220502_154500_LBA_OUTER_S0.fits,2022-05-02,15:45:00.000000,858918_2022-05-02_15:45:00.000000,3
56,858918_2022-05-02_16:00:00.000000,https://spaceweather.astron.nl//SolarKSP/data/atdb_process/solar_bf_compressing/3868/858918/dynamic_spectra/LOFAR_20220502_160000_LBA_OUTER_S0.fits,2022-05-02,16:00:00.000000,858918_2022-05-02_16:00:00.000000,3
266,859062_2022-05-03_06:30:00.000000,https://spaceweather.astron.nl//SolarKSP/data/atdb_process/solar_bf_compressing/3909/859062/dynamic_spectra/LOFAR_20220503_063000_LBA_OUTER_S0.fits,2022-05-03,06:30:00.000000,859062_2022-05-03_06:30:00.000000,3
287,859062_2022-05-03_06:45:00.000000,https://spaceweather.astron.nl//SolarKSP/data/atdb_process/solar_bf_compressing/3909/859062/dynamic_spectra/LOFAR_20220503_064500_LBA_OUTER_S0.fits,2022-05-03,06:45:00.000000,859062_2022-05-03_06:45:00.000000,3
286,859062_2022-05-03_07:00:00.000000,https://spaceweather.astron.nl//SolarKSP/data/atdb_process/solar_bf_compressing/3909/859062/dynamic_spectra/LOFAR_20220503_070000_LBA_OUTER_S0.fits,2022-05-03,07:00:00.000000,859062_2022-05-03_07:00:00.000000,3
260,859062_2022-05-03_07:15:00.000000,https://spaceweather.astron.nl//SolarKSP/data/atdb_process/solar_bf_compressing/3909/859062/dynamic_spectra/LOFAR_20220503_071500_LBA_OUTER_S0.fits,2022-05-03,07:15:00.000000,859062_2022-05-03_07:15:00.000000,3
256,859062_2022-05-03_07:30:00.000000,https://spaceweather.astron.nl//SolarKSP/data/atdb_process/solar_bf_compressing/3909/859062/dynamic_spectra/LOFAR_20220503_073000_LBA_OUTER_S0.fits,2022-05-03,07:30:00.000000,859062_2022-05-03_07:30:00.000000,3
277,859062_2022-05-03_07:45:00.000000,https://spaceweather.astron.nl//SolarKSP/data/atdb_process/solar_bf_compressing/3909/859062/dynamic_spectra/LOFAR_20220503_074500_LBA_OUTER_S0.fits,2022-05-03,07:45:00.000000,859062_2022-05-03_07:45:00.000000,3
257,859062_2022-05-03_08:00:00.000000,https://spaceweather.astron.nl//SolarKSP/data/atdb_process/solar_bf_compressing/3909/859062/dynamic_spectra/LOFAR_20220503_080000_LBA_OUTER_S0.fits,2022-05-03,08:00:00.000000,859062_2022-05-03_08:00:00.000000,3
273,859062_2022-05-03_08:15:00.000000,https://spaceweather.astron.nl//SolarKSP/data/atdb_process/solar_bf_compressing/3909/859062/dynamic_spectra/LOFAR_20220503_081500_LBA_OUTER_S0.fits,2022-05-03,08:15:00.000000,859062_2022-05-03_08:15:00.000000,3
285,859062_2022-05-03_08:30:00.000000,https://spaceweather.astron.nl//SolarKSP/data/atdb_process/solar_bf_compressing/3909/859062/dynamic_spectra/LOFAR_20220503_083000_LBA_OUTER_S0.fits,2022-05-03,08:30:00.000000,859062_2022-05-03_08:30:00.000000,3
269,859062_2022-05-03_08:45:00.000000,https://spaceweather.astron.nl//SolarKSP/data/atdb_process/solar_bf_compressing/3909/859062/dynamic_spectra/LOFAR_20220503_084500_LBA_OUTER_S0.fits,2022-05-03,08:45:00.000000,859062_2022-05-03_08:45:00.000000,3
268,859062_2022-05-03_09:00:00.000000,https://spaceweather.astron.nl//SolarKSP/data/atdb_process/solar_bf_compressing/3909/859062/dynamic_spectra/LOFAR_20220503_090000_LBA_OUTER_S0.fits,2022-05-03,09:00:00.000000,859062_2022-05-03_09:00:00.000000,3
282,859062_2022-05-03_09:15:00.000000,https://spaceweather.astron.nl//SolarKSP/data/atdb_process/solar_bf_compressing/3909/859062/dynamic_spectra/LOFAR_20220503_091500_LBA_OUTER_S0.fits,2022-05-03,09:15:00.000000,859062_2022-05-03_09:15:00.000000,3
276,859062_2022-05-03_09:30:00.000000,https://spaceweather.astron.nl//SolarKSP/data/atdb_process/solar_bf_compressing/3909/859062/dynamic_spectra/LOFAR_20220503_093000_LBA_OUTER_S0.fits,2022-05-03,09:30:00.000000,859062_2022-05-03_09:30:00.000000,3
259,859062_2022-05-03_09:45:00.000000,https://spaceweather.astron.nl//SolarKSP/data/atdb_process/solar_bf_compressing/3909/859062/dynamic_spectra/LOFAR_20220503_094500_LBA_OUTER_S0.fits,2022-05-03,09:45:00.000000,859062_2022-05-03_09:45:00.000000,3
272,859062_2022-05-03_10:00:00.000000,https://spaceweather.astron.nl//SolarKSP/data/atdb_process/solar_bf_compressing/3909/859062/dynamic_spectra/LOFAR_20220503_100000_LBA_OUTER_S0.fits,2022-05-03,10:00:00.000000,859062_2022-05-03_10:00:00.000000,3
258,859062_2022-05-03_10:15:00.000000,https://spaceweather.astron.nl//SolarKSP/data/atdb_process/solar_bf_compressing/3909/859062/dynamic_spectra/LOFAR_20220503_101500_LBA_OUTER_S0.fits,2022-05-03,10:15:00.000000,859062_2022-05-03_10:15:00.000000,3
261,859062_2022-05-03_10:30:00.000000,https://spaceweather.astron.nl//SolarKSP/data/atdb_process/solar_bf_compressing/3909/859062/dynamic_spectra/LOFAR_20220503_103000_LBA_OUTER_S0.fits,2022-05-03,10:30:00.000000,859062_2022-05-03_10:30:00.000000,3
284,859062_2022-05-03_10:45:00.000000,https://spaceweather.astron.nl//SolarKSP/data/atdb_process/solar_bf_compressing/3909/859062/dynamic_spectra/LOFAR_20220503_104500_LBA_OUTER_S0.fits,2022-05-03,10:45:00.000000,859062_2022-05-03_10:45:00.000000,3
283,859062_2022-05-03_11:00:00.000000,https://spaceweather.astron.nl//SolarKSP/data/atdb_process/solar_bf_compressing/3909/859062/dynamic_spectra/LOFAR_20220503_110000_LBA_OUTER_S0.fits,2022-05-03,11:00:00.000000,859062_2022-05-03_11:00:00.000000,3
267,859062_2022-05-03_11:15:00.000000,https://spaceweather.astron.nl//SolarKSP/data/atdb_process/solar_bf_compressing/3909/859062/dynamic_spectra/LOFAR_20220503_111500_LBA_OUTER_S0.fits,2022-05-03,11:15:00.000000,859062_2022-05-03_11:15:00.000000,3
251,859062_2022-05-03_11:30:00.000000,https://spaceweather.astron.nl//SolarKSP/data/atdb_process/solar_bf_compressing/3909/859062/dynamic_spectra/LOFAR_20220503_113000_LBA_OUTER_S0.fits,2022-05-03,11:30:00.000000,859062_2022-05-03_11:30:00.000000,3
274,859062_2022-05-03_11:45:00.000000,https://spaceweather.astron.nl//SolarKSP/data/atdb_process/solar_bf_compressing/3909/859062/dynamic_spectra/LOFAR_20220503_114500_LBA_OUTER_S0.fits,2022-05-03,11:45:00.000000,859062_2022-05-03_11:45:00.000000,3
254,859062_2022-05-03_12:00:00.000000,https://spaceweather.astron.nl//SolarKSP/data/atdb_process/solar_bf_compressing/3909/859062/dynamic_spectra/LOFAR_20220503_120000_LBA_OUTER_S0.fits,2022-05-03,12:00:00.000000,859062_2022-05-03_12:00:00.000000,3
279,859062_2022-05-03_12:15:00.000000,https://spaceweather.astron.nl//SolarKSP/data/atdb_process/solar_bf_compressing/3909/859062/dynamic_spectra/LOFAR_20220503_121500_LBA_OUTER_S0.fits,2022-05-03,12:15:00.000000,859062_2022-05-03_12:15:00.000000,3
281,859062_2022-05-03_12:30:00.000000,https://spaceweather.astron.nl//SolarKSP/data/atdb_process/solar_bf_compressing/3909/859062/dynamic_spectra/LOFAR_20220503_123000_LBA_OUTER_S0.fits,2022-05-03,12:30:00.000000,859062_2022-05-03_12:30:00.000000,3
263,859062_2022-05-03_12:45:00.000000,https://spaceweather.astron.nl//SolarKSP/data/atdb_process/solar_bf_compressing/3909/859062/dynamic_spectra/LOFAR_20220503_124500_LBA_OUTER_S0.fits,2022-05-03,12:45:00.000000,859062_2022-05-03_12:45:00.000000,3
265,859062_2022-05-03_13:00:00.000000,https://spaceweather.astron.nl//SolarKSP/data/atdb_process/solar_bf_compressing/3909/859062/dynamic_spectra/LOFAR_20220503_130000_LBA_OUTER_S0.fits,2022-05-03,13:00:00.000000,859062_2022-05-03_13:00:00.000000,3
289,859062_2022-05-03_13:15:00.000000,https://spaceweather.astron.nl//SolarKSP/data/atdb_process/solar_bf_compressing/3909/859062/dynamic_spectra/LOFAR_20220503_131500_LBA_OUTER_S0.fits,2022-05-03,13:15:00.000000,859062_2022-05-03_13:15:00.000000,3
271,859062_2022-05-03_13:30:00.000000,https://spaceweather.astron.nl//SolarKSP/data/atdb_process/solar_bf_compressing/3909/859062/dynamic_spectra/LOFAR_20220503_133000_LBA_OUTER_S0.fits,2022-05-03,13:30:00.000000,859062_2022-05-03_13:30:00.000000,5
252,859062_2022-05-03_13:45:00.000000,https://spaceweather.astron.nl//SolarKSP/data/atdb_process/solar_bf_compressing/3909/859062/dynamic_spectra/LOFAR_20220503_134500_LBA_OUTER_S0.fits,2022-05-03,13:45:00.000000,859062_2022-05-03_13:45:00.000000,3
253,859062_2022-05-03_14:00:00.000000,https://spaceweather.astron.nl//SolarKSP/data/atdb_process/solar_bf_compressing/3909/859062/dynamic_spectra/LOFAR_20220503_140000_LBA_OUTER_S0.fits,2022-05-03,14:00:00.000000,859062_2022-05-03_14:00:00.000000,3
278,859062_2022-05-03_14:15:00.000000,https://spaceweather.astron.nl//SolarKSP/data/atdb_process/solar_bf_compressing/3909/859062/dynamic_spectra/LOFAR_20220503_141500_LBA_OUTER_S0.fits,2022-05-03,14:15:00.000000,859062_2022-05-03_14:15:00.000000,3
280,859062_2022-05-03_14:30:00.000000,https://spaceweather.astron.nl//SolarKSP/data/atdb_process/solar_bf_compressing/3909/859062/dynamic_spectra/LOFAR_20220503_143000_LBA_OUTER_S0.fits,2022-05-03,14:30:00.000000,859062_2022-05-03_14:30:00.000000,3
264,859062_2022-05-03_14:45:00.000000,https://spaceweather.astron.nl//SolarKSP/data/atdb_process/solar_bf_compressing/3909/859062/dynamic_spectra/LOFAR_20220503_144500_LBA_OUTER_S0.fits,2022-05-03,14:45:00.000000,859062_2022-05-03_14:45:00.000000,3
262,859062_2022-05-03_15:00:00.000000,https://spaceweather.astron.nl//SolarKSP/data/atdb_process/solar_bf_compressing/3909/859062/dynamic_spectra/LOFAR_20220503_150000_LBA_OUTER_S0.fits,2022-05-03,15:00:00.000000,859062_2022-05-03_15:00:00.000000,3
288,859062_2022-05-03_15:15:00.000000,https://spaceweather.astron.nl//SolarKSP/data/atdb_process/solar_bf_compressing/3909/859062/dynamic_spectra/LOFAR_20220503_151500_LBA_OUTER_S0.fits,2022-05-03,15:15:00.000000,859062_2022-05-03_15:15:00.000000,3
270,859062_2022-05-03_15:30:00.000000,https://spaceweather.astron.nl//SolarKSP/data/atdb_process/solar_bf_compressing/3909/859062/dynamic_spectra/LOFAR_20220503_153000_LBA_OUTER_S0.fits,2022-05-03,15:30:00.000000,859062_2022-05-03_15:30:00.000000,3
255,859062_2022-05-03_15:45:00.000000,https://spaceweather.astron.nl//SolarKSP/data/atdb_process/solar_bf_compressing/3909/859062/dynamic_spectra/LOFAR_20220503_154500_LBA_OUTER_S0.fits,2022-05-03,15:45:00.000000,859062_2022-05-03_15:45:00.000000,3
275,859062_2022-05-03_16:00:00.000000,https://spaceweather.astron.nl//SolarKSP/data/atdb_process/solar_bf_compressing/3909/859062/dynamic_spectra/LOFAR_20220503_160000_LBA_OUTER_S0.fits,2022-05-03,16:00:00.000000,859062_2022-05-03_16:00:00.000000,3
122,859140_2022-05-04_06:30:00.000000,https://spaceweather.astron.nl//SolarKSP/data/atdb_process/solar_bf_compressing/3958/859140/dynamic_spectra/LOFAR_20220504_063000_LBA_OUTER_S0.fits,2022-05-04,06:30:00.000000,859140_2022-05-04_06:30:00.000000,3
102,859140_2022-05-04_06:45:00.000000,https://spaceweather.astron.nl//SolarKSP/data/atdb_process/solar_bf_compressing/3958/859140/dynamic_spectra/LOFAR_20220504_064500_LBA_OUTER_S0.fits,2022-05-04,06:45:00.000000,859140_2022-05-04_06:45:00.000000,3
104,859140_2022-05-04_07:00:00.000000,https://spaceweather.astron.nl//SolarKSP/data/atdb_process/solar_bf_compressing/3958/859140/dynamic_spectra/LOFAR_20220504_070000_LBA_OUTER_S0.fits,2022-05-04,07:00:00.000000,859140_2022-05-04_07:00:00.000000,3
119,859140_2022-05-04_07:15:00.000000,https://spaceweather.astron.nl//SolarKSP/data/atdb_process/solar_bf_compressing/3958/859140/dynamic_spectra/LOFAR_20220504_071500_LBA_OUTER_S0.fits,2022-05-04,07:15:00.000000,859140_2022-05-04_07:15:00.000000,3
131,859140_2022-05-04_07:30:00.000000,https://spaceweather.astron.nl//SolarKSP/data/atdb_process/solar_bf_compressing/3958/859140/dynamic_spectra/LOFAR_20220504_073000_LBA_OUTER_S0.fits,2022-05-04,07:30:00.000000,859140_2022-05-04_07:30:00.000000,3
113,859140_2022-05-04_07:45:00.000000,https://spaceweather.astron.nl//SolarKSP/data/atdb_process/solar_bf_compressing/3958/859140/dynamic_spectra/LOFAR_20220504_074500_LBA_OUTER_S0.fits,2022-05-04,07:45:00.000000,859140_2022-05-04_07:45:00.000000,3
133,859140_2022-05-04_08:00:00.000000,https://spaceweather.astron.nl//SolarKSP/data/atdb_process/solar_bf_compressing/3958/859140/dynamic_spectra/LOFAR_20220504_080000_LBA_OUTER_S0.fits,2022-05-04,08:00:00.000000,859140_2022-05-04_08:00:00.000000,3
107,859140_2022-05-04_08:15:00.000000,https://spaceweather.astron.nl//SolarKSP/data/atdb_process/solar_bf_compressing/3958/859140/dynamic_spectra/LOFAR_20220504_081500_LBA_OUTER_S0.fits,2022-05-04,08:15:00.000000,859140_2022-05-04_08:15:00.000000,3
103,859140_2022-05-04_08:30:00.000000,https://spaceweather.astron.nl//SolarKSP/data/atdb_process/solar_bf_compressing/3958/859140/dynamic_spectra/LOFAR_20220504_083000_LBA_OUTER_S0.fits,2022-05-04,08:30:00.000000,859140_2022-05-04_08:30:00.000000,3
121,859140_2022-05-04_08:45:00.000000,https://spaceweather.astron.nl//SolarKSP/data/atdb_process/solar_bf_compressing/3958/859140/dynamic_spectra/LOFAR_20220504_084500_LBA_OUTER_S0.fits,2022-05-04,08:45:00.000000,859140_2022-05-04_08:45:00.000000,3
123,859140_2022-05-04_09:00:00.000000,https://spaceweather.astron.nl//SolarKSP/data/atdb_process/solar_bf_compressing/3958/859140/dynamic_spectra/LOFAR_20220504_090000_LBA_OUTER_S0.fits,2022-05-04,09:00:00.000000,859140_2022-05-04_09:00:00.000000,3
97,859140_2022-05-04_09:15:00.000000,https://spaceweather.astron.nl//SolarKSP/data/atdb_process/solar_bf_compressing/3958/859140/dynamic_spectra/LOFAR_20220504_091500_LBA_OUTER_S0.fits,2022-05-04,09:15:00.000000,859140_2022-05-04_09:15:00.000000,3
114,859140_2022-05-04_09:30:00.000000,https://spaceweather.astron.nl//SolarKSP/data/atdb_process/solar_bf_compressing/3958/859140/dynamic_spectra/LOFAR_20220504_093000_LBA_OUTER_S0.fits,2022-05-04,09:30:00.000000,859140_2022-05-04_09:30:00.000000,3
130,859140_2022-05-04_09:45:00.000000,https://spaceweather.astron.nl//SolarKSP/data/atdb_process/solar_bf_compressing/3958/859140/dynamic_spectra/LOFAR_20220504_094500_LBA_OUTER_S0.fits,2022-05-04,09:45:00.000000,859140_2022-05-04_09:45:00.000000,3
108,859140_2022-05-04_10:00:00.000000,https://spaceweather.astron.nl//SolarKSP/data/atdb_process/solar_bf_compressing/3958/859140/dynamic_spectra/LOFAR_20220504_100000_LBA_OUTER_S0.fits,2022-05-04,10:00:00.000000,859140_2022-05-04_10:00:00.000000,3
132,859140_2022-05-04_10:15:00.000000,https://spaceweather.astron.nl//SolarKSP/data/atdb_process/solar_bf_compressing/3958/859140/dynamic_spectra/LOFAR_20220504_101500_LBA_OUTER_S0.fits,2022-05-04,10:15:00.000000,859140_2022-05-04_10:15:00.000000,3
120,859140_2022-05-04_10:30:00.000000,https://spaceweather.astron.nl//SolarKSP/data/atdb_process/solar_bf_compressing/3958/859140/dynamic_spectra/LOFAR_20220504_103000_LBA_OUTER_S0.fits,2022-05-04,10:30:00.000000,859140_2022-05-04_10:30:00.000000,3
95,859140_2022-05-04_10:45:00.000000,https://spaceweather.astron.nl//SolarKSP/data/atdb_process/solar_bf_compressing/3958/859140/dynamic_spectra/LOFAR_20220504_104500_LBA_OUTER_S0.fits,2022-05-04,10:45:00.000000,859140_2022-05-04_10:45:00.000000,3
96,859140_2022-05-04_11:00:00.000000,https://spaceweather.astron.nl//SolarKSP/data/atdb_process/solar_bf_compressing/3958/859140/dynamic_spectra/LOFAR_20220504_110000_LBA_OUTER_S0.fits,2022-05-04,11:00:00.000000,859140_2022-05-04_11:00:00.000000,3
124,859140_2022-05-04_11:15:00.000000,https://spaceweather.astron.nl//SolarKSP/data/atdb_process/solar_bf_compressing/3958/859140/dynamic_spectra/LOFAR_20220504_111500_LBA_OUTER_S0.fits,2022-05-04,11:15:00.000000,859140_2022-05-04_11:15:00.000000,3
129,859140_2022-05-04_11:30:00.000000,https://spaceweather.astron.nl//SolarKSP/data/atdb_process/solar_bf_compressing/3958/859140/dynamic_spectra/LOFAR_20220504_113000_LBA_OUTER_S0.fits,2022-05-04,11:30:00.000000,859140_2022-05-04_11:30:00.000000,3
106,859140_2022-05-04_11:45:00.000000,https://spaceweather.astron.nl//SolarKSP/data/atdb_process/solar_bf_compressing/3958/859140/dynamic_spectra/LOFAR_20220504_114500_LBA_OUTER_S0.fits,2022-05-04,11:45:00.000000,859140_2022-05-04_11:45:00.000000,3
126,859140_2022-05-04_12:00:00.000000,https://spaceweather.astron.nl//SolarKSP/data/atdb_process/solar_bf_compressing/3958/859140/dynamic_spectra/LOFAR_20220504_120000_LBA_OUTER_S0.fits,2022-05-04,12:00:00.000000,859140_2022-05-04_12:00:00.000000,3
111,859140_2022-05-04_12:15:00.000000,https://spaceweather.astron.nl//SolarKSP/data/atdb_process/solar_bf_compressing/3958/859140/dynamic_spectra/LOFAR_20220504_121500_LBA_OUTER_S0.fits,2022-05-04,12:15:00.000000,859140_2022-05-04_12:15:00.000000,3
98,859140_2022-05-04_12:30:00.000000,https://spaceweather.astron.nl//SolarKSP/data/atdb_process/solar_bf_compressing/3958/859140/dynamic_spectra/LOFAR_20220504_123000_LBA_OUTER_S0.fits,2022-05-04,12:30:00.000000,859140_2022-05-04_12:30:00.000000,3
117,859140_2022-05-04_12:45:00.000000,https://spaceweather.astron.nl//SolarKSP/data/atdb_process/solar_bf_compressing/3958/859140/dynamic_spectra/LOFAR_20220504_124500_LBA_OUTER_S0.fits,2022-05-04,12:45:00.000000,859140_2022-05-04_12:45:00.000000,3
115,859140_2022-05-04_13:00:00.000000,https://spaceweather.astron.nl//SolarKSP/data/atdb_process/solar_bf_compressing/3958/859140/dynamic_spectra/LOFAR_20220504_130000_LBA_OUTER_S0.fits,2022-05-04,13:00:00.000000,859140_2022-05-04_13:00:00.000000,3
100,859140_2022-05-04_13:15:00.000000,https://spaceweather.astron.nl//SolarKSP/data/atdb_process/solar_bf_compressing/3958/859140/dynamic_spectra/LOFAR_20220504_131500_LBA_OUTER_S0.fits,2022-05-04,13:15:00.000000,859140_2022-05-04_13:15:00.000000,3
109,859140_2022-05-04_13:30:00.000000,https://spaceweather.astron.nl//SolarKSP/data/atdb_process/solar_bf_compressing/3958/859140/dynamic_spectra/LOFAR_20220504_133000_LBA_OUTER_S0.fits,2022-05-04,13:30:00.000000,859140_2022-05-04_13:30:00.000000,3
128,859140_2022-05-04_13:45:00.000000,https://spaceweather.astron.nl//SolarKSP/data/atdb_process/solar_bf_compressing/3958/859140/dynamic_spectra/LOFAR_20220504_134500_LBA_OUTER_S0.fits,2022-05-04,13:45:00.000000,859140_2022-05-04_13:45:00.000000,3
127,859140_2022-05-04_14:00:00.000000,https://spaceweather.astron.nl//SolarKSP/data/atdb_process/solar_bf_compressing/3958/859140/dynamic_spectra/LOFAR_20220504_140000_LBA_OUTER_S0.fits,2022-05-04,14:00:00.000000,859140_2022-05-04_14:00:00.000000,3
112,859140_2022-05-04_14:15:00.000000,https://spaceweather.astron.nl//SolarKSP/data/atdb_process/solar_bf_compressing/3958/859140/dynamic_spectra/LOFAR_20220504_141500_LBA_OUTER_S0.fits,2022-05-04,14:15:00.000000,859140_2022-05-04_14:15:00.000000,3
99,859140_2022-05-04_14:30:00.000000,https://spaceweather.astron.nl//SolarKSP/data/atdb_process/solar_bf_compressing/3958/859140/dynamic_spectra/LOFAR_20220504_143000_LBA_OUTER_S0.fits,2022-05-04,14:30:00.000000,859140_2022-05-04_14:30:00.000000,3
116,859140_2022-05-04_14:45:00.000000,https://spaceweather.astron.nl//SolarKSP/data/atdb_process/solar_bf_compressing/3958/859140/dynamic_spectra/LOFAR_20220504_144500_LBA_OUTER_S0.fits,2022-05-04,14:45:00.000000,859140_2022-05-04_14:45:00.000000,3
118,859140_2022-05-04_15:00:00.000000,https://spaceweather.astron.nl//SolarKSP/data/atdb_process/solar_bf_compressing/3958/859140/dynamic_spectra/LOFAR_20220504_150000_LBA_OUTER_S0.fits,2022-05-04,15:00:00.000000,859140_2022-05-04_15:00:00.000000,3
101,859140_2022-05-04_15:15:00.000000,https://spaceweather.astron.nl//SolarKSP/data/atdb_process/solar_bf_compressing/3958/859140/dynamic_spectra/LOFAR_20220504_151500_LBA_OUTER_S0.fits,2022-05-04,15:15:00.000000,859140_2022-05-04_15:15:00.000000,3
110,859140_2022-05-04_15:30:00.000000,https://spaceweather.astron.nl//SolarKSP/data/atdb_process/solar_bf_compressing/3958/859140/dynamic_spectra/LOFAR_20220504_153000_LBA_OUTER_S0.fits,2022-05-04,15:30:00.000000,859140_2022-05-04_15:30:00.000000,3
125,859140_2022-05-04_15:45:00.000000,https://spaceweather.astron.nl//SolarKSP/data/atdb_process/solar_bf_compressing/3958/859140/dynamic_spectra/LOFAR_20220504_154500_LBA_OUTER_S0.fits,2022-05-04,15:45:00.000000,859140_2022-05-04_15:45:00.000000,3
105,859140_2022-05-04_16:00:00.000000,https://spaceweather.astron.nl//SolarKSP/data/atdb_process/solar_bf_compressing/3958/859140/dynamic_spectra/LOFAR_20220504_160000_LBA_OUTER_S0.fits,2022-05-04,16:00:00.000000,859140_2022-05-04_16:00:00.000000,3
316,859344_2022-05-05_06:30:00.000000,https://spaceweather.astron.nl//SolarKSP/data/atdb_process/solar_bf_compressing/4008/859344/dynamic_spectra/LOFAR_20220505_063000_LBA_OUTER_S0.fits,2022-05-05,06:30:00.000000,859344_2022-05-05_06:30:00.000000,3
299,859344_2022-05-05_06:45:00.000000,https://spaceweather.astron.nl//SolarKSP/data/atdb_process/solar_bf_compressing/4008/859344/dynamic_spectra/LOFAR_20220505_064500_LBA_OUTER_S0.fits,2022-05-05,06:45:00.000000,859344_2022-05-05_06:45:00.000000,3
298,859344_2022-05-05_07:00:00.000000,https://spaceweather.astron.nl//SolarKSP/data/atdb_process/solar_bf_compressing/4008/859344/dynamic_spectra/LOFAR_20220505_070000_LBA_OUTER_S0.fits,2022-05-05,07:00:00.000000,859344_2022-05-05_07:00:00.000000,3
314,859344_2022-05-05_07:15:00.000000,https://spaceweather.astron.nl//SolarKSP/data/atdb_process/solar_bf_compressing/4008/859344/dynamic_spectra/LOFAR_20220505_071500_LBA_OUTER_S0.fits,2022-05-05,07:15:00.000000,859344_2022-05-05_07:15:00.000000,3
325,859344_2022-05-05_07:30:00.000000,https://spaceweather.astron.nl//SolarKSP/data/atdb_process/solar_bf_compressing/4008/859344/dynamic_spectra/LOFAR_20220505_073000_LBA_OUTER_S0.fits,2022-05-05,07:30:00.000000,859344_2022-05-05_07:30:00.000000,3
309,859344_2022-05-05_07:45:00.000000,https://spaceweather.astron.nl//SolarKSP/data/atdb_process/solar_bf_compressing/4008/859344/dynamic_spectra/LOFAR_20220505_074500_LBA_OUTER_S0.fits,2022-05-05,07:45:00.000000,859344_2022-05-05_07:45:00.000000,3
327,859344_2022-05-05_08:00:00.000000,https://spaceweather.astron.nl//SolarKSP/data/atdb_process/solar_bf_compressing/4008/859344/dynamic_spectra/LOFAR_20220505_080000_LBA_OUTER_S0.fits,2022-05-05,08:00:00.000000,859344_2022-05-05_08:00:00.000000,3
300,859344_2022-05-05_08:15:00.000000,https://spaceweather.astron.nl//SolarKSP/data/atdb_process/solar_bf_compressing/4008/859344/dynamic_spectra/LOFAR_20220505_081500_LBA_OUTER_S0.fits,2022-05-05,08:15:00.000000,859344_2022-05-05_08:15:00.000000,3
297,859344_2022-05-05_08:30:00.000000,https://spaceweather.astron.nl//SolarKSP/data/atdb_process/solar_bf_compressing/4008/859344/dynamic_spectra/LOFAR_20220505_083000_LBA_OUTER_S0.fits,2022-05-05,08:30:00.000000,859344_2022-05-05_08:30:00.000000,3
319,859344_2022-05-05_08:45:00.000000,https://spaceweather.astron.nl//SolarKSP/data/atdb_process/solar_bf_compressing/4008/859344/dynamic_spectra/LOFAR_20220505_084500_LBA_OUTER_S0.fits,2022-05-05,08:45:00.000000,859344_2022-05-05_08:45:00.000000,3
317,859344_2022-05-05_09:00:00.000000,https://spaceweather.astron.nl//SolarKSP/data/atdb_process/solar_bf_compressing/4008/859344/dynamic_spectra/LOFAR_20220505_090000_LBA_OUTER_S0.fits,2022-05-05,09:00:00.000000,859344_2022-05-05_09:00:00.000000,3
291,859344_2022-05-05_09:15:00.000000,https://spaceweather.astron.nl//SolarKSP/data/atdb_process/solar_bf_compressing/4008/859344/dynamic_spectra/LOFAR_20220505_091500_LBA_OUTER_S0.fits,2022-05-05,09:15:00.000000,859344_2022-05-05_09:15:00.000000,3
308,859344_2022-05-05_09:30:00.000000,https://spaceweather.astron.nl//SolarKSP/data/atdb_process/solar_bf_compressing/4008/859344/dynamic_spectra/LOFAR_20220505_093000_LBA_OUTER_S0.fits,2022-05-05,09:30:00.000000,859344_2022-05-05_09:30:00.000000,3
328,859344_2022-05-05_09:45:00.000000,https://spaceweather.astron.nl//SolarKSP/data/atdb_process/solar_bf_compressing/4008/859344/dynamic_spectra/LOFAR_20220505_094500_LBA_OUTER_S0.fits,2022-05-05,09:45:00.000000,859344_2022-05-05_09:45:00.000000,3
301,859344_2022-05-05_10:00:00.000000,https://spaceweather.astron.nl//SolarKSP/data/atdb_process/solar_bf_compressing/4008/859344/dynamic_spectra/LOFAR_20220505_100000_LBA_OUTER_S0.fits,2022-05-05,10:00:00.000000,859344_2022-05-05_10:00:00.000000,3
326,859344_2022-05-05_10:15:00.000000,https://spaceweather.astron.nl//SolarKSP/data/atdb_process/solar_bf_compressing/4008/859344/dynamic_spectra/LOFAR_20220505_101500_LBA_OUTER_S0.fits,2022-05-05,10:15:00.000000,859344_2022-05-05_10:15:00.000000,3
315,859344_2022-05-05_10:30:00.000000,https://spaceweather.astron.nl//SolarKSP/data/atdb_process/solar_bf_compressing/4008/859344/dynamic_spectra/LOFAR_20220505_103000_LBA_OUTER_S0.fits,2022-05-05,10:30:00.000000,859344_2022-05-05_10:30:00.000000,3
292,859344_2022-05-05_10:45:00.000000,https://spaceweather.astron.nl//SolarKSP/data/atdb_process/solar_bf_compressing/4008/859344/dynamic_spectra/LOFAR_20220505_104500_LBA_OUTER_S0.fits,2022-05-05,10:45:00.000000,859344_2022-05-05_10:45:00.000000,3
290,859344_2022-05-05_11:00:00.000000,https://spaceweather.astron.nl//SolarKSP/data/atdb_process/solar_bf_compressing/4008/859344/dynamic_spectra/LOFAR_20220505_110000_LBA_OUTER_S0.fits,2022-05-05,11:00:00.000000,859344_2022-05-05_11:00:00.000000,3
318,859344_2022-05-05_11:15:00.000000,https://spaceweather.astron.nl//SolarKSP/data/atdb_process/solar_bf_compressing/4008/859344/dynamic_spectra/LOFAR_20220505_111500_LBA_OUTER_S0.fits,2022-05-05,11:15:00.000000,859344_2022-05-05_11:15:00.000000,3
324,859344_2022-05-05_11:30:00.000000,https://spaceweather.astron.nl//SolarKSP/data/atdb_process/solar_bf_compressing/4008/859344/dynamic_spectra/LOFAR_20220505_113000_LBA_OUTER_S0.fits,2022-05-05,11:30:00.000000,859344_2022-05-05_11:30:00.000000,3
302,859344_2022-05-05_11:45:00.000000,https://spaceweather.astron.nl//SolarKSP/data/atdb_process/solar_bf_compressing/4008/859344/dynamic_spectra/LOFAR_20220505_114500_LBA_OUTER_S0.fits,2022-05-05,11:45:00.000000,859344_2022-05-05_11:45:00.000000,3
322,859344_2022-05-05_12:00:00.000000,https://spaceweather.astron.nl//SolarKSP/data/atdb_process/solar_bf_compressing/4008/859344/dynamic_spectra/LOFAR_20220505_120000_LBA_OUTER_S0.fits,2022-05-05,12:00:00.000000,859344_2022-05-05_12:00:00.000000,3
307,859344_2022-05-05_12:15:00.000000,https://spaceweather.astron.nl//SolarKSP/data/atdb_process/solar_bf_compressing/4008/859344/dynamic_spectra/LOFAR_20220505_121500_LBA_OUTER_S0.fits,2022-05-05,12:15:00.000000,859344_2022-05-05_12:15:00.000000,3
294,859344_2022-05-05_12:30:00.000000,https://spaceweather.astron.nl//SolarKSP/data/atdb_process/solar_bf_compressing/4008/859344/dynamic_spectra/LOFAR_20220505_123000_LBA_OUTER_S0.fits,2022-05-05,12:30:00.000000,859344_2022-05-05_12:30:00.000000,3
311,859344_2022-05-05_12:45:00.000000,https://spaceweather.astron.nl//SolarKSP/data/atdb_process/solar_bf_compressing/4008/859344/dynamic_spectra/LOFAR_20220505_124500_LBA_OUTER_S0.fits,2022-05-05,12:45:00.000000,859344_2022-05-05_12:45:00.000000,3
313,859344_2022-05-05_13:00:00.000000,https://spaceweather.astron.nl//SolarKSP/data/atdb_process/solar_bf_compressing/4008/859344/dynamic_spectra/LOFAR_20220505_130000_LBA_OUTER_S0.fits,2022-05-05,13:00:00.000000,859344_2022-05-05_13:00:00.000000,3
329,859364_2022-05-05_13:00:00.000000,https://spaceweather.astron.nl//SolarKSP/data/atdb_process/solar_bf_compressing/3869/859364/dynamic_spectra/LOFAR_20220505_130000_LBA_OUTER_S0.fits,2022-05-05,13:00:00.000000,859364_2022-05-05_13:00:00.000000,3
296,859344_2022-05-05_13:15:00.000000,https://spaceweather.astron.nl//SolarKSP/data/atdb_process/solar_bf_compressing/4008/859344/dynamic_spectra/LOFAR_20220505_131500_LBA_OUTER_S0.fits,2022-05-05,13:15:00.000000,859344_2022-05-05_13:15:00.000000,3
305,859344_2022-05-05_13:30:00.000000,https://spaceweather.astron.nl//SolarKSP/data/atdb_process/solar_bf_compressing/4008/859344/dynamic_spectra/LOFAR_20220505_133000_LBA_OUTER_S0.fits,2022-05-05,13:30:00.000000,859344_2022-05-05_13:30:00.000000,3
320,859344_2022-05-05_13:45:00.000000,https://spaceweather.astron.nl//SolarKSP/data/atdb_process/solar_bf_compressing/4008/859344/dynamic_spectra/LOFAR_20220505_134500_LBA_OUTER_S0.fits,2022-05-05,13:45:00.000000,859344_2022-05-05_13:45:00.000000,3
321,859344_2022-05-05_14:00:00.000000,https://spaceweather.astron.nl//SolarKSP/data/atdb_process/solar_bf_compressing/4008/859344/dynamic_spectra/LOFAR_20220505_140000_LBA_OUTER_S0.fits,2022-05-05,14:00:00.000000,859344_2022-05-05_14:00:00.000000,3
306,859344_2022-05-05_14:15:00.000000,https://spaceweather.astron.nl//SolarKSP/data/atdb_process/solar_bf_compressing/4008/859344/dynamic_spectra/LOFAR_20220505_141500_LBA_OUTER_S0.fits,2022-05-05,14:15:00.000000,859344_2022-05-05_14:15:00.000000,3
293,859344_2022-05-05_14:30:00.000000,https://spaceweather.astron.nl//SolarKSP/data/atdb_process/solar_bf_compressing/4008/859344/dynamic_spectra/LOFAR_20220505_143000_LBA_OUTER_S0.fits,2022-05-05,14:30:00.000000,859344_2022-05-05_14:30:00.000000,3
312,859344_2022-05-05_14:45:00.000000,https://spaceweather.astron.nl//SolarKSP/data/atdb_process/solar_bf_compressing/4008/859344/dynamic_spectra/LOFAR_20220505_144500_LBA_OUTER_S0.fits,2022-05-05,14:45:00.000000,859344_2022-05-05_14:45:00.000000,3
310,859344_2022-05-05_15:00:00.000000,https://spaceweather.astron.nl//SolarKSP/data/atdb_process/solar_bf_compressing/4008/859344/dynamic_spectra/LOFAR_20220505_150000_LBA_OUTER_S0.fits,2022-05-05,15:00:00.000000,859344_2022-05-05_15:00:00.000000,3
295,859344_2022-05-05_15:15:00.000000,https://spaceweather.astron.nl//SolarKSP/data/atdb_process/solar_bf_compressing/4008/859344/dynamic_spectra/LOFAR_20220505_151500_LBA_OUTER_S0.fits,2022-05-05,15:15:00.000000,859344_2022-05-05_15:15:00.000000,3
304,859344_2022-05-05_15:30:00.000000,https://spaceweather.astron.nl//SolarKSP/data/atdb_process/solar_bf_compressing/4008/859344/dynamic_spectra/LOFAR_20220505_153000_LBA_OUTER_S0.fits,2022-05-05,15:30:00.000000,859344_2022-05-05_15:30:00.000000,3
323,859344_2022-05-05_15:45:00.000000,https://spaceweather.astron.nl//SolarKSP/data/atdb_process/solar_bf_compressing/4008/859344/dynamic_spectra/LOFAR_20220505_154500_LBA_OUTER_S0.fits,2022-05-05,15:45:00.000000,859344_2022-05-05_15:45:00.000000,3
303,859344_2022-05-05_16:00:00.000000,https://spaceweather.astron.nl//SolarKSP/data/atdb_process/solar_bf_compressing/4008/859344/dynamic_spectra/LOFAR_20220505_160000_LBA_OUTER_S0.fits,2022-05-05,16:00:00.000000,859344_2022-05-05_16:00:00.000000,3
143,859340_2022-05-06_06:30:00.000000,https://spaceweather.astron.nl//SolarKSP/data/atdb_process/solar_bf_compressing/4050/859340/dynamic_spectra/LOFAR_20220506_063000_LBA_OUTER_S0.fits,2022-05-06,06:30:00.000000,859340_2022-05-06_06:30:00.000000,3
167,859340_2022-05-06_06:45:00.000000,https://spaceweather.astron.nl//SolarKSP/data/atdb_process/solar_bf_compressing/4050/859340/dynamic_spectra/LOFAR_20220506_064500_LBA_OUTER_S0.fits,2022-05-06,06:45:00.000000,859340_2022-05-06_06:45:00.000000,3
166,859340_2022-05-06_07:00:00.000000,https://spaceweather.astron.nl//SolarKSP/data/atdb_process/solar_bf_compressing/4050/859340/dynamic_spectra/LOFAR_20220506_070000_LBA_OUTER_S0.fits,2022-05-06,07:00:00.000000,859340_2022-05-06_07:00:00.000000,3
151,859340_2022-05-06_07:15:00.000000,https://spaceweather.astron.nl//SolarKSP/data/atdb_process/solar_bf_compressing/4050/859340/dynamic_spectra/LOFAR_20220506_071500_LBA_OUTER_S0.fits,2022-05-06,07:15:00.000000,859340_2022-05-06_07:15:00.000000,3
134,859340_2022-05-06_07:30:00.000000,https://spaceweather.astron.nl//SolarKSP/data/atdb_process/solar_bf_compressing/4050/859340/dynamic_spectra/LOFAR_20220506_073000_LBA_OUTER_S0.fits,2022-05-06,07:30:00.000000,859340_2022-05-06_07:30:00.000000,3
156,859340_2022-05-06_07:45:00.000000,https://spaceweather.astron.nl//SolarKSP/data/atdb_process/solar_bf_compressing/4050/859340/dynamic_spectra/LOFAR_20220506_074500_LBA_OUTER_S0.fits,2022-05-06,07:45:00.000000,859340_2022-05-06_07:45:00.000000,3
136,859340_2022-05-06_08:00:00.000000,https://spaceweather.astron.nl//SolarKSP/data/atdb_process/solar_bf_compressing/4050/859340/dynamic_spectra/LOFAR_20220506_080000_LBA_OUTER_S0.fits,2022-05-06,08:00:00.000000,859340_2022-05-06_08:00:00.000000,3
157,859340_2022-05-06_08:15:00.000000,https://spaceweather.astron.nl//SolarKSP/data/atdb_process/solar_bf_compressing/4050/859340/dynamic_spectra/LOFAR_20220506_081500_LBA_OUTER_S0.fits,2022-05-06,08:15:00.000000,859340_2022-05-06_08:15:00.000000,3
165,859340_2022-05-06_08:30:00.000000,https://spaceweather.astron.nl//SolarKSP/data/atdb_process/solar_bf_compressing/4050/859340/dynamic_spectra/LOFAR_20220506_083000_LBA_OUTER_S0.fits,2022-05-06,08:30:00.000000,859340_2022-05-06_08:30:00.000000,3
146,859340_2022-05-06_08:45:00.000000,https://spaceweather.astron.nl//SolarKSP/data/atdb_process/solar_bf_compressing/4050/859340/dynamic_spectra/LOFAR_20220506_084500_LBA_OUTER_S0.fits,2022-05-06,08:45:00.000000,859340_2022-05-06_08:45:00.000000,3
144,859340_2022-05-06_09:00:00.000000,https://spaceweather.astron.nl//SolarKSP/data/atdb_process/solar_bf_compressing/4050/859340/dynamic_spectra/LOFAR_20220506_090000_LBA_OUTER_S0.fits,2022-05-06,09:00:00.000000,859340_2022-05-06_09:00:00.000000,3
169,859340_2022-05-06_09:15:00.000000,https://spaceweather.astron.nl//SolarKSP/data/atdb_process/solar_bf_compressing/4050/859340/dynamic_spectra/LOFAR_20220506_091500_LBA_OUTER_S0.fits,2022-05-06,09:15:00.000000,859340_2022-05-06_09:15:00.000000,3
155,859340_2022-05-06_09:30:00.000000,https://spaceweather.astron.nl//SolarKSP/data/atdb_process/solar_bf_compressing/4050/859340/dynamic_spectra/LOFAR_20220506_093000_LBA_OUTER_S0.fits,2022-05-06,09:30:00.000000,859340_2022-05-06_09:30:00.000000,3
137,859340_2022-05-06_09:45:00.000000,https://spaceweather.astron.nl//SolarKSP/data/atdb_process/solar_bf_compressing/4050/859340/dynamic_spectra/LOFAR_20220506_094500_LBA_OUTER_S0.fits,2022-05-06,09:45:00.000000,859340_2022-05-06_09:45:00.000000,3
158,859340_2022-05-06_10:00:00.000000,https://spaceweather.astron.nl//SolarKSP/data/atdb_process/solar_bf_compressing/4050/859340/dynamic_spectra/LOFAR_20220506_100000_LBA_OUTER_S0.fits,2022-05-06,10:00:00.000000,859340_2022-05-06_10:00:00.000000,3
135,859340_2022-05-06_10:15:00.000000,https://spaceweather.astron.nl//SolarKSP/data/atdb_process/solar_bf_compressing/4050/859340/dynamic_spectra/LOFAR_20220506_101500_LBA_OUTER_S0.fits,2022-05-06,10:15:00.000000,859340_2022-05-06_10:15:00.000000,3
152,859340_2022-05-06_10:30:00.000000,https://spaceweather.astron.nl//SolarKSP/data/atdb_process/solar_bf_compressing/4050/859340/dynamic_spectra/LOFAR_20220506_103000_LBA_OUTER_S0.fits,2022-05-06,10:30:00.000000,859340_2022-05-06_10:30:00.000000,3
170,859340_2022-05-06_10:45:00.000000,https://spaceweather.astron.nl//SolarKSP/data/atdb_process/solar_bf_compressing/4050/859340/dynamic_spectra/LOFAR_20220506_104500_LBA_OUTER_S0.fits,2022-05-06,10:45:00.000000,859340_2022-05-06_10:45:00.000000,3
168,859340_2022-05-06_11:00:00.000000,https://spaceweather.astron.nl//SolarKSP/data/atdb_process/solar_bf_compressing/4050/859340/dynamic_spectra/LOFAR_20220506_110000_LBA_OUTER_S0.fits,2022-05-06,11:00:00.000000,859340_2022-05-06_11:00:00.000000,3
145,859340_2022-05-06_11:15:00.000000,https://spaceweather.astron.nl//SolarKSP/data/atdb_process/solar_bf_compressing/4050/859340/dynamic_spectra/LOFAR_20220506_111500_LBA_OUTER_S0.fits,2022-05-06,11:15:00.000000,859340_2022-05-06_11:15:00.000000,3
142,859340_2022-05-06_11:30:00.000000,https://spaceweather.astron.nl//SolarKSP/data/atdb_process/solar_bf_compressing/4050/859340/dynamic_spectra/LOFAR_20220506_113000_LBA_OUTER_S0.fits,2022-05-06,11:30:00.000000,859340_2022-05-06_11:30:00.000000,3
159,859340_2022-05-06_11:45:00.000000,https://spaceweather.astron.nl//SolarKSP/data/atdb_process/solar_bf_compressing/4050/859340/dynamic_spectra/LOFAR_20220506_114500_LBA_OUTER_S0.fits,2022-05-06,11:45:00.000000,859340_2022-05-06_11:45:00.000000,3
140,859340_2022-05-06_12:00:00.000000,https://spaceweather.astron.nl//SolarKSP/data/atdb_process/solar_bf_compressing/4050/859340/dynamic_spectra/LOFAR_20220506_120000_LBA_OUTER_S0.fits,2022-05-06,12:00:00.000000,859340_2022-05-06_12:00:00.000000,3
154,859340_2022-05-06_12:15:00.000000,https://spaceweather.astron.nl//SolarKSP/data/atdb_process/solar_bf_compressing/4050/859340/dynamic_spectra/LOFAR_20220506_121500_LBA_OUTER_S0.fits,2022-05-06,12:15:00.000000,859340_2022-05-06_12:15:00.000000,3
172,859340_2022-05-06_12:30:00.000000,https://spaceweather.astron.nl//SolarKSP/data/atdb_process/solar_bf_compressing/4050/859340/dynamic_spectra/LOFAR_20220506_123000_LBA_OUTER_S0.fits,2022-05-06,12:30:00.000000,859340_2022-05-06_12:30:00.000000,3
148,859340_2022-05-06_12:45:00.000000,https://spaceweather.astron.nl//SolarKSP/data/atdb_process/solar_bf_compressing/4050/859340/dynamic_spectra/LOFAR_20220506_124500_LBA_OUTER_S0.fits,2022-05-06,12:45:00.000000,859340_2022-05-06_12:45:00.000000,3
150,859340_2022-05-06_13:00:00.000000,https://spaceweather.astron.nl//SolarKSP/data/atdb_process/solar_bf_compressing/4050/859340/dynamic_spectra/LOFAR_20220506_130000_LBA_OUTER_S0.fits,2022-05-06,13:00:00.000000,859340_2022-05-06_13:00:00.000000,3
164,859340_2022-05-06_13:15:00.000000,https://spaceweather.astron.nl//SolarKSP/data/atdb_process/solar_bf_compressing/4050/859340/dynamic_spectra/LOFAR_20220506_131500_LBA_OUTER_S0.fits,2022-05-06,13:15:00.000000,859340_2022-05-06_13:15:00.000000,3
162,859340_2022-05-06_13:30:00.000000,https://spaceweather.astron.nl//SolarKSP/data/atdb_process/solar_bf_compressing/4050/859340/dynamic_spectra/LOFAR_20220506_133000_LBA_OUTER_S0.fits,2022-05-06,13:30:00.000000,859340_2022-05-06_13:30:00.000000,3
138,859340_2022-05-06_13:45:00.000000,https://spaceweather.astron.nl//SolarKSP/data/atdb_process/solar_bf_compressing/4050/859340/dynamic_spectra/LOFAR_20220506_134500_LBA_OUTER_S0.fits,2022-05-06,13:45:00.000000,859340_2022-05-06_13:45:00.000000,3
139,859340_2022-05-06_14:00:00.000000,https://spaceweather.astron.nl//SolarKSP/data/atdb_process/solar_bf_compressing/4050/859340/dynamic_spectra/LOFAR_20220506_140000_LBA_OUTER_S0.fits,2022-05-06,14:00:00.000000,859340_2022-05-06_14:00:00.000000,3
153,859340_2022-05-06_14:15:00.000000,https://spaceweather.astron.nl//SolarKSP/data/atdb_process/solar_bf_compressing/4050/859340/dynamic_spectra/LOFAR_20220506_141500_LBA_OUTER_S0.fits,2022-05-06,14:15:00.000000,859340_2022-05-06_14:15:00.000000,3
171,859340_2022-05-06_14:30:00.000000,https://spaceweather.astron.nl//SolarKSP/data/atdb_process/solar_bf_compressing/4050/859340/dynamic_spectra/LOFAR_20220506_143000_LBA_OUTER_S0.fits,2022-05-06,14:30:00.000000,859340_2022-05-06_14:30:00.000000,3
149,859340_2022-05-06_14:45:00.000000,https://spaceweather.astron.nl//SolarKSP/data/atdb_process/solar_bf_compressing/4050/859340/dynamic_spectra/LOFAR_20220506_144500_LBA_OUTER_S0.fits,2022-05-06,14:45:00.000000,859340_2022-05-06_14:45:00.000000,3
147,859340_2022-05-06_15:00:00.000000,https://spaceweather.astron.nl//SolarKSP/data/atdb_process/solar_bf_compressing/4050/859340/dynamic_spectra/LOFAR_20220506_150000_LBA_OUTER_S0.fits,2022-05-06,15:00:00.000000,859340_2022-05-06_15:00:00.000000,3
163,859340_2022-05-06_15:15:00.000000,https://spaceweather.astron.nl//SolarKSP/data/atdb_process/solar_bf_compressing/4050/859340/dynamic_spectra/LOFAR_20220506_151500_LBA_OUTER_S0.fits,2022-05-06,15:15:00.000000,859340_2022-05-06_15:15:00.000000,3
161,859340_2022-05-06_15:30:00.000000,https://spaceweather.astron.nl//SolarKSP/data/atdb_process/solar_bf_compressing/4050/859340/dynamic_spectra/LOFAR_20220506_153000_LBA_OUTER_S0.fits,2022-05-06,15:30:00.000000,859340_2022-05-06_15:30:00.000000,3
141,859340_2022-05-06_15:45:00.000000,https://spaceweather.astron.nl//SolarKSP/data/atdb_process/solar_bf_compressing/4050/859340/dynamic_spectra/LOFAR_20220506_154500_LBA_OUTER_S0.fits,2022-05-06,15:45:00.000000,859340_2022-05-06_15:45:00.000000,3
160,859340_2022-05-06_16:00:00.000000,https://spaceweather.astron.nl//SolarKSP/data/atdb_process/solar_bf_compressing/4050/859340/dynamic_spectra/LOFAR_20220506_160000_LBA_OUTER_S0.fits,2022-05-06,16:00:00.000000,859340_2022-05-06_16:00:00.000000,3
174,859336_2022-05-07_06:30:00.000000,https://spaceweather.astron.nl//SolarKSP/data/atdb_process/solar_bf_compressing/3733/859336/dynamic_spectra/LOFAR_20220507_063000_LBA_OUTER_S0.fits,2022-05-07,06:30:00.000000,859336_2022-05-07_06:30:00.000000,3
194,859336_2022-05-07_06:45:00.000000,https://spaceweather.astron.nl//SolarKSP/data/atdb_process/solar_bf_compressing/3733/859336/dynamic_spectra/LOFAR_20220507_064500_LBA_OUTER_S0.fits,2022-05-07,06:45:00.000000,859336_2022-05-07_06:45:00.000000,3
196,859336_2022-05-07_07:00:00.000000,https://spaceweather.astron.nl//SolarKSP/data/atdb_process/solar_bf_compressing/3733/859336/dynamic_spectra/LOFAR_20220507_070000_LBA_OUTER_S0.fits,2022-05-07,07:00:00.000000,859336_2022-05-07_07:00:00.000000,3
181,859336_2022-05-07_07:15:00.000000,https://spaceweather.astron.nl//SolarKSP/data/atdb_process/solar_bf_compressing/3733/859336/dynamic_spectra/LOFAR_20220507_071500_LBA_OUTER_S0.fits,2022-05-07,07:15:00.000000,859336_2022-05-07_07:15:00.000000,3
184,859336_2022-05-07_07:30:00.000000,https://spaceweather.astron.nl//SolarKSP/data/atdb_process/solar_bf_compressing/3733/859336/dynamic_spectra/LOFAR_20220507_073000_LBA_OUTER_S0.fits,2022-05-07,07:30:00.000000,859336_2022-05-07_07:30:00.000000,3
204,859336_2022-05-07_07:45:00.000000,https://spaceweather.astron.nl//SolarKSP/data/atdb_process/solar_bf_compressing/3733/859336/dynamic_spectra/LOFAR_20220507_074500_LBA_OUTER_S0.fits,2022-05-07,07:45:00.000000,859336_2022-05-07_07:45:00.000000,3
185,859336_2022-05-07_08:00:00.000000,https://spaceweather.astron.nl//SolarKSP/data/atdb_process/solar_bf_compressing/3733/859336/dynamic_spectra/LOFAR_20220507_080000_LBA_OUTER_S0.fits,2022-05-07,08:00:00.000000,859336_2022-05-07_08:00:00.000000,3
209,859336_2022-05-07_08:15:00.000000,https://spaceweather.astron.nl//SolarKSP/data/atdb_process/solar_bf_compressing/3733/859336/dynamic_spectra/LOFAR_20220507_081500_LBA_OUTER_S0.fits,2022-05-07,08:15:00.000000,859336_2022-05-07_08:15:00.000000,3
195,859336_2022-05-07_08:30:00.000000,https://spaceweather.astron.nl//SolarKSP/data/atdb_process/solar_bf_compressing/3733/859336/dynamic_spectra/LOFAR_20220507_083000_LBA_OUTER_S0.fits,2022-05-07,08:30:00.000000,859336_2022-05-07_08:30:00.000000,3
173,859336_2022-05-07_08:45:00.000000,https://spaceweather.astron.nl//SolarKSP/data/atdb_process/solar_bf_compressing/3733/859336/dynamic_spectra/LOFAR_20220507_084500_LBA_OUTER_S0.fits,2022-05-07,08:45:00.000000,859336_2022-05-07_08:45:00.000000,3
176,859336_2022-05-07_09:00:00.000000,https://spaceweather.astron.nl//SolarKSP/data/atdb_process/solar_bf_compressing/3733/859336/dynamic_spectra/LOFAR_20220507_090000_LBA_OUTER_S0.fits,2022-05-07,09:00:00.000000,859336_2022-05-07_09:00:00.000000,3
198,859336_2022-05-07_09:15:00.000000,https://spaceweather.astron.nl//SolarKSP/data/atdb_process/solar_bf_compressing/3733/859336/dynamic_spectra/LOFAR_20220507_091500_LBA_OUTER_S0.fits,2022-05-07,09:15:00.000000,859336_2022-05-07_09:15:00.000000,3
205,859336_2022-05-07_09:30:00.000000,https://spaceweather.astron.nl//SolarKSP/data/atdb_process/solar_bf_compressing/3733/859336/dynamic_spectra/LOFAR_20220507_093000_LBA_OUTER_S0.fits,2022-05-07,09:30:00.000000,859336_2022-05-07_09:30:00.000000,3
183,859336_2022-05-07_09:45:00.000000,https://spaceweather.astron.nl//SolarKSP/data/atdb_process/solar_bf_compressing/3733/859336/dynamic_spectra/LOFAR_20220507_094500_LBA_OUTER_S0.fits,2022-05-07,09:45:00.000000,859336_2022-05-07_09:45:00.000000,1
208,859336_2022-05-07_10:00:00.000000,https://spaceweather.astron.nl//SolarKSP/data/atdb_process/solar_bf_compressing/3733/859336/dynamic_spectra/LOFAR_20220507_100000_LBA_OUTER_S0.fits,2022-05-07,10:00:00.000000,859336_2022-05-07_10:00:00.000000,3
186,859336_2022-05-07_10:15:00.000000,https://spaceweather.astron.nl//SolarKSP/data/atdb_process/solar_bf_compressing/3733/859336/dynamic_spectra/LOFAR_20220507_101500_LBA_OUTER_S0.fits,2022-05-07,10:15:00.000000,859336_2022-05-07_10:15:00.000000,3
182,859336_2022-05-07_10:30:00.000000,https://spaceweather.astron.nl//SolarKSP/data/atdb_process/solar_bf_compressing/3733/859336/dynamic_spectra/LOFAR_20220507_103000_LBA_OUTER_S0.fits,2022-05-07,10:30:00.000000,859336_2022-05-07_10:30:00.000000,3
197,859336_2022-05-07_10:45:00.000000,https://spaceweather.astron.nl//SolarKSP/data/atdb_process/solar_bf_compressing/3733/859336/dynamic_spectra/LOFAR_20220507_104500_LBA_OUTER_S0.fits,2022-05-07,10:45:00.000000,859336_2022-05-07_10:45:00.000000,1
199,859336_2022-05-07_11:00:00.000000,https://spaceweather.astron.nl//SolarKSP/data/atdb_process/solar_bf_compressing/3733/859336/dynamic_spectra/LOFAR_20220507_110000_LBA_OUTER_S0.fits,2022-05-07,11:00:00.000000,859336_2022-05-07_11:00:00.000000,3
175,859336_2022-05-07_11:15:00.000000,https://spaceweather.astron.nl//SolarKSP/data/atdb_process/solar_bf_compressing/3733/859336/dynamic_spectra/LOFAR_20220507_111500_LBA_OUTER_S0.fits,2022-05-07,11:15:00.000000,859336_2022-05-07_11:15:00.000000,1
191,859336_2022-05-07_11:30:00.000000,https://spaceweather.astron.nl//SolarKSP/data/atdb_process/solar_bf_compressing/3733/859336/dynamic_spectra/LOFAR_20220507_113000_LBA_OUTER_S0.fits,2022-05-07,11:30:00.000000,859336_2022-05-07_11:30:00.000000,3
206,859336_2022-05-07_11:45:00.000000,https://spaceweather.astron.nl//SolarKSP/data/atdb_process/solar_bf_compressing/3733/859336/dynamic_spectra/LOFAR_20220507_114500_LBA_OUTER_S0.fits,2022-05-07,11:45:00.000000,859336_2022-05-07_11:45:00.000000,3
187,859336_2022-05-07_12:00:00.000000,https://spaceweather.astron.nl//SolarKSP/data/atdb_process/solar_bf_compressing/3733/859336/dynamic_spectra/LOFAR_20220507_120000_LBA_OUTER_S0.fits,2022-05-07,12:00:00.000000,859336_2022-05-07_12:00:00.000000,3
202,859336_2022-05-07_12:15:00.000000,https://spaceweather.astron.nl//SolarKSP/data/atdb_process/solar_bf_compressing/3733/859336/dynamic_spectra/LOFAR_20220507_121500_LBA_OUTER_S0.fits,2022-05-07,12:15:00.000000,859336_2022-05-07_12:15:00.000000,3
200,859336_2022-05-07_12:30:00.000000,https://spaceweather.astron.nl//SolarKSP/data/atdb_process/solar_bf_compressing/3733/859336/dynamic_spectra/LOFAR_20220507_123000_LBA_OUTER_S0.fits,2022-05-07,12:30:00.000000,859336_2022-05-07_12:30:00.000000,3
180,859336_2022-05-07_12:45:00.000000,https://spaceweather.astron.nl//SolarKSP/data/atdb_process/solar_bf_compressing/3733/859336/dynamic_spectra/LOFAR_20220507_124500_LBA_OUTER_S0.fits,2022-05-07,12:45:00.000000,859336_2022-05-07_12:45:00.000000,3
178,859336_2022-05-07_13:00:00.000000,https://spaceweather.astron.nl//SolarKSP/data/atdb_process/solar_bf_compressing/3733/859336/dynamic_spectra/LOFAR_20220507_130000_LBA_OUTER_S0.fits,2022-05-07,13:00:00.000000,859336_2022-05-07_13:00:00.000000,3
192,859336_2022-05-07_13:15:00.000000,https://spaceweather.astron.nl//SolarKSP/data/atdb_process/solar_bf_compressing/3733/859336/dynamic_spectra/LOFAR_20220507_131500_LBA_OUTER_S0.fits,2022-05-07,13:15:00.000000,859336_2022-05-07_13:15:00.000000,3
210,859336_2022-05-07_13:30:00.000000,https://spaceweather.astron.nl//SolarKSP/data/atdb_process/solar_bf_compressing/3733/859336/dynamic_spectra/LOFAR_20220507_133000_LBA_OUTER_S0.fits,2022-05-07,13:30:00.000000,859336_2022-05-07_13:30:00.000000,3
189,859336_2022-05-07_13:45:00.000000,https://spaceweather.astron.nl//SolarKSP/data/atdb_process/solar_bf_compressing/3733/859336/dynamic_spectra/LOFAR_20220507_134500_LBA_OUTER_S0.fits,2022-05-07,13:45:00.000000,859336_2022-05-07_13:45:00.000000,3
190,859336_2022-05-07_14:00:00.000000,https://spaceweather.astron.nl//SolarKSP/data/atdb_process/solar_bf_compressing/3733/859336/dynamic_spectra/LOFAR_20220507_140000_LBA_OUTER_S0.fits,2022-05-07,14:00:00.000000,859336_2022-05-07_14:00:00.000000,3
203,859336_2022-05-07_14:15:00.000000,https://spaceweather.astron.nl//SolarKSP/data/atdb_process/solar_bf_compressing/3733/859336/dynamic_spectra/LOFAR_20220507_141500_LBA_OUTER_S0.fits,2022-05-07,14:15:00.000000,859336_2022-05-07_14:15:00.000000,3
201,859336_2022-05-07_14:30:00.000000,https://spaceweather.astron.nl//SolarKSP/data/atdb_process/solar_bf_compressing/3733/859336/dynamic_spectra/LOFAR_20220507_143000_LBA_OUTER_S0.fits,2022-05-07,14:30:00.000000,859336_2022-05-07_14:30:00.000000,3
177,859336_2022-05-07_14:45:00.000000,https://spaceweather.astron.nl//SolarKSP/data/atdb_process/solar_bf_compressing/3733/859336/dynamic_spectra/LOFAR_20220507_144500_LBA_OUTER_S0.fits,2022-05-07,14:45:00.000000,859336_2022-05-07_14:45:00.000000,3
179,859336_2022-05-07_15:00:00.000000,https://spaceweather.astron.nl//SolarKSP/data/atdb_process/solar_bf_compressing/3733/859336/dynamic_spectra/LOFAR_20220507_150000_LBA_OUTER_S0.fits,2022-05-07,15:00:00.000000,859336_2022-05-07_15:00:00.000000,3
193,859336_2022-05-07_15:15:00.000000,https://spaceweather.astron.nl//SolarKSP/data/atdb_process/solar_bf_compressing/3733/859336/dynamic_spectra/LOFAR_20220507_151500_LBA_OUTER_S0.fits,2022-05-07,15:15:00.000000,859336_2022-05-07_15:15:00.000000,3
211,859336_2022-05-07_15:30:00.000000,https://spaceweather.astron.nl//SolarKSP/data/atdb_process/solar_bf_compressing/3733/859336/dynamic_spectra/LOFAR_20220507_153000_LBA_OUTER_S0.fits,2022-05-07,15:30:00.000000,859336_2022-05-07_15:30:00.000000,3
188,859336_2022-05-07_15:45:00.000000,https://spaceweather.astron.nl//SolarKSP/data/atdb_process/solar_bf_compressing/3733/859336/dynamic_spectra/LOFAR_20220507_154500_LBA_OUTER_S0.fits,2022-05-07,15:45:00.000000,859336_2022-05-07_15:45:00.000000,3
207,859336_2022-05-07_16:00:00.000000,https://spaceweather.astron.nl//SolarKSP/data/atdb_process/solar_bf_compressing/3733/859336/dynamic_spectra/LOFAR_20220507_160000_LBA_OUTER_S0.fits,2022-05-07,16:00:00.000000,859336_2022-05-07_16:00:00.000000,3
482,859332_2022-05-08_06:30:00.000000,https://spaceweather.astron.nl//SolarKSP/data/atdb_process/solar_bf_compressing/3783/859332/dynamic_spectra/LOFAR_20220508_063000_LBA_OUTER_S0.fits,2022-05-08,06:30:00.000000,859332_2022-05-08_06:30:00.000000,1
462,859332_2022-05-08_06:45:00.000000,https://spaceweather.astron.nl//SolarKSP/data/atdb_process/solar_bf_compressing/3783/859332/dynamic_spectra/LOFAR_20220508_064500_LBA_OUTER_S0.fits,2022-05-08,06:45:00.000000,859332_2022-05-08_06:45:00.000000,3
463,859332_2022-05-08_07:00:00.000000,https://spaceweather.astron.nl//SolarKSP/data/atdb_process/solar_bf_compressing/3783/859332/dynamic_spectra/LOFAR_20220508_070000_LBA_OUTER_S0.fits,2022-05-08,07:00:00.000000,859332_2022-05-08_07:00:00.000000,3
488,859332_2022-05-08_07:15:00.000000,https://spaceweather.astron.nl//SolarKSP/data/atdb_process/solar_bf_compressing/3783/859332/dynamic_spectra/LOFAR_20220508_071500_LBA_OUTER_S0.fits,2022-05-08,07:15:00.000000,859332_2022-05-08_07:15:00.000000,1
473,859332_2022-05-08_07:30:00.000000,https://spaceweather.astron.nl//SolarKSP/data/atdb_process/solar_bf_compressing/3783/859332/dynamic_spectra/LOFAR_20220508_073000_LBA_OUTER_S0.fits,2022-05-08,07:30:00.000000,859332_2022-05-08_07:30:00.000000,3
452,859332_2022-05-08_07:45:00.000000,https://spaceweather.astron.nl//SolarKSP/data/atdb_process/solar_bf_compressing/3783/859332/dynamic_spectra/LOFAR_20220508_074500_LBA_OUTER_S0.fits,2022-05-08,07:45:00.000000,859332_2022-05-08_07:45:00.000000,3
471,859332_2022-05-08_08:00:00.000000,https://spaceweather.astron.nl//SolarKSP/data/atdb_process/solar_bf_compressing/3783/859332/dynamic_spectra/LOFAR_20220508_080000_LBA_OUTER_S0.fits,2022-05-08,08:00:00.000000,859332_2022-05-08_08:00:00.000000,3
457,859332_2022-05-08_08:15:00.000000,https://spaceweather.astron.nl//SolarKSP/data/atdb_process/solar_bf_compressing/3783/859332/dynamic_spectra/LOFAR_20220508_081500_LBA_OUTER_S0.fits,2022-05-08,08:15:00.000000,859332_2022-05-08_08:15:00.000000,3
464,859332_2022-05-08_08:30:00.000000,https://spaceweather.astron.nl//SolarKSP/data/atdb_process/solar_bf_compressing/3783/859332/dynamic_spectra/LOFAR_20220508_083000_LBA_OUTER_S0.fits,2022-05-08,08:30:00.000000,859332_2022-05-08_08:30:00.000000,3
479,859332_2022-05-08_08:45:00.000000,https://spaceweather.astron.nl//SolarKSP/data/atdb_process/solar_bf_compressing/3783/859332/dynamic_spectra/LOFAR_20220508_084500_LBA_OUTER_S0.fits,2022-05-08,08:45:00.000000,859332_2022-05-08_08:45:00.000000,1
481,859332_2022-05-08_09:00:00.000000,https://spaceweather.astron.nl//SolarKSP/data/atdb_process/solar_bf_compressing/3783/859332/dynamic_spectra/LOFAR_20220508_090000_LBA_OUTER_S0.fits,2022-05-08,09:00:00.000000,859332_2022-05-08_09:00:00.000000,1
466,859332_2022-05-08_09:15:00.000000,https://spaceweather.astron.nl//SolarKSP/data/atdb_process/solar_bf_compressing/3783/859332/dynamic_spectra/LOFAR_20220508_091500_LBA_OUTER_S0.fits,2022-05-08,09:15:00.000000,859332_2022-05-08_09:15:00.000000,1
453,859332_2022-05-08_09:30:00.000000,https://spaceweather.astron.nl//SolarKSP/data/atdb_process/solar_bf_compressing/3783/859332/dynamic_spectra/LOFAR_20220508_093000_LBA_OUTER_S0.fits,2022-05-08,09:30:00.000000,859332_2022-05-08_09:30:00.000000,3
470,859332_2022-05-08_09:45:00.000000,https://spaceweather.astron.nl//SolarKSP/data/atdb_process/solar_bf_compressing/3783/859332/dynamic_spectra/LOFAR_20220508_094500_LBA_OUTER_S0.fits,2022-05-08,09:45:00.000000,859332_2022-05-08_09:45:00.000000,3
456,859332_2022-05-08_10:00:00.000000,https://spaceweather.astron.nl//SolarKSP/data/atdb_process/solar_bf_compressing/3783/859332/dynamic_spectra/LOFAR_20220508_100000_LBA_OUTER_S0.fits,2022-05-08,10:00:00.000000,859332_2022-05-08_10:00:00.000000,3
472,859332_2022-05-08_10:15:00.000000,https://spaceweather.astron.nl//SolarKSP/data/atdb_process/solar_bf_compressing/3783/859332/dynamic_spectra/LOFAR_20220508_101500_LBA_OUTER_S0.fits,2022-05-08,10:15:00.000000,859332_2022-05-08_10:15:00.000000,5
487,859332_2022-05-08_10:30:00.000000,https://spaceweather.astron.nl//SolarKSP/data/atdb_process/solar_bf_compressing/3783/859332/dynamic_spectra/LOFAR_20220508_103000_LBA_OUTER_S0.fits,2022-05-08,10:30:00.000000,859332_2022-05-08_10:30:00.000000,1
465,859332_2022-05-08_10:45:00.000000,https://spaceweather.astron.nl//SolarKSP/data/atdb_process/solar_bf_compressing/3783/859332/dynamic_spectra/LOFAR_20220508_104500_LBA_OUTER_S0.fits,2022-05-08,10:45:00.000000,859332_2022-05-08_10:45:00.000000,3
467,859332_2022-05-08_11:00:00.000000,https://spaceweather.astron.nl//SolarKSP/data/atdb_process/solar_bf_compressing/3783/859332/dynamic_spectra/LOFAR_20220508_110000_LBA_OUTER_S0.fits,2022-05-08,11:00:00.000000,859332_2022-05-08_11:00:00.000000,1
480,859332_2022-05-08_11:15:00.000000,https://spaceweather.astron.nl//SolarKSP/data/atdb_process/solar_bf_compressing/3783/859332/dynamic_spectra/LOFAR_20220508_111500_LBA_OUTER_S0.fits,2022-05-08,11:15:00.000000,859332_2022-05-08_11:15:00.000000,1
478,859332_2022-05-08_11:30:00.000000,https://spaceweather.astron.nl//SolarKSP/data/atdb_process/solar_bf_compressing/3783/859332/dynamic_spectra/LOFAR_20220508_113000_LBA_OUTER_S0.fits,2022-05-08,11:30:00.000000,859332_2022-05-08_11:30:00.000000,1
455,859332_2022-05-08_11:45:00.000000,https://spaceweather.astron.nl//SolarKSP/data/atdb_process/solar_bf_compressing/3783/859332/dynamic_spectra/LOFAR_20220508_114500_LBA_OUTER_S0.fits,2022-05-08,11:45:00.000000,859332_2022-05-08_11:45:00.000000,3
475,859332_2022-05-08_12:00:00.000000,https://spaceweather.astron.nl//SolarKSP/data/atdb_process/solar_bf_compressing/3783/859332/dynamic_spectra/LOFAR_20220508_120000_LBA_OUTER_S0.fits,2022-05-08,12:00:00.000000,859332_2022-05-08_12:00:00.000000,3
450,859332_2022-05-08_12:15:00.000000,https://spaceweather.astron.nl//SolarKSP/data/atdb_process/solar_bf_compressing/3783/859332/dynamic_spectra/LOFAR_20220508_121500_LBA_OUTER_S0.fits,2022-05-08,12:15:00.000000,859332_2022-05-08_12:15:00.000000,3
468,859332_2022-05-08_12:30:00.000000,https://spaceweather.astron.nl//SolarKSP/data/atdb_process/solar_bf_compressing/3783/859332/dynamic_spectra/LOFAR_20220508_123000_LBA_OUTER_S0.fits,2022-05-08,12:30:00.000000,859332_2022-05-08_12:30:00.000000,1
485,859332_2022-05-08_12:45:00.000000,https://spaceweather.astron.nl//SolarKSP/data/atdb_process/solar_bf_compressing/3783/859332/dynamic_spectra/LOFAR_20220508_124500_LBA_OUTER_S0.fits,2022-05-08,12:45:00.000000,859332_2022-05-08_12:45:00.000000,1
483,859332_2022-05-08_13:00:00.000000,https://spaceweather.astron.nl//SolarKSP/data/atdb_process/solar_bf_compressing/3783/859332/dynamic_spectra/LOFAR_20220508_130000_LBA_OUTER_S0.fits,2022-05-08,13:00:00.000000,859332_2022-05-08_13:00:00.000000,1
460,859332_2022-05-08_13:15:00.000000,https://spaceweather.astron.nl//SolarKSP/data/atdb_process/solar_bf_compressing/3783/859332/dynamic_spectra/LOFAR_20220508_131500_LBA_OUTER_S0.fits,2022-05-08,13:15:00.000000,859332_2022-05-08_13:15:00.000000,3
458,859332_2022-05-08_13:30:00.000000,https://spaceweather.astron.nl//SolarKSP/data/atdb_process/solar_bf_compressing/3783/859332/dynamic_spectra/LOFAR_20220508_133000_LBA_OUTER_S0.fits,2022-05-08,13:30:00.000000,859332_2022-05-08_13:30:00.000000,3
477,859332_2022-05-08_13:45:00.000000,https://spaceweather.astron.nl//SolarKSP/data/atdb_process/solar_bf_compressing/3783/859332/dynamic_spectra/LOFAR_20220508_134500_LBA_OUTER_S0.fits,2022-05-08,13:45:00.000000,859332_2022-05-08_13:45:00.000000,1
476,859332_2022-05-08_14:00:00.000000,https://spaceweather.astron.nl//SolarKSP/data/atdb_process/solar_bf_compressing/3783/859332/dynamic_spectra/LOFAR_20220508_140000_LBA_OUTER_S0.fits,2022-05-08,14:00:00.000000,859332_2022-05-08_14:00:00.000000,3
451,859332_2022-05-08_14:15:00.000000,https://spaceweather.astron.nl//SolarKSP/data/atdb_process/solar_bf_compressing/3783/859332/dynamic_spectra/LOFAR_20220508_141500_LBA_OUTER_S0.fits,2022-05-08,14:15:00.000000,859332_2022-05-08_14:15:00.000000,3
469,859332_2022-05-08_14:30:00.000000,https://spaceweather.astron.nl//SolarKSP/data/atdb_process/solar_bf_compressing/3783/859332/dynamic_spectra/LOFAR_20220508_143000_LBA_OUTER_S0.fits,2022-05-08,14:30:00.000000,859332_2022-05-08_14:30:00.000000,3
484,859332_2022-05-08_14:45:00.000000,https://spaceweather.astron.nl//SolarKSP/data/atdb_process/solar_bf_compressing/3783/859332/dynamic_spectra/LOFAR_20220508_144500_LBA_OUTER_S0.fits,2022-05-08,14:45:00.000000,859332_2022-05-08_14:45:00.000000,1
486,859332_2022-05-08_15:00:00.000000,https://spaceweather.astron.nl//SolarKSP/data/atdb_process/solar_bf_compressing/3783/859332/dynamic_spectra/LOFAR_20220508_150000_LBA_OUTER_S0.fits,2022-05-08,15:00:00.000000,859332_2022-05-08_15:00:00.000000,1
461,859332_2022-05-08_15:15:00.000000,https://spaceweather.astron.nl//SolarKSP/data/atdb_process/solar_bf_compressing/3783/859332/dynamic_spectra/LOFAR_20220508_151500_LBA_OUTER_S0.fits,2022-05-08,15:15:00.000000,859332_2022-05-08_15:15:00.000000,3
459,859332_2022-05-08_15:30:00.000000,https://spaceweather.astron.nl//SolarKSP/data/atdb_process/solar_bf_compressing/3783/859332/dynamic_spectra/LOFAR_20220508_153000_LBA_OUTER_S0.fits,2022-05-08,15:30:00.000000,859332_2022-05-08_15:30:00.000000,3
474,859332_2022-05-08_15:45:00.000000,https://spaceweather.astron.nl//SolarKSP/data/atdb_process/solar_bf_compressing/3783/859332/dynamic_spectra/LOFAR_20220508_154500_LBA_OUTER_S0.fits,2022-05-08,15:45:00.000000,859332_2022-05-08_15:45:00.000000,3
454,859332_2022-05-08_16:00:00.000000,https://spaceweather.astron.nl//SolarKSP/data/atdb_process/solar_bf_compressing/3783/859332/dynamic_spectra/LOFAR_20220508_160000_LBA_OUTER_S0.fits,2022-05-08,16:00:00.000000,859332_2022-05-08_16:00:00.000000,3
389,859328_2022-05-09_06:30:00.000000,https://spaceweather.astron.nl//SolarKSP/data/atdb_process/solar_bf_compressing/3826/859328/dynamic_spectra/LOFAR_20220509_063000_LBA_OUTER_S0.fits,2022-05-09,06:30:00.000000,859328_2022-05-09_06:30:00.000000,3
372,859328_2022-05-09_06:45:00.000000,https://spaceweather.astron.nl//SolarKSP/data/atdb_process/solar_bf_compressing/3826/859328/dynamic_spectra/LOFAR_20220509_064500_LBA_OUTER_S0.fits,2022-05-09,06:45:00.000000,859328_2022-05-09_06:45:00.000000,3
371,859328_2022-05-09_07:00:00.000000,https://spaceweather.astron.nl//SolarKSP/data/atdb_process/solar_bf_compressing/3826/859328/dynamic_spectra/LOFAR_20220509_070000_LBA_OUTER_S0.fits,2022-05-09,07:00:00.000000,859328_2022-05-09_07:00:00.000000,3
393,859328_2022-05-09_07:15:00.000000,https://spaceweather.astron.nl//SolarKSP/data/atdb_process/solar_bf_compressing/3826/859328/dynamic_spectra/LOFAR_20220509_071500_LBA_OUTER_S0.fits,2022-05-09,07:15:00.000000,859328_2022-05-09_07:15:00.000000,3
380,859328_2022-05-09_07:30:00.000000,https://spaceweather.astron.nl//SolarKSP/data/atdb_process/solar_bf_compressing/3826/859328/dynamic_spectra/LOFAR_20220509_073000_LBA_OUTER_S0.fits,2022-05-09,07:30:00.000000,859328_2022-05-09_07:30:00.000000,3
361,859328_2022-05-09_07:45:00.000000,https://spaceweather.astron.nl//SolarKSP/data/atdb_process/solar_bf_compressing/3826/859328/dynamic_spectra/LOFAR_20220509_074500_LBA_OUTER_S0.fits,2022-05-09,07:45:00.000000,859328_2022-05-09_07:45:00.000000,1
381,859328_2022-05-09_08:00:00.000000,https://spaceweather.astron.nl//SolarKSP/data/atdb_process/solar_bf_compressing/3826/859328/dynamic_spectra/LOFAR_20220509_080000_LBA_OUTER_S0.fits,2022-05-09,08:00:00.000000,859328_2022-05-09_08:00:00.000000,1
367,859328_2022-05-09_08:15:00.000000,https://spaceweather.astron.nl//SolarKSP/data/atdb_process/solar_bf_compressing/3826/859328/dynamic_spectra/LOFAR_20220509_081500_LBA_OUTER_S0.fits,2022-05-09,08:15:00.000000,859328_2022-05-09_08:15:00.000000,3
370,859328_2022-05-09_08:30:00.000000,https://spaceweather.astron.nl//SolarKSP/data/atdb_process/solar_bf_compressing/3826/859328/dynamic_spectra/LOFAR_20220509_083000_LBA_OUTER_S0.fits,2022-05-09,08:30:00.000000,859328_2022-05-09_08:30:00.000000,3
392,859328_2022-05-09_08:45:00.000000,https://spaceweather.astron.nl//SolarKSP/data/atdb_process/solar_bf_compressing/3826/859328/dynamic_spectra/LOFAR_20220509_084500_LBA_OUTER_S0.fits,2022-05-09,08:45:00.000000,859328_2022-05-09_08:45:00.000000,3
391,859328_2022-05-09_09:00:00.000000,https://spaceweather.astron.nl//SolarKSP/data/atdb_process/solar_bf_compressing/3826/859328/dynamic_spectra/LOFAR_20220509_090000_LBA_OUTER_S0.fits,2022-05-09,09:00:00.000000,859328_2022-05-09_09:00:00.000000,3
377,859328_2022-05-09_09:15:00.000000,https://spaceweather.astron.nl//SolarKSP/data/atdb_process/solar_bf_compressing/3826/859328/dynamic_spectra/LOFAR_20220509_091500_LBA_OUTER_S0.fits,2022-05-09,09:15:00.000000,859328_2022-05-09_09:15:00.000000,5
360,859328_2022-05-09_09:30:00.000000,https://spaceweather.astron.nl//SolarKSP/data/atdb_process/solar_bf_compressing/3826/859328/dynamic_spectra/LOFAR_20220509_093000_LBA_OUTER_S0.fits,2022-05-09,09:30:00.000000,859328_2022-05-09_09:30:00.000000,1
383,859328_2022-05-09_09:45:00.000000,https://spaceweather.astron.nl//SolarKSP/data/atdb_process/solar_bf_compressing/3826/859328/dynamic_spectra/LOFAR_20220509_094500_LBA_OUTER_S0.fits,2022-05-09,09:45:00.000000,859328_2022-05-09_09:45:00.000000,1
366,859328_2022-05-09_10:00:00.000000,https://spaceweather.astron.nl//SolarKSP/data/atdb_process/solar_bf_compressing/3826/859328/dynamic_spectra/LOFAR_20220509_100000_LBA_OUTER_S0.fits,2022-05-09,10:00:00.000000,859328_2022-05-09_10:00:00.000000,3
382,859328_2022-05-09_10:15:00.000000,https://spaceweather.astron.nl//SolarKSP/data/atdb_process/solar_bf_compressing/3826/859328/dynamic_spectra/LOFAR_20220509_101500_LBA_OUTER_S0.fits,2022-05-09,10:15:00.000000,859328_2022-05-09_10:15:00.000000,1
394,859328_2022-05-09_10:30:00.000000,https://spaceweather.astron.nl//SolarKSP/data/atdb_process/solar_bf_compressing/3826/859328/dynamic_spectra/LOFAR_20220509_103000_LBA_OUTER_S0.fits,2022-05-09,10:30:00.000000,859328_2022-05-09_10:30:00.000000,3
379,859328_2022-05-09_10:45:00.000000,https://spaceweather.astron.nl//SolarKSP/data/atdb_process/solar_bf_compressing/3826/859328/dynamic_spectra/LOFAR_20220509_104500_LBA_OUTER_S0.fits,2022-05-09,10:45:00.000000,859328_2022-05-09_10:45:00.000000,3
378,859328_2022-05-09_11:00:00.000000,https://spaceweather.astron.nl//SolarKSP/data/atdb_process/solar_bf_compressing/3826/859328/dynamic_spectra/LOFAR_20220509_110000_LBA_OUTER_S0.fits,2022-05-09,11:00:00.000000,859328_2022-05-09_11:00:00.000000,3
390,859328_2022-05-09_11:15:00.000000,https://spaceweather.astron.nl//SolarKSP/data/atdb_process/solar_bf_compressing/3826/859328/dynamic_spectra/LOFAR_20220509_111500_LBA_OUTER_S0.fits,2022-05-09,11:15:00.000000,859328_2022-05-09_11:15:00.000000,3
384,859328_2022-05-09_11:30:00.000000,https://spaceweather.astron.nl//SolarKSP/data/atdb_process/solar_bf_compressing/3826/859328/dynamic_spectra/LOFAR_20220509_113000_LBA_OUTER_S0.fits,2022-05-09,11:30:00.000000,859328_2022-05-09_11:30:00.000000,1
369,859328_2022-05-09_11:45:00.000000,https://spaceweather.astron.nl//SolarKSP/data/atdb_process/solar_bf_compressing/3826/859328/dynamic_spectra/LOFAR_20220509_114500_LBA_OUTER_S0.fits,2022-05-09,11:45:00.000000,859328_2022-05-09_11:45:00.000000,3
388,859328_2022-05-09_12:00:00.000000,https://spaceweather.astron.nl//SolarKSP/data/atdb_process/solar_bf_compressing/3826/859328/dynamic_spectra/LOFAR_20220509_120000_LBA_OUTER_S0.fits,2022-05-09,12:00:00.000000,859328_2022-05-09_12:00:00.000000,3
363,859328_2022-05-09_12:15:00.000000,https://spaceweather.astron.nl//SolarKSP/data/atdb_process/solar_bf_compressing/3826/859328/dynamic_spectra/LOFAR_20220509_121500_LBA_OUTER_S0.fits,2022-05-09,12:15:00.000000,859328_2022-05-09_12:15:00.000000,3
376,859328_2022-05-09_12:30:00.000000,https://spaceweather.astron.nl//SolarKSP/data/atdb_process/solar_bf_compressing/3826/859328/dynamic_spectra/LOFAR_20220509_123000_LBA_OUTER_S0.fits,2022-05-09,12:30:00.000000,859328_2022-05-09_12:30:00.000000,3
395,859328_2022-05-09_12:45:00.000000,https://spaceweather.astron.nl//SolarKSP/data/atdb_process/solar_bf_compressing/3826/859328/dynamic_spectra/LOFAR_20220509_124500_LBA_OUTER_S0.fits,2022-05-09,12:45:00.000000,859328_2022-05-09_12:45:00.000000,3
397,859328_2022-05-09_13:00:00.000000,https://spaceweather.astron.nl//SolarKSP/data/atdb_process/solar_bf_compressing/3826/859328/dynamic_spectra/LOFAR_20220509_130000_LBA_OUTER_S0.fits,2022-05-09,13:00:00.000000,859328_2022-05-09_13:00:00.000000,3
374,859328_2022-05-09_13:15:00.000000,https://spaceweather.astron.nl//SolarKSP/data/atdb_process/solar_bf_compressing/3826/859328/dynamic_spectra/LOFAR_20220509_131500_LBA_OUTER_S0.fits,2022-05-09,13:15:00.000000,859328_2022-05-09_13:15:00.000000,3
365,859328_2022-05-09_13:30:00.000000,https://spaceweather.astron.nl//SolarKSP/data/atdb_process/solar_bf_compressing/3826/859328/dynamic_spectra/LOFAR_20220509_133000_LBA_OUTER_S0.fits,2022-05-09,13:30:00.000000,859328_2022-05-09_13:30:00.000000,3
386,859328_2022-05-09_13:45:00.000000,https://spaceweather.astron.nl//SolarKSP/data/atdb_process/solar_bf_compressing/3826/859328/dynamic_spectra/LOFAR_20220509_134500_LBA_OUTER_S0.fits,2022-05-09,13:45:00.000000,859328_2022-05-09_13:45:00.000000,3
385,859328_2022-05-09_14:00:00.000000,https://spaceweather.astron.nl//SolarKSP/data/atdb_process/solar_bf_compressing/3826/859328/dynamic_spectra/LOFAR_20220509_140000_LBA_OUTER_S0.fits,2022-05-09,14:00:00.000000,859328_2022-05-09_14:00:00.000000,3
362,859328_2022-05-09_14:15:00.000000,https://spaceweather.astron.nl//SolarKSP/data/atdb_process/solar_bf_compressing/3826/859328/dynamic_spectra/LOFAR_20220509_141500_LBA_OUTER_S0.fits,2022-05-09,14:15:00.000000,859328_2022-05-09_14:15:00.000000,3
375,859328_2022-05-09_14:30:00.000000,https://spaceweather.astron.nl//SolarKSP/data/atdb_process/solar_bf_compressing/3826/859328/dynamic_spectra/LOFAR_20220509_143000_LBA_OUTER_S0.fits,2022-05-09,14:30:00.000000,859328_2022-05-09_14:30:00.000000,1
398,859328_2022-05-09_14:45:00.000000,https://spaceweather.astron.nl//SolarKSP/data/atdb_process/solar_bf_compressing/3826/859328/dynamic_spectra/LOFAR_20220509_144500_LBA_OUTER_S0.fits,2022-05-09,14:45:00.000000,859328_2022-05-09_14:45:00.000000,3
396,859328_2022-05-09_15:00:00.000000,https://spaceweather.astron.nl//SolarKSP/data/atdb_process/solar_bf_compressing/3826/859328/dynamic_spectra/LOFAR_20220509_150000_LBA_OUTER_S0.fits,2022-05-09,15:00:00.000000,859328_2022-05-09_15:00:00.000000,3
373,859328_2022-05-09_15:15:00.000000,https://spaceweather.astron.nl//SolarKSP/data/atdb_process/solar_bf_compressing/3826/859328/dynamic_spectra/LOFAR_20220509_151500_LBA_OUTER_S0.fits,2022-05-09,15:15:00.000000,859328_2022-05-09_15:15:00.000000,3
364,859328_2022-05-09_15:30:00.000000,https://spaceweather.astron.nl//SolarKSP/data/atdb_process/solar_bf_compressing/3826/859328/dynamic_spectra/LOFAR_20220509_153000_LBA_OUTER_S0.fits,2022-05-09,15:30:00.000000,859328_2022-05-09_15:30:00.000000,3
387,859328_2022-05-09_15:45:00.000000,https://spaceweather.astron.nl//SolarKSP/data/atdb_process/solar_bf_compressing/3826/859328/dynamic_spectra/LOFAR_20220509_154500_LBA_OUTER_S0.fits,2022-05-09,15:45:00.000000,859328_2022-05-09_15:45:00.000000,3
368,859328_2022-05-09_16:00:00.000000,https://spaceweather.astron.nl//SolarKSP/data/atdb_process/solar_bf_compressing/3826/859328/dynamic_spectra/LOFAR_20220509_160000_LBA_OUTER_S0.fits,2022-05-09,16:00:00.000000,859328_2022-05-09_16:00:00.000000,5
248,859690_2022-05-11_07:52:44.000000,https://spaceweather.astron.nl//SolarKSP/data/atdb_process/solar_bf_compressing/3910/859690/dynamic_spectra/LOFAR_20220511_075244_LBA_OUTER_S0.fits,2022-05-11,07:52:44.000000,859690_2022-05-11_07:52:44.000000,3
218,859690_2022-05-11_08:07:44.000000,https://spaceweather.astron.nl//SolarKSP/data/atdb_process/solar_bf_compressing/3910/859690/dynamic_spectra/LOFAR_20220511_080744_LBA_OUTER_S0.fits,2022-05-11,08:07:44.000000,859690_2022-05-11_08:07:44.000000,3
226,859690_2022-05-11_08:22:44.000000,https://spaceweather.astron.nl//SolarKSP/data/atdb_process/solar_bf_compressing/3910/859690/dynamic_spectra/LOFAR_20220511_082244_LBA_OUTER_S0.fits,2022-05-11,08:22:44.000000,859690_2022-05-11_08:22:44.000000,3
249,859690_2022-05-11_08:37:44.000000,https://spaceweather.astron.nl//SolarKSP/data/atdb_process/solar_bf_compressing/3910/859690/dynamic_spectra/LOFAR_20220511_083744_LBA_OUTER_S0.fits,2022-05-11,08:37:44.000000,859690_2022-05-11_08:37:44.000000,1
219,859690_2022-05-11_08:52:44.000000,https://spaceweather.astron.nl//SolarKSP/data/atdb_process/solar_bf_compressing/3910/859690/dynamic_spectra/LOFAR_20220511_085244_LBA_OUTER_S0.fits,2022-05-11,08:52:44.000000,859690_2022-05-11_08:52:44.000000,3
229,859690_2022-05-11_09:07:44.000000,https://spaceweather.astron.nl//SolarKSP/data/atdb_process/solar_bf_compressing/3910/859690/dynamic_spectra/LOFAR_20220511_090744_LBA_OUTER_S0.fits,2022-05-11,09:07:44.000000,859690_2022-05-11_09:07:44.000000,2
217,859690_2022-05-11_09:22:44.000000,https://spaceweather.astron.nl//SolarKSP/data/atdb_process/solar_bf_compressing/3910/859690/dynamic_spectra/LOFAR_20220511_092244_LBA_OUTER_S0.fits,2022-05-11,09:22:44.000000,859690_2022-05-11_09:22:44.000000,3
239,859690_2022-05-11_09:37:44.000000,https://spaceweather.astron.nl//SolarKSP/data/atdb_process/solar_bf_compressing/3910/859690/dynamic_spectra/LOFAR_20220511_093744_LBA_OUTER_S0.fits,2022-05-11,09:37:44.000000,859690_2022-05-11_09:37:44.000000,3
230,859690_2022-05-11_09:52:44.000000,https://spaceweather.astron.nl//SolarKSP/data/atdb_process/solar_bf_compressing/3910/859690/dynamic_spectra/LOFAR_20220511_095244_LBA_OUTER_S0.fits,2022-05-11,09:52:44.000000,859690_2022-05-11_09:52:44.000000,3
234,859690_2022-05-11_10:07:44.000000,https://spaceweather.astron.nl//SolarKSP/data/atdb_process/solar_bf_compressing/3910/859690/dynamic_spectra/LOFAR_20220511_100744_LBA_OUTER_S0.fits,2022-05-11,10:07:44.000000,859690_2022-05-11_10:07:44.000000,1
247,859690_2022-05-11_10:22:44.000000,https://spaceweather.astron.nl//SolarKSP/data/atdb_process/solar_bf_compressing/3910/859690/dynamic_spectra/LOFAR_20220511_102244_LBA_OUTER_S0.fits,2022-05-11,10:22:44.000000,859690_2022-05-11_10:22:44.000000,1
227,859690_2022-05-11_10:37:44.000000,https://spaceweather.astron.nl//SolarKSP/data/atdb_process/solar_bf_compressing/3910/859690/dynamic_spectra/LOFAR_20220511_103744_LBA_OUTER_S0.fits,2022-05-11,10:37:44.000000,859690_2022-05-11_10:37:44.000000,1
233,859690_2022-05-11_10:52:44.000000,https://spaceweather.astron.nl//SolarKSP/data/atdb_process/solar_bf_compressing/3910/859690/dynamic_spectra/LOFAR_20220511_105244_LBA_OUTER_S0.fits,2022-05-11,10:52:44.000000,859690_2022-05-11_10:52:44.000000,1
243,859690_2022-05-11_11:07:44.000000,https://spaceweather.astron.nl//SolarKSP/data/atdb_process/solar_bf_compressing/3910/859690/dynamic_spectra/LOFAR_20220511_110744_LBA_OUTER_S0.fits,2022-05-11,11:07:44.000000,859690_2022-05-11_11:07:44.000000,1
240,859690_2022-05-11_11:22:44.000000,https://spaceweather.astron.nl//SolarKSP/data/atdb_process/solar_bf_compressing/3910/859690/dynamic_spectra/LOFAR_20220511_112244_LBA_OUTER_S0.fits,2022-05-11,11:22:44.000000,859690_2022-05-11_11:22:44.000000,3
216,859690_2022-05-11_11:37:44.000000,https://spaceweather.astron.nl//SolarKSP/data/atdb_process/solar_bf_compressing/3910/859690/dynamic_spectra/LOFAR_20220511_113744_LBA_OUTER_S0.fits,2022-05-11,11:37:44.000000,859690_2022-05-11_11:37:44.000000,3
242,859690_2022-05-11_11:52:44.000000,https://spaceweather.astron.nl//SolarKSP/data/atdb_process/solar_bf_compressing/3910/859690/dynamic_spectra/LOFAR_20220511_115244_LBA_OUTER_S0.fits,2022-05-11,11:52:44.000000,859690_2022-05-11_11:52:44.000000,1
214,859690_2022-05-11_12:07:44.000000,https://spaceweather.astron.nl//SolarKSP/data/atdb_process/solar_bf_compressing/3910/859690/dynamic_spectra/LOFAR_20220511_120744_LBA_OUTER_S0.fits,2022-05-11,12:07:44.000000,859690_2022-05-11_12:07:44.000000,3
232,859690_2022-05-11_12:22:44.000000,https://spaceweather.astron.nl//SolarKSP/data/atdb_process/solar_bf_compressing/3910/859690/dynamic_spectra/LOFAR_20220511_122244_LBA_OUTER_S0.fits,2022-05-11,12:22:44.000000,859690_2022-05-11_12:22:44.000000,3
246,859690_2022-05-11_12:37:44.000000,https://spaceweather.astron.nl//SolarKSP/data/atdb_process/solar_bf_compressing/3910/859690/dynamic_spectra/LOFAR_20220511_123744_LBA_OUTER_S0.fits,2022-05-11,12:37:44.000000,859690_2022-05-11_12:37:44.000000,1
215,859690_2022-05-11_12:52:44.000000,https://spaceweather.astron.nl//SolarKSP/data/atdb_process/solar_bf_compressing/3910/859690/dynamic_spectra/LOFAR_20220511_125244_LBA_OUTER_S0.fits,2022-05-11,12:52:44.000000,859690_2022-05-11_12:52:44.000000,3
224,859690_2022-05-11_13:07:44.000000,https://spaceweather.astron.nl//SolarKSP/data/atdb_process/solar_bf_compressing/3910/859690/dynamic_spectra/LOFAR_20220511_130744_LBA_OUTER_S0.fits,2022-05-11,13:07:44.000000,859690_2022-05-11_13:07:44.000000,3
221,859690_2022-05-11_13:22:44.000000,https://spaceweather.astron.nl//SolarKSP/data/atdb_process/solar_bf_compressing/3910/859690/dynamic_spectra/LOFAR_20220511_132244_LBA_OUTER_S0.fits,2022-05-11,13:22:44.000000,859690_2022-05-11_13:22:44.000000,3
238,859690_2022-05-11_13:37:44.000000,https://spaceweather.astron.nl//SolarKSP/data/atdb_process/solar_bf_compressing/3910/859690/dynamic_spectra/LOFAR_20220511_133744_LBA_OUTER_S0.fits,2022-05-11,13:37:44.000000,859690_2022-05-11_13:37:44.000000,3
225,859690_2022-05-11_13:52:44.000000,https://spaceweather.astron.nl//SolarKSP/data/atdb_process/solar_bf_compressing/3910/859690/dynamic_spectra/LOFAR_20220511_135244_LBA_OUTER_S0.fits,2022-05-11,13:52:44.000000,859690_2022-05-11_13:52:44.000000,3
212,859690_2022-05-11_14:07:44.000000,https://spaceweather.astron.nl//SolarKSP/data/atdb_process/solar_bf_compressing/3910/859690/dynamic_spectra/LOFAR_20220511_140744_LBA_OUTER_S0.fits,2022-05-11,14:07:44.000000,859690_2022-05-11_14:07:44.000000,3
231,859690_2022-05-11_14:22:44.000000,https://spaceweather.astron.nl//SolarKSP/data/atdb_process/solar_bf_compressing/3910/859690/dynamic_spectra/LOFAR_20220511_142244_LBA_OUTER_S0.fits,2022-05-11,14:22:44.000000,859690_2022-05-11_14:22:44.000000,3
245,859690_2022-05-11_14:37:44.000000,https://spaceweather.astron.nl//SolarKSP/data/atdb_process/solar_bf_compressing/3910/859690/dynamic_spectra/LOFAR_20220511_143744_LBA_OUTER_S0.fits,2022-05-11,14:37:44.000000,859690_2022-05-11_14:37:44.000000,3
213,859690_2022-05-11_14:52:44.000000,https://spaceweather.astron.nl//SolarKSP/data/atdb_process/solar_bf_compressing/3910/859690/dynamic_spectra/LOFAR_20220511_145244_LBA_OUTER_S0.fits,2022-05-11,14:52:44.000000,859690_2022-05-11_14:52:44.000000,3
222,859690_2022-05-11_15:07:44.000000,https://spaceweather.astron.nl//SolarKSP/data/atdb_process/solar_bf_compressing/3910/859690/dynamic_spectra/LOFAR_20220511_150744_LBA_OUTER_S0.fits,2022-05-11,15:07:44.000000,859690_2022-05-11_15:07:44.000000,3
220,859690_2022-05-11_15:22:44.000000,https://spaceweather.astron.nl//SolarKSP/data/atdb_process/solar_bf_compressing/3910/859690/dynamic_spectra/LOFAR_20220511_152244_LBA_OUTER_S0.fits,2022-05-11,15:22:44.000000,859690_2022-05-11_15:22:44.000000,1
237,859690_2022-05-11_15:37:44.000000,https://spaceweather.astron.nl//SolarKSP/data/atdb_process/solar_bf_compressing/3910/859690/dynamic_spectra/LOFAR_20220511_153744_LBA_OUTER_S0.fits,2022-05-11,15:37:44.000000,859690_2022-05-11_15:37:44.000000,5
223,859690_2022-05-11_15:52:44.000000,https://spaceweather.astron.nl//SolarKSP/data/atdb_process/solar_bf_compressing/3910/859690/dynamic_spectra/LOFAR_20220511_155244_LBA_OUTER_S0.fits,2022-05-11,15:52:44.000000,859690_2022-05-11_15:52:44.000000,3
236,859690_2022-05-11_16:07:44.000000,https://spaceweather.astron.nl//SolarKSP/data/atdb_process/solar_bf_compressing/3910/859690/dynamic_spectra/LOFAR_20220511_160744_LBA_OUTER_S0.fits,2022-05-11,16:07:44.000000,859690_2022-05-11_16:07:44.000000,3
250,859690_2022-05-11_16:22:44.000000,https://spaceweather.astron.nl//SolarKSP/data/atdb_process/solar_bf_compressing/3910/859690/dynamic_spectra/LOFAR_20220511_162244_LBA_OUTER_S0.fits,2022-05-11,16:22:44.000000,859690_2022-05-11_16:22:44.000000,3
228,859690_2022-05-11_16:37:44.000000,https://spaceweather.astron.nl//SolarKSP/data/atdb_process/solar_bf_compressing/3910/859690/dynamic_spectra/LOFAR_20220511_163744_LBA_OUTER_S0.fits,2022-05-11,16:37:44.000000,859690_2022-05-11_16:37:44.000000,3
235,859690_2022-05-11_16:52:44.000000,https://spaceweather.astron.nl//SolarKSP/data/atdb_process/solar_bf_compressing/3910/859690/dynamic_spectra/LOFAR_20220511_165244_LBA_OUTER_S0.fits,2022-05-11,16:52:44.000000,859690_2022-05-11_16:52:44.000000,3
244,859690_2022-05-11_17:07:44.000000,https://spaceweather.astron.nl//SolarKSP/data/atdb_process/solar_bf_compressing/3910/859690/dynamic_spectra/LOFAR_20220511_170744_LBA_OUTER_S0.fits,2022-05-11,17:07:44.000000,859690_2022-05-11_17:07:44.000000,3
241,859690_2022-05-11_17:22:44.000000,https://spaceweather.astron.nl//SolarKSP/data/atdb_process/solar_bf_compressing/3910/859690/dynamic_spectra/LOFAR_20220511_172244_LBA_OUTER_S0.fits,2022-05-11,17:22:44.000000,859690_2022-05-11_17:22:44.000000,3
575,859702_2022-05-12_06:30:00.000000,https://spaceweather.astron.nl//SolarKSP/data/atdb_process/solar_bf_compressing/3959/859702/dynamic_spectra/LOFAR_20220512_063000_LBA_OUTER_S0.fits,2022-05-12,06:30:00.000000,859702_2022-05-12_06:30:00.000000,3
593,859702_2022-05-12_06:45:00.000000,https://spaceweather.astron.nl//SolarKSP/data/atdb_process/solar_bf_compressing/3959/859702/dynamic_spectra/LOFAR_20220512_064500_LBA_OUTER_S0.fits,2022-05-12,06:45:00.000000,859702_2022-05-12_06:45:00.000000,3
3,859728_2022-05-12_07:00:00.000000,https://spaceweather.astron.nl//SolarKSP/data/atdb_process/solar_bf_compressing/3044/859728/dynamic_spectra/LOFAR_20220512_070000_HBA_DUAL_S0.fits,2022-05-12,07:00:00.000000,859728_2022-05-12_07:00:00.000000,1
43,859726_2022-05-12_07:00:00.000000,https://spaceweather.astron.nl//SolarKSP/data/atdb_process/solar_bf_compressing/3043/859726/dynamic_spectra/LOFAR_20220512_070000_LBA_OUTER.fits,2022-05-12,07:00:00.000000,859726_2022-05-12_07:00:00.000000,6
591,859702_2022-05-12_07:00:00.000000,https://spaceweather.astron.nl//SolarKSP/data/atdb_process/solar_bf_compressing/3959/859702/dynamic_spectra/LOFAR_20220512_070000_LBA_OUTER_S0.fits,2022-05-12,07:00:00.000000,859702_2022-05-12_07:00:00.000000,1
349,859728_2022-05-12_07:15:00.000000,https://spaceweather.astron.nl//SolarKSP/data/atdb_process/solar_bf_compressing/3044/859728/dynamic_spectra/LOFAR_20220512_071500_HBA_DUAL_S0.fits,2022-05-12,07:15:00.000000,859728_2022-05-12_07:15:00.000000,1
568,859702_2022-05-12_07:15:00.000000,https://spaceweather.astron.nl//SolarKSP/data/atdb_process/solar_bf_compressing/3959/859702/dynamic_spectra/LOFAR_20220512_071500_LBA_OUTER_S0.fits,2022-05-12,07:15:00.000000,859702_2022-05-12_07:15:00.000000,1
4,859728_2022-05-12_07:30:00.000000,https://spaceweather.astron.nl//SolarKSP/data/atdb_process/solar_bf_compressing/3044/859728/dynamic_spectra/LOFAR_20220512_073000_HBA_DUAL_S0.fits,2022-05-12,07:30:00.000000,859728_2022-05-12_07:30:00.000000,1
54,859726_2022-05-12_07:30:00.000000,https://spaceweather.astron.nl//SolarKSP/data/atdb_process/solar_bf_compressing/3043/859726/dynamic_spectra/LOFAR_20220512_073000_LBA_OUTER.fits,2022-05-12,07:30:00.000000,859726_2022-05-12_07:30:00.000000,3
584,859702_2022-05-12_07:30:00.000000,https://spaceweather.astron.nl//SolarKSP/data/atdb_process/solar_bf_compressing/3959/859702/dynamic_spectra/LOFAR_20220512_073000_LBA_OUTER_S0.fits,2022-05-12,07:30:00.000000,859702_2022-05-12_07:30:00.000000,3
354,859728_2022-05-12_07:45:00.000000,https://spaceweather.astron.nl//SolarKSP/data/atdb_process/solar_bf_compressing/3044/859728/dynamic_spectra/LOFAR_20220512_074500_HBA_DUAL_S0.fits,2022-05-12,07:45:00.000000,859728_2022-05-12_07:45:00.000000,1
603,859702_2022-05-12_07:45:00.000000,https://spaceweather.astron.nl//SolarKSP/data/atdb_process/solar_bf_compressing/3959/859702/dynamic_spectra/LOFAR_20220512_074500_LBA_OUTER_S0.fits,2022-05-12,07:45:00.000000,859702_2022-05-12_07:45:00.000000,3
14,859728_2022-05-12_08:00:00.000000,https://spaceweather.astron.nl//SolarKSP/data/atdb_process/solar_bf_compressing/3044/859728/dynamic_spectra/LOFAR_20220512_080000_HBA_DUAL_S0.fits,2022-05-12,08:00:00.000000,859728_2022-05-12_08:00:00.000000,1
50,859726_2022-05-12_08:00:00.000000,https://spaceweather.astron.nl//SolarKSP/data/atdb_process/solar_bf_compressing/3043/859726/dynamic_spectra/LOFAR_20220512_080000_LBA_OUTER.fits,2022-05-12,08:00:00.000000,859726_2022-05-12_08:00:00.000000,1
583,859702_2022-05-12_08:00:00.000000,https://spaceweather.astron.nl//SolarKSP/data/atdb_process/solar_bf_compressing/3959/859702/dynamic_spectra/LOFAR_20220512_080000_LBA_OUTER_S0.fits,2022-05-12,08:00:00.000000,859702_2022-05-12_08:00:00.000000,1
356,859728_2022-05-12_08:15:00.000000,https://spaceweather.astron.nl//SolarKSP/data/atdb_process/solar_bf_compressing/3044/859728/dynamic_spectra/LOFAR_20220512_081500_HBA_DUAL_S0.fits,2022-05-12,08:15:00.000000,859728_2022-05-12_08:15:00.000000,1
598,859702_2022-05-12_08:15:00.000000,https://spaceweather.astron.nl//SolarKSP/data/atdb_process/solar_bf_compressing/3959/859702/dynamic_spectra/LOFAR_20220512_081500_LBA_OUTER_S0.fits,2022-05-12,08:15:00.000000,859702_2022-05-12_08:15:00.000000,1
11,859728_2022-05-12_08:30:00.000000,https://spaceweather.astron.nl//SolarKSP/data/atdb_process/solar_bf_compressing/3044/859728/dynamic_spectra/LOFAR_20220512_083000_HBA_DUAL_S0.fits,2022-05-12,08:30:00.000000,859728_2022-05-12_08:30:00.000000,1
45,859726_2022-05-12_08:30:00.000000,https://spaceweather.astron.nl//SolarKSP/data/atdb_process/solar_bf_compressing/3043/859726/dynamic_spectra/LOFAR_20220512_083000_LBA_OUTER.fits,2022-05-12,08:30:00.000000,859726_2022-05-12_08:30:00.000000,3
592,859702_2022-05-12_08:30:00.000000,https://spaceweather.astron.nl//SolarKSP/data/atdb_process/solar_bf_compressing/3959/859702/dynamic_spectra/LOFAR_20220512_083000_LBA_OUTER_S0.fits,2022-05-12,08:30:00.000000,859702_2022-05-12_08:30:00.000000,1
345,859728_2022-05-12_08:45:00.000000,https://spaceweather.astron.nl//SolarKSP/data/atdb_process/solar_bf_compressing/3044/859728/dynamic_spectra/LOFAR_20220512_084500_HBA_DUAL_S0.fits,2022-05-12,08:45:00.000000,859728_2022-05-12_08:45:00.000000,1
576,859702_2022-05-12_08:45:00.000000,https://spaceweather.astron.nl//SolarKSP/data/atdb_process/solar_bf_compressing/3959/859702/dynamic_spectra/LOFAR_20220512_084500_LBA_OUTER_S0.fits,2022-05-12,08:45:00.000000,859702_2022-05-12_08:45:00.000000,3
9,859728_2022-05-12_09:00:00.000000,https://spaceweather.astron.nl//SolarKSP/data/atdb_process/solar_bf_compressing/3044/859728/dynamic_spectra/LOFAR_20220512_090000_HBA_DUAL_S0.fits,2022-05-12,09:00:00.000000,859728_2022-05-12_09:00:00.000000,1
48,859726_2022-05-12_09:00:00.000000,https://spaceweather.astron.nl//SolarKSP/data/atdb_process/solar_bf_compressing/3043/859726/dynamic_spectra/LOFAR_20220512_090000_LBA_OUTER.fits,2022-05-12,09:00:00.000000,859726_2022-05-12_09:00:00.000000,3
573,859702_2022-05-12_09:00:00.000000,https://spaceweather.astron.nl//SolarKSP/data/atdb_process/solar_bf_compressing/3959/859702/dynamic_spectra/LOFAR_20220512_090000_LBA_OUTER_S0.fits,2022-05-12,09:00:00.000000,859702_2022-05-12_09:00:00.000000,3
353,859728_2022-05-12_09:15:00.000000,https://spaceweather.astron.nl//SolarKSP/data/atdb_process/solar_bf_compressing/3044/859728/dynamic_spectra/LOFAR_20220512_091500_HBA_DUAL_S0.fits,2022-05-12,09:15:00.000000,859728_2022-05-12_09:15:00.000000,1
589,859702_2022-05-12_09:15:00.000000,https://spaceweather.astron.nl//SolarKSP/data/atdb_process/solar_bf_compressing/3959/859702/dynamic_spectra/LOFAR_20220512_091500_LBA_OUTER_S0.fits,2022-05-12,09:15:00.000000,859702_2022-05-12_09:15:00.000000,1
8,859728_2022-05-12_09:30:00.000000,https://spaceweather.astron.nl//SolarKSP/data/atdb_process/solar_bf_compressing/3044/859728/dynamic_spectra/LOFAR_20220512_093000_HBA_DUAL_S0.fits,2022-05-12,09:30:00.000000,859728_2022-05-12_09:30:00.000000,1
51,859726_2022-05-12_09:30:00.000000,https://spaceweather.astron.nl//SolarKSP/data/atdb_process/solar_bf_compressing/3043/859726/dynamic_spectra/LOFAR_20220512_093000_LBA_OUTER.fits,2022-05-12,09:30:00.000000,859726_2022-05-12_09:30:00.000000,3
602,859702_2022-05-12_09:30:00.000000,https://spaceweather.astron.nl//SolarKSP/data/atdb_process/solar_bf_compressing/3959/859702/dynamic_spectra/LOFAR_20220512_093000_LBA_OUTER_S0.fits,2022-05-12,09:30:00.000000,859702_2022-05-12_09:30:00.000000,1
351,859728_2022-05-12_09:45:00.000000,https://spaceweather.astron.nl//SolarKSP/data/atdb_process/solar_bf_compressing/3044/859728/dynamic_spectra/LOFAR_20220512_094500_HBA_DUAL_S0.fits,2022-05-12,09:45:00.000000,859728_2022-05-12_09:45:00.000000,1
585,859702_2022-05-12_09:45:00.000000,https://spaceweather.astron.nl//SolarKSP/data/atdb_process/solar_bf_compressing/3959/859702/dynamic_spectra/LOFAR_20220512_094500_LBA_OUTER_S0.fits,2022-05-12,09:45:00.000000,859702_2022-05-12_09:45:00.000000,3
12,859728_2022-05-12_10:00:00.000000,https://spaceweather.astron.nl//SolarKSP/data/atdb_process/solar_bf_compressing/3044/859728/dynamic_spectra/LOFAR_20220512_100000_HBA_DUAL_S0.fits,2022-05-12,10:00:00.000000,859728_2022-05-12_10:00:00.000000,1
52,859726_2022-05-12_10:00:00.000000,https://spaceweather.astron.nl//SolarKSP/data/atdb_process/solar_bf_compressing/3043/859726/dynamic_spectra/LOFAR_20220512_100000_LBA_OUTER.fits,2022-05-12,10:00:00.000000,859726_2022-05-12_10:00:00.000000,3
599,859702_2022-05-12_10:00:00.000000,https://spaceweather.astron.nl//SolarKSP/data/atdb_process/solar_bf_compressing/3959/859702/dynamic_spectra/LOFAR_20220512_100000_LBA_OUTER_S0.fits,2022-05-12,10:00:00.000000,859702_2022-05-12_10:00:00.000000,3
347,859728_2022-05-12_10:15:00.000000,https://spaceweather.astron.nl//SolarKSP/data/atdb_process/solar_bf_compressing/3044/859728/dynamic_spectra/LOFAR_20220512_101500_HBA_DUAL_S0.fits,2022-05-12,10:15:00.000000,859728_2022-05-12_10:15:00.000000,1
582,859702_2022-05-12_10:15:00.000000,https://spaceweather.astron.nl//SolarKSP/data/atdb_process/solar_bf_compressing/3959/859702/dynamic_spectra/LOFAR_20220512_101500_LBA_OUTER_S0.fits,2022-05-12,10:15:00.000000,859702_2022-05-12_10:15:00.000000,3
13,859728_2022-05-12_10:30:00.000000,https://spaceweather.astron.nl//SolarKSP/data/atdb_process/solar_bf_compressing/3044/859728/dynamic_spectra/LOFAR_20220512_103000_HBA_DUAL_S0.fits,2022-05-12,10:30:00.000000,859728_2022-05-12_10:30:00.000000,1
47,859726_2022-05-12_10:30:00.000000,https://spaceweather.astron.nl//SolarKSP/data/atdb_process/solar_bf_compressing/3043/859726/dynamic_spectra/LOFAR_20220512_103000_LBA_OUTER.fits,2022-05-12,10:30:00.000000,859726_2022-05-12_10:30:00.000000,3
567,859702_2022-05-12_10:30:00.000000,https://spaceweather.astron.nl//SolarKSP/data/atdb_process/solar_bf_compressing/3959/859702/dynamic_spectra/LOFAR_20220512_103000_LBA_OUTER_S0.fits,2022-05-12,10:30:00.000000,859702_2022-05-12_10:30:00.000000,3
355,859728_2022-05-12_10:45:00.000000,https://spaceweather.astron.nl//SolarKSP/data/atdb_process/solar_bf_compressing/3044/859728/dynamic_spectra/LOFAR_20220512_104500_HBA_DUAL_S0.fits,2022-05-12,10:45:00.000000,859728_2022-05-12_10:45:00.000000,1
590,859702_2022-05-12_10:45:00.000000,https://spaceweather.astron.nl//SolarKSP/data/atdb_process/solar_bf_compressing/3959/859702/dynamic_spectra/LOFAR_20220512_104500_LBA_OUTER_S0.fits,2022-05-12,10:45:00.000000,859702_2022-05-12_10:45:00.000000,1
7,859728_2022-05-12_11:00:00.000000,https://spaceweather.astron.nl//SolarKSP/data/atdb_process/solar_bf_compressing/3044/859728/dynamic_spectra/LOFAR_20220512_110000_HBA_DUAL_S0.fits,2022-05-12,11:00:00.000000,859728_2022-05-12_11:00:00.000000,1
46,859726_2022-05-12_11:00:00.000000,https://spaceweather.astron.nl//SolarKSP/data/atdb_process/solar_bf_compressing/3043/859726/dynamic_spectra/LOFAR_20220512_110000_LBA_OUTER.fits,2022-05-12,11:00:00.000000,859726_2022-05-12_11:00:00.000000,3
588,859702_2022-05-12_11:00:00.000000,https://spaceweather.astron.nl//SolarKSP/data/atdb_process/solar_bf_compressing/3959/859702/dynamic_spectra/LOFAR_20220512_110000_LBA_OUTER_S0.fits,2022-05-12,11:00:00.000000,859702_2022-05-12_11:00:00.000000,1
344,859728_2022-05-12_11:15:00.000000,https://spaceweather.astron.nl//SolarKSP/data/atdb_process/solar_bf_compressing/3044/859728/dynamic_spectra/LOFAR_20220512_111500_HBA_DUAL_S0.fits,2022-05-12,11:15:00.000000,859728_2022-05-12_11:15:00.000000,1
574,859702_2022-05-12_11:15:00.000000,https://spaceweather.astron.nl//SolarKSP/data/atdb_process/solar_bf_compressing/3959/859702/dynamic_spectra/LOFAR_20220512_111500_LBA_OUTER_S0.fits,2022-05-12,11:15:00.000000,859702_2022-05-12_11:15:00.000000,3
10,859728_2022-05-12_11:30:00.000000,https://spaceweather.astron.nl//SolarKSP/data/atdb_process/solar_bf_compressing/3044/859728/dynamic_spectra/LOFAR_20220512_113000_HBA_DUAL_S0.fits,2022-05-12,11:30:00.000000,859728_2022-05-12_11:30:00.000000,1
49,859726_2022-05-12_11:30:00.000000,https://spaceweather.astron.nl//SolarKSP/data/atdb_process/solar_bf_compressing/3043/859726/dynamic_spectra/LOFAR_20220512_113000_LBA_OUTER.fits,2022-05-12,11:30:00.000000,859726_2022-05-12_11:30:00.000000,3
577,859702_2022-05-12_11:30:00.000000,https://spaceweather.astron.nl//SolarKSP/data/atdb_process/solar_bf_compressing/3959/859702/dynamic_spectra/LOFAR_20220512_113000_LBA_OUTER_S0.fits,2022-05-12,11:30:00.000000,859702_2022-05-12_11:30:00.000000,1
358,859728_2022-05-12_11:45:00.000000,https://spaceweather.astron.nl//SolarKSP/data/atdb_process/solar_bf_compressing/3044/859728/dynamic_spectra/LOFAR_20220512_114500_HBA_DUAL_S0.fits,2022-05-12,11:45:00.000000,859728_2022-05-12_11:45:00.000000,1
601,859702_2022-05-12_11:45:00.000000,https://spaceweather.astron.nl//SolarKSP/data/atdb_process/solar_bf_compressing/3959/859702/dynamic_spectra/LOFAR_20220512_114500_LBA_OUTER_S0.fits,2022-05-12,11:45:00.000000,859702_2022-05-12_11:45:00.000000,3
2,859728_2022-05-12_12:00:00.000000,https://spaceweather.astron.nl//SolarKSP/data/atdb_process/solar_bf_compressing/3044/859728/dynamic_spectra/LOFAR_20220512_120000_HBA_DUAL_S0.fits,2022-05-12,12:00:00.000000,859728_2022-05-12_12:00:00.000000,2
55,859726_2022-05-12_12:00:00.000000,https://spaceweather.astron.nl//SolarKSP/data/atdb_process/solar_bf_compressing/3043/859726/dynamic_spectra/LOFAR_20220512_120000_LBA_OUTER.fits,2022-05-12,12:00:00.000000,859726_2022-05-12_12:00:00.000000,3
581,859702_2022-05-12_12:00:00.000000,https://spaceweather.astron.nl//SolarKSP/data/atdb_process/solar_bf_compressing/3959/859702/dynamic_spectra/LOFAR_20220512_120000_LBA_OUTER_S0.fits,2022-05-12,12:00:00.000000,859702_2022-05-12_12:00:00.000000,3
357,859728_2022-05-12_12:15:00.000000,https://spaceweather.astron.nl//SolarKSP/data/atdb_process/solar_bf_compressing/3044/859728/dynamic_spectra/LOFAR_20220512_121500_HBA_DUAL_S0.fits,2022-05-12,12:15:00.000000,859728_2022-05-12_12:15:00.000000,1
605,859702_2022-05-12_12:15:00.000000,https://spaceweather.astron.nl//SolarKSP/data/atdb_process/solar_bf_compressing/3959/859702/dynamic_spectra/LOFAR_20220512_121500_LBA_OUTER_S0.fits,2022-05-12,12:15:00.000000,859702_2022-05-12_12:15:00.000000,3
6,859728_2022-05-12_12:30:00.000000,https://spaceweather.astron.nl//SolarKSP/data/atdb_process/solar_bf_compressing/3044/859728/dynamic_spectra/LOFAR_20220512_123000_HBA_DUAL_S0.fits,2022-05-12,12:30:00.000000,859728_2022-05-12_12:30:00.000000,1
42,859726_2022-05-12_12:30:00.000000,https://spaceweather.astron.nl//SolarKSP/data/atdb_process/solar_bf_compressing/3043/859726/dynamic_spectra/LOFAR_20220512_123000_LBA_OUTER.fits,2022-05-12,12:30:00.000000,859726_2022-05-12_12:30:00.000000,3
587,859702_2022-05-12_12:30:00.000000,https://spaceweather.astron.nl//SolarKSP/data/atdb_process/solar_bf_compressing/3959/859702/dynamic_spectra/LOFAR_20220512_123000_LBA_OUTER_S0.fits,2022-05-12,12:30:00.000000,859702_2022-05-12_12:30:00.000000,3
346,859728_2022-05-12_12:45:00.000000,https://spaceweather.astron.nl//SolarKSP/data/atdb_process/solar_bf_compressing/3044/859728/dynamic_spectra/LOFAR_20220512_124500_HBA_DUAL_S0.fits,2022-05-12,12:45:00.000000,859728_2022-05-12_12:45:00.000000,1
569,859702_2022-05-12_12:45:00.000000,https://spaceweather.astron.nl//SolarKSP/data/atdb_process/solar_bf_compressing/3959/859702/dynamic_spectra/LOFAR_20220512_124500_LBA_OUTER_S0.fits,2022-05-12,12:45:00.000000,859702_2022-05-12_12:45:00.000000,3
0,859728_2022-05-12_13:00:00.000000,https://spaceweather.astron.nl//SolarKSP/data/atdb_process/solar_bf_compressing/3044/859728/dynamic_spectra/LOFAR_20220512_130000_HBA_DUAL_S0.fits,2022-05-12,13:00:00.000000,859728_2022-05-12_13:00:00.000000,1
41,859726_2022-05-12_13:00:00.000000,https://spaceweather.astron.nl//SolarKSP/data/atdb_process/solar_bf_compressing/3043/859726/dynamic_spectra/LOFAR_20220512_130000_LBA_OUTER.fits,2022-05-12,13:00:00.000000,859726_2022-05-12_13:00:00.000000,3
571,859702_2022-05-12_13:00:00.000000,https://spaceweather.astron.nl//SolarKSP/data/atdb_process/solar_bf_compressing/3959/859702/dynamic_spectra/LOFAR_20220512_130000_LBA_OUTER_S0.fits,2022-05-12,13:00:00.000000,859702_2022-05-12_13:00:00.000000,1
352,859728_2022-05-12_13:15:00.000000,https://spaceweather.astron.nl//SolarKSP/data/atdb_process/solar_bf_compressing/3044/859728/dynamic_spectra/LOFAR_20220512_131500_HBA_DUAL_S0.fits,2022-05-12,13:15:00.000000,859728_2022-05-12_13:15:00.000000,1
595,859702_2022-05-12_13:15:00.000000,https://spaceweather.astron.nl//SolarKSP/data/atdb_process/solar_bf_compressing/3959/859702/dynamic_spectra/LOFAR_20220512_131500_LBA_OUTER_S0.fits,2022-05-12,13:15:00.000000,859702_2022-05-12_13:15:00.000000,1
1,859728_2022-05-12_13:30:00.000000,https://spaceweather.astron.nl//SolarKSP/data/atdb_process/solar_bf_compressing/3044/859728/dynamic_spectra/LOFAR_20220512_133000_HBA_DUAL_S0.fits,2022-05-12,13:30:00.000000,859728_2022-05-12_13:30:00.000000,1
53,859726_2022-05-12_13:30:00.000000,https://spaceweather.astron.nl//SolarKSP/data/atdb_process/solar_bf_compressing/3043/859726/dynamic_spectra/LOFAR_20220512_133000_LBA_OUTER.fits,2022-05-12,13:30:00.000000,859726_2022-05-12_13:30:00.000000,6
597,859702_2022-05-12_13:30:00.000000,https://spaceweather.astron.nl//SolarKSP/data/atdb_process/solar_bf_compressing/3959/859702/dynamic_spectra/LOFAR_20220512_133000_LBA_OUTER_S0.fits,2022-05-12,13:30:00.000000,859702_2022-05-12_13:30:00.000000,1
350,859728_2022-05-12_13:45:00.000000,https://spaceweather.astron.nl//SolarKSP/data/atdb_process/solar_bf_compressing/3044/859728/dynamic_spectra/LOFAR_20220512_134500_HBA_DUAL_S0.fits,2022-05-12,13:45:00.000000,859728_2022-05-12_13:45:00.000000,1
579,859702_2022-05-12_13:45:00.000000,https://spaceweather.astron.nl//SolarKSP/data/atdb_process/solar_bf_compressing/3959/859702/dynamic_spectra/LOFAR_20220512_134500_LBA_OUTER_S0.fits,2022-05-12,13:45:00.000000,859702_2022-05-12_13:45:00.000000,1
5,859728_2022-05-12_14:00:00.000000,https://spaceweather.astron.nl//SolarKSP/data/atdb_process/solar_bf_compressing/3044/859728/dynamic_spectra/LOFAR_20220512_140000_HBA_DUAL_S0.fits,2022-05-12,14:00:00.000000,859728_2022-05-12_14:00:00.000000,1
44,859726_2022-05-12_14:00:00.000000,https://spaceweather.astron.nl//SolarKSP/data/atdb_process/solar_bf_compressing/3043/859726/dynamic_spectra/LOFAR_20220512_140000_LBA_OUTER.fits,2022-05-12,14:00:00.000000,859726_2022-05-12_14:00:00.000000,3
578,859702_2022-05-12_14:00:00.000000,https://spaceweather.astron.nl//SolarKSP/data/atdb_process/solar_bf_compressing/3959/859702/dynamic_spectra/LOFAR_20220512_140000_LBA_OUTER_S0.fits,2022-05-12,14:00:00.000000,859702_2022-05-12_14:00:00.000000,1
359,859728_2022-05-12_14:15:00.000000,https://spaceweather.astron.nl//SolarKSP/data/atdb_process/solar_bf_compressing/3044/859728/dynamic_spectra/LOFAR_20220512_141500_HBA_DUAL_S0.fits,2022-05-12,14:15:00.000000,859728_2022-05-12_14:15:00.000000,1
604,859702_2022-05-12_14:15:00.000000,https://spaceweather.astron.nl//SolarKSP/data/atdb_process/solar_bf_compressing/3959/859702/dynamic_spectra/LOFAR_20220512_141500_LBA_OUTER_S0.fits,2022-05-12,14:15:00.000000,859702_2022-05-12_14:15:00.000000,1
348,859728_2022-05-12_14:30:00.000000,https://spaceweather.astron.nl//SolarKSP/data/atdb_process/solar_bf_compressing/3044/859728/dynamic_spectra/LOFAR_20220512_143000_HBA_DUAL_S0.fits,2022-05-12,14:30:00.000000,859728_2022-05-12_14:30:00.000000,1
586,859702_2022-05-12_14:30:00.000000,https://spaceweather.astron.nl//SolarKSP/data/atdb_process/solar_bf_compressing/3959/859702/dynamic_spectra/LOFAR_20220512_143000_LBA_OUTER_S0.fits,2022-05-12,14:30:00.000000,859702_2022-05-12_14:30:00.000000,1
572,859702_2022-05-12_14:45:00.000000,https://spaceweather.astron.nl//SolarKSP/data/atdb_process/solar_bf_compressing/3959/859702/dynamic_spectra/LOFAR_20220512_144500_LBA_OUTER_S0.fits,2022-05-12,14:45:00.000000,859702_2022-05-12_14:45:00.000000,1
570,859702_2022-05-12_15:00:00.000000,https://spaceweather.astron.nl//SolarKSP/data/atdb_process/solar_bf_compressing/3959/859702/dynamic_spectra/LOFAR_20220512_150000_LBA_OUTER_S0.fits,2022-05-12,15:00:00.000000,859702_2022-05-12_15:00:00.000000,3
594,859702_2022-05-12_15:15:00.000000,https://spaceweather.astron.nl//SolarKSP/data/atdb_process/solar_bf_compressing/3959/859702/dynamic_spectra/LOFAR_20220512_151500_LBA_OUTER_S0.fits,2022-05-12,15:15:00.000000,859702_2022-05-12_15:15:00.000000,1
596,859702_2022-05-12_15:30:00.000000,https://spaceweather.astron.nl//SolarKSP/data/atdb_process/solar_bf_compressing/3959/859702/dynamic_spectra/LOFAR_20220512_153000_LBA_OUTER_S0.fits,2022-05-12,15:30:00.000000,859702_2022-05-12_15:30:00.000000,1
580,859702_2022-05-12_15:45:00.000000,https://spaceweather.astron.nl//SolarKSP/data/atdb_process/solar_bf_compressing/3959/859702/dynamic_spectra/LOFAR_20220512_154500_LBA_OUTER_S0.fits,2022-05-12,15:45:00.000000,859702_2022-05-12_15:45:00.000000,1
600,859702_2022-05-12_16:00:00.000000,https://spaceweather.astron.nl//SolarKSP/data/atdb_process/solar_bf_compressing/3959/859702/dynamic_spectra/LOFAR_20220512_160000_LBA_OUTER_S0.fits,2022-05-12,16:00:00.000000,859702_2022-05-12_16:00:00.000000,1
524,859736_2022-05-13_06:30:00.000000,https://spaceweather.astron.nl//SolarKSP/data/atdb_process/solar_bf_compressing/3708/859736/dynamic_spectra/LOFAR_20220513_063000_LBA_OUTER_S0.fits,2022-05-13,06:30:00.000000,859736_2022-05-13_06:30:00.000000,3
506,859736_2022-05-13_06:45:00.000000,https://spaceweather.astron.nl//SolarKSP/data/atdb_process/solar_bf_compressing/3708/859736/dynamic_spectra/LOFAR_20220513_064500_LBA_OUTER_S0.fits,2022-05-13,06:45:00.000000,859736_2022-05-13_06:45:00.000000,3
505,859736_2022-05-13_07:00:00.000000,https://spaceweather.astron.nl//SolarKSP/data/atdb_process/solar_bf_compressing/3708/859736/dynamic_spectra/LOFAR_20220513_070000_LBA_OUTER_S0.fits,2022-05-13,07:00:00.000000,859736_2022-05-13_07:00:00.000000,3
518,859736_2022-05-13_07:15:00.000000,https://spaceweather.astron.nl//SolarKSP/data/atdb_process/solar_bf_compressing/3708/859736/dynamic_spectra/LOFAR_20220513_071500_LBA_OUTER_S0.fits,2022-05-13,07:15:00.000000,859736_2022-05-13_07:15:00.000000,3
514,859736_2022-05-13_07:30:00.000000,https://spaceweather.astron.nl//SolarKSP/data/atdb_process/solar_bf_compressing/3708/859736/dynamic_spectra/LOFAR_20220513_073000_LBA_OUTER_S0.fits,2022-05-13,07:30:00.000000,859736_2022-05-13_07:30:00.000000,3
496,859736_2022-05-13_07:45:00.000000,https://spaceweather.astron.nl//SolarKSP/data/atdb_process/solar_bf_compressing/3708/859736/dynamic_spectra/LOFAR_20220513_074500_LBA_OUTER_S0.fits,2022-05-13,07:45:00.000000,859736_2022-05-13_07:45:00.000000,3
515,859736_2022-05-13_08:00:00.000000,https://spaceweather.astron.nl//SolarKSP/data/atdb_process/solar_bf_compressing/3708/859736/dynamic_spectra/LOFAR_20220513_080000_LBA_OUTER_S0.fits,2022-05-13,08:00:00.000000,859736_2022-05-13_08:00:00.000000,3
492,859736_2022-05-13_08:15:00.000000,https://spaceweather.astron.nl//SolarKSP/data/atdb_process/solar_bf_compressing/3708/859736/dynamic_spectra/LOFAR_20220513_081500_LBA_OUTER_S0.fits,2022-05-13,08:15:00.000000,859736_2022-05-13_08:15:00.000000,1
504,859736_2022-05-13_08:30:00.000000,https://spaceweather.astron.nl//SolarKSP/data/atdb_process/solar_bf_compressing/3708/859736/dynamic_spectra/LOFAR_20220513_083000_LBA_OUTER_S0.fits,2022-05-13,08:30:00.000000,859736_2022-05-13_08:30:00.000000,1
527,859736_2022-05-13_08:45:00.000000,https://spaceweather.astron.nl//SolarKSP/data/atdb_process/solar_bf_compressing/3708/859736/dynamic_spectra/LOFAR_20220513_084500_LBA_OUTER_S0.fits,2022-05-13,08:45:00.000000,859736_2022-05-13_08:45:00.000000,3
526,859736_2022-05-13_09:00:00.000000,https://spaceweather.astron.nl//SolarKSP/data/atdb_process/solar_bf_compressing/3708/859736/dynamic_spectra/LOFAR_20220513_090000_LBA_OUTER_S0.fits,2022-05-13,09:00:00.000000,859736_2022-05-13_09:00:00.000000,3
501,859736_2022-05-13_09:15:00.000000,https://spaceweather.astron.nl//SolarKSP/data/atdb_process/solar_bf_compressing/3708/859736/dynamic_spectra/LOFAR_20220513_091500_LBA_OUTER_S0.fits,2022-05-13,09:15:00.000000,859736_2022-05-13_09:15:00.000000,3
495,859736_2022-05-13_09:30:00.000000,https://spaceweather.astron.nl//SolarKSP/data/atdb_process/solar_bf_compressing/3708/859736/dynamic_spectra/LOFAR_20220513_093000_LBA_OUTER_S0.fits,2022-05-13,09:30:00.000000,859736_2022-05-13_09:30:00.000000,3
517,859736_2022-05-13_09:45:00.000000,https://spaceweather.astron.nl//SolarKSP/data/atdb_process/solar_bf_compressing/3708/859736/dynamic_spectra/LOFAR_20220513_094500_LBA_OUTER_S0.fits,2022-05-13,09:45:00.000000,859736_2022-05-13_09:45:00.000000,3
491,859736_2022-05-13_10:00:00.000000,https://spaceweather.astron.nl//SolarKSP/data/atdb_process/solar_bf_compressing/3708/859736/dynamic_spectra/LOFAR_20220513_100000_LBA_OUTER_S0.fits,2022-05-13,10:00:00.000000,859736_2022-05-13_10:00:00.000000,1
516,859736_2022-05-13_10:15:00.000000,https://spaceweather.astron.nl//SolarKSP/data/atdb_process/solar_bf_compressing/3708/859736/dynamic_spectra/LOFAR_20220513_101500_LBA_OUTER_S0.fits,2022-05-13,10:15:00.000000,859736_2022-05-13_10:15:00.000000,3
519,859736_2022-05-13_10:30:00.000000,https://spaceweather.astron.nl//SolarKSP/data/atdb_process/solar_bf_compressing/3708/859736/dynamic_spectra/LOFAR_20220513_103000_LBA_OUTER_S0.fits,2022-05-13,10:30:00.000000,859736_2022-05-13_10:30:00.000000,3
503,859736_2022-05-13_10:45:00.000000,https://spaceweather.astron.nl//SolarKSP/data/atdb_process/solar_bf_compressing/3708/859736/dynamic_spectra/LOFAR_20220513_104500_LBA_OUTER_S0.fits,2022-05-13,10:45:00.000000,859736_2022-05-13_10:45:00.000000,3
502,859736_2022-05-13_11:00:00.000000,https://spaceweather.astron.nl//SolarKSP/data/atdb_process/solar_bf_compressing/3708/859736/dynamic_spectra/LOFAR_20220513_110000_LBA_OUTER_S0.fits,2022-05-13,11:00:00.000000,859736_2022-05-13_11:00:00.000000,3
525,859736_2022-05-13_11:15:00.000000,https://spaceweather.astron.nl//SolarKSP/data/atdb_process/solar_bf_compressing/3708/859736/dynamic_spectra/LOFAR_20220513_111500_LBA_OUTER_S0.fits,2022-05-13,11:15:00.000000,859736_2022-05-13_11:15:00.000000,3
509,859736_2022-05-13_11:30:00.000000,https://spaceweather.astron.nl//SolarKSP/data/atdb_process/solar_bf_compressing/3708/859736/dynamic_spectra/LOFAR_20220513_113000_LBA_OUTER_S0.fits,2022-05-13,11:30:00.000000,859736_2022-05-13_11:30:00.000000,3
494,859736_2022-05-13_11:45:00.000000,https://spaceweather.astron.nl//SolarKSP/data/atdb_process/solar_bf_compressing/3708/859736/dynamic_spectra/LOFAR_20220513_114500_LBA_OUTER_S0.fits,2022-05-13,11:45:00.000000,859736_2022-05-13_11:45:00.000000,1
513,859736_2022-05-13_12:00:00.000000,https://spaceweather.astron.nl//SolarKSP/data/atdb_process/solar_bf_compressing/3708/859736/dynamic_spectra/LOFAR_20220513_120000_LBA_OUTER_S0.fits,2022-05-13,12:00:00.000000,859736_2022-05-13_12:00:00.000000,1
498,859736_2022-05-13_12:15:00.000000,https://spaceweather.astron.nl//SolarKSP/data/atdb_process/solar_bf_compressing/3708/859736/dynamic_spectra/LOFAR_20220513_121500_LBA_OUTER_S0.fits,2022-05-13,12:15:00.000000,859736_2022-05-13_12:15:00.000000,3
500,859736_2022-05-13_12:30:00.000000,https://spaceweather.astron.nl//SolarKSP/data/atdb_process/solar_bf_compressing/3708/859736/dynamic_spectra/LOFAR_20220513_123000_LBA_OUTER_S0.fits,2022-05-13,12:30:00.000000,859736_2022-05-13_12:30:00.000000,3
520,859736_2022-05-13_12:45:00.000000,https://spaceweather.astron.nl//SolarKSP/data/atdb_process/solar_bf_compressing/3708/859736/dynamic_spectra/LOFAR_20220513_124500_LBA_OUTER_S0.fits,2022-05-13,12:45:00.000000,859736_2022-05-13_12:45:00.000000,3
522,859736_2022-05-13_13:00:00.000000,https://spaceweather.astron.nl//SolarKSP/data/atdb_process/solar_bf_compressing/3708/859736/dynamic_spectra/LOFAR_20220513_130000_LBA_OUTER_S0.fits,2022-05-13,13:00:00.000000,859736_2022-05-13_13:00:00.000000,1
508,859736_2022-05-13_13:15:00.000000,https://spaceweather.astron.nl//SolarKSP/data/atdb_process/solar_bf_compressing/3708/859736/dynamic_spectra/LOFAR_20220513_131500_LBA_OUTER_S0.fits,2022-05-13,13:15:00.000000,859736_2022-05-13_13:15:00.000000,3
490,859736_2022-05-13_13:30:00.000000,https://spaceweather.astron.nl//SolarKSP/data/atdb_process/solar_bf_compressing/3708/859736/dynamic_spectra/LOFAR_20220513_133000_LBA_OUTER_S0.fits,2022-05-13,13:30:00.000000,859736_2022-05-13_13:30:00.000000,1
511,859736_2022-05-13_13:45:00.000000,https://spaceweather.astron.nl//SolarKSP/data/atdb_process/solar_bf_compressing/3708/859736/dynamic_spectra/LOFAR_20220513_134500_LBA_OUTER_S0.fits,2022-05-13,13:45:00.000000,859736_2022-05-13_13:45:00.000000,3
510,859736_2022-05-13_14:00:00.000000,https://spaceweather.astron.nl//SolarKSP/data/atdb_process/solar_bf_compressing/3708/859736/dynamic_spectra/LOFAR_20220513_140000_LBA_OUTER_S0.fits,2022-05-13,14:00:00.000000,859736_2022-05-13_14:00:00.000000,3
497,859736_2022-05-13_14:15:00.000000,https://spaceweather.astron.nl//SolarKSP/data/atdb_process/solar_bf_compressing/3708/859736/dynamic_spectra/LOFAR_20220513_141500_LBA_OUTER_S0.fits,2022-05-13,14:15:00.000000,859736_2022-05-13_14:15:00.000000,3
499,859736_2022-05-13_14:30:00.000000,https://spaceweather.astron.nl//SolarKSP/data/atdb_process/solar_bf_compressing/3708/859736/dynamic_spectra/LOFAR_20220513_143000_LBA_OUTER_S0.fits,2022-05-13,14:30:00.000000,859736_2022-05-13_14:30:00.000000,3
523,859736_2022-05-13_14:45:00.000000,https://spaceweather.astron.nl//SolarKSP/data/atdb_process/solar_bf_compressing/3708/859736/dynamic_spectra/LOFAR_20220513_144500_LBA_OUTER_S0.fits,2022-05-13,14:45:00.000000,859736_2022-05-13_14:45:00.000000,3
521,859736_2022-05-13_15:00:00.000000,https://spaceweather.astron.nl//SolarKSP/data/atdb_process/solar_bf_compressing/3708/859736/dynamic_spectra/LOFAR_20220513_150000_LBA_OUTER_S0.fits,2022-05-13,15:00:00.000000,859736_2022-05-13_15:00:00.000000,1
507,859736_2022-05-13_15:15:00.000000,https://spaceweather.astron.nl//SolarKSP/data/atdb_process/solar_bf_compressing/3708/859736/dynamic_spectra/LOFAR_20220513_151500_LBA_OUTER_S0.fits,2022-05-13,15:15:00.000000,859736_2022-05-13_15:15:00.000000,3
489,859736_2022-05-13_15:30:00.000000,https://spaceweather.astron.nl//SolarKSP/data/atdb_process/solar_bf_compressing/3708/859736/dynamic_spectra/LOFAR_20220513_153000_LBA_OUTER_S0.fits,2022-05-13,15:30:00.000000,859736_2022-05-13_15:30:00.000000,1
512,859736_2022-05-13_15:45:00.000000,https://spaceweather.astron.nl//SolarKSP/data/atdb_process/solar_bf_compressing/3708/859736/dynamic_spectra/LOFAR_20220513_154500_LBA_OUTER_S0.fits,2022-05-13,15:45:00.000000,859736_2022-05-13_15:45:00.000000,3
493,859736_2022-05-13_16:00:00.000000,https://spaceweather.astron.nl//SolarKSP/data/atdb_process/solar_bf_compressing/3708/859736/dynamic_spectra/LOFAR_20220513_160000_LBA_OUTER_S0.fits,2022-05-13,16:00:00.000000,859736_2022-05-13_16:00:00.000000,1
686,860142_2022-05-14_06:30:00.000000,https://spaceweather.astron.nl//SolarKSP/data/atdb_process/solar_bf_compressing/4051/860142/dynamic_spectra/LOFAR_20220514_063000_LBA_OUTER_S0.fits,2022-05-14,06:30:00.000000,860142_2022-05-14_06:30:00.000000,3
669,860142_2022-05-14_06:45:00.000000,https://spaceweather.astron.nl//SolarKSP/data/atdb_process/solar_bf_compressing/4051/860142/dynamic_spectra/LOFAR_20220514_064500_LBA_OUTER_S0.fits,2022-05-14,06:45:00.000000,860142_2022-05-14_06:45:00.000000,3
668,860142_2022-05-14_07:00:00.000000,https://spaceweather.astron.nl//SolarKSP/data/atdb_process/solar_bf_compressing/4051/860142/dynamic_spectra/LOFAR_20220514_070000_LBA_OUTER_S0.fits,2022-05-14,07:00:00.000000,860142_2022-05-14_07:00:00.000000,3
690,860142_2022-05-14_07:15:00.000000,https://spaceweather.astron.nl//SolarKSP/data/atdb_process/solar_bf_compressing/4051/860142/dynamic_spectra/LOFAR_20220514_071500_LBA_OUTER_S0.fits,2022-05-14,07:15:00.000000,860142_2022-05-14_07:15:00.000000,3
677,860142_2022-05-14_07:30:00.000000,https://spaceweather.astron.nl//SolarKSP/data/atdb_process/solar_bf_compressing/4051/860142/dynamic_spectra/LOFAR_20220514_073000_LBA_OUTER_S0.fits,2022-05-14,07:30:00.000000,860142_2022-05-14_07:30:00.000000,3
658,860142_2022-05-14_07:45:00.000000,https://spaceweather.astron.nl//SolarKSP/data/atdb_process/solar_bf_compressing/4051/860142/dynamic_spectra/LOFAR_20220514_074500_LBA_OUTER_S0.fits,2022-05-14,07:45:00.000000,860142_2022-05-14_07:45:00.000000,3
679,860142_2022-05-14_08:00:00.000000,https://spaceweather.astron.nl//SolarKSP/data/atdb_process/solar_bf_compressing/4051/860142/dynamic_spectra/LOFAR_20220514_080000_LBA_OUTER_S0.fits,2022-05-14,08:00:00.000000,860142_2022-05-14_08:00:00.000000,3
663,860142_2022-05-14_08:15:00.000000,https://spaceweather.astron.nl//SolarKSP/data/atdb_process/solar_bf_compressing/4051/860142/dynamic_spectra/LOFAR_20220514_081500_LBA_OUTER_S0.fits,2022-05-14,08:15:00.000000,860142_2022-05-14_08:15:00.000000,3
667,860142_2022-05-14_08:30:00.000000,https://spaceweather.astron.nl//SolarKSP/data/atdb_process/solar_bf_compressing/4051/860142/dynamic_spectra/LOFAR_20220514_083000_LBA_OUTER_S0.fits,2022-05-14,08:30:00.000000,860142_2022-05-14_08:30:00.000000,3
689,860142_2022-05-14_08:45:00.000000,https://spaceweather.astron.nl//SolarKSP/data/atdb_process/solar_bf_compressing/4051/860142/dynamic_spectra/LOFAR_20220514_084500_LBA_OUTER_S0.fits,2022-05-14,08:45:00.000000,860142_2022-05-14_08:45:00.000000,3
687,860142_2022-05-14_09:00:00.000000,https://spaceweather.astron.nl//SolarKSP/data/atdb_process/solar_bf_compressing/4051/860142/dynamic_spectra/LOFAR_20220514_090000_LBA_OUTER_S0.fits,2022-05-14,09:00:00.000000,860142_2022-05-14_09:00:00.000000,3
675,860142_2022-05-14_09:15:00.000000,https://spaceweather.astron.nl//SolarKSP/data/atdb_process/solar_bf_compressing/4051/860142/dynamic_spectra/LOFAR_20220514_091500_LBA_OUTER_S0.fits,2022-05-14,09:15:00.000000,860142_2022-05-14_09:15:00.000000,3
657,860142_2022-05-14_09:30:00.000000,https://spaceweather.astron.nl//SolarKSP/data/atdb_process/solar_bf_compressing/4051/860142/dynamic_spectra/LOFAR_20220514_093000_LBA_OUTER_S0.fits,2022-05-14,09:30:00.000000,860142_2022-05-14_09:30:00.000000,3
680,860142_2022-05-14_09:45:00.000000,https://spaceweather.astron.nl//SolarKSP/data/atdb_process/solar_bf_compressing/4051/860142/dynamic_spectra/LOFAR_20220514_094500_LBA_OUTER_S0.fits,2022-05-14,09:45:00.000000,860142_2022-05-14_09:45:00.000000,3
664,860142_2022-05-14_10:00:00.000000,https://spaceweather.astron.nl//SolarKSP/data/atdb_process/solar_bf_compressing/4051/860142/dynamic_spectra/LOFAR_20220514_100000_LBA_OUTER_S0.fits,2022-05-14,10:00:00.000000,860142_2022-05-14_10:00:00.000000,1
678,860142_2022-05-14_10:15:00.000000,https://spaceweather.astron.nl//SolarKSP/data/atdb_process/solar_bf_compressing/4051/860142/dynamic_spectra/LOFAR_20220514_101500_LBA_OUTER_S0.fits,2022-05-14,10:15:00.000000,860142_2022-05-14_10:15:00.000000,3
691,860142_2022-05-14_10:30:00.000000,https://spaceweather.astron.nl//SolarKSP/data/atdb_process/solar_bf_compressing/4051/860142/dynamic_spectra/LOFAR_20220514_103000_LBA_OUTER_S0.fits,2022-05-14,10:30:00.000000,860142_2022-05-14_10:30:00.000000,3
676,860142_2022-05-14_10:45:00.000000,https://spaceweather.astron.nl//SolarKSP/data/atdb_process/solar_bf_compressing/4051/860142/dynamic_spectra/LOFAR_20220514_104500_LBA_OUTER_S0.fits,2022-05-14,10:45:00.000000,860142_2022-05-14_10:45:00.000000,3
674,860142_2022-05-14_11:00:00.000000,https://spaceweather.astron.nl//SolarKSP/data/atdb_process/solar_bf_compressing/4051/860142/dynamic_spectra/LOFAR_20220514_110000_LBA_OUTER_S0.fits,2022-05-14,11:00:00.000000,860142_2022-05-14_11:00:00.000000,3
688,860142_2022-05-14_11:15:00.000000,https://spaceweather.astron.nl//SolarKSP/data/atdb_process/solar_bf_compressing/4051/860142/dynamic_spectra/LOFAR_20220514_111500_LBA_OUTER_S0.fits,2022-05-14,11:15:00.000000,860142_2022-05-14_11:15:00.000000,3
681,860142_2022-05-14_11:30:00.000000,https://spaceweather.astron.nl//SolarKSP/data/atdb_process/solar_bf_compressing/4051/860142/dynamic_spectra/LOFAR_20220514_113000_LBA_OUTER_S0.fits,2022-05-14,11:30:00.000000,860142_2022-05-14_11:30:00.000000,3
666,860142_2022-05-14_11:45:00.000000,https://spaceweather.astron.nl//SolarKSP/data/atdb_process/solar_bf_compressing/4051/860142/dynamic_spectra/LOFAR_20220514_114500_LBA_OUTER_S0.fits,2022-05-14,11:45:00.000000,860142_2022-05-14_11:45:00.000000,3
685,860142_2022-05-14_12:00:00.000000,https://spaceweather.astron.nl//SolarKSP/data/atdb_process/solar_bf_compressing/4051/860142/dynamic_spectra/LOFAR_20220514_120000_LBA_OUTER_S0.fits,2022-05-14,12:00:00.000000,860142_2022-05-14_12:00:00.000000,3
660,860142_2022-05-14_12:15:00.000000,https://spaceweather.astron.nl//SolarKSP/data/atdb_process/solar_bf_compressing/4051/860142/dynamic_spectra/LOFAR_20220514_121500_LBA_OUTER_S0.fits,2022-05-14,12:15:00.000000,860142_2022-05-14_12:15:00.000000,3
673,860142_2022-05-14_12:30:00.000000,https://spaceweather.astron.nl//SolarKSP/data/atdb_process/solar_bf_compressing/4051/860142/dynamic_spectra/LOFAR_20220514_123000_LBA_OUTER_S0.fits,2022-05-14,12:30:00.000000,860142_2022-05-14_12:30:00.000000,3
692,860142_2022-05-14_12:45:00.000000,https://spaceweather.astron.nl//SolarKSP/data/atdb_process/solar_bf_compressing/4051/860142/dynamic_spectra/LOFAR_20220514_124500_LBA_OUTER_S0.fits,2022-05-14,12:45:00.000000,860142_2022-05-14_12:45:00.000000,3
694,860142_2022-05-14_13:00:00.000000,https://spaceweather.astron.nl//SolarKSP/data/atdb_process/solar_bf_compressing/4051/860142/dynamic_spectra/LOFAR_20220514_130000_LBA_OUTER_S0.fits,2022-05-14,13:00:00.000000,860142_2022-05-14_13:00:00.000000,3
671,860142_2022-05-14_13:15:00.000000,https://spaceweather.astron.nl//SolarKSP/data/atdb_process/solar_bf_compressing/4051/860142/dynamic_spectra/LOFAR_20220514_131500_LBA_OUTER_S0.fits,2022-05-14,13:15:00.000000,860142_2022-05-14_13:15:00.000000,3
662,860142_2022-05-14_13:30:00.000000,https://spaceweather.astron.nl//SolarKSP/data/atdb_process/solar_bf_compressing/4051/860142/dynamic_spectra/LOFAR_20220514_133000_LBA_OUTER_S0.fits,2022-05-14,13:30:00.000000,860142_2022-05-14_13:30:00.000000,3
683,860142_2022-05-14_13:45:00.000000,https://spaceweather.astron.nl//SolarKSP/data/atdb_process/solar_bf_compressing/4051/860142/dynamic_spectra/LOFAR_20220514_134500_LBA_OUTER_S0.fits,2022-05-14,13:45:00.000000,860142_2022-05-14_13:45:00.000000,3
682,860142_2022-05-14_14:00:00.000000,https://spaceweather.astron.nl//SolarKSP/data/atdb_process/solar_bf_compressing/4051/860142/dynamic_spectra/LOFAR_20220514_140000_LBA_OUTER_S0.fits,2022-05-14,14:00:00.000000,860142_2022-05-14_14:00:00.000000,3
659,860142_2022-05-14_14:15:00.000000,https://spaceweather.astron.nl//SolarKSP/data/atdb_process/solar_bf_compressing/4051/860142/dynamic_spectra/LOFAR_20220514_141500_LBA_OUTER_S0.fits,2022-05-14,14:15:00.000000,860142_2022-05-14_14:15:00.000000,3
672,860142_2022-05-14_14:30:00.000000,https://spaceweather.astron.nl//SolarKSP/data/atdb_process/solar_bf_compressing/4051/860142/dynamic_spectra/LOFAR_20220514_143000_LBA_OUTER_S0.fits,2022-05-14,14:30:00.000000,860142_2022-05-14_14:30:00.000000,3
695,860142_2022-05-14_14:45:00.000000,https://spaceweather.astron.nl//SolarKSP/data/atdb_process/solar_bf_compressing/4051/860142/dynamic_spectra/LOFAR_20220514_144500_LBA_OUTER_S0.fits,2022-05-14,14:45:00.000000,860142_2022-05-14_14:45:00.000000,3
693,860142_2022-05-14_15:00:00.000000,https://spaceweather.astron.nl//SolarKSP/data/atdb_process/solar_bf_compressing/4051/860142/dynamic_spectra/LOFAR_20220514_150000_LBA_OUTER_S0.fits,2022-05-14,15:00:00.000000,860142_2022-05-14_15:00:00.000000,3
670,860142_2022-05-14_15:15:00.000000,https://spaceweather.astron.nl//SolarKSP/data/atdb_process/solar_bf_compressing/4051/860142/dynamic_spectra/LOFAR_20220514_151500_LBA_OUTER_S0.fits,2022-05-14,15:15:00.000000,860142_2022-05-14_15:15:00.000000,3
661,860142_2022-05-14_15:30:00.000000,https://spaceweather.astron.nl//SolarKSP/data/atdb_process/solar_bf_compressing/4051/860142/dynamic_spectra/LOFAR_20220514_153000_LBA_OUTER_S0.fits,2022-05-14,15:30:00.000000,860142_2022-05-14_15:30:00.000000,3
684,860142_2022-05-14_15:45:00.000000,https://spaceweather.astron.nl//SolarKSP/data/atdb_process/solar_bf_compressing/4051/860142/dynamic_spectra/LOFAR_20220514_154500_LBA_OUTER_S0.fits,2022-05-14,15:45:00.000000,860142_2022-05-14_15:45:00.000000,3
665,860142_2022-05-14_16:00:00.000000,https://spaceweather.astron.nl//SolarKSP/data/atdb_process/solar_bf_compressing/4051/860142/dynamic_spectra/LOFAR_20220514_160000_LBA_OUTER_S0.fits,2022-05-14,16:00:00.000000,860142_2022-05-14_16:00:00.000000,3
837,860286_2022-05-15_06:30:00.000000,https://spaceweather.astron.nl//SolarKSP/data/atdb_process/solar_bf_compressing/3734/860286/dynamic_spectra/LOFAR_20220515_063000_LBA_OUTER_S0.fits,2022-05-15,06:30:00.000000,860286_2022-05-15_06:30:00.000000,3
858,860286_2022-05-15_06:45:00.000000,https://spaceweather.astron.nl//SolarKSP/data/atdb_process/solar_bf_compressing/3734/860286/dynamic_spectra/LOFAR_20220515_064500_LBA_OUTER_S0.fits,2022-05-15,06:45:00.000000,860286_2022-05-15_06:45:00.000000,3
857,860286_2022-05-15_07:00:00.000000,https://spaceweather.astron.nl//SolarKSP/data/atdb_process/solar_bf_compressing/3734/860286/dynamic_spectra/LOFAR_20220515_070000_LBA_OUTER_S0.fits,2022-05-15,07:00:00.000000,860286_2022-05-15_07:00:00.000000,3
841,860286_2022-05-15_07:15:00.000000,https://spaceweather.astron.nl//SolarKSP/data/atdb_process/solar_bf_compressing/3734/860286/dynamic_spectra/LOFAR_20220515_071500_LBA_OUTER_S0.fits,2022-05-15,07:15:00.000000,860286_2022-05-15_07:15:00.000000,3
847,860286_2022-05-15_07:30:00.000000,https://spaceweather.astron.nl//SolarKSP/data/atdb_process/solar_bf_compressing/3734/860286/dynamic_spectra/LOFAR_20220515_073000_LBA_OUTER_S0.fits,2022-05-15,07:30:00.000000,860286_2022-05-15_07:30:00.000000,3
867,860286_2022-05-15_07:45:00.000000,https://spaceweather.astron.nl//SolarKSP/data/atdb_process/solar_bf_compressing/3734/860286/dynamic_spectra/LOFAR_20220515_074500_LBA_OUTER_S0.fits,2022-05-15,07:45:00.000000,860286_2022-05-15_07:45:00.000000,3
848,860286_2022-05-15_08:00:00.000000,https://spaceweather.astron.nl//SolarKSP/data/atdb_process/solar_bf_compressing/3734/860286/dynamic_spectra/LOFAR_20220515_080000_LBA_OUTER_S0.fits,2022-05-15,08:00:00.000000,860286_2022-05-15_08:00:00.000000,3
873,860286_2022-05-15_08:15:00.000000,https://spaceweather.astron.nl//SolarKSP/data/atdb_process/solar_bf_compressing/3734/860286/dynamic_spectra/LOFAR_20220515_081500_LBA_OUTER_S0.fits,2022-05-15,08:15:00.000000,860286_2022-05-15_08:15:00.000000,3
856,860286_2022-05-15_08:30:00.000000,https://spaceweather.astron.nl//SolarKSP/data/atdb_process/solar_bf_compressing/3734/860286/dynamic_spectra/LOFAR_20220515_083000_LBA_OUTER_S0.fits,2022-05-15,08:30:00.000000,860286_2022-05-15_08:30:00.000000,3
840,860286_2022-05-15_08:45:00.000000,https://spaceweather.astron.nl//SolarKSP/data/atdb_process/solar_bf_compressing/3734/860286/dynamic_spectra/LOFAR_20220515_084500_LBA_OUTER_S0.fits,2022-05-15,08:45:00.000000,860286_2022-05-15_08:45:00.000000,3
839,860286_2022-05-15_09:00:00.000000,https://spaceweather.astron.nl//SolarKSP/data/atdb_process/solar_bf_compressing/3734/860286/dynamic_spectra/LOFAR_20220515_090000_LBA_OUTER_S0.fits,2022-05-15,09:00:00.000000,860286_2022-05-15_09:00:00.000000,3
863,860286_2022-05-15_09:15:00.000000,https://spaceweather.astron.nl//SolarKSP/data/atdb_process/solar_bf_compressing/3734/860286/dynamic_spectra/LOFAR_20220515_091500_LBA_OUTER_S0.fits,2022-05-15,09:15:00.000000,860286_2022-05-15_09:15:00.000000,3
866,860286_2022-05-15_09:30:00.000000,https://spaceweather.astron.nl//SolarKSP/data/atdb_process/solar_bf_compressing/3734/860286/dynamic_spectra/LOFAR_20220515_093000_LBA_OUTER_S0.fits,2022-05-15,09:30:00.000000,860286_2022-05-15_09:30:00.000000,3
850,860286_2022-05-15_09:45:00.000000,https://spaceweather.astron.nl//SolarKSP/data/atdb_process/solar_bf_compressing/3734/860286/dynamic_spectra/LOFAR_20220515_094500_LBA_OUTER_S0.fits,2022-05-15,09:45:00.000000,860286_2022-05-15_09:45:00.000000,3
872,860286_2022-05-15_10:00:00.000000,https://spaceweather.astron.nl//SolarKSP/data/atdb_process/solar_bf_compressing/3734/860286/dynamic_spectra/LOFAR_20220515_100000_LBA_OUTER_S0.fits,2022-05-15,10:00:00.000000,860286_2022-05-15_10:00:00.000000,5
849,860286_2022-05-15_10:15:00.000000,https://spaceweather.astron.nl//SolarKSP/data/atdb_process/solar_bf_compressing/3734/860286/dynamic_spectra/LOFAR_20220515_101500_LBA_OUTER_S0.fits,2022-05-15,10:15:00.000000,860286_2022-05-15_10:15:00.000000,5
842,860286_2022-05-15_10:30:00.000000,https://spaceweather.astron.nl//SolarKSP/data/atdb_process/solar_bf_compressing/3734/860286/dynamic_spectra/LOFAR_20220515_103000_LBA_OUTER_S0.fits,2022-05-15,10:30:00.000000,860286_2022-05-15_10:30:00.000000,3
865,860286_2022-05-15_10:45:00.000000,https://spaceweather.astron.nl//SolarKSP/data/atdb_process/solar_bf_compressing/3734/860286/dynamic_spectra/LOFAR_20220515_104500_LBA_OUTER_S0.fits,2022-05-15,10:45:00.000000,860286_2022-05-15_10:45:00.000000,3
864,860286_2022-05-15_11:00:00.000000,https://spaceweather.astron.nl//SolarKSP/data/atdb_process/solar_bf_compressing/3734/860286/dynamic_spectra/LOFAR_20220515_110000_LBA_OUTER_S0.fits,2022-05-15,11:00:00.000000,860286_2022-05-15_11:00:00.000000,5
838,860286_2022-05-15_11:15:00.000000,https://spaceweather.astron.nl//SolarKSP/data/atdb_process/solar_bf_compressing/3734/860286/dynamic_spectra/LOFAR_20220515_111500_LBA_OUTER_S0.fits,2022-05-15,11:15:00.000000,860286_2022-05-15_11:15:00.000000,3
851,860286_2022-05-15_11:30:00.000000,https://spaceweather.astron.nl//SolarKSP/data/atdb_process/solar_bf_compressing/3734/860286/dynamic_spectra/LOFAR_20220515_113000_LBA_OUTER_S0.fits,2022-05-15,11:30:00.000000,860286_2022-05-15_11:30:00.000000,3
875,860286_2022-05-15_11:45:00.000000,https://spaceweather.astron.nl//SolarKSP/data/atdb_process/solar_bf_compressing/3734/860286/dynamic_spectra/LOFAR_20220515_114500_LBA_OUTER_S0.fits,2022-05-15,11:45:00.000000,860286_2022-05-15_11:45:00.000000,3
855,860286_2022-05-15_12:00:00.000000,https://spaceweather.astron.nl//SolarKSP/data/atdb_process/solar_bf_compressing/3734/860286/dynamic_spectra/LOFAR_20220515_120000_LBA_OUTER_S0.fits,2022-05-15,12:00:00.000000,860286_2022-05-15_12:00:00.000000,3
869,860286_2022-05-15_12:15:00.000000,https://spaceweather.astron.nl//SolarKSP/data/atdb_process/solar_bf_compressing/3734/860286/dynamic_spectra/LOFAR_20220515_121500_LBA_OUTER_S0.fits,2022-05-15,12:15:00.000000,860286_2022-05-15_12:15:00.000000,5
862,860286_2022-05-15_12:30:00.000000,https://spaceweather.astron.nl//SolarKSP/data/atdb_process/solar_bf_compressing/3734/860286/dynamic_spectra/LOFAR_20220515_123000_LBA_OUTER_S0.fits,2022-05-15,12:30:00.000000,860286_2022-05-15_12:30:00.000000,5
843,860286_2022-05-15_12:45:00.000000,https://spaceweather.astron.nl//SolarKSP/data/atdb_process/solar_bf_compressing/3734/860286/dynamic_spectra/LOFAR_20220515_124500_LBA_OUTER_S0.fits,2022-05-15,12:45:00.000000,860286_2022-05-15_12:45:00.000000,3
845,860286_2022-05-15_13:00:00.000000,https://spaceweather.astron.nl//SolarKSP/data/atdb_process/solar_bf_compressing/3734/860286/dynamic_spectra/LOFAR_20220515_130000_LBA_OUTER_S0.fits,2022-05-15,13:00:00.000000,860286_2022-05-15_13:00:00.000000,3
860,860286_2022-05-15_13:15:00.000000,https://spaceweather.astron.nl//SolarKSP/data/atdb_process/solar_bf_compressing/3734/860286/dynamic_spectra/LOFAR_20220515_131500_LBA_OUTER_S0.fits,2022-05-15,13:15:00.000000,860286_2022-05-15_13:15:00.000000,3
871,860286_2022-05-15_13:30:00.000000,https://spaceweather.astron.nl//SolarKSP/data/atdb_process/solar_bf_compressing/3734/860286/dynamic_spectra/LOFAR_20220515_133000_LBA_OUTER_S0.fits,2022-05-15,13:30:00.000000,860286_2022-05-15_13:30:00.000000,3
853,860286_2022-05-15_13:45:00.000000,https://spaceweather.astron.nl//SolarKSP/data/atdb_process/solar_bf_compressing/3734/860286/dynamic_spectra/LOFAR_20220515_134500_LBA_OUTER_S0.fits,2022-05-15,13:45:00.000000,860286_2022-05-15_13:45:00.000000,3
852,860286_2022-05-15_14:00:00.000000,https://spaceweather.astron.nl//SolarKSP/data/atdb_process/solar_bf_compressing/3734/860286/dynamic_spectra/LOFAR_20220515_140000_LBA_OUTER_S0.fits,2022-05-15,14:00:00.000000,860286_2022-05-15_14:00:00.000000,3
868,860286_2022-05-15_14:15:00.000000,https://spaceweather.astron.nl//SolarKSP/data/atdb_process/solar_bf_compressing/3734/860286/dynamic_spectra/LOFAR_20220515_141500_LBA_OUTER_S0.fits,2022-05-15,14:15:00.000000,860286_2022-05-15_14:15:00.000000,3
861,860286_2022-05-15_14:30:00.000000,https://spaceweather.astron.nl//SolarKSP/data/atdb_process/solar_bf_compressing/3734/860286/dynamic_spectra/LOFAR_20220515_143000_LBA_OUTER_S0.fits,2022-05-15,14:30:00.000000,860286_2022-05-15_14:30:00.000000,3
846,860286_2022-05-15_14:45:00.000000,https://spaceweather.astron.nl//SolarKSP/data/atdb_process/solar_bf_compressing/3734/860286/dynamic_spectra/LOFAR_20220515_144500_LBA_OUTER_S0.fits,2022-05-15,14:45:00.000000,860286_2022-05-15_14:45:00.000000,3
844,860286_2022-05-15_15:00:00.000000,https://spaceweather.astron.nl//SolarKSP/data/atdb_process/solar_bf_compressing/3734/860286/dynamic_spectra/LOFAR_20220515_150000_LBA_OUTER_S0.fits,2022-05-15,15:00:00.000000,860286_2022-05-15_15:00:00.000000,1
859,860286_2022-05-15_15:15:00.000000,https://spaceweather.astron.nl//SolarKSP/data/atdb_process/solar_bf_compressing/3734/860286/dynamic_spectra/LOFAR_20220515_151500_LBA_OUTER_S0.fits,2022-05-15,15:15:00.000000,860286_2022-05-15_15:15:00.000000,1
870,860286_2022-05-15_15:30:00.000000,https://spaceweather.astron.nl//SolarKSP/data/atdb_process/solar_bf_compressing/3734/860286/dynamic_spectra/LOFAR_20220515_153000_LBA_OUTER_S0.fits,2022-05-15,15:30:00.000000,860286_2022-05-15_15:30:00.000000,3
854,860286_2022-05-15_15:45:00.000000,https://spaceweather.astron.nl//SolarKSP/data/atdb_process/solar_bf_compressing/3734/860286/dynamic_spectra/LOFAR_20220515_154500_LBA_OUTER_S0.fits,2022-05-15,15:45:00.000000,860286_2022-05-15_15:45:00.000000,1
874,860286_2022-05-15_16:00:00.000000,https://spaceweather.astron.nl//SolarKSP/data/atdb_process/solar_bf_compressing/3734/860286/dynamic_spectra/LOFAR_20220515_160000_LBA_OUTER_S0.fits,2022-05-15,16:00:00.000000,860286_2022-05-15_16:00:00.000000,5
529,860282_2022-05-16_06:30:00.000000,https://spaceweather.astron.nl//SolarKSP/data/atdb_process/solar_bf_compressing/3784/860282/dynamic_spectra/LOFAR_20220516_063000_LBA_OUTER_S0.fits,2022-05-16,06:30:00.000000,860282_2022-05-16_06:30:00.000000,1
547,860282_2022-05-16_06:45:00.000000,https://spaceweather.astron.nl//SolarKSP/data/atdb_process/solar_bf_compressing/3784/860282/dynamic_spectra/LOFAR_20220516_064500_LBA_OUTER_S0.fits,2022-05-16,06:45:00.000000,860282_2022-05-16_06:45:00.000000,5
549,860282_2022-05-16_07:00:00.000000,https://spaceweather.astron.nl//SolarKSP/data/atdb_process/solar_bf_compressing/3784/860282/dynamic_spectra/LOFAR_20220516_070000_LBA_OUTER_S0.fits,2022-05-16,07:00:00.000000,860282_2022-05-16_07:00:00.000000,5
532,860282_2022-05-16_07:15:00.000000,https://spaceweather.astron.nl//SolarKSP/data/atdb_process/solar_bf_compressing/3784/860282/dynamic_spectra/LOFAR_20220516_071500_LBA_OUTER_S0.fits,2022-05-16,07:15:00.000000,860282_2022-05-16_07:15:00.000000,5
539,860282_2022-05-16_07:30:00.000000,https://spaceweather.astron.nl//SolarKSP/data/atdb_process/solar_bf_compressing/3784/860282/dynamic_spectra/LOFAR_20220516_073000_LBA_OUTER_S0.fits,2022-05-16,07:30:00.000000,860282_2022-05-16_07:30:00.000000,5
557,860282_2022-05-16_07:45:00.000000,https://spaceweather.astron.nl//SolarKSP/data/atdb_process/solar_bf_compressing/3784/860282/dynamic_spectra/LOFAR_20220516_074500_LBA_OUTER_S0.fits,2022-05-16,07:45:00.000000,860282_2022-05-16_07:45:00.000000,5
541,860282_2022-05-16_08:00:00.000000,https://spaceweather.astron.nl//SolarKSP/data/atdb_process/solar_bf_compressing/3784/860282/dynamic_spectra/LOFAR_20220516_080000_LBA_OUTER_S0.fits,2022-05-16,08:00:00.000000,860282_2022-05-16_08:00:00.000000,5
565,860282_2022-05-16_08:15:00.000000,https://spaceweather.astron.nl//SolarKSP/data/atdb_process/solar_bf_compressing/3784/860282/dynamic_spectra/LOFAR_20220516_081500_LBA_OUTER_S0.fits,2022-05-16,08:15:00.000000,860282_2022-05-16_08:15:00.000000,5
548,860282_2022-05-16_08:30:00.000000,https://spaceweather.astron.nl//SolarKSP/data/atdb_process/solar_bf_compressing/3784/860282/dynamic_spectra/LOFAR_20220516_083000_LBA_OUTER_S0.fits,2022-05-16,08:30:00.000000,860282_2022-05-16_08:30:00.000000,5
528,860282_2022-05-16_08:45:00.000000,https://spaceweather.astron.nl//SolarKSP/data/atdb_process/solar_bf_compressing/3784/860282/dynamic_spectra/LOFAR_20220516_084500_LBA_OUTER_S0.fits,2022-05-16,08:45:00.000000,860282_2022-05-16_08:45:00.000000,3
530,860282_2022-05-16_09:00:00.000000,https://spaceweather.astron.nl//SolarKSP/data/atdb_process/solar_bf_compressing/3784/860282/dynamic_spectra/LOFAR_20220516_090000_LBA_OUTER_S0.fits,2022-05-16,09:00:00.000000,860282_2022-05-16_09:00:00.000000,3
556,860282_2022-05-16_09:15:00.000000,https://spaceweather.astron.nl//SolarKSP/data/atdb_process/solar_bf_compressing/3784/860282/dynamic_spectra/LOFAR_20220516_091500_LBA_OUTER_S0.fits,2022-05-16,09:15:00.000000,860282_2022-05-16_09:15:00.000000,3
558,860282_2022-05-16_09:30:00.000000,https://spaceweather.astron.nl//SolarKSP/data/atdb_process/solar_bf_compressing/3784/860282/dynamic_spectra/LOFAR_20220516_093000_LBA_OUTER_S0.fits,2022-05-16,09:30:00.000000,860282_2022-05-16_09:30:00.000000,3
538,860282_2022-05-16_09:45:00.000000,https://spaceweather.astron.nl//SolarKSP/data/atdb_process/solar_bf_compressing/3784/860282/dynamic_spectra/LOFAR_20220516_094500_LBA_OUTER_S0.fits,2022-05-16,09:45:00.000000,860282_2022-05-16_09:45:00.000000,3
566,860282_2022-05-16_10:00:00.000000,https://spaceweather.astron.nl//SolarKSP/data/atdb_process/solar_bf_compressing/3784/860282/dynamic_spectra/LOFAR_20220516_100000_LBA_OUTER_S0.fits,2022-05-16,10:00:00.000000,860282_2022-05-16_10:00:00.000000,3
540,860282_2022-05-16_10:15:00.000000,https://spaceweather.astron.nl//SolarKSP/data/atdb_process/solar_bf_compressing/3784/860282/dynamic_spectra/LOFAR_20220516_101500_LBA_OUTER_S0.fits,2022-05-16,10:15:00.000000,860282_2022-05-16_10:15:00.000000,3
533,860282_2022-05-16_10:30:00.000000,https://spaceweather.astron.nl//SolarKSP/data/atdb_process/solar_bf_compressing/3784/860282/dynamic_spectra/LOFAR_20220516_103000_LBA_OUTER_S0.fits,2022-05-16,10:30:00.000000,860282_2022-05-16_10:30:00.000000,3
554,860282_2022-05-16_10:45:00.000000,https://spaceweather.astron.nl//SolarKSP/data/atdb_process/solar_bf_compressing/3784/860282/dynamic_spectra/LOFAR_20220516_104500_LBA_OUTER_S0.fits,2022-05-16,10:45:00.000000,860282_2022-05-16_10:45:00.000000,3
555,860282_2022-05-16_11:00:00.000000,https://spaceweather.astron.nl//SolarKSP/data/atdb_process/solar_bf_compressing/3784/860282/dynamic_spectra/LOFAR_20220516_110000_LBA_OUTER_S0.fits,2022-05-16,11:00:00.000000,860282_2022-05-16_11:00:00.000000,3
531,860282_2022-05-16_11:15:00.000000,https://spaceweather.astron.nl//SolarKSP/data/atdb_process/solar_bf_compressing/3784/860282/dynamic_spectra/LOFAR_20220516_111500_LBA_OUTER_S0.fits,2022-05-16,11:15:00.000000,860282_2022-05-16_11:15:00.000000,3
542,860282_2022-05-16_11:30:00.000000,https://spaceweather.astron.nl//SolarKSP/data/atdb_process/solar_bf_compressing/3784/860282/dynamic_spectra/LOFAR_20220516_113000_LBA_OUTER_S0.fits,2022-05-16,11:30:00.000000,860282_2022-05-16_11:30:00.000000,3
564,860282_2022-05-16_11:45:00.000000,https://spaceweather.astron.nl//SolarKSP/data/atdb_process/solar_bf_compressing/3784/860282/dynamic_spectra/LOFAR_20220516_114500_LBA_OUTER_S0.fits,2022-05-16,11:45:00.000000,860282_2022-05-16_11:45:00.000000,3
544,860282_2022-05-16_12:00:00.000000,https://spaceweather.astron.nl//SolarKSP/data/atdb_process/solar_bf_compressing/3784/860282/dynamic_spectra/LOFAR_20220516_120000_LBA_OUTER_S0.fits,2022-05-16,12:00:00.000000,860282_2022-05-16_12:00:00.000000,3
559,860282_2022-05-16_12:15:00.000000,https://spaceweather.astron.nl//SolarKSP/data/atdb_process/solar_bf_compressing/3784/860282/dynamic_spectra/LOFAR_20220516_121500_LBA_OUTER_S0.fits,2022-05-16,12:15:00.000000,860282_2022-05-16_12:15:00.000000,3
552,860282_2022-05-16_12:30:00.000000,https://spaceweather.astron.nl//SolarKSP/data/atdb_process/solar_bf_compressing/3784/860282/dynamic_spectra/LOFAR_20220516_123000_LBA_OUTER_S0.fits,2022-05-16,12:30:00.000000,860282_2022-05-16_12:30:00.000000,3
536,860282_2022-05-16_12:45:00.000000,https://spaceweather.astron.nl//SolarKSP/data/atdb_process/solar_bf_compressing/3784/860282/dynamic_spectra/LOFAR_20220516_124500_LBA_OUTER_S0.fits,2022-05-16,12:45:00.000000,860282_2022-05-16_12:45:00.000000,3
534,860282_2022-05-16_13:00:00.000000,https://spaceweather.astron.nl//SolarKSP/data/atdb_process/solar_bf_compressing/3784/860282/dynamic_spectra/LOFAR_20220516_130000_LBA_OUTER_S0.fits,2022-05-16,13:00:00.000000,860282_2022-05-16_13:00:00.000000,3
550,860282_2022-05-16_13:15:00.000000,https://spaceweather.astron.nl//SolarKSP/data/atdb_process/solar_bf_compressing/3784/860282/dynamic_spectra/LOFAR_20220516_131500_LBA_OUTER_S0.fits,2022-05-16,13:15:00.000000,860282_2022-05-16_13:15:00.000000,3
561,860282_2022-05-16_13:30:00.000000,https://spaceweather.astron.nl//SolarKSP/data/atdb_process/solar_bf_compressing/3784/860282/dynamic_spectra/LOFAR_20220516_133000_LBA_OUTER_S0.fits,2022-05-16,13:30:00.000000,860282_2022-05-16_13:30:00.000000,3
546,860282_2022-05-16_13:45:00.000000,https://spaceweather.astron.nl//SolarKSP/data/atdb_process/solar_bf_compressing/3784/860282/dynamic_spectra/LOFAR_20220516_134500_LBA_OUTER_S0.fits,2022-05-16,13:45:00.000000,860282_2022-05-16_13:45:00.000000,1
545,860282_2022-05-16_14:00:00.000000,https://spaceweather.astron.nl//SolarKSP/data/atdb_process/solar_bf_compressing/3784/860282/dynamic_spectra/LOFAR_20220516_140000_LBA_OUTER_S0.fits,2022-05-16,14:00:00.000000,860282_2022-05-16_14:00:00.000000,3
560,860282_2022-05-16_14:15:00.000000,https://spaceweather.astron.nl//SolarKSP/data/atdb_process/solar_bf_compressing/3784/860282/dynamic_spectra/LOFAR_20220516_141500_LBA_OUTER_S0.fits,2022-05-16,14:15:00.000000,860282_2022-05-16_14:15:00.000000,3
553,860282_2022-05-16_14:30:00.000000,https://spaceweather.astron.nl//SolarKSP/data/atdb_process/solar_bf_compressing/3784/860282/dynamic_spectra/LOFAR_20220516_143000_LBA_OUTER_S0.fits,2022-05-16,14:30:00.000000,860282_2022-05-16_14:30:00.000000,3
535,860282_2022-05-16_14:45:00.000000,https://spaceweather.astron.nl//SolarKSP/data/atdb_process/solar_bf_compressing/3784/860282/dynamic_spectra/LOFAR_20220516_144500_LBA_OUTER_S0.fits,2022-05-16,14:45:00.000000,860282_2022-05-16_14:45:00.000000,3
537,860282_2022-05-16_15:00:00.000000,https://spaceweather.astron.nl//SolarKSP/data/atdb_process/solar_bf_compressing/3784/860282/dynamic_spectra/LOFAR_20220516_150000_LBA_OUTER_S0.fits,2022-05-16,15:00:00.000000,860282_2022-05-16_15:00:00.000000,3
551,860282_2022-05-16_15:15:00.000000,https://spaceweather.astron.nl//SolarKSP/data/atdb_process/solar_bf_compressing/3784/860282/dynamic_spectra/LOFAR_20220516_151500_LBA_OUTER_S0.fits,2022-05-16,15:15:00.000000,860282_2022-05-16_15:15:00.000000,3
562,860282_2022-05-16_15:30:00.000000,https://spaceweather.astron.nl//SolarKSP/data/atdb_process/solar_bf_compressing/3784/860282/dynamic_spectra/LOFAR_20220516_153000_LBA_OUTER_S0.fits,2022-05-16,15:30:00.000000,860282_2022-05-16_15:30:00.000000,3
543,860282_2022-05-16_15:45:00.000000,https://spaceweather.astron.nl//SolarKSP/data/atdb_process/solar_bf_compressing/3784/860282/dynamic_spectra/LOFAR_20220516_154500_LBA_OUTER_S0.fits,2022-05-16,15:45:00.000000,860282_2022-05-16_15:45:00.000000,3
563,860282_2022-05-16_16:00:00.000000,https://spaceweather.astron.nl//SolarKSP/data/atdb_process/solar_bf_compressing/3784/860282/dynamic_spectra/LOFAR_20220516_160000_LBA_OUTER_S0.fits,2022-05-16,16:00:00.000000,860282_2022-05-16_16:00:00.000000,3
891,860528_2022-05-17_06:30:00.000000,https://spaceweather.astron.nl//SolarKSP/data/atdb_process/solar_bf_compressing/3827/860528/dynamic_spectra/LOFAR_20220517_063000_LBA_OUTER_S0.fits,2022-05-17,06:30:00.000000,860528_2022-05-17_06:30:00.000000,3
912,860528_2022-05-17_06:45:00.000000,https://spaceweather.astron.nl//SolarKSP/data/atdb_process/solar_bf_compressing/3827/860528/dynamic_spectra/LOFAR_20220517_064500_LBA_OUTER_S0.fits,2022-05-17,06:45:00.000000,860528_2022-05-17_06:45:00.000000,5
911,860528_2022-05-17_07:00:00.000000,https://spaceweather.astron.nl//SolarKSP/data/atdb_process/solar_bf_compressing/3827/860528/dynamic_spectra/LOFAR_20220517_070000_LBA_OUTER_S0.fits,2022-05-17,07:00:00.000000,860528_2022-05-17_07:00:00.000000,3
885,860528_2022-05-17_07:15:00.000000,https://spaceweather.astron.nl//SolarKSP/data/atdb_process/solar_bf_compressing/3827/860528/dynamic_spectra/LOFAR_20220517_071500_LBA_OUTER_S0.fits,2022-05-17,07:15:00.000000,860528_2022-05-17_07:15:00.000000,3
881,860528_2022-05-17_07:30:00.000000,https://spaceweather.astron.nl//SolarKSP/data/atdb_process/solar_bf_compressing/3827/860528/dynamic_spectra/LOFAR_20220517_073000_LBA_OUTER_S0.fits,2022-05-17,07:30:00.000000,860528_2022-05-17_07:30:00.000000,3
902,860528_2022-05-17_07:45:00.000000,https://spaceweather.astron.nl//SolarKSP/data/atdb_process/solar_bf_compressing/3827/860528/dynamic_spectra/LOFAR_20220517_074500_LBA_OUTER_S0.fits,2022-05-17,07:45:00.000000,860528_2022-05-17_07:45:00.000000,3
882,860528_2022-05-17_08:00:00.000000,https://spaceweather.astron.nl//SolarKSP/data/atdb_process/solar_bf_compressing/3827/860528/dynamic_spectra/LOFAR_20220517_080000_LBA_OUTER_S0.fits,2022-05-17,08:00:00.000000,860528_2022-05-17_08:00:00.000000,5
898,860528_2022-05-17_08:15:00.000000,https://spaceweather.astron.nl//SolarKSP/data/atdb_process/solar_bf_compressing/3827/860528/dynamic_spectra/LOFAR_20220517_081500_LBA_OUTER_S0.fits,2022-05-17,08:15:00.000000,860528_2022-05-17_08:15:00.000000,3
910,860528_2022-05-17_08:30:00.000000,https://spaceweather.astron.nl//SolarKSP/data/atdb_process/solar_bf_compressing/3827/860528/dynamic_spectra/LOFAR_20220517_083000_LBA_OUTER_S0.fits,2022-05-17,08:30:00.000000,860528_2022-05-17_08:30:00.000000,3
894,860528_2022-05-17_08:45:00.000000,https://spaceweather.astron.nl//SolarKSP/data/atdb_process/solar_bf_compressing/3827/860528/dynamic_spectra/LOFAR_20220517_084500_LBA_OUTER_S0.fits,2022-05-17,08:45:00.000000,860528_2022-05-17_08:45:00.000000,1
893,860528_2022-05-17_09:00:00.000000,https://spaceweather.astron.nl//SolarKSP/data/atdb_process/solar_bf_compressing/3827/860528/dynamic_spectra/LOFAR_20220517_090000_LBA_OUTER_S0.fits,2022-05-17,09:00:00.000000,860528_2022-05-17_09:00:00.000000,1
907,860528_2022-05-17_09:15:00.000000,https://spaceweather.astron.nl//SolarKSP/data/atdb_process/solar_bf_compressing/3827/860528/dynamic_spectra/LOFAR_20220517_091500_LBA_OUTER_S0.fits,2022-05-17,09:15:00.000000,860528_2022-05-17_09:15:00.000000,1
901,860528_2022-05-17_09:30:00.000000,https://spaceweather.astron.nl//SolarKSP/data/atdb_process/solar_bf_compressing/3827/860528/dynamic_spectra/LOFAR_20220517_093000_LBA_OUTER_S0.fits,2022-05-17,09:30:00.000000,860528_2022-05-17_09:30:00.000000,1
884,860528_2022-05-17_09:45:00.000000,https://spaceweather.astron.nl//SolarKSP/data/atdb_process/solar_bf_compressing/3827/860528/dynamic_spectra/LOFAR_20220517_094500_LBA_OUTER_S0.fits,2022-05-17,09:45:00.000000,860528_2022-05-17_09:45:00.000000,1
897,860528_2022-05-17_10:00:00.000000,https://spaceweather.astron.nl//SolarKSP/data/atdb_process/solar_bf_compressing/3827/860528/dynamic_spectra/LOFAR_20220517_100000_LBA_OUTER_S0.fits,2022-05-17,10:00:00.000000,860528_2022-05-17_10:00:00.000000,1
883,860528_2022-05-17_10:15:00.000000,https://spaceweather.astron.nl//SolarKSP/data/atdb_process/solar_bf_compressing/3827/860528/dynamic_spectra/LOFAR_20220517_101500_LBA_OUTER_S0.fits,2022-05-17,10:15:00.000000,860528_2022-05-17_10:15:00.000000,1
886,860528_2022-05-17_10:30:00.000000,https://spaceweather.astron.nl//SolarKSP/data/atdb_process/solar_bf_compressing/3827/860528/dynamic_spectra/LOFAR_20220517_103000_LBA_OUTER_S0.fits,2022-05-17,10:30:00.000000,860528_2022-05-17_10:30:00.000000,3
909,860528_2022-05-17_10:45:00.000000,https://spaceweather.astron.nl//SolarKSP/data/atdb_process/solar_bf_compressing/3827/860528/dynamic_spectra/LOFAR_20220517_104500_LBA_OUTER_S0.fits,2022-05-17,10:45:00.000000,860528_2022-05-17_10:45:00.000000,3
908,860528_2022-05-17_11:00:00.000000,https://spaceweather.astron.nl//SolarKSP/data/atdb_process/solar_bf_compressing/3827/860528/dynamic_spectra/LOFAR_20220517_110000_LBA_OUTER_S0.fits,2022-05-17,11:00:00.000000,860528_2022-05-17_11:00:00.000000,3
892,860528_2022-05-17_11:15:00.000000,https://spaceweather.astron.nl//SolarKSP/data/atdb_process/solar_bf_compressing/3827/860528/dynamic_spectra/LOFAR_20220517_111500_LBA_OUTER_S0.fits,2022-05-17,11:15:00.000000,860528_2022-05-17_11:15:00.000000,3
876,860528_2022-05-17_11:30:00.000000,https://spaceweather.astron.nl//SolarKSP/data/atdb_process/solar_bf_compressing/3827/860528/dynamic_spectra/LOFAR_20220517_113000_LBA_OUTER_S0.fits,2022-05-17,11:30:00.000000,860528_2022-05-17_11:30:00.000000,3
900,860528_2022-05-17_11:45:00.000000,https://spaceweather.astron.nl//SolarKSP/data/atdb_process/solar_bf_compressing/3827/860528/dynamic_spectra/LOFAR_20220517_114500_LBA_OUTER_S0.fits,2022-05-17,11:45:00.000000,860528_2022-05-17_11:45:00.000000,3
880,860528_2022-05-17_12:00:00.000000,https://spaceweather.astron.nl//SolarKSP/data/atdb_process/solar_bf_compressing/3827/860528/dynamic_spectra/LOFAR_20220517_120000_LBA_OUTER_S0.fits,2022-05-17,12:00:00.000000,860528_2022-05-17_12:00:00.000000,3
904,860528_2022-05-17_12:15:00.000000,https://spaceweather.astron.nl//SolarKSP/data/atdb_process/solar_bf_compressing/3827/860528/dynamic_spectra/LOFAR_20220517_121500_LBA_OUTER_S0.fits,2022-05-17,12:15:00.000000,860528_2022-05-17_12:15:00.000000,3
906,860528_2022-05-17_12:30:00.000000,https://spaceweather.astron.nl//SolarKSP/data/atdb_process/solar_bf_compressing/3827/860528/dynamic_spectra/LOFAR_20220517_123000_LBA_OUTER_S0.fits,2022-05-17,12:30:00.000000,860528_2022-05-17_12:30:00.000000,3
887,860528_2022-05-17_12:45:00.000000,https://spaceweather.astron.nl//SolarKSP/data/atdb_process/solar_bf_compressing/3827/860528/dynamic_spectra/LOFAR_20220517_124500_LBA_OUTER_S0.fits,2022-05-17,12:45:00.000000,860528_2022-05-17_12:45:00.000000,3
889,860528_2022-05-17_13:00:00.000000,https://spaceweather.astron.nl//SolarKSP/data/atdb_process/solar_bf_compressing/3827/860528/dynamic_spectra/LOFAR_20220517_130000_LBA_OUTER_S0.fits,2022-05-17,13:00:00.000000,860528_2022-05-17_13:00:00.000000,3
914,860528_2022-05-17_13:15:00.000000,https://spaceweather.astron.nl//SolarKSP/data/atdb_process/solar_bf_compressing/3827/860528/dynamic_spectra/LOFAR_20220517_131500_LBA_OUTER_S0.fits,2022-05-17,13:15:00.000000,860528_2022-05-17_13:15:00.000000,3
896,860528_2022-05-17_13:30:00.000000,https://spaceweather.astron.nl//SolarKSP/data/atdb_process/solar_bf_compressing/3827/860528/dynamic_spectra/LOFAR_20220517_133000_LBA_OUTER_S0.fits,2022-05-17,13:30:00.000000,860528_2022-05-17_13:30:00.000000,3
878,860528_2022-05-17_13:45:00.000000,https://spaceweather.astron.nl//SolarKSP/data/atdb_process/solar_bf_compressing/3827/860528/dynamic_spectra/LOFAR_20220517_134500_LBA_OUTER_S0.fits,2022-05-17,13:45:00.000000,860528_2022-05-17_13:45:00.000000,3
877,860528_2022-05-17_14:00:00.000000,https://spaceweather.astron.nl//SolarKSP/data/atdb_process/solar_bf_compressing/3827/860528/dynamic_spectra/LOFAR_20220517_140000_LBA_OUTER_S0.fits,2022-05-17,14:00:00.000000,860528_2022-05-17_14:00:00.000000,3
903,860528_2022-05-17_14:15:00.000000,https://spaceweather.astron.nl//SolarKSP/data/atdb_process/solar_bf_compressing/3827/860528/dynamic_spectra/LOFAR_20220517_141500_LBA_OUTER_S0.fits,2022-05-17,14:15:00.000000,860528_2022-05-17_14:15:00.000000,3
905,860528_2022-05-17_14:30:00.000000,https://spaceweather.astron.nl//SolarKSP/data/atdb_process/solar_bf_compressing/3827/860528/dynamic_spectra/LOFAR_20220517_143000_LBA_OUTER_S0.fits,2022-05-17,14:30:00.000000,860528_2022-05-17_14:30:00.000000,3
890,860528_2022-05-17_14:45:00.000000,https://spaceweather.astron.nl//SolarKSP/data/atdb_process/solar_bf_compressing/3827/860528/dynamic_spectra/LOFAR_20220517_144500_LBA_OUTER_S0.fits,2022-05-17,14:45:00.000000,860528_2022-05-17_14:45:00.000000,3
888,860528_2022-05-17_15:00:00.000000,https://spaceweather.astron.nl//SolarKSP/data/atdb_process/solar_bf_compressing/3827/860528/dynamic_spectra/LOFAR_20220517_150000_LBA_OUTER_S0.fits,2022-05-17,15:00:00.000000,860528_2022-05-17_15:00:00.000000,3
913,860528_2022-05-17_15:15:00.000000,https://spaceweather.astron.nl//SolarKSP/data/atdb_process/solar_bf_compressing/3827/860528/dynamic_spectra/LOFAR_20220517_151500_LBA_OUTER_S0.fits,2022-05-17,15:15:00.000000,860528_2022-05-17_15:15:00.000000,3
895,860528_2022-05-17_15:30:00.000000,https://spaceweather.astron.nl//SolarKSP/data/atdb_process/solar_bf_compressing/3827/860528/dynamic_spectra/LOFAR_20220517_153000_LBA_OUTER_S0.fits,2022-05-17,15:30:00.000000,860528_2022-05-17_15:30:00.000000,3
879,860528_2022-05-17_15:45:00.000000,https://spaceweather.astron.nl//SolarKSP/data/atdb_process/solar_bf_compressing/3827/860528/dynamic_spectra/LOFAR_20220517_154500_LBA_OUTER_S0.fits,2022-05-17,15:45:00.000000,860528_2022-05-17_15:45:00.000000,3
899,860528_2022-05-17_16:00:00.000000,https://spaceweather.astron.nl//SolarKSP/data/atdb_process/solar_bf_compressing/3827/860528/dynamic_spectra/LOFAR_20220517_160000_LBA_OUTER_S0.fits,2022-05-17,16:00:00.000000,860528_2022-05-17_16:00:00.000000,3
815,860524_2022-05-18_06:30:00.000000,https://spaceweather.astron.nl//SolarKSP/data/atdb_process/solar_bf_compressing/3870/860524/dynamic_spectra/LOFAR_20220518_063000_LBA_OUTER_S0.fits,2022-05-18,06:30:00.000000,860524_2022-05-18_06:30:00.000000,3
834,860524_2022-05-18_06:45:00.000000,https://spaceweather.astron.nl//SolarKSP/data/atdb_process/solar_bf_compressing/3870/860524/dynamic_spectra/LOFAR_20220518_064500_LBA_OUTER_S0.fits,2022-05-18,06:45:00.000000,860524_2022-05-18_06:45:00.000000,3
832,860524_2022-05-18_07:00:00.000000,https://spaceweather.astron.nl//SolarKSP/data/atdb_process/solar_bf_compressing/3870/860524/dynamic_spectra/LOFAR_20220518_070000_LBA_OUTER_S0.fits,2022-05-18,07:00:00.000000,860524_2022-05-18_07:00:00.000000,3
808,860524_2022-05-18_07:15:00.000000,https://spaceweather.astron.nl//SolarKSP/data/atdb_process/solar_bf_compressing/3870/860524/dynamic_spectra/LOFAR_20220518_071500_LBA_OUTER_S0.fits,2022-05-18,07:15:00.000000,860524_2022-05-18_07:15:00.000000,3
805,860524_2022-05-18_07:30:00.000000,https://spaceweather.astron.nl//SolarKSP/data/atdb_process/solar_bf_compressing/3870/860524/dynamic_spectra/LOFAR_20220518_073000_LBA_OUTER_S0.fits,2022-05-18,07:30:00.000000,860524_2022-05-18_07:30:00.000000,3
824,860524_2022-05-18_07:45:00.000000,https://spaceweather.astron.nl//SolarKSP/data/atdb_process/solar_bf_compressing/3870/860524/dynamic_spectra/LOFAR_20220518_074500_LBA_OUTER_S0.fits,2022-05-18,07:45:00.000000,860524_2022-05-18_07:45:00.000000,3
804,860524_2022-05-18_08:00:00.000000,https://spaceweather.astron.nl//SolarKSP/data/atdb_process/solar_bf_compressing/3870/860524/dynamic_spectra/LOFAR_20220518_080000_LBA_OUTER_S0.fits,2022-05-18,08:00:00.000000,860524_2022-05-18_08:00:00.000000,3
819,860524_2022-05-18_08:15:00.000000,https://spaceweather.astron.nl//SolarKSP/data/atdb_process/solar_bf_compressing/3870/860524/dynamic_spectra/LOFAR_20220518_081500_LBA_OUTER_S0.fits,2022-05-18,08:15:00.000000,860524_2022-05-18_08:15:00.000000,3
833,860524_2022-05-18_08:30:00.000000,https://spaceweather.astron.nl//SolarKSP/data/atdb_process/solar_bf_compressing/3870/860524/dynamic_spectra/LOFAR_20220518_083000_LBA_OUTER_S0.fits,2022-05-18,08:30:00.000000,860524_2022-05-18_08:30:00.000000,3
816,860524_2022-05-18_08:45:00.000000,https://spaceweather.astron.nl//SolarKSP/data/atdb_process/solar_bf_compressing/3870/860524/dynamic_spectra/LOFAR_20220518_084500_LBA_OUTER_S0.fits,2022-05-18,08:45:00.000000,860524_2022-05-18_08:45:00.000000,3
813,860524_2022-05-18_09:00:00.000000,https://spaceweather.astron.nl//SolarKSP/data/atdb_process/solar_bf_compressing/3870/860524/dynamic_spectra/LOFAR_20220518_090000_LBA_OUTER_S0.fits,2022-05-18,09:00:00.000000,860524_2022-05-18_09:00:00.000000,3
830,860524_2022-05-18_09:15:00.000000,https://spaceweather.astron.nl//SolarKSP/data/atdb_process/solar_bf_compressing/3870/860524/dynamic_spectra/LOFAR_20220518_091500_LBA_OUTER_S0.fits,2022-05-18,09:15:00.000000,860524_2022-05-18_09:15:00.000000,3
823,860524_2022-05-18_09:30:00.000000,https://spaceweather.astron.nl//SolarKSP/data/atdb_process/solar_bf_compressing/3870/860524/dynamic_spectra/LOFAR_20220518_093000_LBA_OUTER_S0.fits,2022-05-18,09:30:00.000000,860524_2022-05-18_09:30:00.000000,3
806,860524_2022-05-18_09:45:00.000000,https://spaceweather.astron.nl//SolarKSP/data/atdb_process/solar_bf_compressing/3870/860524/dynamic_spectra/LOFAR_20220518_094500_LBA_OUTER_S0.fits,2022-05-18,09:45:00.000000,860524_2022-05-18_09:45:00.000000,3
820,860524_2022-05-18_10:00:00.000000,https://spaceweather.astron.nl//SolarKSP/data/atdb_process/solar_bf_compressing/3870/860524/dynamic_spectra/LOFAR_20220518_100000_LBA_OUTER_S0.fits,2022-05-18,10:00:00.000000,860524_2022-05-18_10:00:00.000000,3
803,860524_2022-05-18_10:15:00.000000,https://spaceweather.astron.nl//SolarKSP/data/atdb_process/solar_bf_compressing/3870/860524/dynamic_spectra/LOFAR_20220518_101500_LBA_OUTER_S0.fits,2022-05-18,10:15:00.000000,860524_2022-05-18_10:15:00.000000,3
807,860524_2022-05-18_10:30:00.000000,https://spaceweather.astron.nl//SolarKSP/data/atdb_process/solar_bf_compressing/3870/860524/dynamic_spectra/LOFAR_20220518_103000_LBA_OUTER_S0.fits,2022-05-18,10:30:00.000000,860524_2022-05-18_10:30:00.000000,3
831,860524_2022-05-18_10:45:00.000000,https://spaceweather.astron.nl//SolarKSP/data/atdb_process/solar_bf_compressing/3870/860524/dynamic_spectra/LOFAR_20220518_104500_LBA_OUTER_S0.fits,2022-05-18,10:45:00.000000,860524_2022-05-18_10:45:00.000000,3
829,860524_2022-05-18_11:00:00.000000,https://spaceweather.astron.nl//SolarKSP/data/atdb_process/solar_bf_compressing/3870/860524/dynamic_spectra/LOFAR_20220518_110000_LBA_OUTER_S0.fits,2022-05-18,11:00:00.000000,860524_2022-05-18_11:00:00.000000,3
814,860524_2022-05-18_11:15:00.000000,https://spaceweather.astron.nl//SolarKSP/data/atdb_process/solar_bf_compressing/3870/860524/dynamic_spectra/LOFAR_20220518_111500_LBA_OUTER_S0.fits,2022-05-18,11:15:00.000000,860524_2022-05-18_11:15:00.000000,3
798,860524_2022-05-18_11:30:00.000000,https://spaceweather.astron.nl//SolarKSP/data/atdb_process/solar_bf_compressing/3870/860524/dynamic_spectra/LOFAR_20220518_113000_LBA_OUTER_S0.fits,2022-05-18,11:30:00.000000,860524_2022-05-18_11:30:00.000000,3
822,860524_2022-05-18_11:45:00.000000,https://spaceweather.astron.nl//SolarKSP/data/atdb_process/solar_bf_compressing/3870/860524/dynamic_spectra/LOFAR_20220518_114500_LBA_OUTER_S0.fits,2022-05-18,11:45:00.000000,860524_2022-05-18_11:45:00.000000,3
802,860524_2022-05-18_12:00:00.000000,https://spaceweather.astron.nl//SolarKSP/data/atdb_process/solar_bf_compressing/3870/860524/dynamic_spectra/LOFAR_20220518_120000_LBA_OUTER_S0.fits,2022-05-18,12:00:00.000000,860524_2022-05-18_12:00:00.000000,3
826,860524_2022-05-18_12:15:00.000000,https://spaceweather.astron.nl//SolarKSP/data/atdb_process/solar_bf_compressing/3870/860524/dynamic_spectra/LOFAR_20220518_121500_LBA_OUTER_S0.fits,2022-05-18,12:15:00.000000,860524_2022-05-18_12:15:00.000000,3
828,860524_2022-05-18_12:30:00.000000,https://spaceweather.astron.nl//SolarKSP/data/atdb_process/solar_bf_compressing/3870/860524/dynamic_spectra/LOFAR_20220518_123000_LBA_OUTER_S0.fits,2022-05-18,12:30:00.000000,860524_2022-05-18_12:30:00.000000,3
809,860524_2022-05-18_12:45:00.000000,https://spaceweather.astron.nl//SolarKSP/data/atdb_process/solar_bf_compressing/3870/860524/dynamic_spectra/LOFAR_20220518_124500_LBA_OUTER_S0.fits,2022-05-18,12:45:00.000000,860524_2022-05-18_12:45:00.000000,3
811,860524_2022-05-18_13:00:00.000000,https://spaceweather.astron.nl//SolarKSP/data/atdb_process/solar_bf_compressing/3870/860524/dynamic_spectra/LOFAR_20220518_130000_LBA_OUTER_S0.fits,2022-05-18,13:00:00.000000,860524_2022-05-18_13:00:00.000000,3
836,860524_2022-05-18_13:15:00.000000,https://spaceweather.astron.nl//SolarKSP/data/atdb_process/solar_bf_compressing/3870/860524/dynamic_spectra/LOFAR_20220518_131500_LBA_OUTER_S0.fits,2022-05-18,13:15:00.000000,860524_2022-05-18_13:15:00.000000,3
818,860524_2022-05-18_13:30:00.000000,https://spaceweather.astron.nl//SolarKSP/data/atdb_process/solar_bf_compressing/3870/860524/dynamic_spectra/LOFAR_20220518_133000_LBA_OUTER_S0.fits,2022-05-18,13:30:00.000000,860524_2022-05-18_13:30:00.000000,3
800,860524_2022-05-18_13:45:00.000000,https://spaceweather.astron.nl//SolarKSP/data/atdb_process/solar_bf_compressing/3870/860524/dynamic_spectra/LOFAR_20220518_134500_LBA_OUTER_S0.fits,2022-05-18,13:45:00.000000,860524_2022-05-18_13:45:00.000000,3
799,860524_2022-05-18_14:00:00.000000,https://spaceweather.astron.nl//SolarKSP/data/atdb_process/solar_bf_compressing/3870/860524/dynamic_spectra/LOFAR_20220518_140000_LBA_OUTER_S0.fits,2022-05-18,14:00:00.000000,860524_2022-05-18_14:00:00.000000,3
825,860524_2022-05-18_14:15:00.000000,https://spaceweather.astron.nl//SolarKSP/data/atdb_process/solar_bf_compressing/3870/860524/dynamic_spectra/LOFAR_20220518_141500_LBA_OUTER_S0.fits,2022-05-18,14:15:00.000000,860524_2022-05-18_14:15:00.000000,1
827,860524_2022-05-18_14:30:00.000000,https://spaceweather.astron.nl//SolarKSP/data/atdb_process/solar_bf_compressing/3870/860524/dynamic_spectra/LOFAR_20220518_143000_LBA_OUTER_S0.fits,2022-05-18,14:30:00.000000,860524_2022-05-18_14:30:00.000000,3
812,860524_2022-05-18_14:45:00.000000,https://spaceweather.astron.nl//SolarKSP/data/atdb_process/solar_bf_compressing/3870/860524/dynamic_spectra/LOFAR_20220518_144500_LBA_OUTER_S0.fits,2022-05-18,14:45:00.000000,860524_2022-05-18_14:45:00.000000,3
810,860524_2022-05-18_15:00:00.000000,https://spaceweather.astron.nl//SolarKSP/data/atdb_process/solar_bf_compressing/3870/860524/dynamic_spectra/LOFAR_20220518_150000_LBA_OUTER_S0.fits,2022-05-18,15:00:00.000000,860524_2022-05-18_15:00:00.000000,3
835,860524_2022-05-18_15:15:00.000000,https://spaceweather.astron.nl//SolarKSP/data/atdb_process/solar_bf_compressing/3870/860524/dynamic_spectra/LOFAR_20220518_151500_LBA_OUTER_S0.fits,2022-05-18,15:15:00.000000,860524_2022-05-18_15:15:00.000000,3
817,860524_2022-05-18_15:30:00.000000,https://spaceweather.astron.nl//SolarKSP/data/atdb_process/solar_bf_compressing/3870/860524/dynamic_spectra/LOFAR_20220518_153000_LBA_OUTER_S0.fits,2022-05-18,15:30:00.000000,860524_2022-05-18_15:30:00.000000,3
801,860524_2022-05-18_15:45:00.000000,https://spaceweather.astron.nl//SolarKSP/data/atdb_process/solar_bf_compressing/3870/860524/dynamic_spectra/LOFAR_20220518_154500_LBA_OUTER_S0.fits,2022-05-18,15:45:00.000000,860524_2022-05-18_15:45:00.000000,3
821,860524_2022-05-18_16:00:00.000000,https://spaceweather.astron.nl//SolarKSP/data/atdb_process/solar_bf_compressing/3870/860524/dynamic_spectra/LOFAR_20220518_160000_LBA_OUTER_S0.fits,2022-05-18,16:00:00.000000,860524_2022-05-18_16:00:00.000000,3
732,861374_2022-05-20_06:30:00.000000,https://spaceweather.astron.nl//SolarKSP/data/atdb_process/solar_bf_compressing/3960/861374/dynamic_spectra/LOFAR_20220520_063000_LBA_OUTER_S0.fits,2022-05-20,06:30:00.000000,861374_2022-05-20_06:30:00.000000,5
706,861374_2022-05-20_06:45:00.000000,https://spaceweather.astron.nl//SolarKSP/data/atdb_process/solar_bf_compressing/3960/861374/dynamic_spectra/LOFAR_20220520_064500_LBA_OUTER_S0.fits,2022-05-20,06:45:00.000000,861374_2022-05-20_06:45:00.000000,3
708,861374_2022-05-20_07:00:00.000000,https://spaceweather.astron.nl//SolarKSP/data/atdb_process/solar_bf_compressing/3960/861374/dynamic_spectra/LOFAR_20220520_070000_LBA_OUTER_S0.fits,2022-05-20,07:00:00.000000,861374_2022-05-20_07:00:00.000000,6
728,861374_2022-05-20_07:15:00.000000,https://spaceweather.astron.nl//SolarKSP/data/atdb_process/solar_bf_compressing/3960/861374/dynamic_spectra/LOFAR_20220520_071500_LBA_OUTER_S0.fits,2022-05-20,07:15:00.000000,861374_2022-05-20_07:15:00.000000,6
744,861374_2022-05-20_07:30:00.000000,https://spaceweather.astron.nl//SolarKSP/data/atdb_process/solar_bf_compressing/3960/861374/dynamic_spectra/LOFAR_20220520_073000_LBA_OUTER_S0.fits,2022-05-20,07:30:00.000000,861374_2022-05-20_07:30:00.000000,3
719,861374_2022-05-20_07:45:00.000000,https://spaceweather.astron.nl//SolarKSP/data/atdb_process/solar_bf_compressing/3960/861374/dynamic_spectra/LOFAR_20220520_074500_LBA_OUTER_S0.fits,2022-05-20,07:45:00.000000,861374_2022-05-20_07:45:00.000000,3
745,861374_2022-05-20_08:00:00.000000,https://spaceweather.astron.nl//SolarKSP/data/atdb_process/solar_bf_compressing/3960/861374/dynamic_spectra/LOFAR_20220520_080000_LBA_OUTER_S0.fits,2022-05-20,08:00:00.000000,861374_2022-05-20_08:00:00.000000,3
712,861374_2022-05-20_08:15:00.000000,https://spaceweather.astron.nl//SolarKSP/data/atdb_process/solar_bf_compressing/3960/861374/dynamic_spectra/LOFAR_20220520_081500_LBA_OUTER_S0.fits,2022-05-20,08:15:00.000000,861374_2022-05-20_08:15:00.000000,6
707,861374_2022-05-20_08:30:00.000000,https://spaceweather.astron.nl//SolarKSP/data/atdb_process/solar_bf_compressing/3960/861374/dynamic_spectra/LOFAR_20220520_083000_LBA_OUTER_S0.fits,2022-05-20,08:30:00.000000,861374_2022-05-20_08:30:00.000000,3
730,861374_2022-05-20_08:45:00.000000,https://spaceweather.astron.nl//SolarKSP/data/atdb_process/solar_bf_compressing/3960/861374/dynamic_spectra/LOFAR_20220520_084500_LBA_OUTER_S0.fits,2022-05-20,08:45:00.000000,861374_2022-05-20_08:45:00.000000,6
734,861374_2022-05-20_09:00:00.000000,https://spaceweather.astron.nl//SolarKSP/data/atdb_process/solar_bf_compressing/3960/861374/dynamic_spectra/LOFAR_20220520_090000_LBA_OUTER_S0.fits,2022-05-20,09:00:00.000000,861374_2022-05-20_09:00:00.000000,3
700,861374_2022-05-20_09:15:00.000000,https://spaceweather.astron.nl//SolarKSP/data/atdb_process/solar_bf_compressing/3960/861374/dynamic_spectra/LOFAR_20220520_091500_LBA_OUTER_S0.fits,2022-05-20,09:15:00.000000,861374_2022-05-20_09:15:00.000000,6
720,861374_2022-05-20_09:30:00.000000,https://spaceweather.astron.nl//SolarKSP/data/atdb_process/solar_bf_compressing/3960/861374/dynamic_spectra/LOFAR_20220520_093000_LBA_OUTER_S0.fits,2022-05-20,09:30:00.000000,861374_2022-05-20_09:30:00.000000,6
743,861374_2022-05-20_09:45:00.000000,https://spaceweather.astron.nl//SolarKSP/data/atdb_process/solar_bf_compressing/3960/861374/dynamic_spectra/LOFAR_20220520_094500_LBA_OUTER_S0.fits,2022-05-20,09:45:00.000000,861374_2022-05-20_09:45:00.000000,3
711,861374_2022-05-20_10:00:00.000000,https://spaceweather.astron.nl//SolarKSP/data/atdb_process/solar_bf_compressing/3960/861374/dynamic_spectra/LOFAR_20220520_100000_LBA_OUTER_S0.fits,2022-05-20,10:00:00.000000,861374_2022-05-20_10:00:00.000000,6
746,861374_2022-05-20_10:15:00.000000,https://spaceweather.astron.nl//SolarKSP/data/atdb_process/solar_bf_compressing/3960/861374/dynamic_spectra/LOFAR_20220520_101500_LBA_OUTER_S0.fits,2022-05-20,10:15:00.000000,861374_2022-05-20_10:15:00.000000,6
729,861374_2022-05-20_10:30:00.000000,https://spaceweather.astron.nl//SolarKSP/data/atdb_process/solar_bf_compressing/3960/861374/dynamic_spectra/LOFAR_20220520_103000_LBA_OUTER_S0.fits,2022-05-20,10:30:00.000000,861374_2022-05-20_10:30:00.000000,6
698,861374_2022-05-20_10:45:00.000000,https://spaceweather.astron.nl//SolarKSP/data/atdb_process/solar_bf_compressing/3960/861374/dynamic_spectra/LOFAR_20220520_104500_LBA_OUTER_S0.fits,2022-05-20,10:45:00.000000,861374_2022-05-20_10:45:00.000000,6
701,861374_2022-05-20_11:00:00.000000,https://spaceweather.astron.nl//SolarKSP/data/atdb_process/solar_bf_compressing/3960/861374/dynamic_spectra/LOFAR_20220520_110000_LBA_OUTER_S0.fits,2022-05-20,11:00:00.000000,861374_2022-05-20_11:00:00.000000,6
733,861374_2022-05-20_11:15:00.000000,https://spaceweather.astron.nl//SolarKSP/data/atdb_process/solar_bf_compressing/3960/861374/dynamic_spectra/LOFAR_20220520_111500_LBA_OUTER_S0.fits,2022-05-20,11:15:00.000000,861374_2022-05-20_11:15:00.000000,3
741,861374_2022-05-20_11:30:00.000000,https://spaceweather.astron.nl//SolarKSP/data/atdb_process/solar_bf_compressing/3960/861374/dynamic_spectra/LOFAR_20220520_113000_LBA_OUTER_S0.fits,2022-05-20,11:30:00.000000,861374_2022-05-20_11:30:00.000000,3
709,861374_2022-05-20_11:45:00.000000,https://spaceweather.astron.nl//SolarKSP/data/atdb_process/solar_bf_compressing/3960/861374/dynamic_spectra/LOFAR_20220520_114500_LBA_OUTER_S0.fits,2022-05-20,11:45:00.000000,861374_2022-05-20_11:45:00.000000,3
735,861374_2022-05-20_12:00:00.000000,https://spaceweather.astron.nl//SolarKSP/data/atdb_process/solar_bf_compressing/3960/861374/dynamic_spectra/LOFAR_20220520_120000_LBA_OUTER_S0.fits,2022-05-20,12:00:00.000000,861374_2022-05-20_12:00:00.000000,3
716,861374_2022-05-20_12:15:00.000000,https://spaceweather.astron.nl//SolarKSP/data/atdb_process/solar_bf_compressing/3960/861374/dynamic_spectra/LOFAR_20220520_121500_LBA_OUTER_S0.fits,2022-05-20,12:15:00.000000,861374_2022-05-20_12:15:00.000000,3
702,861374_2022-05-20_12:30:00.000000,https://spaceweather.astron.nl//SolarKSP/data/atdb_process/solar_bf_compressing/3960/861374/dynamic_spectra/LOFAR_20220520_123000_LBA_OUTER_S0.fits,2022-05-20,12:30:00.000000,861374_2022-05-20_12:30:00.000000,1
724,861374_2022-05-20_12:45:00.000000,https://spaceweather.astron.nl//SolarKSP/data/atdb_process/solar_bf_compressing/3960/861374/dynamic_spectra/LOFAR_20220520_124500_LBA_OUTER_S0.fits,2022-05-20,12:45:00.000000,861374_2022-05-20_12:45:00.000000,1
722,861374_2022-05-20_13:00:00.000000,https://spaceweather.astron.nl//SolarKSP/data/atdb_process/solar_bf_compressing/3960/861374/dynamic_spectra/LOFAR_20220520_130000_LBA_OUTER_S0.fits,2022-05-20,13:00:00.000000,861374_2022-05-20_13:00:00.000000,6
704,861374_2022-05-20_13:15:00.000000,https://spaceweather.astron.nl//SolarKSP/data/atdb_process/solar_bf_compressing/3960/861374/dynamic_spectra/LOFAR_20220520_131500_LBA_OUTER_S0.fits,2022-05-20,13:15:00.000000,861374_2022-05-20_13:15:00.000000,6
714,861374_2022-05-20_13:30:00.000000,https://spaceweather.astron.nl//SolarKSP/data/atdb_process/solar_bf_compressing/3960/861374/dynamic_spectra/LOFAR_20220520_133000_LBA_OUTER_S0.fits,2022-05-20,13:30:00.000000,861374_2022-05-20_13:30:00.000000,6
737,861374_2022-05-20_13:45:00.000000,https://spaceweather.astron.nl//SolarKSP/data/atdb_process/solar_bf_compressing/3960/861374/dynamic_spectra/LOFAR_20220520_134500_LBA_OUTER_S0.fits,2022-05-20,13:45:00.000000,861374_2022-05-20_13:45:00.000000,3
738,861374_2022-05-20_14:00:00.000000,https://spaceweather.astron.nl//SolarKSP/data/atdb_process/solar_bf_compressing/3960/861374/dynamic_spectra/LOFAR_20220520_140000_LBA_OUTER_S0.fits,2022-05-20,14:00:00.000000,861374_2022-05-20_14:00:00.000000,3
717,861374_2022-05-20_14:15:00.000000,https://spaceweather.astron.nl//SolarKSP/data/atdb_process/solar_bf_compressing/3960/861374/dynamic_spectra/LOFAR_20220520_141500_LBA_OUTER_S0.fits,2022-05-20,14:15:00.000000,861374_2022-05-20_14:15:00.000000,3
703,861374_2022-05-20_14:30:00.000000,https://spaceweather.astron.nl//SolarKSP/data/atdb_process/solar_bf_compressing/3960/861374/dynamic_spectra/LOFAR_20220520_143000_LBA_OUTER_S0.fits,2022-05-20,14:30:00.000000,861374_2022-05-20_14:30:00.000000,6
721,861374_2022-05-20_14:45:00.000000,https://spaceweather.astron.nl//SolarKSP/data/atdb_process/solar_bf_compressing/3960/861374/dynamic_spectra/LOFAR_20220520_144500_LBA_OUTER_S0.fits,2022-05-20,14:45:00.000000,861374_2022-05-20_14:45:00.000000,6
723,861374_2022-05-20_15:00:00.000000,https://spaceweather.astron.nl//SolarKSP/data/atdb_process/solar_bf_compressing/3960/861374/dynamic_spectra/LOFAR_20220520_150000_LBA_OUTER_S0.fits,2022-05-20,15:00:00.000000,861374_2022-05-20_15:00:00.000000,3
705,861374_2022-05-20_15:15:00.000000,https://spaceweather.astron.nl//SolarKSP/data/atdb_process/solar_bf_compressing/3960/861374/dynamic_spectra/LOFAR_20220520_151500_LBA_OUTER_S0.fits,2022-05-20,15:15:00.000000,861374_2022-05-20_15:15:00.000000,6
715,861374_2022-05-20_15:30:00.000000,https://spaceweather.astron.nl//SolarKSP/data/atdb_process/solar_bf_compressing/3960/861374/dynamic_spectra/LOFAR_20220520_153000_LBA_OUTER_S0.fits,2022-05-20,15:30:00.000000,861374_2022-05-20_15:30:00.000000,3
736,861374_2022-05-20_15:45:00.000000,https://spaceweather.astron.nl//SolarKSP/data/atdb_process/solar_bf_compressing/3960/861374/dynamic_spectra/LOFAR_20220520_154500_LBA_OUTER_S0.fits,2022-05-20,15:45:00.000000,861374_2022-05-20_15:45:00.000000,3
710,861374_2022-05-20_16:00:00.000000,https://spaceweather.astron.nl//SolarKSP/data/atdb_process/solar_bf_compressing/3960/861374/dynamic_spectra/LOFAR_20220520_160000_LBA_OUTER_S0.fits,2022-05-20,16:00:00.000000,861374_2022-05-20_16:00:00.000000,3
742,861374_2022-05-20_16:15:00.000000,https://spaceweather.astron.nl//SolarKSP/data/atdb_process/solar_bf_compressing/3960/861374/dynamic_spectra/LOFAR_20220520_161500_LBA_OUTER_S0.fits,2022-05-20,16:15:00.000000,861374_2022-05-20_16:15:00.000000,3
726,861374_2022-05-20_16:30:00.000000,https://spaceweather.astron.nl//SolarKSP/data/atdb_process/solar_bf_compressing/3960/861374/dynamic_spectra/LOFAR_20220520_163000_LBA_OUTER_S0.fits,2022-05-20,16:30:00.000000,861374_2022-05-20_16:30:00.000000,1
699,861374_2022-05-20_16:45:00.000000,https://spaceweather.astron.nl//SolarKSP/data/atdb_process/solar_bf_compressing/3960/861374/dynamic_spectra/LOFAR_20220520_164500_LBA_OUTER_S0.fits,2022-05-20,16:45:00.000000,861374_2022-05-20_16:45:00.000000,3
696,861374_2022-05-20_17:00:00.000000,https://spaceweather.astron.nl//SolarKSP/data/atdb_process/solar_bf_compressing/3960/861374/dynamic_spectra/LOFAR_20220520_170000_LBA_OUTER_S0.fits,2022-05-20,17:00:00.000000,861374_2022-05-20_17:00:00.000000,3
731,861374_2022-05-20_17:15:00.000000,https://spaceweather.astron.nl//SolarKSP/data/atdb_process/solar_bf_compressing/3960/861374/dynamic_spectra/LOFAR_20220520_171500_LBA_OUTER_S0.fits,2022-05-20,17:15:00.000000,861374_2022-05-20_17:15:00.000000,6
740,861374_2022-05-20_17:30:00.000000,https://spaceweather.astron.nl//SolarKSP/data/atdb_process/solar_bf_compressing/3960/861374/dynamic_spectra/LOFAR_20220520_173000_LBA_OUTER_S0.fits,2022-05-20,17:30:00.000000,861374_2022-05-20_17:30:00.000000,6
713,861374_2022-05-20_17:45:00.000000,https://spaceweather.astron.nl//SolarKSP/data/atdb_process/solar_bf_compressing/3960/861374/dynamic_spectra/LOFAR_20220520_174500_LBA_OUTER_S0.fits,2022-05-20,17:45:00.000000,861374_2022-05-20_17:45:00.000000,6
739,861374_2022-05-20_18:00:00.000000,https://spaceweather.astron.nl//SolarKSP/data/atdb_process/solar_bf_compressing/3960/861374/dynamic_spectra/LOFAR_20220520_180000_LBA_OUTER_S0.fits,2022-05-20,18:00:00.000000,861374_2022-05-20_18:00:00.000000,3
718,861374_2022-05-20_18:15:00.000000,https://spaceweather.astron.nl//SolarKSP/data/atdb_process/solar_bf_compressing/3960/861374/dynamic_spectra/LOFAR_20220520_181500_LBA_OUTER_S0.fits,2022-05-20,18:15:00.000000,861374_2022-05-20_18:15:00.000000,3
697,861374_2022-05-20_18:30:00.000000,https://spaceweather.astron.nl//SolarKSP/data/atdb_process/solar_bf_compressing/3960/861374/dynamic_spectra/LOFAR_20220520_183000_LBA_OUTER_S0.fits,2022-05-20,18:30:00.000000,861374_2022-05-20_18:30:00.000000,6
727,861374_2022-05-20_18:45:00.000000,https://spaceweather.astron.nl//SolarKSP/data/atdb_process/solar_bf_compressing/3960/861374/dynamic_spectra/LOFAR_20220520_184500_LBA_OUTER_S0.fits,2022-05-20,18:45:00.000000,861374_2022-05-20_18:45:00.000000,3
725,861374_2022-05-20_19:00:00.000000,https://spaceweather.astron.nl//SolarKSP/data/atdb_process/solar_bf_compressing/3960/861374/dynamic_spectra/LOFAR_20220520_190000_LBA_OUTER_S0.fits,2022-05-20,19:00:00.000000,861374_2022-05-20_19:00:00.000000,6
926,861460_2022-05-21_06:30:00.000000,https://spaceweather.astron.nl//SolarKSP/data/atdb_process/solar_bf_compressing/4010/861460/dynamic_spectra/LOFAR_20220521_063000_LBA_OUTER_S0.fits,2022-05-21,06:30:00.000000,861460_2022-05-21_06:30:00.000000,1
951,861460_2022-05-21_06:45:00.000000,https://spaceweather.astron.nl//SolarKSP/data/atdb_process/solar_bf_compressing/4010/861460/dynamic_spectra/LOFAR_20220521_064500_LBA_OUTER_S0.fits,2022-05-21,06:45:00.000000,861460_2022-05-21_06:45:00.000000,1
949,861460_2022-05-21_07:00:00.000000,https://spaceweather.astron.nl//SolarKSP/data/atdb_process/solar_bf_compressing/4010/861460/dynamic_spectra/LOFAR_20220521_070000_LBA_OUTER_S0.fits,2022-05-21,07:00:00.000000,861460_2022-05-21_07:00:00.000000,1
917,861460_2022-05-21_07:15:00.000000,https://spaceweather.astron.nl//SolarKSP/data/atdb_process/solar_bf_compressing/4010/861460/dynamic_spectra/LOFAR_20220521_071500_LBA_OUTER_S0.fits,2022-05-21,07:15:00.000000,861460_2022-05-21_07:15:00.000000,1
938,861460_2022-05-21_07:30:00.000000,https://spaceweather.astron.nl//SolarKSP/data/atdb_process/solar_bf_compressing/4010/861460/dynamic_spectra/LOFAR_20220521_073000_LBA_OUTER_S0.fits,2022-05-21,07:30:00.000000,861460_2022-05-21_07:30:00.000000,3
963,861460_2022-05-21_07:45:00.000000,https://spaceweather.astron.nl//SolarKSP/data/atdb_process/solar_bf_compressing/4010/861460/dynamic_spectra/LOFAR_20220521_074500_LBA_OUTER_S0.fits,2022-05-21,07:45:00.000000,861460_2022-05-21_07:45:00.000000,3
936,861460_2022-05-21_08:00:00.000000,https://spaceweather.astron.nl//SolarKSP/data/atdb_process/solar_bf_compressing/4010/861460/dynamic_spectra/LOFAR_20220521_080000_LBA_OUTER_S0.fits,2022-05-21,08:00:00.000000,861460_2022-05-21_08:00:00.000000,6
957,861460_2022-05-21_08:15:00.000000,https://spaceweather.astron.nl//SolarKSP/data/atdb_process/solar_bf_compressing/4010/861460/dynamic_spectra/LOFAR_20220521_081500_LBA_OUTER_S0.fits,2022-05-21,08:15:00.000000,861460_2022-05-21_08:15:00.000000,3
950,861460_2022-05-21_08:30:00.000000,https://spaceweather.astron.nl//SolarKSP/data/atdb_process/solar_bf_compressing/4010/861460/dynamic_spectra/LOFAR_20220521_083000_LBA_OUTER_S0.fits,2022-05-21,08:30:00.000000,861460_2022-05-21_08:30:00.000000,3
927,861460_2022-05-21_08:45:00.000000,https://spaceweather.astron.nl//SolarKSP/data/atdb_process/solar_bf_compressing/4010/861460/dynamic_spectra/LOFAR_20220521_084500_LBA_OUTER_S0.fits,2022-05-21,08:45:00.000000,861460_2022-05-21_08:45:00.000000,3
925,861460_2022-05-21_09:00:00.000000,https://spaceweather.astron.nl//SolarKSP/data/atdb_process/solar_bf_compressing/4010/861460/dynamic_spectra/LOFAR_20220521_090000_LBA_OUTER_S0.fits,2022-05-21,09:00:00.000000,861460_2022-05-21_09:00:00.000000,3
944,861460_2022-05-21_09:15:00.000000,https://spaceweather.astron.nl//SolarKSP/data/atdb_process/solar_bf_compressing/4010/861460/dynamic_spectra/LOFAR_20220521_091500_LBA_OUTER_S0.fits,2022-05-21,09:15:00.000000,861460_2022-05-21_09:15:00.000000,6
961,861460_2022-05-21_09:30:00.000000,https://spaceweather.astron.nl//SolarKSP/data/atdb_process/solar_bf_compressing/4010/861460/dynamic_spectra/LOFAR_20220521_093000_LBA_OUTER_S0.fits,2022-05-21,09:30:00.000000,861460_2022-05-21_09:30:00.000000,3
940,861460_2022-05-21_09:45:00.000000,https://spaceweather.astron.nl//SolarKSP/data/atdb_process/solar_bf_compressing/4010/861460/dynamic_spectra/LOFAR_20220521_094500_LBA_OUTER_S0.fits,2022-05-21,09:45:00.000000,861460_2022-05-21_09:45:00.000000,3
956,861460_2022-05-21_10:00:00.000000,https://spaceweather.astron.nl//SolarKSP/data/atdb_process/solar_bf_compressing/4010/861460/dynamic_spectra/LOFAR_20220521_100000_LBA_OUTER_S0.fits,2022-05-21,10:00:00.000000,861460_2022-05-21_10:00:00.000000,3
937,861460_2022-05-21_10:15:00.000000,https://spaceweather.astron.nl//SolarKSP/data/atdb_process/solar_bf_compressing/4010/861460/dynamic_spectra/LOFAR_20220521_101500_LBA_OUTER_S0.fits,2022-05-21,10:15:00.000000,861460_2022-05-21_10:15:00.000000,6
916,861460_2022-05-21_10:30:00.000000,https://spaceweather.astron.nl//SolarKSP/data/atdb_process/solar_bf_compressing/4010/861460/dynamic_spectra/LOFAR_20220521_103000_LBA_OUTER_S0.fits,2022-05-21,10:30:00.000000,861460_2022-05-21_10:30:00.000000,3
948,861460_2022-05-21_10:45:00.000000,https://spaceweather.astron.nl//SolarKSP/data/atdb_process/solar_bf_compressing/4010/861460/dynamic_spectra/LOFAR_20220521_104500_LBA_OUTER_S0.fits,2022-05-21,10:45:00.000000,861460_2022-05-21_10:45:00.000000,3
945,861460_2022-05-21_11:00:00.000000,https://spaceweather.astron.nl//SolarKSP/data/atdb_process/solar_bf_compressing/4010/861460/dynamic_spectra/LOFAR_20220521_110000_LBA_OUTER_S0.fits,2022-05-21,11:00:00.000000,861460_2022-05-21_11:00:00.000000,1
924,861460_2022-05-21_11:15:00.000000,https://spaceweather.astron.nl//SolarKSP/data/atdb_process/solar_bf_compressing/4010/861460/dynamic_spectra/LOFAR_20220521_111500_LBA_OUTER_S0.fits,2022-05-21,11:15:00.000000,861460_2022-05-21_11:15:00.000000,3
929,861460_2022-05-21_11:30:00.000000,https://spaceweather.astron.nl//SolarKSP/data/atdb_process/solar_bf_compressing/4010/861460/dynamic_spectra/LOFAR_20220521_113000_LBA_OUTER_S0.fits,2022-05-21,11:30:00.000000,861460_2022-05-21_11:30:00.000000,3
959,861460_2022-05-21_11:45:00.000000,https://spaceweather.astron.nl//SolarKSP/data/atdb_process/solar_bf_compressing/4010/861460/dynamic_spectra/LOFAR_20220521_114500_LBA_OUTER_S0.fits,2022-05-21,11:45:00.000000,861460_2022-05-21_11:45:00.000000,1
934,861460_2022-05-21_12:00:00.000000,https://spaceweather.astron.nl//SolarKSP/data/atdb_process/solar_bf_compressing/4010/861460/dynamic_spectra/LOFAR_20220521_120000_LBA_OUTER_S0.fits,2022-05-21,12:00:00.000000,861460_2022-05-21_12:00:00.000000,1
965,861460_2022-05-21_12:15:00.000000,https://spaceweather.astron.nl//SolarKSP/data/atdb_process/solar_bf_compressing/4010/861460/dynamic_spectra/LOFAR_20220521_121500_LBA_OUTER_S0.fits,2022-05-21,12:15:00.000000,861460_2022-05-21_12:15:00.000000,1
942,861460_2022-05-21_12:30:00.000000,https://spaceweather.astron.nl//SolarKSP/data/atdb_process/solar_bf_compressing/4010/861460/dynamic_spectra/LOFAR_20220521_123000_LBA_OUTER_S0.fits,2022-05-21,12:30:00.000000,861460_2022-05-21_12:30:00.000000,1
921,861460_2022-05-21_12:45:00.000000,https://spaceweather.astron.nl//SolarKSP/data/atdb_process/solar_bf_compressing/4010/861460/dynamic_spectra/LOFAR_20220521_124500_LBA_OUTER_S0.fits,2022-05-21,12:45:00.000000,861460_2022-05-21_12:45:00.000000,3
923,861460_2022-05-21_13:00:00.000000,https://spaceweather.astron.nl//SolarKSP/data/atdb_process/solar_bf_compressing/4010/861460/dynamic_spectra/LOFAR_20220521_130000_LBA_OUTER_S0.fits,2022-05-21,13:00:00.000000,861460_2022-05-21_13:00:00.000000,3
953,861460_2022-05-21_13:15:00.000000,https://spaceweather.astron.nl//SolarKSP/data/atdb_process/solar_bf_compressing/4010/861460/dynamic_spectra/LOFAR_20220521_131500_LBA_OUTER_S0.fits,2022-05-21,13:15:00.000000,861460_2022-05-21_13:15:00.000000,3
955,861460_2022-05-21_13:30:00.000000,https://spaceweather.astron.nl//SolarKSP/data/atdb_process/solar_bf_compressing/4010/861460/dynamic_spectra/LOFAR_20220521_133000_LBA_OUTER_S0.fits,2022-05-21,13:30:00.000000,861460_2022-05-21_13:30:00.000000,3
932,861460_2022-05-21_13:45:00.000000,https://spaceweather.astron.nl//SolarKSP/data/atdb_process/solar_bf_compressing/4010/861460/dynamic_spectra/LOFAR_20220521_134500_LBA_OUTER_S0.fits,2022-05-21,13:45:00.000000,861460_2022-05-21_13:45:00.000000,1
933,861460_2022-05-21_14:00:00.000000,https://spaceweather.astron.nl//SolarKSP/data/atdb_process/solar_bf_compressing/4010/861460/dynamic_spectra/LOFAR_20220521_140000_LBA_OUTER_S0.fits,2022-05-21,14:00:00.000000,861460_2022-05-21_14:00:00.000000,3
964,861460_2022-05-21_14:15:00.000000,https://spaceweather.astron.nl//SolarKSP/data/atdb_process/solar_bf_compressing/4010/861460/dynamic_spectra/LOFAR_20220521_141500_LBA_OUTER_S0.fits,2022-05-21,14:15:00.000000,861460_2022-05-21_14:15:00.000000,3
941,861460_2022-05-21_14:30:00.000000,https://spaceweather.astron.nl//SolarKSP/data/atdb_process/solar_bf_compressing/4010/861460/dynamic_spectra/LOFAR_20220521_143000_LBA_OUTER_S0.fits,2022-05-21,14:30:00.000000,861460_2022-05-21_14:30:00.000000,3
922,861460_2022-05-21_14:45:00.000000,https://spaceweather.astron.nl//SolarKSP/data/atdb_process/solar_bf_compressing/4010/861460/dynamic_spectra/LOFAR_20220521_144500_LBA_OUTER_S0.fits,2022-05-21,14:45:00.000000,861460_2022-05-21_14:45:00.000000,3
920,861460_2022-05-21_15:00:00.000000,https://spaceweather.astron.nl//SolarKSP/data/atdb_process/solar_bf_compressing/4010/861460/dynamic_spectra/LOFAR_20220521_150000_LBA_OUTER_S0.fits,2022-05-21,15:00:00.000000,861460_2022-05-21_15:00:00.000000,1
952,861460_2022-05-21_15:15:00.000000,https://spaceweather.astron.nl//SolarKSP/data/atdb_process/solar_bf_compressing/4010/861460/dynamic_spectra/LOFAR_20220521_151500_LBA_OUTER_S0.fits,2022-05-21,15:15:00.000000,861460_2022-05-21_15:15:00.000000,6
954,861460_2022-05-21_15:30:00.000000,https://spaceweather.astron.nl//SolarKSP/data/atdb_process/solar_bf_compressing/4010/861460/dynamic_spectra/LOFAR_20220521_153000_LBA_OUTER_S0.fits,2022-05-21,15:30:00.000000,861460_2022-05-21_15:30:00.000000,1
935,861460_2022-05-21_15:45:00.000000,https://spaceweather.astron.nl//SolarKSP/data/atdb_process/solar_bf_compressing/4010/861460/dynamic_spectra/LOFAR_20220521_154500_LBA_OUTER_S0.fits,2022-05-21,15:45:00.000000,861460_2022-05-21_15:45:00.000000,3
960,861460_2022-05-21_16:00:00.000000,https://spaceweather.astron.nl//SolarKSP/data/atdb_process/solar_bf_compressing/4010/861460/dynamic_spectra/LOFAR_20220521_160000_LBA_OUTER_S0.fits,2022-05-21,16:00:00.000000,861460_2022-05-21_16:00:00.000000,1
939,861460_2022-05-21_16:15:00.000000,https://spaceweather.astron.nl//SolarKSP/data/atdb_process/solar_bf_compressing/4010/861460/dynamic_spectra/LOFAR_20220521_161500_LBA_OUTER_S0.fits,2022-05-21,16:15:00.000000,861460_2022-05-21_16:15:00.000000,3
918,861460_2022-05-21_16:30:00.000000,https://spaceweather.astron.nl//SolarKSP/data/atdb_process/solar_bf_compressing/4010/861460/dynamic_spectra/LOFAR_20220521_163000_LBA_OUTER_S0.fits,2022-05-21,16:30:00.000000,861460_2022-05-21_16:30:00.000000,3
943,861460_2022-05-21_16:45:00.000000,https://spaceweather.astron.nl//SolarKSP/data/atdb_process/solar_bf_compressing/4010/861460/dynamic_spectra/LOFAR_20220521_164500_LBA_OUTER_S0.fits,2022-05-21,16:45:00.000000,861460_2022-05-21_16:45:00.000000,3
947,861460_2022-05-21_17:00:00.000000,https://spaceweather.astron.nl//SolarKSP/data/atdb_process/solar_bf_compressing/4010/861460/dynamic_spectra/LOFAR_20220521_170000_LBA_OUTER_S0.fits,2022-05-21,17:00:00.000000,861460_2022-05-21_17:00:00.000000,1
928,861460_2022-05-21_17:15:00.000000,https://spaceweather.astron.nl//SolarKSP/data/atdb_process/solar_bf_compressing/4010/861460/dynamic_spectra/LOFAR_20220521_171500_LBA_OUTER_S0.fits,2022-05-21,17:15:00.000000,861460_2022-05-21_17:15:00.000000,1
930,861460_2022-05-21_17:30:00.000000,https://spaceweather.astron.nl//SolarKSP/data/atdb_process/solar_bf_compressing/4010/861460/dynamic_spectra/LOFAR_20220521_173000_LBA_OUTER_S0.fits,2022-05-21,17:30:00.000000,861460_2022-05-21_17:30:00.000000,1
958,861460_2022-05-21_17:45:00.000000,https://spaceweather.astron.nl//SolarKSP/data/atdb_process/solar_bf_compressing/4010/861460/dynamic_spectra/LOFAR_20220521_174500_LBA_OUTER_S0.fits,2022-05-21,17:45:00.000000,861460_2022-05-21_17:45:00.000000,6
931,861460_2022-05-21_18:00:00.000000,https://spaceweather.astron.nl//SolarKSP/data/atdb_process/solar_bf_compressing/4010/861460/dynamic_spectra/LOFAR_20220521_180000_LBA_OUTER_S0.fits,2022-05-21,18:00:00.000000,861460_2022-05-21_18:00:00.000000,1
962,861460_2022-05-21_18:15:00.000000,https://spaceweather.astron.nl//SolarKSP/data/atdb_process/solar_bf_compressing/4010/861460/dynamic_spectra/LOFAR_20220521_181500_LBA_OUTER_S0.fits,2022-05-21,18:15:00.000000,861460_2022-05-21_18:15:00.000000,6
946,861460_2022-05-21_18:30:00.000000,https://spaceweather.astron.nl//SolarKSP/data/atdb_process/solar_bf_compressing/4010/861460/dynamic_spectra/LOFAR_20220521_183000_LBA_OUTER_S0.fits,2022-05-21,18:30:00.000000,861460_2022-05-21_18:30:00.000000,6
915,861460_2022-05-21_18:45:00.000000,https://spaceweather.astron.nl//SolarKSP/data/atdb_process/solar_bf_compressing/4010/861460/dynamic_spectra/LOFAR_20220521_184500_LBA_OUTER_S0.fits,2022-05-21,18:45:00.000000,861460_2022-05-21_18:45:00.000000,3
919,861460_2022-05-21_19:00:00.000000,https://spaceweather.astron.nl//SolarKSP/data/atdb_process/solar_bf_compressing/4010/861460/dynamic_spectra/LOFAR_20220521_190000_LBA_OUTER_S0.fits,2022-05-21,19:00:00.000000,861460_2022-05-21_19:00:00.000000,6
631,861456_2022-05-22_06:30:00.000000,https://spaceweather.astron.nl//SolarKSP/data/atdb_process/solar_bf_compressing/4052/861456/dynamic_spectra/LOFAR_20220522_063000_LBA_OUTER_S0.fits,2022-05-22,06:30:00.000000,861456_2022-05-22_06:30:00.000000,3
610,861456_2022-05-22_06:45:00.000000,https://spaceweather.astron.nl//SolarKSP/data/atdb_process/solar_bf_compressing/4052/861456/dynamic_spectra/LOFAR_20220522_064500_LBA_OUTER_S0.fits,2022-05-22,06:45:00.000000,861456_2022-05-22_06:45:00.000000,3
609,861456_2022-05-22_07:00:00.000000,https://spaceweather.astron.nl//SolarKSP/data/atdb_process/solar_bf_compressing/4052/861456/dynamic_spectra/LOFAR_20220522_070000_LBA_OUTER_S0.fits,2022-05-22,07:00:00.000000,861456_2022-05-22_07:00:00.000000,3
641,861456_2022-05-22_07:15:00.000000,https://spaceweather.astron.nl//SolarKSP/data/atdb_process/solar_bf_compressing/4052/861456/dynamic_spectra/LOFAR_20220522_071500_LBA_OUTER_S0.fits,2022-05-22,07:15:00.000000,861456_2022-05-22_07:15:00.000000,3
645,861456_2022-05-22_07:30:00.000000,https://spaceweather.astron.nl//SolarKSP/data/atdb_process/solar_bf_compressing/4052/861456/dynamic_spectra/LOFAR_20220522_073000_LBA_OUTER_S0.fits,2022-05-22,07:30:00.000000,861456_2022-05-22_07:30:00.000000,3
623,861456_2022-05-22_07:45:00.000000,https://spaceweather.astron.nl//SolarKSP/data/atdb_process/solar_bf_compressing/4052/861456/dynamic_spectra/LOFAR_20220522_074500_LBA_OUTER_S0.fits,2022-05-22,07:45:00.000000,861456_2022-05-22_07:45:00.000000,3
646,861456_2022-05-22_08:00:00.000000,https://spaceweather.astron.nl//SolarKSP/data/atdb_process/solar_bf_compressing/4052/861456/dynamic_spectra/LOFAR_20220522_080000_LBA_OUTER_S0.fits,2022-05-22,08:00:00.000000,861456_2022-05-22_08:00:00.000000,3
625,861456_2022-05-22_08:15:00.000000,https://spaceweather.astron.nl//SolarKSP/data/atdb_process/solar_bf_compressing/4052/861456/dynamic_spectra/LOFAR_20220522_081500_LBA_OUTER_S0.fits,2022-05-22,08:15:00.000000,861456_2022-05-22_08:15:00.000000,6
608,861456_2022-05-22_08:30:00.000000,https://spaceweather.astron.nl//SolarKSP/data/atdb_process/solar_bf_compressing/4052/861456/dynamic_spectra/LOFAR_20220522_083000_LBA_OUTER_S0.fits,2022-05-22,08:30:00.000000,861456_2022-05-22_08:30:00.000000,3
634,861456_2022-05-22_08:45:00.000000,https://spaceweather.astron.nl//SolarKSP/data/atdb_process/solar_bf_compressing/4052/861456/dynamic_spectra/LOFAR_20220522_084500_LBA_OUTER_S0.fits,2022-05-22,08:45:00.000000,861456_2022-05-22_08:45:00.000000,3
633,861456_2022-05-22_09:00:00.000000,https://spaceweather.astron.nl//SolarKSP/data/atdb_process/solar_bf_compressing/4052/861456/dynamic_spectra/LOFAR_20220522_090000_LBA_OUTER_S0.fits,2022-05-22,09:00:00.000000,861456_2022-05-22_09:00:00.000000,6
612,861456_2022-05-22_09:15:00.000000,https://spaceweather.astron.nl//SolarKSP/data/atdb_process/solar_bf_compressing/4052/861456/dynamic_spectra/LOFAR_20220522_091500_LBA_OUTER_S0.fits,2022-05-22,09:15:00.000000,861456_2022-05-22_09:15:00.000000,3
621,861456_2022-05-22_09:30:00.000000,https://spaceweather.astron.nl//SolarKSP/data/atdb_process/solar_bf_compressing/4052/861456/dynamic_spectra/LOFAR_20220522_093000_LBA_OUTER_S0.fits,2022-05-22,09:30:00.000000,861456_2022-05-22_09:30:00.000000,3
649,861456_2022-05-22_09:45:00.000000,https://spaceweather.astron.nl//SolarKSP/data/atdb_process/solar_bf_compressing/4052/861456/dynamic_spectra/LOFAR_20220522_094500_LBA_OUTER_S0.fits,2022-05-22,09:45:00.000000,861456_2022-05-22_09:45:00.000000,3
624,861456_2022-05-22_10:00:00.000000,https://spaceweather.astron.nl//SolarKSP/data/atdb_process/solar_bf_compressing/4052/861456/dynamic_spectra/LOFAR_20220522_100000_LBA_OUTER_S0.fits,2022-05-22,10:00:00.000000,861456_2022-05-22_10:00:00.000000,3
647,861456_2022-05-22_10:15:00.000000,https://spaceweather.astron.nl//SolarKSP/data/atdb_process/solar_bf_compressing/4052/861456/dynamic_spectra/LOFAR_20220522_101500_LBA_OUTER_S0.fits,2022-05-22,10:15:00.000000,861456_2022-05-22_10:15:00.000000,3
642,861456_2022-05-22_10:30:00.000000,https://spaceweather.astron.nl//SolarKSP/data/atdb_process/solar_bf_compressing/4052/861456/dynamic_spectra/LOFAR_20220522_103000_LBA_OUTER_S0.fits,2022-05-22,10:30:00.000000,861456_2022-05-22_10:30:00.000000,3
616,861456_2022-05-22_10:45:00.000000,https://spaceweather.astron.nl//SolarKSP/data/atdb_process/solar_bf_compressing/4052/861456/dynamic_spectra/LOFAR_20220522_104500_LBA_OUTER_S0.fits,2022-05-22,10:45:00.000000,861456_2022-05-22_10:45:00.000000,3
613,861456_2022-05-22_11:00:00.000000,https://spaceweather.astron.nl//SolarKSP/data/atdb_process/solar_bf_compressing/4052/861456/dynamic_spectra/LOFAR_20220522_110000_LBA_OUTER_S0.fits,2022-05-22,11:00:00.000000,861456_2022-05-22_11:00:00.000000,3
632,861456_2022-05-22_11:15:00.000000,https://spaceweather.astron.nl//SolarKSP/data/atdb_process/solar_bf_compressing/4052/861456/dynamic_spectra/LOFAR_20220522_111500_LBA_OUTER_S0.fits,2022-05-22,11:15:00.000000,861456_2022-05-22_11:15:00.000000,3
654,861456_2022-05-22_11:30:00.000000,https://spaceweather.astron.nl//SolarKSP/data/atdb_process/solar_bf_compressing/4052/861456/dynamic_spectra/LOFAR_20220522_113000_LBA_OUTER_S0.fits,2022-05-22,11:30:00.000000,861456_2022-05-22_11:30:00.000000,3
627,861456_2022-05-22_11:45:00.000000,https://spaceweather.astron.nl//SolarKSP/data/atdb_process/solar_bf_compressing/4052/861456/dynamic_spectra/LOFAR_20220522_114500_LBA_OUTER_S0.fits,2022-05-22,11:45:00.000000,861456_2022-05-22_11:45:00.000000,1
652,861456_2022-05-22_12:00:00.000000,https://spaceweather.astron.nl//SolarKSP/data/atdb_process/solar_bf_compressing/4052/861456/dynamic_spectra/LOFAR_20220522_120000_LBA_OUTER_S0.fits,2022-05-22,12:00:00.000000,861456_2022-05-22_12:00:00.000000,3
620,861456_2022-05-22_12:15:00.000000,https://spaceweather.astron.nl//SolarKSP/data/atdb_process/solar_bf_compressing/4052/861456/dynamic_spectra/LOFAR_20220522_121500_LBA_OUTER_S0.fits,2022-05-22,12:15:00.000000,861456_2022-05-22_12:15:00.000000,3
618,861456_2022-05-22_12:30:00.000000,https://spaceweather.astron.nl//SolarKSP/data/atdb_process/solar_bf_compressing/4052/861456/dynamic_spectra/LOFAR_20220522_123000_LBA_OUTER_S0.fits,2022-05-22,12:30:00.000000,861456_2022-05-22_12:30:00.000000,6
637,861456_2022-05-22_12:45:00.000000,https://spaceweather.astron.nl//SolarKSP/data/atdb_process/solar_bf_compressing/4052/861456/dynamic_spectra/LOFAR_20220522_124500_LBA_OUTER_S0.fits,2022-05-22,12:45:00.000000,861456_2022-05-22_12:45:00.000000,3
639,861456_2022-05-22_13:00:00.000000,https://spaceweather.astron.nl//SolarKSP/data/atdb_process/solar_bf_compressing/4052/861456/dynamic_spectra/LOFAR_20220522_130000_LBA_OUTER_S0.fits,2022-05-22,13:00:00.000000,861456_2022-05-22_13:00:00.000000,6
607,861456_2022-05-22_13:15:00.000000,https://spaceweather.astron.nl//SolarKSP/data/atdb_process/solar_bf_compressing/4052/861456/dynamic_spectra/LOFAR_20220522_131500_LBA_OUTER_S0.fits,2022-05-22,13:15:00.000000,861456_2022-05-22_13:15:00.000000,1
630,861456_2022-05-22_13:30:00.000000,https://spaceweather.astron.nl//SolarKSP/data/atdb_process/solar_bf_compressing/4052/861456/dynamic_spectra/LOFAR_20220522_133000_LBA_OUTER_S0.fits,2022-05-22,13:30:00.000000,861456_2022-05-22_13:30:00.000000,3
650,861456_2022-05-22_13:45:00.000000,https://spaceweather.astron.nl//SolarKSP/data/atdb_process/solar_bf_compressing/4052/861456/dynamic_spectra/LOFAR_20220522_134500_LBA_OUTER_S0.fits,2022-05-22,13:45:00.000000,861456_2022-05-22_13:45:00.000000,6
651,861456_2022-05-22_14:00:00.000000,https://spaceweather.astron.nl//SolarKSP/data/atdb_process/solar_bf_compressing/4052/861456/dynamic_spectra/LOFAR_20220522_140000_LBA_OUTER_S0.fits,2022-05-22,14:00:00.000000,861456_2022-05-22_14:00:00.000000,3
619,861456_2022-05-22_14:15:00.000000,https://spaceweather.astron.nl//SolarKSP/data/atdb_process/solar_bf_compressing/4052/861456/dynamic_spectra/LOFAR_20220522_141500_LBA_OUTER_S0.fits,2022-05-22,14:15:00.000000,861456_2022-05-22_14:15:00.000000,3
617,861456_2022-05-22_14:30:00.000000,https://spaceweather.astron.nl//SolarKSP/data/atdb_process/solar_bf_compressing/4052/861456/dynamic_spectra/LOFAR_20220522_143000_LBA_OUTER_S0.fits,2022-05-22,14:30:00.000000,861456_2022-05-22_14:30:00.000000,1
638,861456_2022-05-22_14:45:00.000000,https://spaceweather.astron.nl//SolarKSP/data/atdb_process/solar_bf_compressing/4052/861456/dynamic_spectra/LOFAR_20220522_144500_LBA_OUTER_S0.fits,2022-05-22,14:45:00.000000,861456_2022-05-22_14:45:00.000000,3
636,861456_2022-05-22_15:00:00.000000,https://spaceweather.astron.nl//SolarKSP/data/atdb_process/solar_bf_compressing/4052/861456/dynamic_spectra/LOFAR_20220522_150000_LBA_OUTER_S0.fits,2022-05-22,15:00:00.000000,861456_2022-05-22_15:00:00.000000,3
606,861456_2022-05-22_15:15:00.000000,https://spaceweather.astron.nl//SolarKSP/data/atdb_process/solar_bf_compressing/4052/861456/dynamic_spectra/LOFAR_20220522_151500_LBA_OUTER_S0.fits,2022-05-22,15:15:00.000000,861456_2022-05-22_15:15:00.000000,6
629,861456_2022-05-22_15:30:00.000000,https://spaceweather.astron.nl//SolarKSP/data/atdb_process/solar_bf_compressing/4052/861456/dynamic_spectra/LOFAR_20220522_153000_LBA_OUTER_S0.fits,2022-05-22,15:30:00.000000,861456_2022-05-22_15:30:00.000000,3
653,861456_2022-05-22_15:45:00.000000,https://spaceweather.astron.nl//SolarKSP/data/atdb_process/solar_bf_compressing/4052/861456/dynamic_spectra/LOFAR_20220522_154500_LBA_OUTER_S0.fits,2022-05-22,15:45:00.000000,861456_2022-05-22_15:45:00.000000,6
628,861456_2022-05-22_16:00:00.000000,https://spaceweather.astron.nl//SolarKSP/data/atdb_process/solar_bf_compressing/4052/861456/dynamic_spectra/LOFAR_20220522_160000_LBA_OUTER_S0.fits,2022-05-22,16:00:00.000000,861456_2022-05-22_16:00:00.000000,3
648,861456_2022-05-22_16:15:00.000000,https://spaceweather.astron.nl//SolarKSP/data/atdb_process/solar_bf_compressing/4052/861456/dynamic_spectra/LOFAR_20220522_161500_LBA_OUTER_S0.fits,2022-05-22,16:15:00.000000,861456_2022-05-22_16:15:00.000000,6
644,861456_2022-05-22_16:30:00.000000,https://spaceweather.astron.nl//SolarKSP/data/atdb_process/solar_bf_compressing/4052/861456/dynamic_spectra/LOFAR_20220522_163000_LBA_OUTER_S0.fits,2022-05-22,16:30:00.000000,861456_2022-05-22_16:30:00.000000,6
611,861456_2022-05-22_16:45:00.000000,https://spaceweather.astron.nl//SolarKSP/data/atdb_process/solar_bf_compressing/4052/861456/dynamic_spectra/LOFAR_20220522_164500_LBA_OUTER_S0.fits,2022-05-22,16:45:00.000000,861456_2022-05-22_16:45:00.000000,3
614,861456_2022-05-22_17:00:00.000000,https://spaceweather.astron.nl//SolarKSP/data/atdb_process/solar_bf_compressing/4052/861456/dynamic_spectra/LOFAR_20220522_170000_LBA_OUTER_S0.fits,2022-05-22,17:00:00.000000,861456_2022-05-22_17:00:00.000000,6
635,861456_2022-05-22_17:15:00.000000,https://spaceweather.astron.nl//SolarKSP/data/atdb_process/solar_bf_compressing/4052/861456/dynamic_spectra/LOFAR_20220522_171500_LBA_OUTER_S0.fits,2022-05-22,17:15:00.000000,861456_2022-05-22_17:15:00.000000,6
656,861456_2022-05-22_17:30:00.000000,https://spaceweather.astron.nl//SolarKSP/data/atdb_process/solar_bf_compressing/4052/861456/dynamic_spectra/LOFAR_20220522_173000_LBA_OUTER_S0.fits,2022-05-22,17:30:00.000000,861456_2022-05-22_17:30:00.000000,6
626,861456_2022-05-22_17:45:00.000000,https://spaceweather.astron.nl//SolarKSP/data/atdb_process/solar_bf_compressing/4052/861456/dynamic_spectra/LOFAR_20220522_174500_LBA_OUTER_S0.fits,2022-05-22,17:45:00.000000,861456_2022-05-22_17:45:00.000000,6
655,861456_2022-05-22_18:00:00.000000,https://spaceweather.astron.nl//SolarKSP/data/atdb_process/solar_bf_compressing/4052/861456/dynamic_spectra/LOFAR_20220522_180000_LBA_OUTER_S0.fits,2022-05-22,18:00:00.000000,861456_2022-05-22_18:00:00.000000,3
622,861456_2022-05-22_18:15:00.000000,https://spaceweather.astron.nl//SolarKSP/data/atdb_process/solar_bf_compressing/4052/861456/dynamic_spectra/LOFAR_20220522_181500_LBA_OUTER_S0.fits,2022-05-22,18:15:00.000000,861456_2022-05-22_18:15:00.000000,6
615,861456_2022-05-22_18:30:00.000000,https://spaceweather.astron.nl//SolarKSP/data/atdb_process/solar_bf_compressing/4052/861456/dynamic_spectra/LOFAR_20220522_183000_LBA_OUTER_S0.fits,2022-05-22,18:30:00.000000,861456_2022-05-22_18:30:00.000000,6
640,861456_2022-05-22_18:45:00.000000,https://spaceweather.astron.nl//SolarKSP/data/atdb_process/solar_bf_compressing/4052/861456/dynamic_spectra/LOFAR_20220522_184500_LBA_OUTER_S0.fits,2022-05-22,18:45:00.000000,861456_2022-05-22_18:45:00.000000,3
643,861456_2022-05-22_19:00:00.000000,https://spaceweather.astron.nl//SolarKSP/data/atdb_process/solar_bf_compressing/4052/861456/dynamic_spectra/LOFAR_20220522_190000_LBA_OUTER_S0.fits,2022-05-22,19:00:00.000000,861456_2022-05-22_19:00:00.000000,3
410,861452_2022-05-23_06:30:00.000000,https://spaceweather.astron.nl//SolarKSP/data/atdb_process/solar_bf_compressing/3735/861452/dynamic_spectra/LOFAR_20220523_063000_LBA_OUTER_S0.fits,2022-05-23,06:30:00.000000,861452_2022-05-23_06:30:00.000000,3
435,861452_2022-05-23_06:45:00.000000,https://spaceweather.astron.nl//SolarKSP/data/atdb_process/solar_bf_compressing/3735/861452/dynamic_spectra/LOFAR_20220523_064500_LBA_OUTER_S0.fits,2022-05-23,06:45:00.000000,861452_2022-05-23_06:45:00.000000,6
437,861452_2022-05-23_07:00:00.000000,https://spaceweather.astron.nl//SolarKSP/data/atdb_process/solar_bf_compressing/3735/861452/dynamic_spectra/LOFAR_20220523_070000_LBA_OUTER_S0.fits,2022-05-23,07:00:00.000000,861452_2022-05-23_07:00:00.000000,3
405,861452_2022-05-23_07:15:00.000000,https://spaceweather.astron.nl//SolarKSP/data/atdb_process/solar_bf_compressing/3735/861452/dynamic_spectra/LOFAR_20220523_071500_LBA_OUTER_S0.fits,2022-05-23,07:15:00.000000,861452_2022-05-23_07:15:00.000000,3
422,861452_2022-05-23_07:30:00.000000,https://spaceweather.astron.nl//SolarKSP/data/atdb_process/solar_bf_compressing/3735/861452/dynamic_spectra/LOFAR_20220523_073000_LBA_OUTER_S0.fits,2022-05-23,07:30:00.000000,861452_2022-05-23_07:30:00.000000,1
447,861452_2022-05-23_07:45:00.000000,https://spaceweather.astron.nl//SolarKSP/data/atdb_process/solar_bf_compressing/3735/861452/dynamic_spectra/LOFAR_20220523_074500_LBA_OUTER_S0.fits,2022-05-23,07:45:00.000000,861452_2022-05-23_07:45:00.000000,3
423,861452_2022-05-23_08:00:00.000000,https://spaceweather.astron.nl//SolarKSP/data/atdb_process/solar_bf_compressing/3735/861452/dynamic_spectra/LOFAR_20220523_080000_LBA_OUTER_S0.fits,2022-05-23,08:00:00.000000,861452_2022-05-23_08:00:00.000000,1
442,861452_2022-05-23_08:15:00.000000,https://spaceweather.astron.nl//SolarKSP/data/atdb_process/solar_bf_compressing/3735/861452/dynamic_spectra/LOFAR_20220523_081500_LBA_OUTER_S0.fits,2022-05-23,08:15:00.000000,861452_2022-05-23_08:15:00.000000,1
436,861452_2022-05-23_08:30:00.000000,https://spaceweather.astron.nl//SolarKSP/data/atdb_process/solar_bf_compressing/3735/861452/dynamic_spectra/LOFAR_20220523_083000_LBA_OUTER_S0.fits,2022-05-23,08:30:00.000000,861452_2022-05-23_08:30:00.000000,1
409,861452_2022-05-23_08:45:00.000000,https://spaceweather.astron.nl//SolarKSP/data/atdb_process/solar_bf_compressing/3735/861452/dynamic_spectra/LOFAR_20220523_084500_LBA_OUTER_S0.fits,2022-05-23,08:45:00.000000,861452_2022-05-23_08:45:00.000000,1
412,861452_2022-05-23_09:00:00.000000,https://spaceweather.astron.nl//SolarKSP/data/atdb_process/solar_bf_compressing/3735/861452/dynamic_spectra/LOFAR_20220523_090000_LBA_OUTER_S0.fits,2022-05-23,09:00:00.000000,861452_2022-05-23_09:00:00.000000,1
428,861452_2022-05-23_09:15:00.000000,https://spaceweather.astron.nl//SolarKSP/data/atdb_process/solar_bf_compressing/3735/861452/dynamic_spectra/LOFAR_20220523_091500_LBA_OUTER_S0.fits,2022-05-23,09:15:00.000000,861452_2022-05-23_09:15:00.000000,1
449,861452_2022-05-23_09:30:00.000000,https://spaceweather.astron.nl//SolarKSP/data/atdb_process/solar_bf_compressing/3735/861452/dynamic_spectra/LOFAR_20220523_093000_LBA_OUTER_S0.fits,2022-05-23,09:30:00.000000,861452_2022-05-23_09:30:00.000000,1
420,861452_2022-05-23_09:45:00.000000,https://spaceweather.astron.nl//SolarKSP/data/atdb_process/solar_bf_compressing/3735/861452/dynamic_spectra/LOFAR_20220523_094500_LBA_OUTER_S0.fits,2022-05-23,09:45:00.000000,861452_2022-05-23_09:45:00.000000,1
441,861452_2022-05-23_10:00:00.000000,https://spaceweather.astron.nl//SolarKSP/data/atdb_process/solar_bf_compressing/3735/861452/dynamic_spectra/LOFAR_20220523_100000_LBA_OUTER_S0.fits,2022-05-23,10:00:00.000000,861452_2022-05-23_10:00:00.000000,1
424,861452_2022-05-23_10:15:00.000000,https://spaceweather.astron.nl//SolarKSP/data/atdb_process/solar_bf_compressing/3735/861452/dynamic_spectra/LOFAR_20220523_101500_LBA_OUTER_S0.fits,2022-05-23,10:15:00.000000,861452_2022-05-23_10:15:00.000000,1
406,861452_2022-05-23_10:30:00.000000,https://spaceweather.astron.nl//SolarKSP/data/atdb_process/solar_bf_compressing/3735/861452/dynamic_spectra/LOFAR_20220523_103000_LBA_OUTER_S0.fits,2022-05-23,10:30:00.000000,861452_2022-05-23_10:30:00.000000,1
425,861452_2022-05-23_10:45:00.000000,https://spaceweather.astron.nl//SolarKSP/data/atdb_process/solar_bf_compressing/3735/861452/dynamic_spectra/LOFAR_20220523_104500_LBA_OUTER_S0.fits,2022-05-23,10:45:00.000000,861452_2022-05-23_10:45:00.000000,6
429,861452_2022-05-23_11:00:00.000000,https://spaceweather.astron.nl//SolarKSP/data/atdb_process/solar_bf_compressing/3735/861452/dynamic_spectra/LOFAR_20220523_110000_LBA_OUTER_S0.fits,2022-05-23,11:00:00.000000,861452_2022-05-23_11:00:00.000000,6
411,861452_2022-05-23_11:15:00.000000,https://spaceweather.astron.nl//SolarKSP/data/atdb_process/solar_bf_compressing/3735/861452/dynamic_spectra/LOFAR_20220523_111500_LBA_OUTER_S0.fits,2022-05-23,11:15:00.000000,861452_2022-05-23_11:15:00.000000,6
419,861452_2022-05-23_11:30:00.000000,https://spaceweather.astron.nl//SolarKSP/data/atdb_process/solar_bf_compressing/3735/861452/dynamic_spectra/LOFAR_20220523_113000_LBA_OUTER_S0.fits,2022-05-23,11:30:00.000000,861452_2022-05-23_11:30:00.000000,6
439,861452_2022-05-23_11:45:00.000000,https://spaceweather.astron.nl//SolarKSP/data/atdb_process/solar_bf_compressing/3735/861452/dynamic_spectra/LOFAR_20220523_114500_LBA_OUTER_S0.fits,2022-05-23,11:45:00.000000,861452_2022-05-23_11:45:00.000000,6
414,861452_2022-05-23_12:00:00.000000,https://spaceweather.astron.nl//SolarKSP/data/atdb_process/solar_bf_compressing/3735/861452/dynamic_spectra/LOFAR_20220523_120000_LBA_OUTER_S0.fits,2022-05-23,12:00:00.000000,861452_2022-05-23_12:00:00.000000,6
445,861452_2022-05-23_12:15:00.000000,https://spaceweather.astron.nl//SolarKSP/data/atdb_process/solar_bf_compressing/3735/861452/dynamic_spectra/LOFAR_20220523_121500_LBA_OUTER_S0.fits,2022-05-23,12:15:00.000000,861452_2022-05-23_12:15:00.000000,6
431,861452_2022-05-23_12:30:00.000000,https://spaceweather.astron.nl//SolarKSP/data/atdb_process/solar_bf_compressing/3735/861452/dynamic_spectra/LOFAR_20220523_123000_LBA_OUTER_S0.fits,2022-05-23,12:30:00.000000,861452_2022-05-23_12:30:00.000000,6
401,861452_2022-05-23_12:45:00.000000,https://spaceweather.astron.nl//SolarKSP/data/atdb_process/solar_bf_compressing/3735/861452/dynamic_spectra/LOFAR_20220523_124500_LBA_OUTER_S0.fits,2022-05-23,12:45:00.000000,861452_2022-05-23_12:45:00.000000,6
399,861452_2022-05-23_13:00:00.000000,https://spaceweather.astron.nl//SolarKSP/data/atdb_process/solar_bf_compressing/3735/861452/dynamic_spectra/LOFAR_20220523_130000_LBA_OUTER_S0.fits,2022-05-23,13:00:00.000000,861452_2022-05-23_13:00:00.000000,6
433,861452_2022-05-23_13:15:00.000000,https://spaceweather.astron.nl//SolarKSP/data/atdb_process/solar_bf_compressing/3735/861452/dynamic_spectra/LOFAR_20220523_131500_LBA_OUTER_S0.fits,2022-05-23,13:15:00.000000,861452_2022-05-23_13:15:00.000000,6
443,861452_2022-05-23_13:30:00.000000,https://spaceweather.astron.nl//SolarKSP/data/atdb_process/solar_bf_compressing/3735/861452/dynamic_spectra/LOFAR_20220523_133000_LBA_OUTER_S0.fits,2022-05-23,13:30:00.000000,861452_2022-05-23_13:30:00.000000,6
416,861452_2022-05-23_13:45:00.000000,https://spaceweather.astron.nl//SolarKSP/data/atdb_process/solar_bf_compressing/3735/861452/dynamic_spectra/LOFAR_20220523_134500_LBA_OUTER_S0.fits,2022-05-23,13:45:00.000000,861452_2022-05-23_13:45:00.000000,6
415,861452_2022-05-23_14:00:00.000000,https://spaceweather.astron.nl//SolarKSP/data/atdb_process/solar_bf_compressing/3735/861452/dynamic_spectra/LOFAR_20220523_140000_LBA_OUTER_S0.fits,2022-05-23,14:00:00.000000,861452_2022-05-23_14:00:00.000000,6
446,861452_2022-05-23_14:15:00.000000,https://spaceweather.astron.nl//SolarKSP/data/atdb_process/solar_bf_compressing/3735/861452/dynamic_spectra/LOFAR_20220523_141500_LBA_OUTER_S0.fits,2022-05-23,14:15:00.000000,861452_2022-05-23_14:15:00.000000,6
432,861452_2022-05-23_14:30:00.000000,https://spaceweather.astron.nl//SolarKSP/data/atdb_process/solar_bf_compressing/3735/861452/dynamic_spectra/LOFAR_20220523_143000_LBA_OUTER_S0.fits,2022-05-23,14:30:00.000000,861452_2022-05-23_14:30:00.000000,6
400,861452_2022-05-23_14:45:00.000000,https://spaceweather.astron.nl//SolarKSP/data/atdb_process/solar_bf_compressing/3735/861452/dynamic_spectra/LOFAR_20220523_144500_LBA_OUTER_S0.fits,2022-05-23,14:45:00.000000,861452_2022-05-23_14:45:00.000000,6
402,861452_2022-05-23_15:00:00.000000,https://spaceweather.astron.nl//SolarKSP/data/atdb_process/solar_bf_compressing/3735/861452/dynamic_spectra/LOFAR_20220523_150000_LBA_OUTER_S0.fits,2022-05-23,15:00:00.000000,861452_2022-05-23_15:00:00.000000,6
434,861452_2022-05-23_15:15:00.000000,https://spaceweather.astron.nl//SolarKSP/data/atdb_process/solar_bf_compressing/3735/861452/dynamic_spectra/LOFAR_20220523_151500_LBA_OUTER_S0.fits,2022-05-23,15:15:00.000000,861452_2022-05-23_15:15:00.000000,6
444,861452_2022-05-23_15:30:00.000000,https://spaceweather.astron.nl//SolarKSP/data/atdb_process/solar_bf_compressing/3735/861452/dynamic_spectra/LOFAR_20220523_153000_LBA_OUTER_S0.fits,2022-05-23,15:30:00.000000,861452_2022-05-23_15:30:00.000000,6
413,861452_2022-05-23_15:45:00.000000,https://spaceweather.astron.nl//SolarKSP/data/atdb_process/solar_bf_compressing/3735/861452/dynamic_spectra/LOFAR_20220523_154500_LBA_OUTER_S0.fits,2022-05-23,15:45:00.000000,861452_2022-05-23_15:45:00.000000,6
438,861452_2022-05-23_16:00:00.000000,https://spaceweather.astron.nl//SolarKSP/data/atdb_process/solar_bf_compressing/3735/861452/dynamic_spectra/LOFAR_20220523_160000_LBA_OUTER_S0.fits,2022-05-23,16:00:00.000000,861452_2022-05-23_16:00:00.000000,6
421,861452_2022-05-23_16:15:00.000000,https://spaceweather.astron.nl//SolarKSP/data/atdb_process/solar_bf_compressing/3735/861452/dynamic_spectra/LOFAR_20220523_161500_LBA_OUTER_S0.fits,2022-05-23,16:15:00.000000,861452_2022-05-23_16:15:00.000000,6
404,861452_2022-05-23_16:30:00.000000,https://spaceweather.astron.nl//SolarKSP/data/atdb_process/solar_bf_compressing/3735/861452/dynamic_spectra/LOFAR_20220523_163000_LBA_OUTER_S0.fits,2022-05-23,16:30:00.000000,861452_2022-05-23_16:30:00.000000,6
430,861452_2022-05-23_16:45:00.000000,https://spaceweather.astron.nl//SolarKSP/data/atdb_process/solar_bf_compressing/3735/861452/dynamic_spectra/LOFAR_20220523_164500_LBA_OUTER_S0.fits,2022-05-23,16:45:00.000000,861452_2022-05-23_16:45:00.000000,6
426,861452_2022-05-23_17:00:00.000000,https://spaceweather.astron.nl//SolarKSP/data/atdb_process/solar_bf_compressing/3735/861452/dynamic_spectra/LOFAR_20220523_170000_LBA_OUTER_S0.fits,2022-05-23,17:00:00.000000,861452_2022-05-23_17:00:00.000000,6
408,861452_2022-05-23_17:15:00.000000,https://spaceweather.astron.nl//SolarKSP/data/atdb_process/solar_bf_compressing/3735/861452/dynamic_spectra/LOFAR_20220523_171500_LBA_OUTER_S0.fits,2022-05-23,17:15:00.000000,861452_2022-05-23_17:15:00.000000,6
418,861452_2022-05-23_17:30:00.000000,https://spaceweather.astron.nl//SolarKSP/data/atdb_process/solar_bf_compressing/3735/861452/dynamic_spectra/LOFAR_20220523_173000_LBA_OUTER_S0.fits,2022-05-23,17:30:00.000000,861452_2022-05-23_17:30:00.000000,6
440,861452_2022-05-23_17:45:00.000000,https://spaceweather.astron.nl//SolarKSP/data/atdb_process/solar_bf_compressing/3735/861452/dynamic_spectra/LOFAR_20220523_174500_LBA_OUTER_S0.fits,2022-05-23,17:45:00.000000,861452_2022-05-23_17:45:00.000000,6
417,861452_2022-05-23_18:00:00.000000,https://spaceweather.astron.nl//SolarKSP/data/atdb_process/solar_bf_compressing/3735/861452/dynamic_spectra/LOFAR_20220523_180000_LBA_OUTER_S0.fits,2022-05-23,18:00:00.000000,861452_2022-05-23_18:00:00.000000,6
448,861452_2022-05-23_18:15:00.000000,https://spaceweather.astron.nl//SolarKSP/data/atdb_process/solar_bf_compressing/3735/861452/dynamic_spectra/LOFAR_20220523_181500_LBA_OUTER_S0.fits,2022-05-23,18:15:00.000000,861452_2022-05-23_18:15:00.000000,6
427,861452_2022-05-23_18:30:00.000000,https://spaceweather.astron.nl//SolarKSP/data/atdb_process/solar_bf_compressing/3735/861452/dynamic_spectra/LOFAR_20220523_183000_LBA_OUTER_S0.fits,2022-05-23,18:30:00.000000,861452_2022-05-23_18:30:00.000000,6
407,861452_2022-05-23_18:45:00.000000,https://spaceweather.astron.nl//SolarKSP/data/atdb_process/solar_bf_compressing/3735/861452/dynamic_spectra/LOFAR_20220523_184500_LBA_OUTER_S0.fits,2022-05-23,18:45:00.000000,861452_2022-05-23_18:45:00.000000,6
403,861452_2022-05-23_19:00:00.000000,https://spaceweather.astron.nl//SolarKSP/data/atdb_process/solar_bf_compressing/3735/861452/dynamic_spectra/LOFAR_20220523_190000_LBA_OUTER_S0.fits,2022-05-23,19:00:00.000000,861452_2022-05-23_19:00:00.000000,6
770,862114_2022-05-24_06:30:00.000000,https://spaceweather.astron.nl//SolarKSP/data/atdb_process/solar_bf_compressing/3785/862114/dynamic_spectra/LOFAR_20220524_063000_LBA_OUTER_S0.fits,2022-05-24,06:30:00.000000,862114_2022-05-24_06:30:00.000000,1
795,862114_2022-05-24_06:45:00.000000,https://spaceweather.astron.nl//SolarKSP/data/atdb_process/solar_bf_compressing/3785/862114/dynamic_spectra/LOFAR_20220524_064500_LBA_OUTER_S0.fits,2022-05-24,06:45:00.000000,862114_2022-05-24_06:45:00.000000,6
793,862114_2022-05-24_07:00:00.000000,https://spaceweather.astron.nl//SolarKSP/data/atdb_process/solar_bf_compressing/3785/862114/dynamic_spectra/LOFAR_20220524_070000_LBA_OUTER_S0.fits,2022-05-24,07:00:00.000000,862114_2022-05-24_07:00:00.000000,6
761,862114_2022-05-24_07:15:00.000000,https://spaceweather.astron.nl//SolarKSP/data/atdb_process/solar_bf_compressing/3785/862114/dynamic_spectra/LOFAR_20220524_071500_LBA_OUTER_S0.fits,2022-05-24,07:15:00.000000,862114_2022-05-24_07:15:00.000000,1
756,862114_2022-05-24_07:30:00.000000,https://spaceweather.astron.nl//SolarKSP/data/atdb_process/solar_bf_compressing/3785/862114/dynamic_spectra/LOFAR_20220524_073000_LBA_OUTER_S0.fits,2022-05-24,07:30:00.000000,862114_2022-05-24_07:30:00.000000,1
782,862114_2022-05-24_07:45:00.000000,https://spaceweather.astron.nl//SolarKSP/data/atdb_process/solar_bf_compressing/3785/862114/dynamic_spectra/LOFAR_20220524_074500_LBA_OUTER_S0.fits,2022-05-24,07:45:00.000000,862114_2022-05-24_07:45:00.000000,3
755,862114_2022-05-24_08:00:00.000000,https://spaceweather.astron.nl//SolarKSP/data/atdb_process/solar_bf_compressing/3785/862114/dynamic_spectra/LOFAR_20220524_080000_LBA_OUTER_S0.fits,2022-05-24,08:00:00.000000,862114_2022-05-24_08:00:00.000000,1
775,862114_2022-05-24_08:15:00.000000,https://spaceweather.astron.nl//SolarKSP/data/atdb_process/solar_bf_compressing/3785/862114/dynamic_spectra/LOFAR_20220524_081500_LBA_OUTER_S0.fits,2022-05-24,08:15:00.000000,862114_2022-05-24_08:15:00.000000,6
794,862114_2022-05-24_08:30:00.000000,https://spaceweather.astron.nl//SolarKSP/data/atdb_process/solar_bf_compressing/3785/862114/dynamic_spectra/LOFAR_20220524_083000_LBA_OUTER_S0.fits,2022-05-24,08:30:00.000000,862114_2022-05-24_08:30:00.000000,6
771,862114_2022-05-24_08:45:00.000000,https://spaceweather.astron.nl//SolarKSP/data/atdb_process/solar_bf_compressing/3785/862114/dynamic_spectra/LOFAR_20220524_084500_LBA_OUTER_S0.fits,2022-05-24,08:45:00.000000,862114_2022-05-24_08:45:00.000000,6
768,862114_2022-05-24_09:00:00.000000,https://spaceweather.astron.nl//SolarKSP/data/atdb_process/solar_bf_compressing/3785/862114/dynamic_spectra/LOFAR_20220524_090000_LBA_OUTER_S0.fits,2022-05-24,09:00:00.000000,862114_2022-05-24_09:00:00.000000,6
789,862114_2022-05-24_09:15:00.000000,https://spaceweather.astron.nl//SolarKSP/data/atdb_process/solar_bf_compressing/3785/862114/dynamic_spectra/LOFAR_20220524_091500_LBA_OUTER_S0.fits,2022-05-24,09:15:00.000000,862114_2022-05-24_09:15:00.000000,6
780,862114_2022-05-24_09:30:00.000000,https://spaceweather.astron.nl//SolarKSP/data/atdb_process/solar_bf_compressing/3785/862114/dynamic_spectra/LOFAR_20220524_093000_LBA_OUTER_S0.fits,2022-05-24,09:30:00.000000,862114_2022-05-24_09:30:00.000000,6
758,862114_2022-05-24_09:45:00.000000,https://spaceweather.astron.nl//SolarKSP/data/atdb_process/solar_bf_compressing/3785/862114/dynamic_spectra/LOFAR_20220524_094500_LBA_OUTER_S0.fits,2022-05-24,09:45:00.000000,862114_2022-05-24_09:45:00.000000,3
776,862114_2022-05-24_10:00:00.000000,https://spaceweather.astron.nl//SolarKSP/data/atdb_process/solar_bf_compressing/3785/862114/dynamic_spectra/LOFAR_20220524_100000_LBA_OUTER_S0.fits,2022-05-24,10:00:00.000000,862114_2022-05-24_10:00:00.000000,3
754,862114_2022-05-24_10:15:00.000000,https://spaceweather.astron.nl//SolarKSP/data/atdb_process/solar_bf_compressing/3785/862114/dynamic_spectra/LOFAR_20220524_101500_LBA_OUTER_S0.fits,2022-05-24,10:15:00.000000,862114_2022-05-24_10:15:00.000000,3
760,862114_2022-05-24_10:30:00.000000,https://spaceweather.astron.nl//SolarKSP/data/atdb_process/solar_bf_compressing/3785/862114/dynamic_spectra/LOFAR_20220524_103000_LBA_OUTER_S0.fits,2022-05-24,10:30:00.000000,862114_2022-05-24_10:30:00.000000,3
792,862114_2022-05-24_10:45:00.000000,https://spaceweather.astron.nl//SolarKSP/data/atdb_process/solar_bf_compressing/3785/862114/dynamic_spectra/LOFAR_20220524_104500_LBA_OUTER_S0.fits,2022-05-24,10:45:00.000000,862114_2022-05-24_10:45:00.000000,6
788,862114_2022-05-24_11:00:00.000000,https://spaceweather.astron.nl//SolarKSP/data/atdb_process/solar_bf_compressing/3785/862114/dynamic_spectra/LOFAR_20220524_110000_LBA_OUTER_S0.fits,2022-05-24,11:00:00.000000,862114_2022-05-24_11:00:00.000000,3
769,862114_2022-05-24_11:15:00.000000,https://spaceweather.astron.nl//SolarKSP/data/atdb_process/solar_bf_compressing/3785/862114/dynamic_spectra/LOFAR_20220524_111500_LBA_OUTER_S0.fits,2022-05-24,11:15:00.000000,862114_2022-05-24_11:15:00.000000,3
747,862114_2022-05-24_11:30:00.000000,https://spaceweather.astron.nl//SolarKSP/data/atdb_process/solar_bf_compressing/3785/862114/dynamic_spectra/LOFAR_20220524_113000_LBA_OUTER_S0.fits,2022-05-24,11:30:00.000000,862114_2022-05-24_11:30:00.000000,3
778,862114_2022-05-24_11:45:00.000000,https://spaceweather.astron.nl//SolarKSP/data/atdb_process/solar_bf_compressing/3785/862114/dynamic_spectra/LOFAR_20220524_114500_LBA_OUTER_S0.fits,2022-05-24,11:45:00.000000,862114_2022-05-24_11:45:00.000000,3
752,862114_2022-05-24_12:00:00.000000,https://spaceweather.astron.nl//SolarKSP/data/atdb_process/solar_bf_compressing/3785/862114/dynamic_spectra/LOFAR_20220524_120000_LBA_OUTER_S0.fits,2022-05-24,12:00:00.000000,862114_2022-05-24_12:00:00.000000,3
784,862114_2022-05-24_12:15:00.000000,https://spaceweather.astron.nl//SolarKSP/data/atdb_process/solar_bf_compressing/3785/862114/dynamic_spectra/LOFAR_20220524_121500_LBA_OUTER_S0.fits,2022-05-24,12:15:00.000000,862114_2022-05-24_12:15:00.000000,3
786,862114_2022-05-24_12:30:00.000000,https://spaceweather.astron.nl//SolarKSP/data/atdb_process/solar_bf_compressing/3785/862114/dynamic_spectra/LOFAR_20220524_123000_LBA_OUTER_S0.fits,2022-05-24,12:30:00.000000,862114_2022-05-24_12:30:00.000000,3
765,862114_2022-05-24_12:45:00.000000,https://spaceweather.astron.nl//SolarKSP/data/atdb_process/solar_bf_compressing/3785/862114/dynamic_spectra/LOFAR_20220524_124500_LBA_OUTER_S0.fits,2022-05-24,12:45:00.000000,862114_2022-05-24_12:45:00.000000,3
767,862114_2022-05-24_13:00:00.000000,https://spaceweather.astron.nl//SolarKSP/data/atdb_process/solar_bf_compressing/3785/862114/dynamic_spectra/LOFAR_20220524_130000_LBA_OUTER_S0.fits,2022-05-24,13:00:00.000000,862114_2022-05-24_13:00:00.000000,3
797,862114_2022-05-24_13:15:00.000000,https://spaceweather.astron.nl//SolarKSP/data/atdb_process/solar_bf_compressing/3785/862114/dynamic_spectra/LOFAR_20220524_131500_LBA_OUTER_S0.fits,2022-05-24,13:15:00.000000,862114_2022-05-24_13:15:00.000000,1
774,862114_2022-05-24_13:30:00.000000,https://spaceweather.astron.nl//SolarKSP/data/atdb_process/solar_bf_compressing/3785/862114/dynamic_spectra/LOFAR_20220524_133000_LBA_OUTER_S0.fits,2022-05-24,13:30:00.000000,862114_2022-05-24_13:30:00.000000,3
750,862114_2022-05-24_13:45:00.000000,https://spaceweather.astron.nl//SolarKSP/data/atdb_process/solar_bf_compressing/3785/862114/dynamic_spectra/LOFAR_20220524_134500_LBA_OUTER_S0.fits,2022-05-24,13:45:00.000000,862114_2022-05-24_13:45:00.000000,3
751,862114_2022-05-24_14:00:00.000000,https://spaceweather.astron.nl//SolarKSP/data/atdb_process/solar_bf_compressing/3785/862114/dynamic_spectra/LOFAR_20220524_140000_LBA_OUTER_S0.fits,2022-05-24,14:00:00.000000,862114_2022-05-24_14:00:00.000000,3
783,862114_2022-05-24_14:15:00.000000,https://spaceweather.astron.nl//SolarKSP/data/atdb_process/solar_bf_compressing/3785/862114/dynamic_spectra/LOFAR_20220524_141500_LBA_OUTER_S0.fits,2022-05-24,14:15:00.000000,862114_2022-05-24_14:15:00.000000,1
785,862114_2022-05-24_14:30:00.000000,https://spaceweather.astron.nl//SolarKSP/data/atdb_process/solar_bf_compressing/3785/862114/dynamic_spectra/LOFAR_20220524_143000_LBA_OUTER_S0.fits,2022-05-24,14:30:00.000000,862114_2022-05-24_14:30:00.000000,1
766,862114_2022-05-24_14:45:00.000000,https://spaceweather.astron.nl//SolarKSP/data/atdb_process/solar_bf_compressing/3785/862114/dynamic_spectra/LOFAR_20220524_144500_LBA_OUTER_S0.fits,2022-05-24,14:45:00.000000,862114_2022-05-24_14:45:00.000000,3
764,862114_2022-05-24_15:00:00.000000,https://spaceweather.astron.nl//SolarKSP/data/atdb_process/solar_bf_compressing/3785/862114/dynamic_spectra/LOFAR_20220524_150000_LBA_OUTER_S0.fits,2022-05-24,15:00:00.000000,862114_2022-05-24_15:00:00.000000,3
796,862114_2022-05-24_15:15:00.000000,https://spaceweather.astron.nl//SolarKSP/data/atdb_process/solar_bf_compressing/3785/862114/dynamic_spectra/LOFAR_20220524_151500_LBA_OUTER_S0.fits,2022-05-24,15:15:00.000000,862114_2022-05-24_15:15:00.000000,3
773,862114_2022-05-24_15:30:00.000000,https://spaceweather.astron.nl//SolarKSP/data/atdb_process/solar_bf_compressing/3785/862114/dynamic_spectra/LOFAR_20220524_153000_LBA_OUTER_S0.fits,2022-05-24,15:30:00.000000,862114_2022-05-24_15:30:00.000000,3
753,862114_2022-05-24_15:45:00.000000,https://spaceweather.astron.nl//SolarKSP/data/atdb_process/solar_bf_compressing/3785/862114/dynamic_spectra/LOFAR_20220524_154500_LBA_OUTER_S0.fits,2022-05-24,15:45:00.000000,862114_2022-05-24_15:45:00.000000,3
779,862114_2022-05-24_16:00:00.000000,https://spaceweather.astron.nl//SolarKSP/data/atdb_process/solar_bf_compressing/3785/862114/dynamic_spectra/LOFAR_20220524_160000_LBA_OUTER_S0.fits,2022-05-24,16:00:00.000000,862114_2022-05-24_16:00:00.000000,3
757,862114_2022-05-24_16:15:00.000000,https://spaceweather.astron.nl//SolarKSP/data/atdb_process/solar_bf_compressing/3785/862114/dynamic_spectra/LOFAR_20220524_161500_LBA_OUTER_S0.fits,2022-05-24,16:15:00.000000,862114_2022-05-24_16:15:00.000000,3
762,862114_2022-05-24_16:30:00.000000,https://spaceweather.astron.nl//SolarKSP/data/atdb_process/solar_bf_compressing/3785/862114/dynamic_spectra/LOFAR_20220524_163000_LBA_OUTER_S0.fits,2022-05-24,16:30:00.000000,862114_2022-05-24_16:30:00.000000,1
787,862114_2022-05-24_16:45:00.000000,https://spaceweather.astron.nl//SolarKSP/data/atdb_process/solar_bf_compressing/3785/862114/dynamic_spectra/LOFAR_20220524_164500_LBA_OUTER_S0.fits,2022-05-24,16:45:00.000000,862114_2022-05-24_16:45:00.000000,1
791,862114_2022-05-24_17:00:00.000000,https://spaceweather.astron.nl//SolarKSP/data/atdb_process/solar_bf_compressing/3785/862114/dynamic_spectra/LOFAR_20220524_170000_LBA_OUTER_S0.fits,2022-05-24,17:00:00.000000,862114_2022-05-24_17:00:00.000000,1
772,862114_2022-05-24_17:15:00.000000,https://spaceweather.astron.nl//SolarKSP/data/atdb_process/solar_bf_compressing/3785/862114/dynamic_spectra/LOFAR_20220524_171500_LBA_OUTER_S0.fits,2022-05-24,17:15:00.000000,862114_2022-05-24_17:15:00.000000,3
748,862114_2022-05-24_17:30:00.000000,https://spaceweather.astron.nl//SolarKSP/data/atdb_process/solar_bf_compressing/3785/862114/dynamic_spectra/LOFAR_20220524_173000_LBA_OUTER_S0.fits,2022-05-24,17:30:00.000000,862114_2022-05-24_17:30:00.000000,3
777,862114_2022-05-24_17:45:00.000000,https://spaceweather.astron.nl//SolarKSP/data/atdb_process/solar_bf_compressing/3785/862114/dynamic_spectra/LOFAR_20220524_174500_LBA_OUTER_S0.fits,2022-05-24,17:45:00.000000,862114_2022-05-24_17:45:00.000000,1
749,862114_2022-05-24_18:00:00.000000,https://spaceweather.astron.nl//SolarKSP/data/atdb_process/solar_bf_compressing/3785/862114/dynamic_spectra/LOFAR_20220524_180000_LBA_OUTER_S0.fits,2022-05-24,18:00:00.000000,862114_2022-05-24_18:00:00.000000,3
781,862114_2022-05-24_18:15:00.000000,https://spaceweather.astron.nl//SolarKSP/data/atdb_process/solar_bf_compressing/3785/862114/dynamic_spectra/LOFAR_20220524_181500_LBA_OUTER_S0.fits,2022-05-24,18:15:00.000000,862114_2022-05-24_18:15:00.000000,6
790,862114_2022-05-24_18:30:00.000000,https://spaceweather.astron.nl//SolarKSP/data/atdb_process/solar_bf_compressing/3785/862114/dynamic_spectra/LOFAR_20220524_183000_LBA_OUTER_S0.fits,2022-05-24,18:30:00.000000,862114_2022-05-24_18:30:00.000000,3
759,862114_2022-05-24_18:45:00.000000,https://spaceweather.astron.nl//SolarKSP/data/atdb_process/solar_bf_compressing/3785/862114/dynamic_spectra/LOFAR_20220524_184500_LBA_OUTER_S0.fits,2022-05-24,18:45:00.000000,862114_2022-05-24_18:45:00.000000,6
763,862114_2022-05-24_19:00:00.000000,https://spaceweather.astron.nl//SolarKSP/data/atdb_process/solar_bf_compressing/3785/862114/dynamic_spectra/LOFAR_20220524_190000_LBA_OUTER_S0.fits,2022-05-24,19:00:00.000000,862114_2022-05-24_19:00:00.000000,6
1737,862222_2022-05-25_06:30:00.000000,https://spaceweather.astron.nl//SolarKSP/data/atdb_process/solar_bf_compressing/3719/862222/dynamic_spectra/LOFAR_20220525_063000_LBA_OUTER_S0.fits,2022-05-25,06:30:00.000000,862222_2022-05-25_06:30:00.000000,6
1711,862222_2022-05-25_06:45:00.000000,https://spaceweather.astron.nl//SolarKSP/data/atdb_process/solar_bf_compressing/3719/862222/dynamic_spectra/LOFAR_20220525_064500_LBA_OUTER_S0.fits,2022-05-25,06:45:00.000000,862222_2022-05-25_06:45:00.000000,3
1709,862222_2022-05-25_07:00:00.000000,https://spaceweather.astron.nl//SolarKSP/data/atdb_process/solar_bf_compressing/3719/862222/dynamic_spectra/LOFAR_20220525_070000_LBA_OUTER_S0.fits,2022-05-25,07:00:00.000000,862222_2022-05-25_07:00:00.000000,3
1728,862222_2022-05-25_07:15:00.000000,https://spaceweather.astron.nl//SolarKSP/data/atdb_process/solar_bf_compressing/3719/862222/dynamic_spectra/LOFAR_20220525_071500_LBA_OUTER_S0.fits,2022-05-25,07:15:00.000000,862222_2022-05-25_07:15:00.000000,3
1749,862222_2022-05-25_07:30:00.000000,https://spaceweather.astron.nl//SolarKSP/data/atdb_process/solar_bf_compressing/3719/862222/dynamic_spectra/LOFAR_20220525_073000_LBA_OUTER_S0.fits,2022-05-25,07:30:00.000000,862222_2022-05-25_07:30:00.000000,3
1723,862222_2022-05-25_07:45:00.000000,https://spaceweather.astron.nl//SolarKSP/data/atdb_process/solar_bf_compressing/3719/862222/dynamic_spectra/LOFAR_20220525_074500_LBA_OUTER_S0.fits,2022-05-25,07:45:00.000000,862222_2022-05-25_07:45:00.000000,3
1747,862222_2022-05-25_08:00:00.000000,https://spaceweather.astron.nl//SolarKSP/data/atdb_process/solar_bf_compressing/3719/862222/dynamic_spectra/LOFAR_20220525_080000_LBA_OUTER_S0.fits,2022-05-25,08:00:00.000000,862222_2022-05-25_08:00:00.000000,3
1717,862222_2022-05-25_08:15:00.000000,https://spaceweather.astron.nl//SolarKSP/data/atdb_process/solar_bf_compressing/3719/862222/dynamic_spectra/LOFAR_20220525_081500_LBA_OUTER_S0.fits,2022-05-25,08:15:00.000000,862222_2022-05-25_08:15:00.000000,3
1710,862222_2022-05-25_08:30:00.000000,https://spaceweather.astron.nl//SolarKSP/data/atdb_process/solar_bf_compressing/3719/862222/dynamic_spectra/LOFAR_20220525_083000_LBA_OUTER_S0.fits,2022-05-25,08:30:00.000000,862222_2022-05-25_08:30:00.000000,3
1738,862222_2022-05-25_08:45:00.000000,https://spaceweather.astron.nl//SolarKSP/data/atdb_process/solar_bf_compressing/3719/862222/dynamic_spectra/LOFAR_20220525_084500_LBA_OUTER_S0.fits,2022-05-25,08:45:00.000000,862222_2022-05-25_08:45:00.000000,3
1736,862222_2022-05-25_09:00:00.000000,https://spaceweather.astron.nl//SolarKSP/data/atdb_process/solar_bf_compressing/3719/862222/dynamic_spectra/LOFAR_20220525_090000_LBA_OUTER_S0.fits,2022-05-25,09:00:00.000000,862222_2022-05-25_09:00:00.000000,3
1704,862222_2022-05-25_09:15:00.000000,https://spaceweather.astron.nl//SolarKSP/data/atdb_process/solar_bf_compressing/3719/862222/dynamic_spectra/LOFAR_20220525_091500_LBA_OUTER_S0.fits,2022-05-25,09:15:00.000000,862222_2022-05-25_09:15:00.000000,3
1721,862222_2022-05-25_09:30:00.000000,https://spaceweather.astron.nl//SolarKSP/data/atdb_process/solar_bf_compressing/3719/862222/dynamic_spectra/LOFAR_20220525_093000_LBA_OUTER_S0.fits,2022-05-25,09:30:00.000000,862222_2022-05-25_09:30:00.000000,3
1751,862222_2022-05-25_09:45:00.000000,https://spaceweather.astron.nl//SolarKSP/data/atdb_process/solar_bf_compressing/3719/862222/dynamic_spectra/LOFAR_20220525_094500_LBA_OUTER_S0.fits,2022-05-25,09:45:00.000000,862222_2022-05-25_09:45:00.000000,3
1716,862222_2022-05-25_10:00:00.000000,https://spaceweather.astron.nl//SolarKSP/data/atdb_process/solar_bf_compressing/3719/862222/dynamic_spectra/LOFAR_20220525_100000_LBA_OUTER_S0.fits,2022-05-25,10:00:00.000000,862222_2022-05-25_10:00:00.000000,3
1748,862222_2022-05-25_10:15:00.000000,https://spaceweather.astron.nl//SolarKSP/data/atdb_process/solar_bf_compressing/3719/862222/dynamic_spectra/LOFAR_20220525_101500_LBA_OUTER_S0.fits,2022-05-25,10:15:00.000000,862222_2022-05-25_10:15:00.000000,3
1727,862222_2022-05-25_10:30:00.000000,https://spaceweather.astron.nl//SolarKSP/data/atdb_process/solar_bf_compressing/3719/862222/dynamic_spectra/LOFAR_20220525_103000_LBA_OUTER_S0.fits,2022-05-25,10:30:00.000000,862222_2022-05-25_10:30:00.000000,3
1708,862222_2022-05-25_10:45:00.000000,https://spaceweather.astron.nl//SolarKSP/data/atdb_process/solar_bf_compressing/3719/862222/dynamic_spectra/LOFAR_20220525_104500_LBA_OUTER_S0.fits,2022-05-25,10:45:00.000000,862222_2022-05-25_10:45:00.000000,3
1705,862222_2022-05-25_11:00:00.000000,https://spaceweather.astron.nl//SolarKSP/data/atdb_process/solar_bf_compressing/3719/862222/dynamic_spectra/LOFAR_20220525_110000_LBA_OUTER_S0.fits,2022-05-25,11:00:00.000000,862222_2022-05-25_11:00:00.000000,3
1735,862222_2022-05-25_11:15:00.000000,https://spaceweather.astron.nl//SolarKSP/data/atdb_process/solar_bf_compressing/3719/862222/dynamic_spectra/LOFAR_20220525_111500_LBA_OUTER_S0.fits,2022-05-25,11:15:00.000000,862222_2022-05-25_11:15:00.000000,3
1740,862222_2022-05-25_11:30:00.000000,https://spaceweather.astron.nl//SolarKSP/data/atdb_process/solar_bf_compressing/3719/862222/dynamic_spectra/LOFAR_20220525_113000_LBA_OUTER_S0.fits,2022-05-25,11:30:00.000000,862222_2022-05-25_11:30:00.000000,3
1719,862222_2022-05-25_11:45:00.000000,https://spaceweather.astron.nl//SolarKSP/data/atdb_process/solar_bf_compressing/3719/862222/dynamic_spectra/LOFAR_20220525_114500_LBA_OUTER_S0.fits,2022-05-25,11:45:00.000000,862222_2022-05-25_11:45:00.000000,3
1745,862222_2022-05-25_12:00:00.000000,https://spaceweather.astron.nl//SolarKSP/data/atdb_process/solar_bf_compressing/3719/862222/dynamic_spectra/LOFAR_20220525_120000_LBA_OUTER_S0.fits,2022-05-25,12:00:00.000000,862222_2022-05-25_12:00:00.000000,3
1725,862222_2022-05-25_12:15:00.000000,https://spaceweather.astron.nl//SolarKSP/data/atdb_process/solar_bf_compressing/3719/862222/dynamic_spectra/LOFAR_20220525_121500_LBA_OUTER_S0.fits,2022-05-25,12:15:00.000000,862222_2022-05-25_12:15:00.000000,3
1702,862222_2022-05-25_12:30:00.000000,https://spaceweather.astron.nl//SolarKSP/data/atdb_process/solar_bf_compressing/3719/862222/dynamic_spectra/LOFAR_20220525_123000_LBA_OUTER_S0.fits,2022-05-25,12:30:00.000000,862222_2022-05-25_12:30:00.000000,3
1732,862222_2022-05-25_12:45:00.000000,https://spaceweather.astron.nl//SolarKSP/data/atdb_process/solar_bf_compressing/3719/862222/dynamic_spectra/LOFAR_20220525_124500_LBA_OUTER_S0.fits,2022-05-25,12:45:00.000000,862222_2022-05-25_12:45:00.000000,3
1734,862222_2022-05-25_13:00:00.000000,https://spaceweather.astron.nl//SolarKSP/data/atdb_process/solar_bf_compressing/3719/862222/dynamic_spectra/LOFAR_20220525_130000_LBA_OUTER_S0.fits,2022-05-25,13:00:00.000000,862222_2022-05-25_13:00:00.000000,3
1713,862222_2022-05-25_13:15:00.000000,https://spaceweather.astron.nl//SolarKSP/data/atdb_process/solar_bf_compressing/3719/862222/dynamic_spectra/LOFAR_20220525_131500_LBA_OUTER_S0.fits,2022-05-25,13:15:00.000000,862222_2022-05-25_13:15:00.000000,3
1715,862222_2022-05-25_13:30:00.000000,https://spaceweather.astron.nl//SolarKSP/data/atdb_process/solar_bf_compressing/3719/862222/dynamic_spectra/LOFAR_20220525_133000_LBA_OUTER_S0.fits,2022-05-25,13:30:00.000000,862222_2022-05-25_13:30:00.000000,1
1743,862222_2022-05-25_13:45:00.000000,https://spaceweather.astron.nl//SolarKSP/data/atdb_process/solar_bf_compressing/3719/862222/dynamic_spectra/LOFAR_20220525_134500_LBA_OUTER_S0.fits,2022-05-25,13:45:00.000000,862222_2022-05-25_13:45:00.000000,3
1744,862222_2022-05-25_14:00:00.000000,https://spaceweather.astron.nl//SolarKSP/data/atdb_process/solar_bf_compressing/3719/862222/dynamic_spectra/LOFAR_20220525_140000_LBA_OUTER_S0.fits,2022-05-25,14:00:00.000000,862222_2022-05-25_14:00:00.000000,1
1724,862222_2022-05-25_14:15:00.000000,https://spaceweather.astron.nl//SolarKSP/data/atdb_process/solar_bf_compressing/3719/862222/dynamic_spectra/LOFAR_20220525_141500_LBA_OUTER_S0.fits,2022-05-25,14:15:00.000000,862222_2022-05-25_14:15:00.000000,3
1701,862222_2022-05-25_14:30:00.000000,https://spaceweather.astron.nl//SolarKSP/data/atdb_process/solar_bf_compressing/3719/862222/dynamic_spectra/LOFAR_20220525_143000_LBA_OUTER_S0.fits,2022-05-25,14:30:00.000000,862222_2022-05-25_14:30:00.000000,3
1733,862222_2022-05-25_14:45:00.000000,https://spaceweather.astron.nl//SolarKSP/data/atdb_process/solar_bf_compressing/3719/862222/dynamic_spectra/LOFAR_20220525_144500_LBA_OUTER_S0.fits,2022-05-25,14:45:00.000000,862222_2022-05-25_14:45:00.000000,3
1731,862222_2022-05-25_15:00:00.000000,https://spaceweather.astron.nl//SolarKSP/data/atdb_process/solar_bf_compressing/3719/862222/dynamic_spectra/LOFAR_20220525_150000_LBA_OUTER_S0.fits,2022-05-25,15:00:00.000000,862222_2022-05-25_15:00:00.000000,6
1712,862222_2022-05-25_15:15:00.000000,https://spaceweather.astron.nl//SolarKSP/data/atdb_process/solar_bf_compressing/3719/862222/dynamic_spectra/LOFAR_20220525_151500_LBA_OUTER_S0.fits,2022-05-25,15:15:00.000000,862222_2022-05-25_15:15:00.000000,1
1714,862222_2022-05-25_15:30:00.000000,https://spaceweather.astron.nl//SolarKSP/data/atdb_process/solar_bf_compressing/3719/862222/dynamic_spectra/LOFAR_20220525_153000_LBA_OUTER_S0.fits,2022-05-25,15:30:00.000000,862222_2022-05-25_15:30:00.000000,3
1746,862222_2022-05-25_15:45:00.000000,https://spaceweather.astron.nl//SolarKSP/data/atdb_process/solar_bf_compressing/3719/862222/dynamic_spectra/LOFAR_20220525_154500_LBA_OUTER_S0.fits,2022-05-25,15:45:00.000000,862222_2022-05-25_15:45:00.000000,3
1720,862222_2022-05-25_16:00:00.000000,https://spaceweather.astron.nl//SolarKSP/data/atdb_process/solar_bf_compressing/3719/862222/dynamic_spectra/LOFAR_20220525_160000_LBA_OUTER_S0.fits,2022-05-25,16:00:00.000000,862222_2022-05-25_16:00:00.000000,6
1750,862222_2022-05-25_16:15:00.000000,https://spaceweather.astron.nl//SolarKSP/data/atdb_process/solar_bf_compressing/3719/862222/dynamic_spectra/LOFAR_20220525_161500_LBA_OUTER_S0.fits,2022-05-25,16:15:00.000000,862222_2022-05-25_16:15:00.000000,3
1729,862222_2022-05-25_16:30:00.000000,https://spaceweather.astron.nl//SolarKSP/data/atdb_process/solar_bf_compressing/3719/862222/dynamic_spectra/LOFAR_20220525_163000_LBA_OUTER_S0.fits,2022-05-25,16:30:00.000000,862222_2022-05-25_16:30:00.000000,1
1703,862222_2022-05-25_16:45:00.000000,https://spaceweather.astron.nl//SolarKSP/data/atdb_process/solar_bf_compressing/3719/862222/dynamic_spectra/LOFAR_20220525_164500_LBA_OUTER_S0.fits,2022-05-25,16:45:00.000000,862222_2022-05-25_16:45:00.000000,3
1707,862222_2022-05-25_17:00:00.000000,https://spaceweather.astron.nl//SolarKSP/data/atdb_process/solar_bf_compressing/3719/862222/dynamic_spectra/LOFAR_20220525_170000_LBA_OUTER_S0.fits,2022-05-25,17:00:00.000000,862222_2022-05-25_17:00:00.000000,3
1739,862222_2022-05-25_17:15:00.000000,https://spaceweather.astron.nl//SolarKSP/data/atdb_process/solar_bf_compressing/3719/862222/dynamic_spectra/LOFAR_20220525_171500_LBA_OUTER_S0.fits,2022-05-25,17:15:00.000000,862222_2022-05-25_17:15:00.000000,6
1741,862222_2022-05-25_17:30:00.000000,https://spaceweather.astron.nl//SolarKSP/data/atdb_process/solar_bf_compressing/3719/862222/dynamic_spectra/LOFAR_20220525_173000_LBA_OUTER_S0.fits,2022-05-25,17:30:00.000000,862222_2022-05-25_17:30:00.000000,3
1718,862222_2022-05-25_17:45:00.000000,https://spaceweather.astron.nl//SolarKSP/data/atdb_process/solar_bf_compressing/3719/862222/dynamic_spectra/LOFAR_20220525_174500_LBA_OUTER_S0.fits,2022-05-25,17:45:00.000000,862222_2022-05-25_17:45:00.000000,1
1742,862222_2022-05-25_18:00:00.000000,https://spaceweather.astron.nl//SolarKSP/data/atdb_process/solar_bf_compressing/3719/862222/dynamic_spectra/LOFAR_20220525_180000_LBA_OUTER_S0.fits,2022-05-25,18:00:00.000000,862222_2022-05-25_18:00:00.000000,3
1722,862222_2022-05-25_18:15:00.000000,https://spaceweather.astron.nl//SolarKSP/data/atdb_process/solar_bf_compressing/3719/862222/dynamic_spectra/LOFAR_20220525_181500_LBA_OUTER_S0.fits,2022-05-25,18:15:00.000000,862222_2022-05-25_18:15:00.000000,2
1706,862222_2022-05-25_18:30:00.000000,https://spaceweather.astron.nl//SolarKSP/data/atdb_process/solar_bf_compressing/3719/862222/dynamic_spectra/LOFAR_20220525_183000_LBA_OUTER_S0.fits,2022-05-25,18:30:00.000000,862222_2022-05-25_18:30:00.000000,1
1726,862222_2022-05-25_18:45:00.000000,https://spaceweather.astron.nl//SolarKSP/data/atdb_process/solar_bf_compressing/3719/862222/dynamic_spectra/LOFAR_20220525_184500_LBA_OUTER_S0.fits,2022-05-25,18:45:00.000000,862222_2022-05-25_18:45:00.000000,2
1730,862222_2022-05-25_19:00:00.000000,https://spaceweather.astron.nl//SolarKSP/data/atdb_process/solar_bf_compressing/3719/862222/dynamic_spectra/LOFAR_20220525_190000_LBA_OUTER_S0.fits,2022-05-25,19:00:00.000000,862222_2022-05-25_19:00:00.000000,6
1165,862344_2022-05-26_06:30:00.000000,https://spaceweather.astron.nl//SolarKSP/data/atdb_process/solar_bf_compressing/3911/862344/dynamic_spectra/LOFAR_20220526_063000_LBA_OUTER_S0.fits,2022-05-26,06:30:00.000000,862344_2022-05-26_06:30:00.000000,3
1141,862344_2022-05-26_06:45:00.000000,https://spaceweather.astron.nl//SolarKSP/data/atdb_process/solar_bf_compressing/3911/862344/dynamic_spectra/LOFAR_20220526_064500_LBA_OUTER_S0.fits,2022-05-26,06:45:00.000000,862344_2022-05-26_06:45:00.000000,3
1140,862344_2022-05-26_07:00:00.000000,https://spaceweather.astron.nl//SolarKSP/data/atdb_process/solar_bf_compressing/3911/862344/dynamic_spectra/LOFAR_20220526_070000_LBA_OUTER_S0.fits,2022-05-26,07:00:00.000000,862344_2022-05-26_07:00:00.000000,1
1156,862344_2022-05-26_07:15:00.000000,https://spaceweather.astron.nl//SolarKSP/data/atdb_process/solar_bf_compressing/3911/862344/dynamic_spectra/LOFAR_20220526_071500_LBA_OUTER_S0.fits,2022-05-26,07:15:00.000000,862344_2022-05-26_07:15:00.000000,1
1151,862344_2022-05-26_07:30:00.000000,https://spaceweather.astron.nl//SolarKSP/data/atdb_process/solar_bf_compressing/3911/862344/dynamic_spectra/LOFAR_20220526_073000_LBA_OUTER_S0.fits,2022-05-26,07:30:00.000000,862344_2022-05-26_07:30:00.000000,1
1127,862344_2022-05-26_07:45:00.000000,https://spaceweather.astron.nl//SolarKSP/data/atdb_process/solar_bf_compressing/3911/862344/dynamic_spectra/LOFAR_20220526_074500_LBA_OUTER_S0.fits,2022-05-26,07:45:00.000000,862344_2022-05-26_07:45:00.000000,3
1153,862344_2022-05-26_08:00:00.000000,https://spaceweather.astron.nl//SolarKSP/data/atdb_process/solar_bf_compressing/3911/862344/dynamic_spectra/LOFAR_20220526_080000_LBA_OUTER_S0.fits,2022-05-26,08:00:00.000000,862344_2022-05-26_08:00:00.000000,3
1122,862344_2022-05-26_08:15:00.000000,https://spaceweather.astron.nl//SolarKSP/data/atdb_process/solar_bf_compressing/3911/862344/dynamic_spectra/LOFAR_20220526_081500_LBA_OUTER_S0.fits,2022-05-26,08:15:00.000000,862344_2022-05-26_08:15:00.000000,1
1139,862344_2022-05-26_08:30:00.000000,https://spaceweather.astron.nl//SolarKSP/data/atdb_process/solar_bf_compressing/3911/862344/dynamic_spectra/LOFAR_20220526_083000_LBA_OUTER_S0.fits,2022-05-26,08:30:00.000000,862344_2022-05-26_08:30:00.000000,3
1169,862344_2022-05-26_08:45:00.000000,https://spaceweather.astron.nl//SolarKSP/data/atdb_process/solar_bf_compressing/3911/862344/dynamic_spectra/LOFAR_20220526_084500_LBA_OUTER_S0.fits,2022-05-26,08:45:00.000000,862344_2022-05-26_08:45:00.000000,3
1166,862344_2022-05-26_09:00:00.000000,https://spaceweather.astron.nl//SolarKSP/data/atdb_process/solar_bf_compressing/3911/862344/dynamic_spectra/LOFAR_20220526_090000_LBA_OUTER_S0.fits,2022-05-26,09:00:00.000000,862344_2022-05-26_09:00:00.000000,3
1134,862344_2022-05-26_09:15:00.000000,https://spaceweather.astron.nl//SolarKSP/data/atdb_process/solar_bf_compressing/3911/862344/dynamic_spectra/LOFAR_20220526_091500_LBA_OUTER_S0.fits,2022-05-26,09:15:00.000000,862344_2022-05-26_09:15:00.000000,3
1126,862344_2022-05-26_09:30:00.000000,https://spaceweather.astron.nl//SolarKSP/data/atdb_process/solar_bf_compressing/3911/862344/dynamic_spectra/LOFAR_20220526_093000_LBA_OUTER_S0.fits,2022-05-26,09:30:00.000000,862344_2022-05-26_09:30:00.000000,1
1154,862344_2022-05-26_09:45:00.000000,https://spaceweather.astron.nl//SolarKSP/data/atdb_process/solar_bf_compressing/3911/862344/dynamic_spectra/LOFAR_20220526_094500_LBA_OUTER_S0.fits,2022-05-26,09:45:00.000000,862344_2022-05-26_09:45:00.000000,3
1123,862344_2022-05-26_10:00:00.000000,https://spaceweather.astron.nl//SolarKSP/data/atdb_process/solar_bf_compressing/3911/862344/dynamic_spectra/LOFAR_20220526_100000_LBA_OUTER_S0.fits,2022-05-26,10:00:00.000000,862344_2022-05-26_10:00:00.000000,3
1152,862344_2022-05-26_10:15:00.000000,https://spaceweather.astron.nl//SolarKSP/data/atdb_process/solar_bf_compressing/3911/862344/dynamic_spectra/LOFAR_20220526_101500_LBA_OUTER_S0.fits,2022-05-26,10:15:00.000000,862344_2022-05-26_10:15:00.000000,3
1157,862344_2022-05-26_10:30:00.000000,https://spaceweather.astron.nl//SolarKSP/data/atdb_process/solar_bf_compressing/3911/862344/dynamic_spectra/LOFAR_20220526_103000_LBA_OUTER_S0.fits,2022-05-26,10:30:00.000000,862344_2022-05-26_10:30:00.000000,3
1136,862344_2022-05-26_10:45:00.000000,https://spaceweather.astron.nl//SolarKSP/data/atdb_process/solar_bf_compressing/3911/862344/dynamic_spectra/LOFAR_20220526_104500_LBA_OUTER_S0.fits,2022-05-26,10:45:00.000000,862344_2022-05-26_10:45:00.000000,3
1133,862344_2022-05-26_11:00:00.000000,https://spaceweather.astron.nl//SolarKSP/data/atdb_process/solar_bf_compressing/3911/862344/dynamic_spectra/LOFAR_20220526_110000_LBA_OUTER_S0.fits,2022-05-26,11:00:00.000000,862344_2022-05-26_11:00:00.000000,3
1167,862344_2022-05-26_11:15:00.000000,https://spaceweather.astron.nl//SolarKSP/data/atdb_process/solar_bf_compressing/3911/862344/dynamic_spectra/LOFAR_20220526_111500_LBA_OUTER_S0.fits,2022-05-26,11:15:00.000000,862344_2022-05-26_11:15:00.000000,3
1144,862344_2022-05-26_11:30:00.000000,https://spaceweather.astron.nl//SolarKSP/data/atdb_process/solar_bf_compressing/3911/862344/dynamic_spectra/LOFAR_20220526_113000_LBA_OUTER_S0.fits,2022-05-26,11:30:00.000000,862344_2022-05-26_11:30:00.000000,1
1125,862344_2022-05-26_11:45:00.000000,https://spaceweather.astron.nl//SolarKSP/data/atdb_process/solar_bf_compressing/3911/862344/dynamic_spectra/LOFAR_20220526_114500_LBA_OUTER_S0.fits,2022-05-26,11:45:00.000000,862344_2022-05-26_11:45:00.000000,1
1150,862344_2022-05-26_12:00:00.000000,https://spaceweather.astron.nl//SolarKSP/data/atdb_process/solar_bf_compressing/3911/862344/dynamic_spectra/LOFAR_20220526_120000_LBA_OUTER_S0.fits,2022-05-26,12:00:00.000000,862344_2022-05-26_12:00:00.000000,1
1130,862344_2022-05-26_12:15:00.000000,https://spaceweather.astron.nl//SolarKSP/data/atdb_process/solar_bf_compressing/3911/862344/dynamic_spectra/LOFAR_20220526_121500_LBA_OUTER_S0.fits,2022-05-26,12:15:00.000000,862344_2022-05-26_12:15:00.000000,1
1132,862344_2022-05-26_12:30:00.000000,https://spaceweather.astron.nl//SolarKSP/data/atdb_process/solar_bf_compressing/3911/862344/dynamic_spectra/LOFAR_20220526_123000_LBA_OUTER_S0.fits,2022-05-26,12:30:00.000000,862344_2022-05-26_12:30:00.000000,1
1161,862344_2022-05-26_12:45:00.000000,https://spaceweather.astron.nl//SolarKSP/data/atdb_process/solar_bf_compressing/3911/862344/dynamic_spectra/LOFAR_20220526_124500_LBA_OUTER_S0.fits,2022-05-26,12:45:00.000000,862344_2022-05-26_12:45:00.000000,3
1163,862344_2022-05-26_13:00:00.000000,https://spaceweather.astron.nl//SolarKSP/data/atdb_process/solar_bf_compressing/3911/862344/dynamic_spectra/LOFAR_20220526_130000_LBA_OUTER_S0.fits,2022-05-26,13:00:00.000000,862344_2022-05-26_13:00:00.000000,3
1143,862344_2022-05-26_13:15:00.000000,https://spaceweather.astron.nl//SolarKSP/data/atdb_process/solar_bf_compressing/3911/862344/dynamic_spectra/LOFAR_20220526_131500_LBA_OUTER_S0.fits,2022-05-26,13:15:00.000000,862344_2022-05-26_13:15:00.000000,3
1120,862344_2022-05-26_13:30:00.000000,https://spaceweather.astron.nl//SolarKSP/data/atdb_process/solar_bf_compressing/3911/862344/dynamic_spectra/LOFAR_20220526_133000_LBA_OUTER_S0.fits,2022-05-26,13:30:00.000000,862344_2022-05-26_13:30:00.000000,3
1148,862344_2022-05-26_13:45:00.000000,https://spaceweather.astron.nl//SolarKSP/data/atdb_process/solar_bf_compressing/3911/862344/dynamic_spectra/LOFAR_20220526_134500_LBA_OUTER_S0.fits,2022-05-26,13:45:00.000000,862344_2022-05-26_13:45:00.000000,1
1147,862344_2022-05-26_14:00:00.000000,https://spaceweather.astron.nl//SolarKSP/data/atdb_process/solar_bf_compressing/3911/862344/dynamic_spectra/LOFAR_20220526_140000_LBA_OUTER_S0.fits,2022-05-26,14:00:00.000000,862344_2022-05-26_14:00:00.000000,3
1129,862344_2022-05-26_14:15:00.000000,https://spaceweather.astron.nl//SolarKSP/data/atdb_process/solar_bf_compressing/3911/862344/dynamic_spectra/LOFAR_20220526_141500_LBA_OUTER_S0.fits,2022-05-26,14:15:00.000000,862344_2022-05-26_14:15:00.000000,3
1131,862344_2022-05-26_14:30:00.000000,https://spaceweather.astron.nl//SolarKSP/data/atdb_process/solar_bf_compressing/3911/862344/dynamic_spectra/LOFAR_20220526_143000_LBA_OUTER_S0.fits,2022-05-26,14:30:00.000000,862344_2022-05-26_14:30:00.000000,3
1164,862344_2022-05-26_14:45:00.000000,https://spaceweather.astron.nl//SolarKSP/data/atdb_process/solar_bf_compressing/3911/862344/dynamic_spectra/LOFAR_20220526_144500_LBA_OUTER_S0.fits,2022-05-26,14:45:00.000000,862344_2022-05-26_14:45:00.000000,3
1162,862344_2022-05-26_15:00:00.000000,https://spaceweather.astron.nl//SolarKSP/data/atdb_process/solar_bf_compressing/3911/862344/dynamic_spectra/LOFAR_20220526_150000_LBA_OUTER_S0.fits,2022-05-26,15:00:00.000000,862344_2022-05-26_15:00:00.000000,1
1142,862344_2022-05-26_15:15:00.000000,https://spaceweather.astron.nl//SolarKSP/data/atdb_process/solar_bf_compressing/3911/862344/dynamic_spectra/LOFAR_20220526_151500_LBA_OUTER_S0.fits,2022-05-26,15:15:00.000000,862344_2022-05-26_15:15:00.000000,1
1119,862344_2022-05-26_15:30:00.000000,https://spaceweather.astron.nl//SolarKSP/data/atdb_process/solar_bf_compressing/3911/862344/dynamic_spectra/LOFAR_20220526_153000_LBA_OUTER_S0.fits,2022-05-26,15:30:00.000000,862344_2022-05-26_15:30:00.000000,3
1149,862344_2022-05-26_15:45:00.000000,https://spaceweather.astron.nl//SolarKSP/data/atdb_process/solar_bf_compressing/3911/862344/dynamic_spectra/LOFAR_20220526_154500_LBA_OUTER_S0.fits,2022-05-26,15:45:00.000000,862344_2022-05-26_15:45:00.000000,1
1124,862344_2022-05-26_16:00:00.000000,https://spaceweather.astron.nl//SolarKSP/data/atdb_process/solar_bf_compressing/3911/862344/dynamic_spectra/LOFAR_20220526_160000_LBA_OUTER_S0.fits,2022-05-26,16:00:00.000000,862344_2022-05-26_16:00:00.000000,1
1155,862344_2022-05-26_16:15:00.000000,https://spaceweather.astron.nl//SolarKSP/data/atdb_process/solar_bf_compressing/3911/862344/dynamic_spectra/LOFAR_20220526_161500_LBA_OUTER_S0.fits,2022-05-26,16:15:00.000000,862344_2022-05-26_16:15:00.000000,1
1160,862344_2022-05-26_16:30:00.000000,https://spaceweather.astron.nl//SolarKSP/data/atdb_process/solar_bf_compressing/3911/862344/dynamic_spectra/LOFAR_20220526_163000_LBA_OUTER_S0.fits,2022-05-26,16:30:00.000000,862344_2022-05-26_16:30:00.000000,1
1135,862344_2022-05-26_16:45:00.000000,https://spaceweather.astron.nl//SolarKSP/data/atdb_process/solar_bf_compressing/3911/862344/dynamic_spectra/LOFAR_20220526_164500_LBA_OUTER_S0.fits,2022-05-26,16:45:00.000000,862344_2022-05-26_16:45:00.000000,3
1137,862344_2022-05-26_17:00:00.000000,https://spaceweather.astron.nl//SolarKSP/data/atdb_process/solar_bf_compressing/3911/862344/dynamic_spectra/LOFAR_20220526_170000_LBA_OUTER_S0.fits,2022-05-26,17:00:00.000000,862344_2022-05-26_17:00:00.000000,1
1168,862344_2022-05-26_17:15:00.000000,https://spaceweather.astron.nl//SolarKSP/data/atdb_process/solar_bf_compressing/3911/862344/dynamic_spectra/LOFAR_20220526_171500_LBA_OUTER_S0.fits,2022-05-26,17:15:00.000000,862344_2022-05-26_17:15:00.000000,1
1146,862344_2022-05-26_17:30:00.000000,https://spaceweather.astron.nl//SolarKSP/data/atdb_process/solar_bf_compressing/3911/862344/dynamic_spectra/LOFAR_20220526_173000_LBA_OUTER_S0.fits,2022-05-26,17:30:00.000000,862344_2022-05-26_17:30:00.000000,3
1121,862344_2022-05-26_17:45:00.000000,https://spaceweather.astron.nl//SolarKSP/data/atdb_process/solar_bf_compressing/3911/862344/dynamic_spectra/LOFAR_20220526_174500_LBA_OUTER_S0.fits,2022-05-26,17:45:00.000000,862344_2022-05-26_17:45:00.000000,6
1145,862344_2022-05-26_18:00:00.000000,https://spaceweather.astron.nl//SolarKSP/data/atdb_process/solar_bf_compressing/3911/862344/dynamic_spectra/LOFAR_20220526_180000_LBA_OUTER_S0.fits,2022-05-26,18:00:00.000000,862344_2022-05-26_18:00:00.000000,3
1128,862344_2022-05-26_18:15:00.000000,https://spaceweather.astron.nl//SolarKSP/data/atdb_process/solar_bf_compressing/3911/862344/dynamic_spectra/LOFAR_20220526_181500_LBA_OUTER_S0.fits,2022-05-26,18:15:00.000000,862344_2022-05-26_18:15:00.000000,6
1138,862344_2022-05-26_18:30:00.000000,https://spaceweather.astron.nl//SolarKSP/data/atdb_process/solar_bf_compressing/3911/862344/dynamic_spectra/LOFAR_20220526_183000_LBA_OUTER_S0.fits,2022-05-26,18:30:00.000000,862344_2022-05-26_18:30:00.000000,3
1158,862344_2022-05-26_18:45:00.000000,https://spaceweather.astron.nl//SolarKSP/data/atdb_process/solar_bf_compressing/3911/862344/dynamic_spectra/LOFAR_20220526_184500_LBA_OUTER_S0.fits,2022-05-26,18:45:00.000000,862344_2022-05-26_18:45:00.000000,6
1159,862344_2022-05-26_19:00:00.000000,https://spaceweather.astron.nl//SolarKSP/data/atdb_process/solar_bf_compressing/3911/862344/dynamic_spectra/LOFAR_20220526_190000_LBA_OUTER_S0.fits,2022-05-26,19:00:00.000000,862344_2022-05-26_19:00:00.000000,3
1031,862356_2022-05-27_06:30:00.000000,https://spaceweather.astron.nl//SolarKSP/data/atdb_process/solar_bf_compressing/3961/862356/dynamic_spectra/LOFAR_20220527_063000_LBA_OUTER_S0.fits,2022-05-27,06:30:00.000000,862356_2022-05-27_06:30:00.000000,1
1057,862356_2022-05-27_06:45:00.000000,https://spaceweather.astron.nl//SolarKSP/data/atdb_process/solar_bf_compressing/3961/862356/dynamic_spectra/LOFAR_20220527_064500_LBA_OUTER_S0.fits,2022-05-27,06:45:00.000000,862356_2022-05-27_06:45:00.000000,6
1055,862356_2022-05-27_07:00:00.000000,https://spaceweather.astron.nl//SolarKSP/data/atdb_process/solar_bf_compressing/3961/862356/dynamic_spectra/LOFAR_20220527_070000_LBA_OUTER_S0.fits,2022-05-27,07:00:00.000000,862356_2022-05-27_07:00:00.000000,6
1036,862356_2022-05-27_07:15:00.000000,https://spaceweather.astron.nl//SolarKSP/data/atdb_process/solar_bf_compressing/3961/862356/dynamic_spectra/LOFAR_20220527_071500_LBA_OUTER_S0.fits,2022-05-27,07:15:00.000000,862356_2022-05-27_07:15:00.000000,1
1019,862356_2022-05-27_07:30:00.000000,https://spaceweather.astron.nl//SolarKSP/data/atdb_process/solar_bf_compressing/3961/862356/dynamic_spectra/LOFAR_20220527_073000_LBA_OUTER_S0.fits,2022-05-27,07:30:00.000000,862356_2022-05-27_07:30:00.000000,3
1045,862356_2022-05-27_07:45:00.000000,https://spaceweather.astron.nl//SolarKSP/data/atdb_process/solar_bf_compressing/3961/862356/dynamic_spectra/LOFAR_20220527_074500_LBA_OUTER_S0.fits,2022-05-27,07:45:00.000000,862356_2022-05-27_07:45:00.000000,3
1017,862356_2022-05-27_08:00:00.000000,https://spaceweather.astron.nl//SolarKSP/data/atdb_process/solar_bf_compressing/3961/862356/dynamic_spectra/LOFAR_20220527_080000_LBA_OUTER_S0.fits,2022-05-27,08:00:00.000000,862356_2022-05-27_08:00:00.000000,3
1051,862356_2022-05-27_08:15:00.000000,https://spaceweather.astron.nl//SolarKSP/data/atdb_process/solar_bf_compressing/3961/862356/dynamic_spectra/LOFAR_20220527_081500_LBA_OUTER_S0.fits,2022-05-27,08:15:00.000000,862356_2022-05-27_08:15:00.000000,1
1056,862356_2022-05-27_08:30:00.000000,https://spaceweather.astron.nl//SolarKSP/data/atdb_process/solar_bf_compressing/3961/862356/dynamic_spectra/LOFAR_20220527_083000_LBA_OUTER_S0.fits,2022-05-27,08:30:00.000000,862356_2022-05-27_08:30:00.000000,3
1032,862356_2022-05-27_08:45:00.000000,https://spaceweather.astron.nl//SolarKSP/data/atdb_process/solar_bf_compressing/3961/862356/dynamic_spectra/LOFAR_20220527_084500_LBA_OUTER_S0.fits,2022-05-27,08:45:00.000000,862356_2022-05-27_08:45:00.000000,3
1030,862356_2022-05-27_09:00:00.000000,https://spaceweather.astron.nl//SolarKSP/data/atdb_process/solar_bf_compressing/3961/862356/dynamic_spectra/LOFAR_20220527_090000_LBA_OUTER_S0.fits,2022-05-27,09:00:00.000000,862356_2022-05-27_09:00:00.000000,3
1063,862356_2022-05-27_09:15:00.000000,https://spaceweather.astron.nl//SolarKSP/data/atdb_process/solar_bf_compressing/3961/862356/dynamic_spectra/LOFAR_20220527_091500_LBA_OUTER_S0.fits,2022-05-27,09:15:00.000000,862356_2022-05-27_09:15:00.000000,3
1043,862356_2022-05-27_09:30:00.000000,https://spaceweather.astron.nl//SolarKSP/data/atdb_process/solar_bf_compressing/3961/862356/dynamic_spectra/LOFAR_20220527_093000_LBA_OUTER_S0.fits,2022-05-27,09:30:00.000000,862356_2022-05-27_09:30:00.000000,3
1021,862356_2022-05-27_09:45:00.000000,https://spaceweather.astron.nl//SolarKSP/data/atdb_process/solar_bf_compressing/3961/862356/dynamic_spectra/LOFAR_20220527_094500_LBA_OUTER_S0.fits,2022-05-27,09:45:00.000000,862356_2022-05-27_09:45:00.000000,3
1050,862356_2022-05-27_10:00:00.000000,https://spaceweather.astron.nl//SolarKSP/data/atdb_process/solar_bf_compressing/3961/862356/dynamic_spectra/LOFAR_20220527_100000_LBA_OUTER_S0.fits,2022-05-27,10:00:00.000000,862356_2022-05-27_10:00:00.000000,3
1018,862356_2022-05-27_10:15:00.000000,https://spaceweather.astron.nl//SolarKSP/data/atdb_process/solar_bf_compressing/3961/862356/dynamic_spectra/LOFAR_20220527_101500_LBA_OUTER_S0.fits,2022-05-27,10:15:00.000000,862356_2022-05-27_10:15:00.000000,3
1035,862356_2022-05-27_10:30:00.000000,https://spaceweather.astron.nl//SolarKSP/data/atdb_process/solar_bf_compressing/3961/862356/dynamic_spectra/LOFAR_20220527_103000_LBA_OUTER_S0.fits,2022-05-27,10:30:00.000000,862356_2022-05-27_10:30:00.000000,3
1067,862356_2022-05-27_10:45:00.000000,https://spaceweather.astron.nl//SolarKSP/data/atdb_process/solar_bf_compressing/3961/862356/dynamic_spectra/LOFAR_20220527_104500_LBA_OUTER_S0.fits,2022-05-27,10:45:00.000000,862356_2022-05-27_10:45:00.000000,3
1064,862356_2022-05-27_11:00:00.000000,https://spaceweather.astron.nl//SolarKSP/data/atdb_process/solar_bf_compressing/3961/862356/dynamic_spectra/LOFAR_20220527_110000_LBA_OUTER_S0.fits,2022-05-27,11:00:00.000000,862356_2022-05-27_11:00:00.000000,3
1029,862356_2022-05-27_11:15:00.000000,https://spaceweather.astron.nl//SolarKSP/data/atdb_process/solar_bf_compressing/3961/862356/dynamic_spectra/LOFAR_20220527_111500_LBA_OUTER_S0.fits,2022-05-27,11:15:00.000000,862356_2022-05-27_11:15:00.000000,3
1022,862356_2022-05-27_11:30:00.000000,https://spaceweather.astron.nl//SolarKSP/data/atdb_process/solar_bf_compressing/3961/862356/dynamic_spectra/LOFAR_20220527_113000_LBA_OUTER_S0.fits,2022-05-27,11:30:00.000000,862356_2022-05-27_11:30:00.000000,3
1053,862356_2022-05-27_11:45:00.000000,https://spaceweather.astron.nl//SolarKSP/data/atdb_process/solar_bf_compressing/3961/862356/dynamic_spectra/LOFAR_20220527_114500_LBA_OUTER_S0.fits,2022-05-27,11:45:00.000000,862356_2022-05-27_11:45:00.000000,1
1027,862356_2022-05-27_12:00:00.000000,https://spaceweather.astron.nl//SolarKSP/data/atdb_process/solar_bf_compressing/3961/862356/dynamic_spectra/LOFAR_20220527_120000_LBA_OUTER_S0.fits,2022-05-27,12:00:00.000000,862356_2022-05-27_12:00:00.000000,3
1047,862356_2022-05-27_12:15:00.000000,https://spaceweather.astron.nl//SolarKSP/data/atdb_process/solar_bf_compressing/3961/862356/dynamic_spectra/LOFAR_20220527_121500_LBA_OUTER_S0.fits,2022-05-27,12:15:00.000000,862356_2022-05-27_12:15:00.000000,3
1061,862356_2022-05-27_12:30:00.000000,https://spaceweather.astron.nl//SolarKSP/data/atdb_process/solar_bf_compressing/3961/862356/dynamic_spectra/LOFAR_20220527_123000_LBA_OUTER_S0.fits,2022-05-27,12:30:00.000000,862356_2022-05-27_12:30:00.000000,3
1040,862356_2022-05-27_12:45:00.000000,https://spaceweather.astron.nl//SolarKSP/data/atdb_process/solar_bf_compressing/3961/862356/dynamic_spectra/LOFAR_20220527_124500_LBA_OUTER_S0.fits,2022-05-27,12:45:00.000000,862356_2022-05-27_12:45:00.000000,3
1042,862356_2022-05-27_13:00:00.000000,https://spaceweather.astron.nl//SolarKSP/data/atdb_process/solar_bf_compressing/3961/862356/dynamic_spectra/LOFAR_20220527_130000_LBA_OUTER_S0.fits,2022-05-27,13:00:00.000000,862356_2022-05-27_13:00:00.000000,1
1059,862356_2022-05-27_13:15:00.000000,https://spaceweather.astron.nl//SolarKSP/data/atdb_process/solar_bf_compressing/3961/862356/dynamic_spectra/LOFAR_20220527_131500_LBA_OUTER_S0.fits,2022-05-27,13:15:00.000000,862356_2022-05-27_13:15:00.000000,3
1049,862356_2022-05-27_13:30:00.000000,https://spaceweather.astron.nl//SolarKSP/data/atdb_process/solar_bf_compressing/3961/862356/dynamic_spectra/LOFAR_20220527_133000_LBA_OUTER_S0.fits,2022-05-27,13:30:00.000000,862356_2022-05-27_13:30:00.000000,3
1025,862356_2022-05-27_13:45:00.000000,https://spaceweather.astron.nl//SolarKSP/data/atdb_process/solar_bf_compressing/3961/862356/dynamic_spectra/LOFAR_20220527_134500_LBA_OUTER_S0.fits,2022-05-27,13:45:00.000000,862356_2022-05-27_13:45:00.000000,3
1026,862356_2022-05-27_14:00:00.000000,https://spaceweather.astron.nl//SolarKSP/data/atdb_process/solar_bf_compressing/3961/862356/dynamic_spectra/LOFAR_20220527_140000_LBA_OUTER_S0.fits,2022-05-27,14:00:00.000000,862356_2022-05-27_14:00:00.000000,3
1046,862356_2022-05-27_14:15:00.000000,https://spaceweather.astron.nl//SolarKSP/data/atdb_process/solar_bf_compressing/3961/862356/dynamic_spectra/LOFAR_20220527_141500_LBA_OUTER_S0.fits,2022-05-27,14:15:00.000000,862356_2022-05-27_14:15:00.000000,3
1060,862356_2022-05-27_14:30:00.000000,https://spaceweather.astron.nl//SolarKSP/data/atdb_process/solar_bf_compressing/3961/862356/dynamic_spectra/LOFAR_20220527_143000_LBA_OUTER_S0.fits,2022-05-27,14:30:00.000000,862356_2022-05-27_14:30:00.000000,3
1041,862356_2022-05-27_14:45:00.000000,https://spaceweather.astron.nl//SolarKSP/data/atdb_process/solar_bf_compressing/3961/862356/dynamic_spectra/LOFAR_20220527_144500_LBA_OUTER_S0.fits,2022-05-27,14:45:00.000000,862356_2022-05-27_14:45:00.000000,6
1039,862356_2022-05-27_15:00:00.000000,https://spaceweather.astron.nl//SolarKSP/data/atdb_process/solar_bf_compressing/3961/862356/dynamic_spectra/LOFAR_20220527_150000_LBA_OUTER_S0.fits,2022-05-27,15:00:00.000000,862356_2022-05-27_15:00:00.000000,3
1058,862356_2022-05-27_15:15:00.000000,https://spaceweather.astron.nl//SolarKSP/data/atdb_process/solar_bf_compressing/3961/862356/dynamic_spectra/LOFAR_20220527_151500_LBA_OUTER_S0.fits,2022-05-27,15:15:00.000000,862356_2022-05-27_15:15:00.000000,3
1048,862356_2022-05-27_15:30:00.000000,https://spaceweather.astron.nl//SolarKSP/data/atdb_process/solar_bf_compressing/3961/862356/dynamic_spectra/LOFAR_20220527_153000_LBA_OUTER_S0.fits,2022-05-27,15:30:00.000000,862356_2022-05-27_15:30:00.000000,1
1028,862356_2022-05-27_15:45:00.000000,https://spaceweather.astron.nl//SolarKSP/data/atdb_process/solar_bf_compressing/3961/862356/dynamic_spectra/LOFAR_20220527_154500_LBA_OUTER_S0.fits,2022-05-27,15:45:00.000000,862356_2022-05-27_15:45:00.000000,3
1054,862356_2022-05-27_16:00:00.000000,https://spaceweather.astron.nl//SolarKSP/data/atdb_process/solar_bf_compressing/3961/862356/dynamic_spectra/LOFAR_20220527_160000_LBA_OUTER_S0.fits,2022-05-27,16:00:00.000000,862356_2022-05-27_16:00:00.000000,3
1020,862356_2022-05-27_16:15:00.000000,https://spaceweather.astron.nl//SolarKSP/data/atdb_process/solar_bf_compressing/3961/862356/dynamic_spectra/LOFAR_20220527_161500_LBA_OUTER_S0.fits,2022-05-27,16:15:00.000000,862356_2022-05-27_16:15:00.000000,3
1037,862356_2022-05-27_16:30:00.000000,https://spaceweather.astron.nl//SolarKSP/data/atdb_process/solar_bf_compressing/3961/862356/dynamic_spectra/LOFAR_20220527_163000_LBA_OUTER_S0.fits,2022-05-27,16:30:00.000000,862356_2022-05-27_16:30:00.000000,3
1062,862356_2022-05-27_16:45:00.000000,https://spaceweather.astron.nl//SolarKSP/data/atdb_process/solar_bf_compressing/3961/862356/dynamic_spectra/LOFAR_20220527_164500_LBA_OUTER_S0.fits,2022-05-27,16:45:00.000000,862356_2022-05-27_16:45:00.000000,3
1066,862356_2022-05-27_17:00:00.000000,https://spaceweather.astron.nl//SolarKSP/data/atdb_process/solar_bf_compressing/3961/862356/dynamic_spectra/LOFAR_20220527_170000_LBA_OUTER_S0.fits,2022-05-27,17:00:00.000000,862356_2022-05-27_17:00:00.000000,1
1033,862356_2022-05-27_17:15:00.000000,https://spaceweather.astron.nl//SolarKSP/data/atdb_process/solar_bf_compressing/3961/862356/dynamic_spectra/LOFAR_20220527_171500_LBA_OUTER_S0.fits,2022-05-27,17:15:00.000000,862356_2022-05-27_17:15:00.000000,1
1023,862356_2022-05-27_17:30:00.000000,https://spaceweather.astron.nl//SolarKSP/data/atdb_process/solar_bf_compressing/3961/862356/dynamic_spectra/LOFAR_20220527_173000_LBA_OUTER_S0.fits,2022-05-27,17:30:00.000000,862356_2022-05-27_17:30:00.000000,3
1052,862356_2022-05-27_17:45:00.000000,https://spaceweather.astron.nl//SolarKSP/data/atdb_process/solar_bf_compressing/3961/862356/dynamic_spectra/LOFAR_20220527_174500_LBA_OUTER_S0.fits,2022-05-27,17:45:00.000000,862356_2022-05-27_17:45:00.000000,3
1024,862356_2022-05-27_18:00:00.000000,https://spaceweather.astron.nl//SolarKSP/data/atdb_process/solar_bf_compressing/3961/862356/dynamic_spectra/LOFAR_20220527_180000_LBA_OUTER_S0.fits,2022-05-27,18:00:00.000000,862356_2022-05-27_18:00:00.000000,3
1044,862356_2022-05-27_18:15:00.000000,https://spaceweather.astron.nl//SolarKSP/data/atdb_process/solar_bf_compressing/3961/862356/dynamic_spectra/LOFAR_20220527_181500_LBA_OUTER_S0.fits,2022-05-27,18:15:00.000000,862356_2022-05-27_18:15:00.000000,3
1065,862356_2022-05-27_18:30:00.000000,https://spaceweather.astron.nl//SolarKSP/data/atdb_process/solar_bf_compressing/3961/862356/dynamic_spectra/LOFAR_20220527_183000_LBA_OUTER_S0.fits,2022-05-27,18:30:00.000000,862356_2022-05-27_18:30:00.000000,3
1034,862356_2022-05-27_18:45:00.000000,https://spaceweather.astron.nl//SolarKSP/data/atdb_process/solar_bf_compressing/3961/862356/dynamic_spectra/LOFAR_20220527_184500_LBA_OUTER_S0.fits,2022-05-27,18:45:00.000000,862356_2022-05-27_18:45:00.000000,3
1038,862356_2022-05-27_19:00:00.000000,https://spaceweather.astron.nl//SolarKSP/data/atdb_process/solar_bf_compressing/3961/862356/dynamic_spectra/LOFAR_20220527_190000_LBA_OUTER_S0.fits,2022-05-27,19:00:00.000000,862356_2022-05-27_19:00:00.000000,3
1070,862352_2022-05-28_06:30:00.000000,https://spaceweather.astron.nl//SolarKSP/data/atdb_process/solar_bf_compressing/3722/862352/dynamic_spectra/LOFAR_20220528_063000_LBA_OUTER_S0.fits,2022-05-28,06:30:00.000000,862352_2022-05-28_06:30:00.000000,1
1094,862352_2022-05-28_06:45:00.000000,https://spaceweather.astron.nl//SolarKSP/data/atdb_process/solar_bf_compressing/3722/862352/dynamic_spectra/LOFAR_20220528_064500_LBA_OUTER_S0.fits,2022-05-28,06:45:00.000000,862352_2022-05-28_06:45:00.000000,1
1096,862352_2022-05-28_07:00:00.000000,https://spaceweather.astron.nl//SolarKSP/data/atdb_process/solar_bf_compressing/3722/862352/dynamic_spectra/LOFAR_20220528_070000_LBA_OUTER_S0.fits,2022-05-28,07:00:00.000000,862352_2022-05-28_07:00:00.000000,1
1076,862352_2022-05-28_07:15:00.000000,https://spaceweather.astron.nl//SolarKSP/data/atdb_process/solar_bf_compressing/3722/862352/dynamic_spectra/LOFAR_20220528_071500_LBA_OUTER_S0.fits,2022-05-28,07:15:00.000000,862352_2022-05-28_07:15:00.000000,1
1084,862352_2022-05-28_07:30:00.000000,https://spaceweather.astron.nl//SolarKSP/data/atdb_process/solar_bf_compressing/3722/862352/dynamic_spectra/LOFAR_20220528_073000_LBA_OUTER_S0.fits,2022-05-28,07:30:00.000000,862352_2022-05-28_07:30:00.000000,1
1108,862352_2022-05-28_07:45:00.000000,https://spaceweather.astron.nl//SolarKSP/data/atdb_process/solar_bf_compressing/3722/862352/dynamic_spectra/LOFAR_20220528_074500_LBA_OUTER_S0.fits,2022-05-28,07:45:00.000000,862352_2022-05-28_07:45:00.000000,3
1085,862352_2022-05-28_08:00:00.000000,https://spaceweather.astron.nl//SolarKSP/data/atdb_process/solar_bf_compressing/3722/862352/dynamic_spectra/LOFAR_20220528_080000_LBA_OUTER_S0.fits,2022-05-28,08:00:00.000000,862352_2022-05-28_08:00:00.000000,1
1117,862352_2022-05-28_08:15:00.000000,https://spaceweather.astron.nl//SolarKSP/data/atdb_process/solar_bf_compressing/3722/862352/dynamic_spectra/LOFAR_20220528_081500_LBA_OUTER_S0.fits,2022-05-28,08:15:00.000000,862352_2022-05-28_08:15:00.000000,1
1095,862352_2022-05-28_08:30:00.000000,https://spaceweather.astron.nl//SolarKSP/data/atdb_process/solar_bf_compressing/3722/862352/dynamic_spectra/LOFAR_20220528_083000_LBA_OUTER_S0.fits,2022-05-28,08:30:00.000000,862352_2022-05-28_08:30:00.000000,3
1068,862352_2022-05-28_08:45:00.000000,https://spaceweather.astron.nl//SolarKSP/data/atdb_process/solar_bf_compressing/3722/862352/dynamic_spectra/LOFAR_20220528_084500_LBA_OUTER_S0.fits,2022-05-28,08:45:00.000000,862352_2022-05-28_08:45:00.000000,1
1072,862352_2022-05-28_09:00:00.000000,https://spaceweather.astron.nl//SolarKSP/data/atdb_process/solar_bf_compressing/3722/862352/dynamic_spectra/LOFAR_20220528_090000_LBA_OUTER_S0.fits,2022-05-28,09:00:00.000000,862352_2022-05-28_09:00:00.000000,1
1105,862352_2022-05-28_09:15:00.000000,https://spaceweather.astron.nl//SolarKSP/data/atdb_process/solar_bf_compressing/3722/862352/dynamic_spectra/LOFAR_20220528_091500_LBA_OUTER_S0.fits,2022-05-28,09:15:00.000000,862352_2022-05-28_09:15:00.000000,1
1109,862352_2022-05-28_09:30:00.000000,https://spaceweather.astron.nl//SolarKSP/data/atdb_process/solar_bf_compressing/3722/862352/dynamic_spectra/LOFAR_20220528_093000_LBA_OUTER_S0.fits,2022-05-28,09:30:00.000000,862352_2022-05-28_09:30:00.000000,3
1083,862352_2022-05-28_09:45:00.000000,https://spaceweather.astron.nl//SolarKSP/data/atdb_process/solar_bf_compressing/3722/862352/dynamic_spectra/LOFAR_20220528_094500_LBA_OUTER_S0.fits,2022-05-28,09:45:00.000000,862352_2022-05-28_09:45:00.000000,3
1116,862352_2022-05-28_10:00:00.000000,https://spaceweather.astron.nl//SolarKSP/data/atdb_process/solar_bf_compressing/3722/862352/dynamic_spectra/LOFAR_20220528_100000_LBA_OUTER_S0.fits,2022-05-28,10:00:00.000000,862352_2022-05-28_10:00:00.000000,3
1086,862352_2022-05-28_10:15:00.000000,https://spaceweather.astron.nl//SolarKSP/data/atdb_process/solar_bf_compressing/3722/862352/dynamic_spectra/LOFAR_20220528_101500_LBA_OUTER_S0.fits,2022-05-28,10:15:00.000000,862352_2022-05-28_10:15:00.000000,1
1077,862352_2022-05-28_10:30:00.000000,https://spaceweather.astron.nl//SolarKSP/data/atdb_process/solar_bf_compressing/3722/862352/dynamic_spectra/LOFAR_20220528_103000_LBA_OUTER_S0.fits,2022-05-28,10:30:00.000000,862352_2022-05-28_10:30:00.000000,3
1103,862352_2022-05-28_10:45:00.000000,https://spaceweather.astron.nl//SolarKSP/data/atdb_process/solar_bf_compressing/3722/862352/dynamic_spectra/LOFAR_20220528_104500_LBA_OUTER_S0.fits,2022-05-28,10:45:00.000000,862352_2022-05-28_10:45:00.000000,1
1106,862352_2022-05-28_11:00:00.000000,https://spaceweather.astron.nl//SolarKSP/data/atdb_process/solar_bf_compressing/3722/862352/dynamic_spectra/LOFAR_20220528_110000_LBA_OUTER_S0.fits,2022-05-28,11:00:00.000000,862352_2022-05-28_11:00:00.000000,3
1071,862352_2022-05-28_11:15:00.000000,https://spaceweather.astron.nl//SolarKSP/data/atdb_process/solar_bf_compressing/3722/862352/dynamic_spectra/LOFAR_20220528_111500_LBA_OUTER_S0.fits,2022-05-28,11:15:00.000000,862352_2022-05-28_11:15:00.000000,1
1089,862352_2022-05-28_11:30:00.000000,https://spaceweather.astron.nl//SolarKSP/data/atdb_process/solar_bf_compressing/3722/862352/dynamic_spectra/LOFAR_20220528_113000_LBA_OUTER_S0.fits,2022-05-28,11:30:00.000000,862352_2022-05-28_11:30:00.000000,1
1114,862352_2022-05-28_11:45:00.000000,https://spaceweather.astron.nl//SolarKSP/data/atdb_process/solar_bf_compressing/3722/862352/dynamic_spectra/LOFAR_20220528_114500_LBA_OUTER_S0.fits,2022-05-28,11:45:00.000000,862352_2022-05-28_11:45:00.000000,3
1090,862352_2022-05-28_12:00:00.000000,https://spaceweather.astron.nl//SolarKSP/data/atdb_process/solar_bf_compressing/3722/862352/dynamic_spectra/LOFAR_20220528_120000_LBA_OUTER_S0.fits,2022-05-28,12:00:00.000000,862352_2022-05-28_12:00:00.000000,3
1110,862352_2022-05-28_12:15:00.000000,https://spaceweather.astron.nl//SolarKSP/data/atdb_process/solar_bf_compressing/3722/862352/dynamic_spectra/LOFAR_20220528_121500_LBA_OUTER_S0.fits,2022-05-28,12:15:00.000000,862352_2022-05-28_12:15:00.000000,3
1099,862352_2022-05-28_12:30:00.000000,https://spaceweather.astron.nl//SolarKSP/data/atdb_process/solar_bf_compressing/3722/862352/dynamic_spectra/LOFAR_20220528_123000_LBA_OUTER_S0.fits,2022-05-28,12:30:00.000000,862352_2022-05-28_12:30:00.000000,1
1081,862352_2022-05-28_12:45:00.000000,https://spaceweather.astron.nl//SolarKSP/data/atdb_process/solar_bf_compressing/3722/862352/dynamic_spectra/LOFAR_20220528_124500_LBA_OUTER_S0.fits,2022-05-28,12:45:00.000000,862352_2022-05-28_12:45:00.000000,1
1079,862352_2022-05-28_13:00:00.000000,https://spaceweather.astron.nl//SolarKSP/data/atdb_process/solar_bf_compressing/3722/862352/dynamic_spectra/LOFAR_20220528_130000_LBA_OUTER_S0.fits,2022-05-28,13:00:00.000000,862352_2022-05-28_13:00:00.000000,3
1097,862352_2022-05-28_13:15:00.000000,https://spaceweather.astron.nl//SolarKSP/data/atdb_process/solar_bf_compressing/3722/862352/dynamic_spectra/LOFAR_20220528_131500_LBA_OUTER_S0.fits,2022-05-28,13:15:00.000000,862352_2022-05-28_13:15:00.000000,1
1112,862352_2022-05-28_13:30:00.000000,https://spaceweather.astron.nl//SolarKSP/data/atdb_process/solar_bf_compressing/3722/862352/dynamic_spectra/LOFAR_20220528_133000_LBA_OUTER_S0.fits,2022-05-28,13:30:00.000000,862352_2022-05-28_13:30:00.000000,3
1092,862352_2022-05-28_13:45:00.000000,https://spaceweather.astron.nl//SolarKSP/data/atdb_process/solar_bf_compressing/3722/862352/dynamic_spectra/LOFAR_20220528_134500_LBA_OUTER_S0.fits,2022-05-28,13:45:00.000000,862352_2022-05-28_13:45:00.000000,3
1093,862352_2022-05-28_14:00:00.000000,https://spaceweather.astron.nl//SolarKSP/data/atdb_process/solar_bf_compressing/3722/862352/dynamic_spectra/LOFAR_20220528_140000_LBA_OUTER_S0.fits,2022-05-28,14:00:00.000000,862352_2022-05-28_14:00:00.000000,3
1111,862352_2022-05-28_14:15:00.000000,https://spaceweather.astron.nl//SolarKSP/data/atdb_process/solar_bf_compressing/3722/862352/dynamic_spectra/LOFAR_20220528_141500_LBA_OUTER_S0.fits,2022-05-28,14:15:00.000000,862352_2022-05-28_14:15:00.000000,3
1100,862352_2022-05-28_14:30:00.000000,https://spaceweather.astron.nl//SolarKSP/data/atdb_process/solar_bf_compressing/3722/862352/dynamic_spectra/LOFAR_20220528_143000_LBA_OUTER_S0.fits,2022-05-28,14:30:00.000000,862352_2022-05-28_14:30:00.000000,1
1078,862352_2022-05-28_14:45:00.000000,https://spaceweather.astron.nl//SolarKSP/data/atdb_process/solar_bf_compressing/3722/862352/dynamic_spectra/LOFAR_20220528_144500_LBA_OUTER_S0.fits,2022-05-28,14:45:00.000000,862352_2022-05-28_14:45:00.000000,3
1080,862352_2022-05-28_15:00:00.000000,https://spaceweather.astron.nl//SolarKSP/data/atdb_process/solar_bf_compressing/3722/862352/dynamic_spectra/LOFAR_20220528_150000_LBA_OUTER_S0.fits,2022-05-28,15:00:00.000000,862352_2022-05-28_15:00:00.000000,1
1098,862352_2022-05-28_15:15:00.000000,https://spaceweather.astron.nl//SolarKSP/data/atdb_process/solar_bf_compressing/3722/862352/dynamic_spectra/LOFAR_20220528_151500_LBA_OUTER_S0.fits,2022-05-28,15:15:00.000000,862352_2022-05-28_15:15:00.000000,1
1113,862352_2022-05-28_15:30:00.000000,https://spaceweather.astron.nl//SolarKSP/data/atdb_process/solar_bf_compressing/3722/862352/dynamic_spectra/LOFAR_20220528_153000_LBA_OUTER_S0.fits,2022-05-28,15:30:00.000000,862352_2022-05-28_15:30:00.000000,1
1091,862352_2022-05-28_15:45:00.000000,https://spaceweather.astron.nl//SolarKSP/data/atdb_process/solar_bf_compressing/3722/862352/dynamic_spectra/LOFAR_20220528_154500_LBA_OUTER_S0.fits,2022-05-28,15:45:00.000000,862352_2022-05-28_15:45:00.000000,1
1115,862352_2022-05-28_16:00:00.000000,https://spaceweather.astron.nl//SolarKSP/data/atdb_process/solar_bf_compressing/3722/862352/dynamic_spectra/LOFAR_20220528_160000_LBA_OUTER_S0.fits,2022-05-28,16:00:00.000000,862352_2022-05-28_16:00:00.000000,2
1082,862352_2022-05-28_16:15:00.000000,https://spaceweather.astron.nl//SolarKSP/data/atdb_process/solar_bf_compressing/3722/862352/dynamic_spectra/LOFAR_20220528_161500_LBA_OUTER_S0.fits,2022-05-28,16:15:00.000000,862352_2022-05-28_16:15:00.000000,1
1074,862352_2022-05-28_16:30:00.000000,https://spaceweather.astron.nl//SolarKSP/data/atdb_process/solar_bf_compressing/3722/862352/dynamic_spectra/LOFAR_20220528_163000_LBA_OUTER_S0.fits,2022-05-28,16:30:00.000000,862352_2022-05-28_16:30:00.000000,4
1104,862352_2022-05-28_16:45:00.000000,https://spaceweather.astron.nl//SolarKSP/data/atdb_process/solar_bf_compressing/3722/862352/dynamic_spectra/LOFAR_20220528_164500_LBA_OUTER_S0.fits,2022-05-28,16:45:00.000000,862352_2022-05-28_16:45:00.000000,3
1101,862352_2022-05-28_17:00:00.000000,https://spaceweather.astron.nl//SolarKSP/data/atdb_process/solar_bf_compressing/3722/862352/dynamic_spectra/LOFAR_20220528_170000_LBA_OUTER_S0.fits,2022-05-28,17:00:00.000000,862352_2022-05-28_17:00:00.000000,1
1069,862352_2022-05-28_17:15:00.000000,https://spaceweather.astron.nl//SolarKSP/data/atdb_process/solar_bf_compressing/3722/862352/dynamic_spectra/LOFAR_20220528_171500_LBA_OUTER_S0.fits,2022-05-28,17:15:00.000000,862352_2022-05-28_17:15:00.000000,1
1088,862352_2022-05-28_17:30:00.000000,https://spaceweather.astron.nl//SolarKSP/data/atdb_process/solar_bf_compressing/3722/862352/dynamic_spectra/LOFAR_20220528_173000_LBA_OUTER_S0.fits,2022-05-28,17:30:00.000000,862352_2022-05-28_17:30:00.000000,3
1118,862352_2022-05-28_17:45:00.000000,https://spaceweather.astron.nl//SolarKSP/data/atdb_process/solar_bf_compressing/3722/862352/dynamic_spectra/LOFAR_20220528_174500_LBA_OUTER_S0.fits,2022-05-28,17:45:00.000000,862352_2022-05-28_17:45:00.000000,3
1087,862352_2022-05-28_18:00:00.000000,https://spaceweather.astron.nl//SolarKSP/data/atdb_process/solar_bf_compressing/3722/862352/dynamic_spectra/LOFAR_20220528_180000_LBA_OUTER_S0.fits,2022-05-28,18:00:00.000000,862352_2022-05-28_18:00:00.000000,3
1107,862352_2022-05-28_18:15:00.000000,https://spaceweather.astron.nl//SolarKSP/data/atdb_process/solar_bf_compressing/3722/862352/dynamic_spectra/LOFAR_20220528_181500_LBA_OUTER_S0.fits,2022-05-28,18:15:00.000000,862352_2022-05-28_18:15:00.000000,3
1102,862352_2022-05-28_18:30:00.000000,https://spaceweather.astron.nl//SolarKSP/data/atdb_process/solar_bf_compressing/3722/862352/dynamic_spectra/LOFAR_20220528_183000_LBA_OUTER_S0.fits,2022-05-28,18:30:00.000000,862352_2022-05-28_18:30:00.000000,3
1075,862352_2022-05-28_18:45:00.000000,https://spaceweather.astron.nl//SolarKSP/data/atdb_process/solar_bf_compressing/3722/862352/dynamic_spectra/LOFAR_20220528_184500_LBA_OUTER_S0.fits,2022-05-28,18:45:00.000000,862352_2022-05-28_18:45:00.000000,3
1073,862352_2022-05-28_19:00:00.000000,https://spaceweather.astron.nl//SolarKSP/data/atdb_process/solar_bf_compressing/3722/862352/dynamic_spectra/LOFAR_20220528_190000_LBA_OUTER_S0.fits,2022-05-28,19:00:00.000000,862352_2022-05-28_19:00:00.000000,3
1000,862348_2022-05-29_06:30:00.000000,https://spaceweather.astron.nl//SolarKSP/data/atdb_process/solar_bf_compressing/3723/862348/dynamic_spectra/LOFAR_20220529_063000_LBA_OUTER_S0.fits,2022-05-29,06:30:00.000000,862348_2022-05-29_06:30:00.000000,3
976,862348_2022-05-29_06:45:00.000000,https://spaceweather.astron.nl//SolarKSP/data/atdb_process/solar_bf_compressing/3723/862348/dynamic_spectra/LOFAR_20220529_064500_LBA_OUTER_S0.fits,2022-05-29,06:45:00.000000,862348_2022-05-29_06:45:00.000000,3
975,862348_2022-05-29_07:00:00.000000,https://spaceweather.astron.nl//SolarKSP/data/atdb_process/solar_bf_compressing/3723/862348/dynamic_spectra/LOFAR_20220529_070000_LBA_OUTER_S0.fits,2022-05-29,07:00:00.000000,862348_2022-05-29_07:00:00.000000,3
992,862348_2022-05-29_07:15:00.000000,https://spaceweather.astron.nl//SolarKSP/data/atdb_process/solar_bf_compressing/3723/862348/dynamic_spectra/LOFAR_20220529_071500_LBA_OUTER_S0.fits,2022-05-29,07:15:00.000000,862348_2022-05-29_07:15:00.000000,1
1012,862348_2022-05-29_07:30:00.000000,https://spaceweather.astron.nl//SolarKSP/data/atdb_process/solar_bf_compressing/3723/862348/dynamic_spectra/LOFAR_20220529_073000_LBA_OUTER_S0.fits,2022-05-29,07:30:00.000000,862348_2022-05-29_07:30:00.000000,1
988,862348_2022-05-29_07:45:00.000000,https://spaceweather.astron.nl//SolarKSP/data/atdb_process/solar_bf_compressing/3723/862348/dynamic_spectra/LOFAR_20220529_074500_LBA_OUTER_S0.fits,2022-05-29,07:45:00.000000,862348_2022-05-29_07:45:00.000000,1
1014,862348_2022-05-29_08:00:00.000000,https://spaceweather.astron.nl//SolarKSP/data/atdb_process/solar_bf_compressing/3723/862348/dynamic_spectra/LOFAR_20220529_080000_LBA_OUTER_S0.fits,2022-05-29,08:00:00.000000,862348_2022-05-29_08:00:00.000000,1
981,862348_2022-05-29_08:15:00.000000,https://spaceweather.astron.nl//SolarKSP/data/atdb_process/solar_bf_compressing/3723/862348/dynamic_spectra/LOFAR_20220529_081500_LBA_OUTER_S0.fits,2022-05-29,08:15:00.000000,862348_2022-05-29_08:15:00.000000,3
974,862348_2022-05-29_08:30:00.000000,https://spaceweather.astron.nl//SolarKSP/data/atdb_process/solar_bf_compressing/3723/862348/dynamic_spectra/LOFAR_20220529_083000_LBA_OUTER_S0.fits,2022-05-29,08:30:00.000000,862348_2022-05-29_08:30:00.000000,3
1003,862348_2022-05-29_08:45:00.000000,https://spaceweather.astron.nl//SolarKSP/data/atdb_process/solar_bf_compressing/3723/862348/dynamic_spectra/LOFAR_20220529_084500_LBA_OUTER_S0.fits,2022-05-29,08:45:00.000000,862348_2022-05-29_08:45:00.000000,1
1001,862348_2022-05-29_09:00:00.000000,https://spaceweather.astron.nl//SolarKSP/data/atdb_process/solar_bf_compressing/3723/862348/dynamic_spectra/LOFAR_20220529_090000_LBA_OUTER_S0.fits,2022-05-29,09:00:00.000000,862348_2022-05-29_09:00:00.000000,3
970,862348_2022-05-29_09:15:00.000000,https://spaceweather.astron.nl//SolarKSP/data/atdb_process/solar_bf_compressing/3723/862348/dynamic_spectra/LOFAR_20220529_091500_LBA_OUTER_S0.fits,2022-05-29,09:15:00.000000,862348_2022-05-29_09:15:00.000000,3
986,862348_2022-05-29_09:30:00.000000,https://spaceweather.astron.nl//SolarKSP/data/atdb_process/solar_bf_compressing/3723/862348/dynamic_spectra/LOFAR_20220529_093000_LBA_OUTER_S0.fits,2022-05-29,09:30:00.000000,862348_2022-05-29_09:30:00.000000,3
1016,862348_2022-05-29_09:45:00.000000,https://spaceweather.astron.nl//SolarKSP/data/atdb_process/solar_bf_compressing/3723/862348/dynamic_spectra/LOFAR_20220529_094500_LBA_OUTER_S0.fits,2022-05-29,09:45:00.000000,862348_2022-05-29_09:45:00.000000,3
982,862348_2022-05-29_10:00:00.000000,https://spaceweather.astron.nl//SolarKSP/data/atdb_process/solar_bf_compressing/3723/862348/dynamic_spectra/LOFAR_20220529_100000_LBA_OUTER_S0.fits,2022-05-29,10:00:00.000000,862348_2022-05-29_10:00:00.000000,3
1013,862348_2022-05-29_10:15:00.000000,https://spaceweather.astron.nl//SolarKSP/data/atdb_process/solar_bf_compressing/3723/862348/dynamic_spectra/LOFAR_20220529_101500_LBA_OUTER_S0.fits,2022-05-29,10:15:00.000000,862348_2022-05-29_10:15:00.000000,3
993,862348_2022-05-29_10:30:00.000000,https://spaceweather.astron.nl//SolarKSP/data/atdb_process/solar_bf_compressing/3723/862348/dynamic_spectra/LOFAR_20220529_103000_LBA_OUTER_S0.fits,2022-05-29,10:30:00.000000,862348_2022-05-29_10:30:00.000000,1
973,862348_2022-05-29_10:45:00.000000,https://spaceweather.astron.nl//SolarKSP/data/atdb_process/solar_bf_compressing/3723/862348/dynamic_spectra/LOFAR_20220529_104500_LBA_OUTER_S0.fits,2022-05-29,10:45:00.000000,862348_2022-05-29_10:45:00.000000,3
969,862348_2022-05-29_11:00:00.000000,https://spaceweather.astron.nl//SolarKSP/data/atdb_process/solar_bf_compressing/3723/862348/dynamic_spectra/LOFAR_20220529_110000_LBA_OUTER_S0.fits,2022-05-29,11:00:00.000000,862348_2022-05-29_11:00:00.000000,3
1002,862348_2022-05-29_11:15:00.000000,https://spaceweather.astron.nl//SolarKSP/data/atdb_process/solar_bf_compressing/3723/862348/dynamic_spectra/LOFAR_20220529_111500_LBA_OUTER_S0.fits,2022-05-29,11:15:00.000000,862348_2022-05-29_11:15:00.000000,3
1005,862348_2022-05-29_11:30:00.000000,https://spaceweather.astron.nl//SolarKSP/data/atdb_process/solar_bf_compressing/3723/862348/dynamic_spectra/LOFAR_20220529_113000_LBA_OUTER_S0.fits,2022-05-29,11:30:00.000000,862348_2022-05-29_11:30:00.000000,3
984,862348_2022-05-29_11:45:00.000000,https://spaceweather.astron.nl//SolarKSP/data/atdb_process/solar_bf_compressing/3723/862348/dynamic_spectra/LOFAR_20220529_114500_LBA_OUTER_S0.fits,2022-05-29,11:45:00.000000,862348_2022-05-29_11:45:00.000000,3
1010,862348_2022-05-29_12:00:00.000000,https://spaceweather.astron.nl//SolarKSP/data/atdb_process/solar_bf_compressing/3723/862348/dynamic_spectra/LOFAR_20220529_120000_LBA_OUTER_S0.fits,2022-05-29,12:00:00.000000,862348_2022-05-29_12:00:00.000000,3
990,862348_2022-05-29_12:15:00.000000,https://spaceweather.astron.nl//SolarKSP/data/atdb_process/solar_bf_compressing/3723/862348/dynamic_spectra/LOFAR_20220529_121500_LBA_OUTER_S0.fits,2022-05-29,12:15:00.000000,862348_2022-05-29_12:15:00.000000,3
967,862348_2022-05-29_12:30:00.000000,https://spaceweather.astron.nl//SolarKSP/data/atdb_process/solar_bf_compressing/3723/862348/dynamic_spectra/LOFAR_20220529_123000_LBA_OUTER_S0.fits,2022-05-29,12:30:00.000000,862348_2022-05-29_12:30:00.000000,3
997,862348_2022-05-29_12:45:00.000000,https://spaceweather.astron.nl//SolarKSP/data/atdb_process/solar_bf_compressing/3723/862348/dynamic_spectra/LOFAR_20220529_124500_LBA_OUTER_S0.fits,2022-05-29,12:45:00.000000,862348_2022-05-29_12:45:00.000000,3
999,862348_2022-05-29_13:00:00.000000,https://spaceweather.astron.nl//SolarKSP/data/atdb_process/solar_bf_compressing/3723/862348/dynamic_spectra/LOFAR_20220529_130000_LBA_OUTER_S0.fits,2022-05-29,13:00:00.000000,862348_2022-05-29_13:00:00.000000,3
978,862348_2022-05-29_13:15:00.000000,https://spaceweather.astron.nl//SolarKSP/data/atdb_process/solar_bf_compressing/3723/862348/dynamic_spectra/LOFAR_20220529_131500_LBA_OUTER_S0.fits,2022-05-29,13:15:00.000000,862348_2022-05-29_13:15:00.000000,3
980,862348_2022-05-29_13:30:00.000000,https://spaceweather.astron.nl//SolarKSP/data/atdb_process/solar_bf_compressing/3723/862348/dynamic_spectra/LOFAR_20220529_133000_LBA_OUTER_S0.fits,2022-05-29,13:30:00.000000,862348_2022-05-29_13:30:00.000000,3
1008,862348_2022-05-29_13:45:00.000000,https://spaceweather.astron.nl//SolarKSP/data/atdb_process/solar_bf_compressing/3723/862348/dynamic_spectra/LOFAR_20220529_134500_LBA_OUTER_S0.fits,2022-05-29,13:45:00.000000,862348_2022-05-29_13:45:00.000000,3
1009,862348_2022-05-29_14:00:00.000000,https://spaceweather.astron.nl//SolarKSP/data/atdb_process/solar_bf_compressing/3723/862348/dynamic_spectra/LOFAR_20220529_140000_LBA_OUTER_S0.fits,2022-05-29,14:00:00.000000,862348_2022-05-29_14:00:00.000000,3
989,862348_2022-05-29_14:15:00.000000,https://spaceweather.astron.nl//SolarKSP/data/atdb_process/solar_bf_compressing/3723/862348/dynamic_spectra/LOFAR_20220529_141500_LBA_OUTER_S0.fits,2022-05-29,14:15:00.000000,862348_2022-05-29_14:15:00.000000,3
966,862348_2022-05-29_14:30:00.000000,https://spaceweather.astron.nl//SolarKSP/data/atdb_process/solar_bf_compressing/3723/862348/dynamic_spectra/LOFAR_20220529_143000_LBA_OUTER_S0.fits,2022-05-29,14:30:00.000000,862348_2022-05-29_14:30:00.000000,3
998,862348_2022-05-29_14:45:00.000000,https://spaceweather.astron.nl//SolarKSP/data/atdb_process/solar_bf_compressing/3723/862348/dynamic_spectra/LOFAR_20220529_144500_LBA_OUTER_S0.fits,2022-05-29,14:45:00.000000,862348_2022-05-29_14:45:00.000000,3
996,862348_2022-05-29_15:00:00.000000,https://spaceweather.astron.nl//SolarKSP/data/atdb_process/solar_bf_compressing/3723/862348/dynamic_spectra/LOFAR_20220529_150000_LBA_OUTER_S0.fits,2022-05-29,15:00:00.000000,862348_2022-05-29_15:00:00.000000,3
977,862348_2022-05-29_15:15:00.000000,https://spaceweather.astron.nl//SolarKSP/data/atdb_process/solar_bf_compressing/3723/862348/dynamic_spectra/LOFAR_20220529_151500_LBA_OUTER_S0.fits,2022-05-29,15:15:00.000000,862348_2022-05-29_15:15:00.000000,3
979,862348_2022-05-29_15:30:00.000000,https://spaceweather.astron.nl//SolarKSP/data/atdb_process/solar_bf_compressing/3723/862348/dynamic_spectra/LOFAR_20220529_153000_LBA_OUTER_S0.fits,2022-05-29,15:30:00.000000,862348_2022-05-29_15:30:00.000000,3
1011,862348_2022-05-29_15:45:00.000000,https://spaceweather.astron.nl//SolarKSP/data/atdb_process/solar_bf_compressing/3723/862348/dynamic_spectra/LOFAR_20220529_154500_LBA_OUTER_S0.fits,2022-05-29,15:45:00.000000,862348_2022-05-29_15:45:00.000000,3
985,862348_2022-05-29_16:00:00.000000,https://spaceweather.astron.nl//SolarKSP/data/atdb_process/solar_bf_compressing/3723/862348/dynamic_spectra/LOFAR_20220529_160000_LBA_OUTER_S0.fits,2022-05-29,16:00:00.000000,862348_2022-05-29_16:00:00.000000,3
1015,862348_2022-05-29_16:15:00.000000,https://spaceweather.astron.nl//SolarKSP/data/atdb_process/solar_bf_compressing/3723/862348/dynamic_spectra/LOFAR_20220529_161500_LBA_OUTER_S0.fits,2022-05-29,16:15:00.000000,862348_2022-05-29_16:15:00.000000,3
995,862348_2022-05-29_16:30:00.000000,https://spaceweather.astron.nl//SolarKSP/data/atdb_process/solar_bf_compressing/3723/862348/dynamic_spectra/LOFAR_20220529_163000_LBA_OUTER_S0.fits,2022-05-29,16:30:00.000000,862348_2022-05-29_16:30:00.000000,3
968,862348_2022-05-29_16:45:00.000000,https://spaceweather.astron.nl//SolarKSP/data/atdb_process/solar_bf_compressing/3723/862348/dynamic_spectra/LOFAR_20220529_164500_LBA_OUTER_S0.fits,2022-05-29,16:45:00.000000,862348_2022-05-29_16:45:00.000000,3
971,862348_2022-05-29_17:00:00.000000,https://spaceweather.astron.nl//SolarKSP/data/atdb_process/solar_bf_compressing/3723/862348/dynamic_spectra/LOFAR_20220529_170000_LBA_OUTER_S0.fits,2022-05-29,17:00:00.000000,862348_2022-05-29_17:00:00.000000,3
1004,862348_2022-05-29_17:15:00.000000,https://spaceweather.astron.nl//SolarKSP/data/atdb_process/solar_bf_compressing/3723/862348/dynamic_spectra/LOFAR_20220529_171500_LBA_OUTER_S0.fits,2022-05-29,17:15:00.000000,862348_2022-05-29_17:15:00.000000,3
1007,862348_2022-05-29_17:30:00.000000,https://spaceweather.astron.nl//SolarKSP/data/atdb_process/solar_bf_compressing/3723/862348/dynamic_spectra/LOFAR_20220529_173000_LBA_OUTER_S0.fits,2022-05-29,17:30:00.000000,862348_2022-05-29_17:30:00.000000,3
983,862348_2022-05-29_17:45:00.000000,https://spaceweather.astron.nl//SolarKSP/data/atdb_process/solar_bf_compressing/3723/862348/dynamic_spectra/LOFAR_20220529_174500_LBA_OUTER_S0.fits,2022-05-29,17:45:00.000000,862348_2022-05-29_17:45:00.000000,3
1006,862348_2022-05-29_18:00:00.000000,https://spaceweather.astron.nl//SolarKSP/data/atdb_process/solar_bf_compressing/3723/862348/dynamic_spectra/LOFAR_20220529_180000_LBA_OUTER_S0.fits,2022-05-29,18:00:00.000000,862348_2022-05-29_18:00:00.000000,3
987,862348_2022-05-29_18:15:00.000000,https://spaceweather.astron.nl//SolarKSP/data/atdb_process/solar_bf_compressing/3723/862348/dynamic_spectra/LOFAR_20220529_181500_LBA_OUTER_S0.fits,2022-05-29,18:15:00.000000,862348_2022-05-29_18:15:00.000000,1
972,862348_2022-05-29_18:30:00.000000,https://spaceweather.astron.nl//SolarKSP/data/atdb_process/solar_bf_compressing/3723/862348/dynamic_spectra/LOFAR_20220529_183000_LBA_OUTER_S0.fits,2022-05-29,18:30:00.000000,862348_2022-05-29_18:30:00.000000,3
991,862348_2022-05-29_18:45:00.000000,https://spaceweather.astron.nl//SolarKSP/data/atdb_process/solar_bf_compressing/3723/862348/dynamic_spectra/LOFAR_20220529_184500_LBA_OUTER_S0.fits,2022-05-29,18:45:00.000000,862348_2022-05-29_18:45:00.000000,3
994,862348_2022-05-29_19:00:00.000000,https://spaceweather.astron.nl//SolarKSP/data/atdb_process/solar_bf_compressing/3723/862348/dynamic_spectra/LOFAR_20220529_190000_LBA_OUTER_S0.fits,2022-05-29,19:00:00.000000,862348_2022-05-29_19:00:00.000000,3
2071,862616_2022-05-31_06:30:00.000000,https://spaceweather.astron.nl//SolarKSP/data/atdb_process/solar_bf_compressing/3786/862616/dynamic_spectra/LOFAR_20220531_063000_LBA_OUTER_S0.fits,2022-05-31,06:30:00.000000,862616_2022-05-31_06:30:00.000000,3
2096,862616_2022-05-31_06:45:00.000000,https://spaceweather.astron.nl//SolarKSP/data/atdb_process/solar_bf_compressing/3786/862616/dynamic_spectra/LOFAR_20220531_064500_LBA_OUTER_S0.fits,2022-05-31,06:45:00.000000,862616_2022-05-31_06:45:00.000000,3
2098,862616_2022-05-31_07:00:00.000000,https://spaceweather.astron.nl//SolarKSP/data/atdb_process/solar_bf_compressing/3786/862616/dynamic_spectra/LOFAR_20220531_070000_LBA_OUTER_S0.fits,2022-05-31,07:00:00.000000,862616_2022-05-31_07:00:00.000000,3
2067,862616_2022-05-31_07:15:00.000000,https://spaceweather.astron.nl//SolarKSP/data/atdb_process/solar_bf_compressing/3786/862616/dynamic_spectra/LOFAR_20220531_071500_LBA_OUTER_S0.fits,2022-05-31,07:15:00.000000,862616_2022-05-31_07:15:00.000000,3
2057,862616_2022-05-31_07:30:00.000000,https://spaceweather.astron.nl//SolarKSP/data/atdb_process/solar_bf_compressing/3786/862616/dynamic_spectra/LOFAR_20220531_073000_LBA_OUTER_S0.fits,2022-05-31,07:30:00.000000,862616_2022-05-31_07:30:00.000000,3
2084,862616_2022-05-31_07:45:00.000000,https://spaceweather.astron.nl//SolarKSP/data/atdb_process/solar_bf_compressing/3786/862616/dynamic_spectra/LOFAR_20220531_074500_LBA_OUTER_S0.fits,2022-05-31,07:45:00.000000,862616_2022-05-31_07:45:00.000000,3
2059,862616_2022-05-31_08:00:00.000000,https://spaceweather.astron.nl//SolarKSP/data/atdb_process/solar_bf_compressing/3786/862616/dynamic_spectra/LOFAR_20220531_080000_LBA_OUTER_S0.fits,2022-05-31,08:00:00.000000,862616_2022-05-31_08:00:00.000000,3
2076,862616_2022-05-31_08:15:00.000000,https://spaceweather.astron.nl//SolarKSP/data/atdb_process/solar_bf_compressing/3786/862616/dynamic_spectra/LOFAR_20220531_081500_LBA_OUTER_S0.fits,2022-05-31,08:15:00.000000,862616_2022-05-31_08:15:00.000000,3
2097,862616_2022-05-31_08:30:00.000000,https://spaceweather.astron.nl//SolarKSP/data/atdb_process/solar_bf_compressing/3786/862616/dynamic_spectra/LOFAR_20220531_083000_LBA_OUTER_S0.fits,2022-05-31,08:30:00.000000,862616_2022-05-31_08:30:00.000000,3
2069,862616_2022-05-31_08:45:00.000000,https://spaceweather.astron.nl//SolarKSP/data/atdb_process/solar_bf_compressing/3786/862616/dynamic_spectra/LOFAR_20220531_084500_LBA_OUTER_S0.fits,2022-05-31,08:45:00.000000,862616_2022-05-31_08:45:00.000000,3
2072,862616_2022-05-31_09:00:00.000000,https://spaceweather.astron.nl//SolarKSP/data/atdb_process/solar_bf_compressing/3786/862616/dynamic_spectra/LOFAR_20220531_090000_LBA_OUTER_S0.fits,2022-05-31,09:00:00.000000,862616_2022-05-31_09:00:00.000000,3
2091,862616_2022-05-31_09:15:00.000000,https://spaceweather.astron.nl//SolarKSP/data/atdb_process/solar_bf_compressing/3786/862616/dynamic_spectra/LOFAR_20220531_091500_LBA_OUTER_S0.fits,2022-05-31,09:15:00.000000,862616_2022-05-31_09:15:00.000000,3
2085,862616_2022-05-31_09:30:00.000000,https://spaceweather.astron.nl//SolarKSP/data/atdb_process/solar_bf_compressing/3786/862616/dynamic_spectra/LOFAR_20220531_093000_LBA_OUTER_S0.fits,2022-05-31,09:30:00.000000,862616_2022-05-31_09:30:00.000000,3
2056,862616_2022-05-31_09:45:00.000000,https://spaceweather.astron.nl//SolarKSP/data/atdb_process/solar_bf_compressing/3786/862616/dynamic_spectra/LOFAR_20220531_094500_LBA_OUTER_S0.fits,2022-05-31,09:45:00.000000,862616_2022-05-31_09:45:00.000000,3
2077,862616_2022-05-31_10:00:00.000000,https://spaceweather.astron.nl//SolarKSP/data/atdb_process/solar_bf_compressing/3786/862616/dynamic_spectra/LOFAR_20220531_100000_LBA_OUTER_S0.fits,2022-05-31,10:00:00.000000,862616_2022-05-31_10:00:00.000000,3
2058,862616_2022-05-31_10:15:00.000000,https://spaceweather.astron.nl//SolarKSP/data/atdb_process/solar_bf_compressing/3786/862616/dynamic_spectra/LOFAR_20220531_101500_LBA_OUTER_S0.fits,2022-05-31,10:15:00.000000,862616_2022-05-31_10:15:00.000000,3
2068,862616_2022-05-31_10:30:00.000000,https://spaceweather.astron.nl//SolarKSP/data/atdb_process/solar_bf_compressing/3786/862616/dynamic_spectra/LOFAR_20220531_103000_LBA_OUTER_S0.fits,2022-05-31,10:30:00.000000,862616_2022-05-31_10:30:00.000000,1
2088,862616_2022-05-31_10:45:00.000000,https://spaceweather.astron.nl//SolarKSP/data/atdb_process/solar_bf_compressing/3786/862616/dynamic_spectra/LOFAR_20220531_104500_LBA_OUTER_S0.fits,2022-05-31,10:45:00.000000,862616_2022-05-31_10:45:00.000000,3
2090,862616_2022-05-31_11:00:00.000000,https://spaceweather.astron.nl//SolarKSP/data/atdb_process/solar_bf_compressing/3786/862616/dynamic_spectra/LOFAR_20220531_110000_LBA_OUTER_S0.fits,2022-05-31,11:00:00.000000,862616_2022-05-31_11:00:00.000000,3
2073,862616_2022-05-31_11:15:00.000000,https://spaceweather.astron.nl//SolarKSP/data/atdb_process/solar_bf_compressing/3786/862616/dynamic_spectra/LOFAR_20220531_111500_LBA_OUTER_S0.fits,2022-05-31,11:15:00.000000,862616_2022-05-31_11:15:00.000000,3
2054,862616_2022-05-31_11:30:00.000000,https://spaceweather.astron.nl//SolarKSP/data/atdb_process/solar_bf_compressing/3786/862616/dynamic_spectra/LOFAR_20220531_113000_LBA_OUTER_S0.fits,2022-05-31,11:30:00.000000,862616_2022-05-31_11:30:00.000000,3
2074,862616_2022-05-31_11:45:00.000000,https://spaceweather.astron.nl//SolarKSP/data/atdb_process/solar_bf_compressing/3786/862616/dynamic_spectra/LOFAR_20220531_114500_LBA_OUTER_S0.fits,2022-05-31,11:45:00.000000,862616_2022-05-31_11:45:00.000000,3
2048,862616_2022-05-31_12:00:00.000000,https://spaceweather.astron.nl//SolarKSP/data/atdb_process/solar_bf_compressing/3786/862616/dynamic_spectra/LOFAR_20220531_120000_LBA_OUTER_S0.fits,2022-05-31,12:00:00.000000,862616_2022-05-31_12:00:00.000000,3
2081,862616_2022-05-31_12:15:00.000000,https://spaceweather.astron.nl//SolarKSP/data/atdb_process/solar_bf_compressing/3786/862616/dynamic_spectra/LOFAR_20220531_121500_LBA_OUTER_S0.fits,2022-05-31,12:15:00.000000,862616_2022-05-31_12:15:00.000000,3
2092,862616_2022-05-31_12:30:00.000000,https://spaceweather.astron.nl//SolarKSP/data/atdb_process/solar_bf_compressing/3786/862616/dynamic_spectra/LOFAR_20220531_123000_LBA_OUTER_S0.fits,2022-05-31,12:30:00.000000,862616_2022-05-31_12:30:00.000000,3
2063,862616_2022-05-31_12:45:00.000000,https://spaceweather.astron.nl//SolarKSP/data/atdb_process/solar_bf_compressing/3786/862616/dynamic_spectra/LOFAR_20220531_124500_LBA_OUTER_S0.fits,2022-05-31,12:45:00.000000,862616_2022-05-31_12:45:00.000000,6
2061,862616_2022-05-31_13:00:00.000000,https://spaceweather.astron.nl//SolarKSP/data/atdb_process/solar_bf_compressing/3786/862616/dynamic_spectra/LOFAR_20220531_130000_LBA_OUTER_S0.fits,2022-05-31,13:00:00.000000,862616_2022-05-31_13:00:00.000000,3
2094,862616_2022-05-31_13:15:00.000000,https://spaceweather.astron.nl//SolarKSP/data/atdb_process/solar_bf_compressing/3786/862616/dynamic_spectra/LOFAR_20220531_131500_LBA_OUTER_S0.fits,2022-05-31,13:15:00.000000,862616_2022-05-31_13:15:00.000000,3
2079,862616_2022-05-31_13:30:00.000000,https://spaceweather.astron.nl//SolarKSP/data/atdb_process/solar_bf_compressing/3786/862616/dynamic_spectra/LOFAR_20220531_133000_LBA_OUTER_S0.fits,2022-05-31,13:30:00.000000,862616_2022-05-31_13:30:00.000000,3
2050,862616_2022-05-31_13:45:00.000000,https://spaceweather.astron.nl//SolarKSP/data/atdb_process/solar_bf_compressing/3786/862616/dynamic_spectra/LOFAR_20220531_134500_LBA_OUTER_S0.fits,2022-05-31,13:45:00.000000,862616_2022-05-31_13:45:00.000000,3
2051,862616_2022-05-31_14:00:00.000000,https://spaceweather.astron.nl//SolarKSP/data/atdb_process/solar_bf_compressing/3786/862616/dynamic_spectra/LOFAR_20220531_140000_LBA_OUTER_S0.fits,2022-05-31,14:00:00.000000,862616_2022-05-31_14:00:00.000000,3
2082,862616_2022-05-31_14:15:00.000000,https://spaceweather.astron.nl//SolarKSP/data/atdb_process/solar_bf_compressing/3786/862616/dynamic_spectra/LOFAR_20220531_141500_LBA_OUTER_S0.fits,2022-05-31,14:15:00.000000,862616_2022-05-31_14:15:00.000000,3
2093,862616_2022-05-31_14:30:00.000000,https://spaceweather.astron.nl//SolarKSP/data/atdb_process/solar_bf_compressing/3786/862616/dynamic_spectra/LOFAR_20220531_143000_LBA_OUTER_S0.fits,2022-05-31,14:30:00.000000,862616_2022-05-31_14:30:00.000000,5
2060,862616_2022-05-31_14:45:00.000000,https://spaceweather.astron.nl//SolarKSP/data/atdb_process/solar_bf_compressing/3786/862616/dynamic_spectra/LOFAR_20220531_144500_LBA_OUTER_S0.fits,2022-05-31,14:45:00.000000,862616_2022-05-31_14:45:00.000000,3
2062,862616_2022-05-31_15:00:00.000000,https://spaceweather.astron.nl//SolarKSP/data/atdb_process/solar_bf_compressing/3786/862616/dynamic_spectra/LOFAR_20220531_150000_LBA_OUTER_S0.fits,2022-05-31,15:00:00.000000,862616_2022-05-31_15:00:00.000000,3
2095,862616_2022-05-31_15:15:00.000000,https://spaceweather.astron.nl//SolarKSP/data/atdb_process/solar_bf_compressing/3786/862616/dynamic_spectra/LOFAR_20220531_151500_LBA_OUTER_S0.fits,2022-05-31,15:15:00.000000,862616_2022-05-31_15:15:00.000000,3
2080,862616_2022-05-31_15:30:00.000000,https://spaceweather.astron.nl//SolarKSP/data/atdb_process/solar_bf_compressing/3786/862616/dynamic_spectra/LOFAR_20220531_153000_LBA_OUTER_S0.fits,2022-05-31,15:30:00.000000,862616_2022-05-31_15:30:00.000000,3
2049,862616_2022-05-31_15:45:00.000000,https://spaceweather.astron.nl//SolarKSP/data/atdb_process/solar_bf_compressing/3786/862616/dynamic_spectra/LOFAR_20220531_154500_LBA_OUTER_S0.fits,2022-05-31,15:45:00.000000,862616_2022-05-31_15:45:00.000000,3
2075,862616_2022-05-31_16:00:00.000000,https://spaceweather.astron.nl//SolarKSP/data/atdb_process/solar_bf_compressing/3786/862616/dynamic_spectra/LOFAR_20220531_160000_LBA_OUTER_S0.fits,2022-05-31,16:00:00.000000,862616_2022-05-31_16:00:00.000000,3
2055,862616_2022-05-31_16:15:00.000000,https://spaceweather.astron.nl//SolarKSP/data/atdb_process/solar_bf_compressing/3786/862616/dynamic_spectra/LOFAR_20220531_161500_LBA_OUTER_S0.fits,2022-05-31,16:15:00.000000,862616_2022-05-31_16:15:00.000000,3
2065,862616_2022-05-31_16:30:00.000000,https://spaceweather.astron.nl//SolarKSP/data/atdb_process/solar_bf_compressing/3786/862616/dynamic_spectra/LOFAR_20220531_163000_LBA_OUTER_S0.fits,2022-05-31,16:30:00.000000,862616_2022-05-31_16:30:00.000000,3
2089,862616_2022-05-31_16:45:00.000000,https://spaceweather.astron.nl//SolarKSP/data/atdb_process/solar_bf_compressing/3786/862616/dynamic_spectra/LOFAR_20220531_164500_LBA_OUTER_S0.fits,2022-05-31,16:45:00.000000,862616_2022-05-31_16:45:00.000000,5
2086,862616_2022-05-31_17:00:00.000000,https://spaceweather.astron.nl//SolarKSP/data/atdb_process/solar_bf_compressing/3786/862616/dynamic_spectra/LOFAR_20220531_170000_LBA_OUTER_S0.fits,2022-05-31,17:00:00.000000,862616_2022-05-31_17:00:00.000000,3
2070,862616_2022-05-31_17:15:00.000000,https://spaceweather.astron.nl//SolarKSP/data/atdb_process/solar_bf_compressing/3786/862616/dynamic_spectra/LOFAR_20220531_171500_LBA_OUTER_S0.fits,2022-05-31,17:15:00.000000,862616_2022-05-31_17:15:00.000000,3
2053,862616_2022-05-31_17:30:00.000000,https://spaceweather.astron.nl//SolarKSP/data/atdb_process/solar_bf_compressing/3786/862616/dynamic_spectra/LOFAR_20220531_173000_LBA_OUTER_S0.fits,2022-05-31,17:30:00.000000,862616_2022-05-31_17:30:00.000000,3
2078,862616_2022-05-31_17:45:00.000000,https://spaceweather.astron.nl//SolarKSP/data/atdb_process/solar_bf_compressing/3786/862616/dynamic_spectra/LOFAR_20220531_174500_LBA_OUTER_S0.fits,2022-05-31,17:45:00.000000,862616_2022-05-31_17:45:00.000000,3
2052,862616_2022-05-31_18:00:00.000000,https://spaceweather.astron.nl//SolarKSP/data/atdb_process/solar_bf_compressing/3786/862616/dynamic_spectra/LOFAR_20220531_180000_LBA_OUTER_S0.fits,2022-05-31,18:00:00.000000,862616_2022-05-31_18:00:00.000000,3
2083,862616_2022-05-31_18:15:00.000000,https://spaceweather.astron.nl//SolarKSP/data/atdb_process/solar_bf_compressing/3786/862616/dynamic_spectra/LOFAR_20220531_181500_LBA_OUTER_S0.fits,2022-05-31,18:15:00.000000,862616_2022-05-31_18:15:00.000000,3
2087,862616_2022-05-31_18:30:00.000000,https://spaceweather.astron.nl//SolarKSP/data/atdb_process/solar_bf_compressing/3786/862616/dynamic_spectra/LOFAR_20220531_183000_LBA_OUTER_S0.fits,2022-05-31,18:30:00.000000,862616_2022-05-31_18:30:00.000000,3
2066,862616_2022-05-31_18:45:00.000000,https://spaceweather.astron.nl//SolarKSP/data/atdb_process/solar_bf_compressing/3786/862616/dynamic_spectra/LOFAR_20220531_184500_LBA_OUTER_S0.fits,2022-05-31,18:45:00.000000,862616_2022-05-31_18:45:00.000000,3
2064,862616_2022-05-31_19:00:00.000000,https://spaceweather.astron.nl//SolarKSP/data/atdb_process/solar_bf_compressing/3786/862616/dynamic_spectra/LOFAR_20220531_190000_LBA_OUTER_S0.fits,2022-05-31,19:00:00.000000,862616_2022-05-31_19:00:00.000000,3
1440,862622_2022-06-01_06:30:00.000000,https://spaceweather.astron.nl//SolarKSP/data/atdb_process/solar_bf_compressing/3829/862622/dynamic_spectra/LOFAR_20220601_063000_LBA_OUTER_S0.fits,2022-06-01,06:30:00.000000,862622_2022-06-01_06:30:00.000000,3
1418,862622_2022-06-01_06:45:00.000000,https://spaceweather.astron.nl//SolarKSP/data/atdb_process/solar_bf_compressing/3829/862622/dynamic_spectra/LOFAR_20220601_064500_LBA_OUTER_S0.fits,2022-06-01,06:45:00.000000,862622_2022-06-01_06:45:00.000000,3
1417,862622_2022-06-01_07:00:00.000000,https://spaceweather.astron.nl//SolarKSP/data/atdb_process/solar_bf_compressing/3829/862622/dynamic_spectra/LOFAR_20220601_070000_LBA_OUTER_S0.fits,2022-06-01,07:00:00.000000,862622_2022-06-01_07:00:00.000000,3
1436,862622_2022-06-01_07:15:00.000000,https://spaceweather.astron.nl//SolarKSP/data/atdb_process/solar_bf_compressing/3829/862622/dynamic_spectra/LOFAR_20220601_071500_LBA_OUTER_S0.fits,2022-06-01,07:15:00.000000,862622_2022-06-01_07:15:00.000000,3
1426,862622_2022-06-01_07:30:00.000000,https://spaceweather.astron.nl//SolarKSP/data/atdb_process/solar_bf_compressing/3829/862622/dynamic_spectra/LOFAR_20220601_073000_LBA_OUTER_S0.fits,2022-06-01,07:30:00.000000,862622_2022-06-01_07:30:00.000000,3
1405,862622_2022-06-01_07:45:00.000000,https://spaceweather.astron.nl//SolarKSP/data/atdb_process/solar_bf_compressing/3829/862622/dynamic_spectra/LOFAR_20220601_074500_LBA_OUTER_S0.fits,2022-06-01,07:45:00.000000,862622_2022-06-01_07:45:00.000000,3
1427,862622_2022-06-01_08:00:00.000000,https://spaceweather.astron.nl//SolarKSP/data/atdb_process/solar_bf_compressing/3829/862622/dynamic_spectra/LOFAR_20220601_080000_LBA_OUTER_S0.fits,2022-06-01,08:00:00.000000,862622_2022-06-01_08:00:00.000000,3
1395,862622_2022-06-01_08:15:00.000000,https://spaceweather.astron.nl//SolarKSP/data/atdb_process/solar_bf_compressing/3829/862622/dynamic_spectra/LOFAR_20220601_081500_LBA_OUTER_S0.fits,2022-06-01,08:15:00.000000,862622_2022-06-01_08:15:00.000000,3
1416,862622_2022-06-01_08:30:00.000000,https://spaceweather.astron.nl//SolarKSP/data/atdb_process/solar_bf_compressing/3829/862622/dynamic_spectra/LOFAR_20220601_083000_LBA_OUTER_S0.fits,2022-06-01,08:30:00.000000,862622_2022-06-01_08:30:00.000000,3
1443,862622_2022-06-01_08:45:00.000000,https://spaceweather.astron.nl//SolarKSP/data/atdb_process/solar_bf_compressing/3829/862622/dynamic_spectra/LOFAR_20220601_084500_LBA_OUTER_S0.fits,2022-06-01,08:45:00.000000,862622_2022-06-01_08:45:00.000000,3
1442,862622_2022-06-01_09:00:00.000000,https://spaceweather.astron.nl//SolarKSP/data/atdb_process/solar_bf_compressing/3829/862622/dynamic_spectra/LOFAR_20220601_090000_LBA_OUTER_S0.fits,2022-06-01,09:00:00.000000,862622_2022-06-01_09:00:00.000000,3
1407,862622_2022-06-01_09:15:00.000000,https://spaceweather.astron.nl//SolarKSP/data/atdb_process/solar_bf_compressing/3829/862622/dynamic_spectra/LOFAR_20220601_091500_LBA_OUTER_S0.fits,2022-06-01,09:15:00.000000,862622_2022-06-01_09:15:00.000000,3
1403,862622_2022-06-01_09:30:00.000000,https://spaceweather.astron.nl//SolarKSP/data/atdb_process/solar_bf_compressing/3829/862622/dynamic_spectra/LOFAR_20220601_093000_LBA_OUTER_S0.fits,2022-06-01,09:30:00.000000,862622_2022-06-01_09:30:00.000000,3
1430,862622_2022-06-01_09:45:00.000000,https://spaceweather.astron.nl//SolarKSP/data/atdb_process/solar_bf_compressing/3829/862622/dynamic_spectra/LOFAR_20220601_094500_LBA_OUTER_S0.fits,2022-06-01,09:45:00.000000,862622_2022-06-01_09:45:00.000000,3
1394,862622_2022-06-01_10:00:00.000000,https://spaceweather.astron.nl//SolarKSP/data/atdb_process/solar_bf_compressing/3829/862622/dynamic_spectra/LOFAR_20220601_100000_LBA_OUTER_S0.fits,2022-06-01,10:00:00.000000,862622_2022-06-01_10:00:00.000000,3
1428,862622_2022-06-01_10:15:00.000000,https://spaceweather.astron.nl//SolarKSP/data/atdb_process/solar_bf_compressing/3829/862622/dynamic_spectra/LOFAR_20220601_101500_LBA_OUTER_S0.fits,2022-06-01,10:15:00.000000,862622_2022-06-01_10:15:00.000000,3
1437,862622_2022-06-01_10:30:00.000000,https://spaceweather.astron.nl//SolarKSP/data/atdb_process/solar_bf_compressing/3829/862622/dynamic_spectra/LOFAR_20220601_103000_LBA_OUTER_S0.fits,2022-06-01,10:30:00.000000,862622_2022-06-01_10:30:00.000000,3
1411,862622_2022-06-01_10:45:00.000000,https://spaceweather.astron.nl//SolarKSP/data/atdb_process/solar_bf_compressing/3829/862622/dynamic_spectra/LOFAR_20220601_104500_LBA_OUTER_S0.fits,2022-06-01,10:45:00.000000,862622_2022-06-01_10:45:00.000000,3
1408,862622_2022-06-01_11:00:00.000000,https://spaceweather.astron.nl//SolarKSP/data/atdb_process/solar_bf_compressing/3829/862622/dynamic_spectra/LOFAR_20220601_110000_LBA_OUTER_S0.fits,2022-06-01,11:00:00.000000,862622_2022-06-01_11:00:00.000000,3
1441,862622_2022-06-01_11:15:00.000000,https://spaceweather.astron.nl//SolarKSP/data/atdb_process/solar_bf_compressing/3829/862622/dynamic_spectra/LOFAR_20220601_111500_LBA_OUTER_S0.fits,2022-06-01,11:15:00.000000,862622_2022-06-01_11:15:00.000000,3
1423,862622_2022-06-01_11:30:00.000000,https://spaceweather.astron.nl//SolarKSP/data/atdb_process/solar_bf_compressing/3829/862622/dynamic_spectra/LOFAR_20220601_113000_LBA_OUTER_S0.fits,2022-06-01,11:30:00.000000,862622_2022-06-01_11:30:00.000000,3
1397,862622_2022-06-01_11:45:00.000000,https://spaceweather.astron.nl//SolarKSP/data/atdb_process/solar_bf_compressing/3829/862622/dynamic_spectra/LOFAR_20220601_114500_LBA_OUTER_S0.fits,2022-06-01,11:45:00.000000,862622_2022-06-01_11:45:00.000000,3
1421,862622_2022-06-01_12:00:00.000000,https://spaceweather.astron.nl//SolarKSP/data/atdb_process/solar_bf_compressing/3829/862622/dynamic_spectra/LOFAR_20220601_120000_LBA_OUTER_S0.fits,2022-06-01,12:00:00.000000,862622_2022-06-01_12:00:00.000000,3
1402,862622_2022-06-01_12:15:00.000000,https://spaceweather.astron.nl//SolarKSP/data/atdb_process/solar_bf_compressing/3829/862622/dynamic_spectra/LOFAR_20220601_121500_LBA_OUTER_S0.fits,2022-06-01,12:15:00.000000,862622_2022-06-01_12:15:00.000000,3
1413,862622_2022-06-01_12:30:00.000000,https://spaceweather.astron.nl//SolarKSP/data/atdb_process/solar_bf_compressing/3829/862622/dynamic_spectra/LOFAR_20220601_123000_LBA_OUTER_S0.fits,2022-06-01,12:30:00.000000,862622_2022-06-01_12:30:00.000000,3
1432,862622_2022-06-01_12:45:00.000000,https://spaceweather.astron.nl//SolarKSP/data/atdb_process/solar_bf_compressing/3829/862622/dynamic_spectra/LOFAR_20220601_124500_LBA_OUTER_S0.fits,2022-06-01,12:45:00.000000,862622_2022-06-01_12:45:00.000000,3
1434,862622_2022-06-01_13:00:00.000000,https://spaceweather.astron.nl//SolarKSP/data/atdb_process/solar_bf_compressing/3829/862622/dynamic_spectra/LOFAR_20220601_130000_LBA_OUTER_S0.fits,2022-06-01,13:00:00.000000,862622_2022-06-01_13:00:00.000000,3
1415,862622_2022-06-01_13:15:00.000000,https://spaceweather.astron.nl//SolarKSP/data/atdb_process/solar_bf_compressing/3829/862622/dynamic_spectra/LOFAR_20220601_131500_LBA_OUTER_S0.fits,2022-06-01,13:15:00.000000,862622_2022-06-01_13:15:00.000000,3
1400,862622_2022-06-01_13:30:00.000000,https://spaceweather.astron.nl//SolarKSP/data/atdb_process/solar_bf_compressing/3829/862622/dynamic_spectra/LOFAR_20220601_133000_LBA_OUTER_S0.fits,2022-06-01,13:30:00.000000,862622_2022-06-01_13:30:00.000000,3
1419,862622_2022-06-01_13:45:00.000000,https://spaceweather.astron.nl//SolarKSP/data/atdb_process/solar_bf_compressing/3829/862622/dynamic_spectra/LOFAR_20220601_134500_LBA_OUTER_S0.fits,2022-06-01,13:45:00.000000,862622_2022-06-01_13:45:00.000000,3
1420,862622_2022-06-01_14:00:00.000000,https://spaceweather.astron.nl//SolarKSP/data/atdb_process/solar_bf_compressing/3829/862622/dynamic_spectra/LOFAR_20220601_140000_LBA_OUTER_S0.fits,2022-06-01,14:00:00.000000,862622_2022-06-01_14:00:00.000000,3
1401,862622_2022-06-01_14:15:00.000000,https://spaceweather.astron.nl//SolarKSP/data/atdb_process/solar_bf_compressing/3829/862622/dynamic_spectra/LOFAR_20220601_141500_LBA_OUTER_S0.fits,2022-06-01,14:15:00.000000,862622_2022-06-01_14:15:00.000000,1
1412,862622_2022-06-01_14:30:00.000000,https://spaceweather.astron.nl//SolarKSP/data/atdb_process/solar_bf_compressing/3829/862622/dynamic_spectra/LOFAR_20220601_143000_LBA_OUTER_S0.fits,2022-06-01,14:30:00.000000,862622_2022-06-01_14:30:00.000000,3
1433,862622_2022-06-01_14:45:00.000000,https://spaceweather.astron.nl//SolarKSP/data/atdb_process/solar_bf_compressing/3829/862622/dynamic_spectra/LOFAR_20220601_144500_LBA_OUTER_S0.fits,2022-06-01,14:45:00.000000,862622_2022-06-01_14:45:00.000000,3
1431,862622_2022-06-01_15:00:00.000000,https://spaceweather.astron.nl//SolarKSP/data/atdb_process/solar_bf_compressing/3829/862622/dynamic_spectra/LOFAR_20220601_150000_LBA_OUTER_S0.fits,2022-06-01,15:00:00.000000,862622_2022-06-01_15:00:00.000000,6
1414,862622_2022-06-01_15:15:00.000000,https://spaceweather.astron.nl//SolarKSP/data/atdb_process/solar_bf_compressing/3829/862622/dynamic_spectra/LOFAR_20220601_151500_LBA_OUTER_S0.fits,2022-06-01,15:15:00.000000,862622_2022-06-01_15:15:00.000000,3
1399,862622_2022-06-01_15:30:00.000000,https://spaceweather.astron.nl//SolarKSP/data/atdb_process/solar_bf_compressing/3829/862622/dynamic_spectra/LOFAR_20220601_153000_LBA_OUTER_S0.fits,2022-06-01,15:30:00.000000,862622_2022-06-01_15:30:00.000000,1
1422,862622_2022-06-01_15:45:00.000000,https://spaceweather.astron.nl//SolarKSP/data/atdb_process/solar_bf_compressing/3829/862622/dynamic_spectra/LOFAR_20220601_154500_LBA_OUTER_S0.fits,2022-06-01,15:45:00.000000,862622_2022-06-01_15:45:00.000000,3
1398,862622_2022-06-01_16:00:00.000000,https://spaceweather.astron.nl//SolarKSP/data/atdb_process/solar_bf_compressing/3829/862622/dynamic_spectra/LOFAR_20220601_160000_LBA_OUTER_S0.fits,2022-06-01,16:00:00.000000,862622_2022-06-01_16:00:00.000000,3
1429,862622_2022-06-01_16:15:00.000000,https://spaceweather.astron.nl//SolarKSP/data/atdb_process/solar_bf_compressing/3829/862622/dynamic_spectra/LOFAR_20220601_161500_LBA_OUTER_S0.fits,2022-06-01,16:15:00.000000,862622_2022-06-01_16:15:00.000000,3
1439,862622_2022-06-01_16:30:00.000000,https://spaceweather.astron.nl//SolarKSP/data/atdb_process/solar_bf_compressing/3829/862622/dynamic_spectra/LOFAR_20220601_163000_LBA_OUTER_S0.fits,2022-06-01,16:30:00.000000,862622_2022-06-01_16:30:00.000000,3
1406,862622_2022-06-01_16:45:00.000000,https://spaceweather.astron.nl//SolarKSP/data/atdb_process/solar_bf_compressing/3829/862622/dynamic_spectra/LOFAR_20220601_164500_LBA_OUTER_S0.fits,2022-06-01,16:45:00.000000,862622_2022-06-01_16:45:00.000000,3
1409,862622_2022-06-01_17:00:00.000000,https://spaceweather.astron.nl//SolarKSP/data/atdb_process/solar_bf_compressing/3829/862622/dynamic_spectra/LOFAR_20220601_170000_LBA_OUTER_S0.fits,2022-06-01,17:00:00.000000,862622_2022-06-01_17:00:00.000000,3
1444,862622_2022-06-01_17:15:00.000000,https://spaceweather.astron.nl//SolarKSP/data/atdb_process/solar_bf_compressing/3829/862622/dynamic_spectra/LOFAR_20220601_171500_LBA_OUTER_S0.fits,2022-06-01,17:15:00.000000,862622_2022-06-01_17:15:00.000000,3
1425,862622_2022-06-01_17:30:00.000000,https://spaceweather.astron.nl//SolarKSP/data/atdb_process/solar_bf_compressing/3829/862622/dynamic_spectra/LOFAR_20220601_173000_LBA_OUTER_S0.fits,2022-06-01,17:30:00.000000,862622_2022-06-01_17:30:00.000000,6
1396,862622_2022-06-01_17:45:00.000000,https://spaceweather.astron.nl//SolarKSP/data/atdb_process/solar_bf_compressing/3829/862622/dynamic_spectra/LOFAR_20220601_174500_LBA_OUTER_S0.fits,2022-06-01,17:45:00.000000,862622_2022-06-01_17:45:00.000000,6
1424,862622_2022-06-01_18:00:00.000000,https://spaceweather.astron.nl//SolarKSP/data/atdb_process/solar_bf_compressing/3829/862622/dynamic_spectra/LOFAR_20220601_180000_LBA_OUTER_S0.fits,2022-06-01,18:00:00.000000,862622_2022-06-01_18:00:00.000000,6
1404,862622_2022-06-01_18:15:00.000000,https://spaceweather.astron.nl//SolarKSP/data/atdb_process/solar_bf_compressing/3829/862622/dynamic_spectra/LOFAR_20220601_181500_LBA_OUTER_S0.fits,2022-06-01,18:15:00.000000,862622_2022-06-01_18:15:00.000000,3
1410,862622_2022-06-01_18:30:00.000000,https://spaceweather.astron.nl//SolarKSP/data/atdb_process/solar_bf_compressing/3829/862622/dynamic_spectra/LOFAR_20220601_183000_LBA_OUTER_S0.fits,2022-06-01,18:30:00.000000,862622_2022-06-01_18:30:00.000000,3
1435,862622_2022-06-01_18:45:00.000000,https://spaceweather.astron.nl//SolarKSP/data/atdb_process/solar_bf_compressing/3829/862622/dynamic_spectra/LOFAR_20220601_184500_LBA_OUTER_S0.fits,2022-06-01,18:45:00.000000,862622_2022-06-01_18:45:00.000000,3
1438,862622_2022-06-01_19:00:00.000000,https://spaceweather.astron.nl//SolarKSP/data/atdb_process/solar_bf_compressing/3829/862622/dynamic_spectra/LOFAR_20220601_190000_LBA_OUTER_S0.fits,2022-06-01,19:00:00.000000,862622_2022-06-01_19:00:00.000000,3
15,863014_2022-06-02_07:00:00.000000,https://spaceweather.astron.nl//SolarKSP/data/atdb_process/solar_bf_compressing/4147/863014/dynamic_spectra/LOFAR_20220602_070000_LBA_OUTER_S0.fits,2022-06-02,07:00:00.000000,863014_2022-06-02_07:00:00.000000,3
28,863016_2022-06-02_07:00:00.000000,https://spaceweather.astron.nl//SolarKSP/data/atdb_process/solar_bf_compressing/4148/863016/dynamic_spectra/LOFAR_20220602_070000_HBA_DUAL_S0.fits,2022-06-02,07:00:00.000000,863016_2022-06-02_07:00:00.000000,1
339,863014_2022-06-02_07:15:00.000000,https://spaceweather.astron.nl//SolarKSP/data/atdb_process/solar_bf_compressing/4147/863014/dynamic_spectra/LOFAR_20220602_071500_LBA_OUTER_S0.fits,2022-06-02,07:15:00.000000,863014_2022-06-02_07:15:00.000000,3
27,863014_2022-06-02_07:30:00.000000,https://spaceweather.astron.nl//SolarKSP/data/atdb_process/solar_bf_compressing/4147/863014/dynamic_spectra/LOFAR_20220602_073000_LBA_OUTER_S0.fits,2022-06-02,07:30:00.000000,863014_2022-06-02_07:30:00.000000,3
31,863016_2022-06-02_07:30:00.000000,https://spaceweather.astron.nl//SolarKSP/data/atdb_process/solar_bf_compressing/4148/863016/dynamic_spectra/LOFAR_20220602_073000_HBA_DUAL_S0.fits,2022-06-02,07:30:00.000000,863016_2022-06-02_07:30:00.000000,1
337,863014_2022-06-02_07:45:00.000000,https://spaceweather.astron.nl//SolarKSP/data/atdb_process/solar_bf_compressing/4147/863014/dynamic_spectra/LOFAR_20220602_074500_LBA_OUTER_S0.fits,2022-06-02,07:45:00.000000,863014_2022-06-02_07:45:00.000000,3
24,863014_2022-06-02_08:00:00.000000,https://spaceweather.astron.nl//SolarKSP/data/atdb_process/solar_bf_compressing/4147/863014/dynamic_spectra/LOFAR_20220602_080000_LBA_OUTER_S0.fits,2022-06-02,08:00:00.000000,863014_2022-06-02_08:00:00.000000,3
36,863016_2022-06-02_08:00:00.000000,https://spaceweather.astron.nl//SolarKSP/data/atdb_process/solar_bf_compressing/4148/863016/dynamic_spectra/LOFAR_20220602_080000_HBA_DUAL_S0.fits,2022-06-02,08:00:00.000000,863016_2022-06-02_08:00:00.000000,1
334,863014_2022-06-02_08:15:00.000000,https://spaceweather.astron.nl//SolarKSP/data/atdb_process/solar_bf_compressing/4147/863014/dynamic_spectra/LOFAR_20220602_081500_LBA_OUTER_S0.fits,2022-06-02,08:15:00.000000,863014_2022-06-02_08:15:00.000000,3
21,863014_2022-06-02_08:30:00.000000,https://spaceweather.astron.nl//SolarKSP/data/atdb_process/solar_bf_compressing/4147/863014/dynamic_spectra/LOFAR_20220602_083000_LBA_OUTER_S0.fits,2022-06-02,08:30:00.000000,863014_2022-06-02_08:30:00.000000,3
33,863016_2022-06-02_08:30:00.000000,https://spaceweather.astron.nl//SolarKSP/data/atdb_process/solar_bf_compressing/4148/863016/dynamic_spectra/LOFAR_20220602_083000_HBA_DUAL_S0.fits,2022-06-02,08:30:00.000000,863016_2022-06-02_08:30:00.000000,1
340,863014_2022-06-02_08:45:00.000000,https://spaceweather.astron.nl//SolarKSP/data/atdb_process/solar_bf_compressing/4147/863014/dynamic_spectra/LOFAR_20220602_084500_LBA_OUTER_S0.fits,2022-06-02,08:45:00.000000,863014_2022-06-02_08:45:00.000000,3
18,863014_2022-06-02_09:00:00.000000,https://spaceweather.astron.nl//SolarKSP/data/atdb_process/solar_bf_compressing/4147/863014/dynamic_spectra/LOFAR_20220602_090000_LBA_OUTER_S0.fits,2022-06-02,09:00:00.000000,863014_2022-06-02_09:00:00.000000,3
39,863016_2022-06-02_09:00:00.000000,https://spaceweather.astron.nl//SolarKSP/data/atdb_process/solar_bf_compressing/4148/863016/dynamic_spectra/LOFAR_20220602_090000_HBA_DUAL_S0.fits,2022-06-02,09:00:00.000000,863016_2022-06-02_09:00:00.000000,1
331,863014_2022-06-02_09:15:00.000000,https://spaceweather.astron.nl//SolarKSP/data/atdb_process/solar_bf_compressing/4147/863014/dynamic_spectra/LOFAR_20220602_091500_LBA_OUTER_S0.fits,2022-06-02,09:15:00.000000,863014_2022-06-02_09:15:00.000000,3
23,863014_2022-06-02_09:30:00.000000,https://spaceweather.astron.nl//SolarKSP/data/atdb_process/solar_bf_compressing/4147/863014/dynamic_spectra/LOFAR_20220602_093000_LBA_OUTER_S0.fits,2022-06-02,09:30:00.000000,863014_2022-06-02_09:30:00.000000,3
38,863016_2022-06-02_09:30:00.000000,https://spaceweather.astron.nl//SolarKSP/data/atdb_process/solar_bf_compressing/4148/863016/dynamic_spectra/LOFAR_20220602_093000_HBA_DUAL_S0.fits,2022-06-02,09:30:00.000000,863016_2022-06-02_09:30:00.000000,1
342,863014_2022-06-02_09:45:00.000000,https://spaceweather.astron.nl//SolarKSP/data/atdb_process/solar_bf_compressing/4147/863014/dynamic_spectra/LOFAR_20220602_094500_LBA_OUTER_S0.fits,2022-06-02,09:45:00.000000,863014_2022-06-02_09:45:00.000000,3
22,863014_2022-06-02_10:00:00.000000,https://spaceweather.astron.nl//SolarKSP/data/atdb_process/solar_bf_compressing/4147/863014/dynamic_spectra/LOFAR_20220602_100000_LBA_OUTER_S0.fits,2022-06-02,10:00:00.000000,863014_2022-06-02_10:00:00.000000,3
34,863016_2022-06-02_10:00:00.000000,https://spaceweather.astron.nl//SolarKSP/data/atdb_process/solar_bf_compressing/4148/863016/dynamic_spectra/LOFAR_20220602_100000_HBA_DUAL_S0.fits,2022-06-02,10:00:00.000000,863016_2022-06-02_10:00:00.000000,1
343,863014_2022-06-02_10:15:00.000000,https://spaceweather.astron.nl//SolarKSP/data/atdb_process/solar_bf_compressing/4147/863014/dynamic_spectra/LOFAR_20220602_101500_LBA_OUTER_S0.fits,2022-06-02,10:15:00.000000,863014_2022-06-02_10:15:00.000000,1
19,863014_2022-06-02_10:30:00.000000,https://spaceweather.astron.nl//SolarKSP/data/atdb_process/solar_bf_compressing/4147/863014/dynamic_spectra/LOFAR_20220602_103000_LBA_OUTER_S0.fits,2022-06-02,10:30:00.000000,863014_2022-06-02_10:30:00.000000,3
35,863016_2022-06-02_10:30:00.000000,https://spaceweather.astron.nl//SolarKSP/data/atdb_process/solar_bf_compressing/4148/863016/dynamic_spectra/LOFAR_20220602_103000_HBA_DUAL_S0.fits,2022-06-02,10:30:00.000000,863016_2022-06-02_10:30:00.000000,1
330,863014_2022-06-02_10:45:00.000000,https://spaceweather.astron.nl//SolarKSP/data/atdb_process/solar_bf_compressing/4147/863014/dynamic_spectra/LOFAR_20220602_104500_LBA_OUTER_S0.fits,2022-06-02,10:45:00.000000,863014_2022-06-02_10:45:00.000000,1
20,863014_2022-06-02_11:00:00.000000,https://spaceweather.astron.nl//SolarKSP/data/atdb_process/solar_bf_compressing/4147/863014/dynamic_spectra/LOFAR_20220602_110000_LBA_OUTER_S0.fits,2022-06-02,11:00:00.000000,863014_2022-06-02_11:00:00.000000,3
37,863016_2022-06-02_11:00:00.000000,https://spaceweather.astron.nl//SolarKSP/data/atdb_process/solar_bf_compressing/4148/863016/dynamic_spectra/LOFAR_20220602_110000_HBA_DUAL_S0.fits,2022-06-02,11:00:00.000000,863016_2022-06-02_11:00:00.000000,1
341,863014_2022-06-02_11:15:00.000000,https://spaceweather.astron.nl//SolarKSP/data/atdb_process/solar_bf_compressing/4147/863014/dynamic_spectra/LOFAR_20220602_111500_LBA_OUTER_S0.fits,2022-06-02,11:15:00.000000,863014_2022-06-02_11:15:00.000000,3
25,863014_2022-06-02_11:30:00.000000,https://spaceweather.astron.nl//SolarKSP/data/atdb_process/solar_bf_compressing/4147/863014/dynamic_spectra/LOFAR_20220602_113000_LBA_OUTER_S0.fits,2022-06-02,11:30:00.000000,863014_2022-06-02_11:30:00.000000,3
40,863016_2022-06-02_11:30:00.000000,https://spaceweather.astron.nl//SolarKSP/data/atdb_process/solar_bf_compressing/4148/863016/dynamic_spectra/LOFAR_20220602_113000_HBA_DUAL_S0.fits,2022-06-02,11:30:00.000000,863016_2022-06-02_11:30:00.000000,1
333,863014_2022-06-02_11:45:00.000000,https://spaceweather.astron.nl//SolarKSP/data/atdb_process/solar_bf_compressing/4147/863014/dynamic_spectra/LOFAR_20220602_114500_LBA_OUTER_S0.fits,2022-06-02,11:45:00.000000,863014_2022-06-02_11:45:00.000000,3
26,863014_2022-06-02_12:00:00.000000,https://spaceweather.astron.nl//SolarKSP/data/atdb_process/solar_bf_compressing/4147/863014/dynamic_spectra/LOFAR_20220602_120000_LBA_OUTER_S0.fits,2022-06-02,12:00:00.000000,863014_2022-06-02_12:00:00.000000,3
29,863016_2022-06-02_12:00:00.000000,https://spaceweather.astron.nl//SolarKSP/data/atdb_process/solar_bf_compressing/4148/863016/dynamic_spectra/LOFAR_20220602_120000_HBA_DUAL_S0.fits,2022-06-02,12:00:00.000000,863016_2022-06-02_12:00:00.000000,1
336,863014_2022-06-02_12:15:00.000000,https://spaceweather.astron.nl//SolarKSP/data/atdb_process/solar_bf_compressing/4147/863014/dynamic_spectra/LOFAR_20220602_121500_LBA_OUTER_S0.fits,2022-06-02,12:15:00.000000,863014_2022-06-02_12:15:00.000000,1
16,863014_2022-06-02_12:30:00.000000,https://spaceweather.astron.nl//SolarKSP/data/atdb_process/solar_bf_compressing/4147/863014/dynamic_spectra/LOFAR_20220602_123000_LBA_OUTER_S0.fits,2022-06-02,12:30:00.000000,863014_2022-06-02_12:30:00.000000,3
30,863016_2022-06-02_12:30:00.000000,https://spaceweather.astron.nl//SolarKSP/data/atdb_process/solar_bf_compressing/4148/863016/dynamic_spectra/LOFAR_20220602_123000_HBA_DUAL_S0.fits,2022-06-02,12:30:00.000000,863016_2022-06-02_12:30:00.000000,1
338,863014_2022-06-02_12:45:00.000000,https://spaceweather.astron.nl//SolarKSP/data/atdb_process/solar_bf_compressing/4147/863014/dynamic_spectra/LOFAR_20220602_124500_LBA_OUTER_S0.fits,2022-06-02,12:45:00.000000,863014_2022-06-02_12:45:00.000000,3
17,863014_2022-06-02_13:00:00.000000,https://spaceweather.astron.nl//SolarKSP/data/atdb_process/solar_bf_compressing/4147/863014/dynamic_spectra/LOFAR_20220602_130000_LBA_OUTER_S0.fits,2022-06-02,13:00:00.000000,863014_2022-06-02_13:00:00.000000,3
32,863016_2022-06-02_13:00:00.000000,https://spaceweather.astron.nl//SolarKSP/data/atdb_process/solar_bf_compressing/4148/863016/dynamic_spectra/LOFAR_20220602_130000_HBA_DUAL_S0.fits,2022-06-02,13:00:00.000000,863016_2022-06-02_13:00:00.000000,1
332,863014_2022-06-02_13:15:00.000000,https://spaceweather.astron.nl//SolarKSP/data/atdb_process/solar_bf_compressing/4147/863014/dynamic_spectra/LOFAR_20220602_131500_LBA_OUTER_S0.fits,2022-06-02,13:15:00.000000,863014_2022-06-02_13:15:00.000000,3
335,863014_2022-06-02_13:30:00.000000,https://spaceweather.astron.nl//SolarKSP/data/atdb_process/solar_bf_compressing/4147/863014/dynamic_spectra/LOFAR_20220602_133000_LBA_OUTER_S0.fits,2022-06-02,13:30:00.000000,863014_2022-06-02_13:30:00.000000,3
2314,863824_2022-06-08_06:30:00.000000,https://spaceweather.astron.nl//SolarKSP/data/atdb_process/solar_bf_compressing/3787/863824/dynamic_spectra/LOFAR_20220608_063000_LBA_OUTER_S0.fits,2022-06-08,06:30:00.000000,863824_2022-06-08_06:30:00.000000,6
2289,863824_2022-06-08_06:45:00.000000,https://spaceweather.astron.nl//SolarKSP/data/atdb_process/solar_bf_compressing/3787/863824/dynamic_spectra/LOFAR_20220608_064500_LBA_OUTER_S0.fits,2022-06-08,06:45:00.000000,863824_2022-06-08_06:45:00.000000,6
2287,863824_2022-06-08_07:00:00.000000,https://spaceweather.astron.nl//SolarKSP/data/atdb_process/solar_bf_compressing/3787/863824/dynamic_spectra/LOFAR_20220608_070000_LBA_OUTER_S0.fits,2022-06-08,07:00:00.000000,863824_2022-06-08_07:00:00.000000,6
2318,863824_2022-06-08_07:15:00.000000,https://spaceweather.astron.nl//SolarKSP/data/atdb_process/solar_bf_compressing/3787/863824/dynamic_spectra/LOFAR_20220608_071500_LBA_OUTER_S0.fits,2022-06-08,07:15:00.000000,863824_2022-06-08_07:15:00.000000,6
2328,863824_2022-06-08_07:30:00.000000,https://spaceweather.astron.nl//SolarKSP/data/atdb_process/solar_bf_compressing/3787/863824/dynamic_spectra/LOFAR_20220608_073000_LBA_OUTER_S0.fits,2022-06-08,07:30:00.000000,863824_2022-06-08_07:30:00.000000,6
2301,863824_2022-06-08_07:45:00.000000,https://spaceweather.astron.nl//SolarKSP/data/atdb_process/solar_bf_compressing/3787/863824/dynamic_spectra/LOFAR_20220608_074500_LBA_OUTER_S0.fits,2022-06-08,07:45:00.000000,863824_2022-06-08_07:45:00.000000,6
2326,863824_2022-06-08_08:00:00.000000,https://spaceweather.astron.nl//SolarKSP/data/atdb_process/solar_bf_compressing/3787/863824/dynamic_spectra/LOFAR_20220608_080000_LBA_OUTER_S0.fits,2022-06-08,08:00:00.000000,863824_2022-06-08_08:00:00.000000,6
2309,863824_2022-06-08_08:15:00.000000,https://spaceweather.astron.nl//SolarKSP/data/atdb_process/solar_bf_compressing/3787/863824/dynamic_spectra/LOFAR_20220608_081500_LBA_OUTER_S0.fits,2022-06-08,08:15:00.000000,863824_2022-06-08_08:15:00.000000,6
2288,863824_2022-06-08_08:30:00.000000,https://spaceweather.astron.nl//SolarKSP/data/atdb_process/solar_bf_compressing/3787/863824/dynamic_spectra/LOFAR_20220608_083000_LBA_OUTER_S0.fits,2022-06-08,08:30:00.000000,863824_2022-06-08_08:30:00.000000,6
2316,863824_2022-06-08_08:45:00.000000,https://spaceweather.astron.nl//SolarKSP/data/atdb_process/solar_bf_compressing/3787/863824/dynamic_spectra/LOFAR_20220608_084500_LBA_OUTER_S0.fits,2022-06-08,08:45:00.000000,863824_2022-06-08_08:45:00.000000,6
2313,863824_2022-06-08_09:00:00.000000,https://spaceweather.astron.nl//SolarKSP/data/atdb_process/solar_bf_compressing/3787/863824/dynamic_spectra/LOFAR_20220608_090000_LBA_OUTER_S0.fits,2022-06-08,09:00:00.000000,863824_2022-06-08_09:00:00.000000,6
2294,863824_2022-06-08_09:15:00.000000,https://spaceweather.astron.nl//SolarKSP/data/atdb_process/solar_bf_compressing/3787/863824/dynamic_spectra/LOFAR_20220608_091500_LBA_OUTER_S0.fits,2022-06-08,09:15:00.000000,863824_2022-06-08_09:15:00.000000,6
2300,863824_2022-06-08_09:30:00.000000,https://spaceweather.astron.nl//SolarKSP/data/atdb_process/solar_bf_compressing/3787/863824/dynamic_spectra/LOFAR_20220608_093000_LBA_OUTER_S0.fits,2022-06-08,09:30:00.000000,863824_2022-06-08_09:30:00.000000,3
2329,863824_2022-06-08_09:45:00.000000,https://spaceweather.astron.nl//SolarKSP/data/atdb_process/solar_bf_compressing/3787/863824/dynamic_spectra/LOFAR_20220608_094500_LBA_OUTER_S0.fits,2022-06-08,09:45:00.000000,863824_2022-06-08_09:45:00.000000,3
2308,863824_2022-06-08_10:00:00.000000,https://spaceweather.astron.nl//SolarKSP/data/atdb_process/solar_bf_compressing/3787/863824/dynamic_spectra/LOFAR_20220608_100000_LBA_OUTER_S0.fits,2022-06-08,10:00:00.000000,863824_2022-06-08_10:00:00.000000,3
2327,863824_2022-06-08_10:15:00.000000,https://spaceweather.astron.nl//SolarKSP/data/atdb_process/solar_bf_compressing/3787/863824/dynamic_spectra/LOFAR_20220608_101500_LBA_OUTER_S0.fits,2022-06-08,10:15:00.000000,863824_2022-06-08_10:15:00.000000,3
2317,863824_2022-06-08_10:30:00.000000,https://spaceweather.astron.nl//SolarKSP/data/atdb_process/solar_bf_compressing/3787/863824/dynamic_spectra/LOFAR_20220608_103000_LBA_OUTER_S0.fits,2022-06-08,10:30:00.000000,863824_2022-06-08_10:30:00.000000,6
2297,863824_2022-06-08_10:45:00.000000,https://spaceweather.astron.nl//SolarKSP/data/atdb_process/solar_bf_compressing/3787/863824/dynamic_spectra/LOFAR_20220608_104500_LBA_OUTER_S0.fits,2022-06-08,10:45:00.000000,863824_2022-06-08_10:45:00.000000,6
2295,863824_2022-06-08_11:00:00.000000,https://spaceweather.astron.nl//SolarKSP/data/atdb_process/solar_bf_compressing/3787/863824/dynamic_spectra/LOFAR_20220608_110000_LBA_OUTER_S0.fits,2022-06-08,11:00:00.000000,863824_2022-06-08_11:00:00.000000,3
2312,863824_2022-06-08_11:15:00.000000,https://spaceweather.astron.nl//SolarKSP/data/atdb_process/solar_bf_compressing/3787/863824/dynamic_spectra/LOFAR_20220608_111500_LBA_OUTER_S0.fits,2022-06-08,11:15:00.000000,863824_2022-06-08_11:15:00.000000,6
2331,863824_2022-06-08_11:30:00.000000,https://spaceweather.astron.nl//SolarKSP/data/atdb_process/solar_bf_compressing/3787/863824/dynamic_spectra/LOFAR_20220608_113000_LBA_OUTER_S0.fits,2022-06-08,11:30:00.000000,863824_2022-06-08_11:30:00.000000,6
2311,863824_2022-06-08_11:45:00.000000,https://spaceweather.astron.nl//SolarKSP/data/atdb_process/solar_bf_compressing/3787/863824/dynamic_spectra/LOFAR_20220608_114500_LBA_OUTER_S0.fits,2022-06-08,11:45:00.000000,863824_2022-06-08_11:45:00.000000,6
2337,863824_2022-06-08_12:00:00.000000,https://spaceweather.astron.nl//SolarKSP/data/atdb_process/solar_bf_compressing/3787/863824/dynamic_spectra/LOFAR_20220608_120000_LBA_OUTER_S0.fits,2022-06-08,12:00:00.000000,863824_2022-06-08_12:00:00.000000,6
2304,863824_2022-06-08_12:15:00.000000,https://spaceweather.astron.nl//SolarKSP/data/atdb_process/solar_bf_compressing/3787/863824/dynamic_spectra/LOFAR_20220608_121500_LBA_OUTER_S0.fits,2022-06-08,12:15:00.000000,863824_2022-06-08_12:15:00.000000,6
2293,863824_2022-06-08_12:30:00.000000,https://spaceweather.astron.nl//SolarKSP/data/atdb_process/solar_bf_compressing/3787/863824/dynamic_spectra/LOFAR_20220608_123000_LBA_OUTER_S0.fits,2022-06-08,12:30:00.000000,863824_2022-06-08_12:30:00.000000,6
2322,863824_2022-06-08_12:45:00.000000,https://spaceweather.astron.nl//SolarKSP/data/atdb_process/solar_bf_compressing/3787/863824/dynamic_spectra/LOFAR_20220608_124500_LBA_OUTER_S0.fits,2022-06-08,12:45:00.000000,863824_2022-06-08_12:45:00.000000,6
2324,863824_2022-06-08_13:00:00.000000,https://spaceweather.astron.nl//SolarKSP/data/atdb_process/solar_bf_compressing/3787/863824/dynamic_spectra/LOFAR_20220608_130000_LBA_OUTER_S0.fits,2022-06-08,13:00:00.000000,863824_2022-06-08_13:00:00.000000,6
2291,863824_2022-06-08_13:15:00.000000,https://spaceweather.astron.nl//SolarKSP/data/atdb_process/solar_bf_compressing/3787/863824/dynamic_spectra/LOFAR_20220608_131500_LBA_OUTER_S0.fits,2022-06-08,13:15:00.000000,863824_2022-06-08_13:15:00.000000,6
2306,863824_2022-06-08_13:30:00.000000,https://spaceweather.astron.nl//SolarKSP/data/atdb_process/solar_bf_compressing/3787/863824/dynamic_spectra/LOFAR_20220608_133000_LBA_OUTER_S0.fits,2022-06-08,13:30:00.000000,863824_2022-06-08_13:30:00.000000,6
2335,863824_2022-06-08_13:45:00.000000,https://spaceweather.astron.nl//SolarKSP/data/atdb_process/solar_bf_compressing/3787/863824/dynamic_spectra/LOFAR_20220608_134500_LBA_OUTER_S0.fits,2022-06-08,13:45:00.000000,863824_2022-06-08_13:45:00.000000,3
2334,863824_2022-06-08_14:00:00.000000,https://spaceweather.astron.nl//SolarKSP/data/atdb_process/solar_bf_compressing/3787/863824/dynamic_spectra/LOFAR_20220608_140000_LBA_OUTER_S0.fits,2022-06-08,14:00:00.000000,863824_2022-06-08_14:00:00.000000,6
2303,863824_2022-06-08_14:15:00.000000,https://spaceweather.astron.nl//SolarKSP/data/atdb_process/solar_bf_compressing/3787/863824/dynamic_spectra/LOFAR_20220608_141500_LBA_OUTER_S0.fits,2022-06-08,14:15:00.000000,863824_2022-06-08_14:15:00.000000,3
2292,863824_2022-06-08_14:30:00.000000,https://spaceweather.astron.nl//SolarKSP/data/atdb_process/solar_bf_compressing/3787/863824/dynamic_spectra/LOFAR_20220608_143000_LBA_OUTER_S0.fits,2022-06-08,14:30:00.000000,863824_2022-06-08_14:30:00.000000,6
2325,863824_2022-06-08_14:45:00.000000,https://spaceweather.astron.nl//SolarKSP/data/atdb_process/solar_bf_compressing/3787/863824/dynamic_spectra/LOFAR_20220608_144500_LBA_OUTER_S0.fits,2022-06-08,14:45:00.000000,863824_2022-06-08_14:45:00.000000,6
2323,863824_2022-06-08_15:00:00.000000,https://spaceweather.astron.nl//SolarKSP/data/atdb_process/solar_bf_compressing/3787/863824/dynamic_spectra/LOFAR_20220608_150000_LBA_OUTER_S0.fits,2022-06-08,15:00:00.000000,863824_2022-06-08_15:00:00.000000,6
2290,863824_2022-06-08_15:15:00.000000,https://spaceweather.astron.nl//SolarKSP/data/atdb_process/solar_bf_compressing/3787/863824/dynamic_spectra/LOFAR_20220608_151500_LBA_OUTER_S0.fits,2022-06-08,15:15:00.000000,863824_2022-06-08_15:15:00.000000,6
2305,863824_2022-06-08_15:30:00.000000,https://spaceweather.astron.nl//SolarKSP/data/atdb_process/solar_bf_compressing/3787/863824/dynamic_spectra/LOFAR_20220608_153000_LBA_OUTER_S0.fits,2022-06-08,15:30:00.000000,863824_2022-06-08_15:30:00.000000,6
2336,863824_2022-06-08_15:45:00.000000,https://spaceweather.astron.nl//SolarKSP/data/atdb_process/solar_bf_compressing/3787/863824/dynamic_spectra/LOFAR_20220608_154500_LBA_OUTER_S0.fits,2022-06-08,15:45:00.000000,863824_2022-06-08_15:45:00.000000,6
2310,863824_2022-06-08_16:00:00.000000,https://spaceweather.astron.nl//SolarKSP/data/atdb_process/solar_bf_compressing/3787/863824/dynamic_spectra/LOFAR_20220608_160000_LBA_OUTER_S0.fits,2022-06-08,16:00:00.000000,863824_2022-06-08_16:00:00.000000,6
2330,863824_2022-06-08_16:15:00.000000,https://spaceweather.astron.nl//SolarKSP/data/atdb_process/solar_bf_compressing/3787/863824/dynamic_spectra/LOFAR_20220608_161500_LBA_OUTER_S0.fits,2022-06-08,16:15:00.000000,863824_2022-06-08_16:15:00.000000,6
2320,863824_2022-06-08_16:30:00.000000,https://spaceweather.astron.nl//SolarKSP/data/atdb_process/solar_bf_compressing/3787/863824/dynamic_spectra/LOFAR_20220608_163000_LBA_OUTER_S0.fits,2022-06-08,16:30:00.000000,863824_2022-06-08_16:30:00.000000,6
2296,863824_2022-06-08_16:45:00.000000,https://spaceweather.astron.nl//SolarKSP/data/atdb_process/solar_bf_compressing/3787/863824/dynamic_spectra/LOFAR_20220608_164500_LBA_OUTER_S0.fits,2022-06-08,16:45:00.000000,863824_2022-06-08_16:45:00.000000,6
2299,863824_2022-06-08_17:00:00.000000,https://spaceweather.astron.nl//SolarKSP/data/atdb_process/solar_bf_compressing/3787/863824/dynamic_spectra/LOFAR_20220608_170000_LBA_OUTER_S0.fits,2022-06-08,17:00:00.000000,863824_2022-06-08_17:00:00.000000,6
2315,863824_2022-06-08_17:15:00.000000,https://spaceweather.astron.nl//SolarKSP/data/atdb_process/solar_bf_compressing/3787/863824/dynamic_spectra/LOFAR_20220608_171500_LBA_OUTER_S0.fits,2022-06-08,17:15:00.000000,863824_2022-06-08_17:15:00.000000,6
2332,863824_2022-06-08_17:30:00.000000,https://spaceweather.astron.nl//SolarKSP/data/atdb_process/solar_bf_compressing/3787/863824/dynamic_spectra/LOFAR_20220608_173000_LBA_OUTER_S0.fits,2022-06-08,17:30:00.000000,863824_2022-06-08_17:30:00.000000,6
2307,863824_2022-06-08_17:45:00.000000,https://spaceweather.astron.nl//SolarKSP/data/atdb_process/solar_bf_compressing/3787/863824/dynamic_spectra/LOFAR_20220608_174500_LBA_OUTER_S0.fits,2022-06-08,17:45:00.000000,863824_2022-06-08_17:45:00.000000,3
2333,863824_2022-06-08_18:00:00.000000,https://spaceweather.astron.nl//SolarKSP/data/atdb_process/solar_bf_compressing/3787/863824/dynamic_spectra/LOFAR_20220608_180000_LBA_OUTER_S0.fits,2022-06-08,18:00:00.000000,863824_2022-06-08_18:00:00.000000,6
2302,863824_2022-06-08_18:15:00.000000,https://spaceweather.astron.nl//SolarKSP/data/atdb_process/solar_bf_compressing/3787/863824/dynamic_spectra/LOFAR_20220608_181500_LBA_OUTER_S0.fits,2022-06-08,18:15:00.000000,863824_2022-06-08_18:15:00.000000,6
2298,863824_2022-06-08_18:30:00.000000,https://spaceweather.astron.nl//SolarKSP/data/atdb_process/solar_bf_compressing/3787/863824/dynamic_spectra/LOFAR_20220608_183000_LBA_OUTER_S0.fits,2022-06-08,18:30:00.000000,863824_2022-06-08_18:30:00.000000,6
2319,863824_2022-06-08_18:45:00.000000,https://spaceweather.astron.nl//SolarKSP/data/atdb_process/solar_bf_compressing/3787/863824/dynamic_spectra/LOFAR_20220608_184500_LBA_OUTER_S0.fits,2022-06-08,18:45:00.000000,863824_2022-06-08_18:45:00.000000,6
2321,863824_2022-06-08_19:00:00.000000,https://spaceweather.astron.nl//SolarKSP/data/atdb_process/solar_bf_compressing/3787/863824/dynamic_spectra/LOFAR_20220608_190000_LBA_OUTER_S0.fits,2022-06-08,19:00:00.000000,863824_2022-06-08_19:00:00.000000,6
1470,864036_2022-06-10_06:30:00.000000,https://spaceweather.astron.nl//SolarKSP/data/atdb_process/solar_bf_compressing/3872/864036/dynamic_spectra/LOFAR_20220610_063000_LBA_OUTER_S0.fits,2022-06-10,06:30:00.000000,864036_2022-06-10_06:30:00.000000,6
1449,864036_2022-06-10_06:45:00.000000,https://spaceweather.astron.nl//SolarKSP/data/atdb_process/solar_bf_compressing/3872/864036/dynamic_spectra/LOFAR_20220610_064500_LBA_OUTER_S0.fits,2022-06-10,06:45:00.000000,864036_2022-06-10_06:45:00.000000,5
1448,864036_2022-06-10_07:00:00.000000,https://spaceweather.astron.nl//SolarKSP/data/atdb_process/solar_bf_compressing/3872/864036/dynamic_spectra/LOFAR_20220610_070000_LBA_OUTER_S0.fits,2022-06-10,07:00:00.000000,864036_2022-06-10_07:00:00.000000,5
1480,864036_2022-06-10_07:15:00.000000,https://spaceweather.astron.nl//SolarKSP/data/atdb_process/solar_bf_compressing/3872/864036/dynamic_spectra/LOFAR_20220610_071500_LBA_OUTER_S0.fits,2022-06-10,07:15:00.000000,864036_2022-06-10_07:15:00.000000,5
1484,864036_2022-06-10_07:30:00.000000,https://spaceweather.astron.nl//SolarKSP/data/atdb_process/solar_bf_compressing/3872/864036/dynamic_spectra/LOFAR_20220610_073000_LBA_OUTER_S0.fits,2022-06-10,07:30:00.000000,864036_2022-06-10_07:30:00.000000,5
1462,864036_2022-06-10_07:45:00.000000,https://spaceweather.astron.nl//SolarKSP/data/atdb_process/solar_bf_compressing/3872/864036/dynamic_spectra/LOFAR_20220610_074500_LBA_OUTER_S0.fits,2022-06-10,07:45:00.000000,864036_2022-06-10_07:45:00.000000,5
1486,864036_2022-06-10_08:00:00.000000,https://spaceweather.astron.nl//SolarKSP/data/atdb_process/solar_bf_compressing/3872/864036/dynamic_spectra/LOFAR_20220610_080000_LBA_OUTER_S0.fits,2022-06-10,08:00:00.000000,864036_2022-06-10_08:00:00.000000,5
1463,864036_2022-06-10_08:15:00.000000,https://spaceweather.astron.nl//SolarKSP/data/atdb_process/solar_bf_compressing/3872/864036/dynamic_spectra/LOFAR_20220610_081500_LBA_OUTER_S0.fits,2022-06-10,08:15:00.000000,864036_2022-06-10_08:15:00.000000,6
1447,864036_2022-06-10_08:30:00.000000,https://spaceweather.astron.nl//SolarKSP/data/atdb_process/solar_bf_compressing/3872/864036/dynamic_spectra/LOFAR_20220610_083000_LBA_OUTER_S0.fits,2022-06-10,08:30:00.000000,864036_2022-06-10_08:30:00.000000,5
1473,864036_2022-06-10_08:45:00.000000,https://spaceweather.astron.nl//SolarKSP/data/atdb_process/solar_bf_compressing/3872/864036/dynamic_spectra/LOFAR_20220610_084500_LBA_OUTER_S0.fits,2022-06-10,08:45:00.000000,864036_2022-06-10_08:45:00.000000,6
1471,864036_2022-06-10_09:00:00.000000,https://spaceweather.astron.nl//SolarKSP/data/atdb_process/solar_bf_compressing/3872/864036/dynamic_spectra/LOFAR_20220610_090000_LBA_OUTER_S0.fits,2022-06-10,09:00:00.000000,864036_2022-06-10_09:00:00.000000,5
1452,864036_2022-06-10_09:15:00.000000,https://spaceweather.astron.nl//SolarKSP/data/atdb_process/solar_bf_compressing/3872/864036/dynamic_spectra/LOFAR_20220610_091500_LBA_OUTER_S0.fits,2022-06-10,09:15:00.000000,864036_2022-06-10_09:15:00.000000,5
1460,864036_2022-06-10_09:30:00.000000,https://spaceweather.astron.nl//SolarKSP/data/atdb_process/solar_bf_compressing/3872/864036/dynamic_spectra/LOFAR_20220610_093000_LBA_OUTER_S0.fits,2022-06-10,09:30:00.000000,864036_2022-06-10_09:30:00.000000,5
1488,864036_2022-06-10_09:45:00.000000,https://spaceweather.astron.nl//SolarKSP/data/atdb_process/solar_bf_compressing/3872/864036/dynamic_spectra/LOFAR_20220610_094500_LBA_OUTER_S0.fits,2022-06-10,09:45:00.000000,864036_2022-06-10_09:45:00.000000,5
1464,864036_2022-06-10_10:00:00.000000,https://spaceweather.astron.nl//SolarKSP/data/atdb_process/solar_bf_compressing/3872/864036/dynamic_spectra/LOFAR_20220610_100000_LBA_OUTER_S0.fits,2022-06-10,10:00:00.000000,864036_2022-06-10_10:00:00.000000,6
1485,864036_2022-06-10_10:15:00.000000,https://spaceweather.astron.nl//SolarKSP/data/atdb_process/solar_bf_compressing/3872/864036/dynamic_spectra/LOFAR_20220610_101500_LBA_OUTER_S0.fits,2022-06-10,10:15:00.000000,864036_2022-06-10_10:15:00.000000,1
1481,864036_2022-06-10_10:30:00.000000,https://spaceweather.astron.nl//SolarKSP/data/atdb_process/solar_bf_compressing/3872/864036/dynamic_spectra/LOFAR_20220610_103000_LBA_OUTER_S0.fits,2022-06-10,10:30:00.000000,864036_2022-06-10_10:30:00.000000,5
1455,864036_2022-06-10_10:45:00.000000,https://spaceweather.astron.nl//SolarKSP/data/atdb_process/solar_bf_compressing/3872/864036/dynamic_spectra/LOFAR_20220610_104500_LBA_OUTER_S0.fits,2022-06-10,10:45:00.000000,864036_2022-06-10_10:45:00.000000,6
1451,864036_2022-06-10_11:00:00.000000,https://spaceweather.astron.nl//SolarKSP/data/atdb_process/solar_bf_compressing/3872/864036/dynamic_spectra/LOFAR_20220610_110000_LBA_OUTER_S0.fits,2022-06-10,11:00:00.000000,864036_2022-06-10_11:00:00.000000,6
1472,864036_2022-06-10_11:15:00.000000,https://spaceweather.astron.nl//SolarKSP/data/atdb_process/solar_bf_compressing/3872/864036/dynamic_spectra/LOFAR_20220610_111500_LBA_OUTER_S0.fits,2022-06-10,11:15:00.000000,864036_2022-06-10_11:15:00.000000,6
1493,864036_2022-06-10_11:30:00.000000,https://spaceweather.astron.nl//SolarKSP/data/atdb_process/solar_bf_compressing/3872/864036/dynamic_spectra/LOFAR_20220610_113000_LBA_OUTER_S0.fits,2022-06-10,11:30:00.000000,864036_2022-06-10_11:30:00.000000,5
1466,864036_2022-06-10_11:45:00.000000,https://spaceweather.astron.nl//SolarKSP/data/atdb_process/solar_bf_compressing/3872/864036/dynamic_spectra/LOFAR_20220610_114500_LBA_OUTER_S0.fits,2022-06-10,11:45:00.000000,864036_2022-06-10_11:45:00.000000,6
1491,864036_2022-06-10_12:00:00.000000,https://spaceweather.astron.nl//SolarKSP/data/atdb_process/solar_bf_compressing/3872/864036/dynamic_spectra/LOFAR_20220610_120000_LBA_OUTER_S0.fits,2022-06-10,12:00:00.000000,864036_2022-06-10_12:00:00.000000,3
1459,864036_2022-06-10_12:15:00.000000,https://spaceweather.astron.nl//SolarKSP/data/atdb_process/solar_bf_compressing/3872/864036/dynamic_spectra/LOFAR_20220610_121500_LBA_OUTER_S0.fits,2022-06-10,12:15:00.000000,864036_2022-06-10_12:15:00.000000,6
1457,864036_2022-06-10_12:30:00.000000,https://spaceweather.astron.nl//SolarKSP/data/atdb_process/solar_bf_compressing/3872/864036/dynamic_spectra/LOFAR_20220610_123000_LBA_OUTER_S0.fits,2022-06-10,12:30:00.000000,864036_2022-06-10_12:30:00.000000,6
1476,864036_2022-06-10_12:45:00.000000,https://spaceweather.astron.nl//SolarKSP/data/atdb_process/solar_bf_compressing/3872/864036/dynamic_spectra/LOFAR_20220610_124500_LBA_OUTER_S0.fits,2022-06-10,12:45:00.000000,864036_2022-06-10_12:45:00.000000,6
1478,864036_2022-06-10_13:00:00.000000,https://spaceweather.astron.nl//SolarKSP/data/atdb_process/solar_bf_compressing/3872/864036/dynamic_spectra/LOFAR_20220610_130000_LBA_OUTER_S0.fits,2022-06-10,13:00:00.000000,864036_2022-06-10_13:00:00.000000,6
1446,864036_2022-06-10_13:15:00.000000,https://spaceweather.astron.nl//SolarKSP/data/atdb_process/solar_bf_compressing/3872/864036/dynamic_spectra/LOFAR_20220610_131500_LBA_OUTER_S0.fits,2022-06-10,13:15:00.000000,864036_2022-06-10_13:15:00.000000,6
1469,864036_2022-06-10_13:30:00.000000,https://spaceweather.astron.nl//SolarKSP/data/atdb_process/solar_bf_compressing/3872/864036/dynamic_spectra/LOFAR_20220610_133000_LBA_OUTER_S0.fits,2022-06-10,13:30:00.000000,864036_2022-06-10_13:30:00.000000,6
1489,864036_2022-06-10_13:45:00.000000,https://spaceweather.astron.nl//SolarKSP/data/atdb_process/solar_bf_compressing/3872/864036/dynamic_spectra/LOFAR_20220610_134500_LBA_OUTER_S0.fits,2022-06-10,13:45:00.000000,864036_2022-06-10_13:45:00.000000,3
1490,864036_2022-06-10_14:00:00.000000,https://spaceweather.astron.nl//SolarKSP/data/atdb_process/solar_bf_compressing/3872/864036/dynamic_spectra/LOFAR_20220610_140000_LBA_OUTER_S0.fits,2022-06-10,14:00:00.000000,864036_2022-06-10_14:00:00.000000,6
1458,864036_2022-06-10_14:15:00.000000,https://spaceweather.astron.nl//SolarKSP/data/atdb_process/solar_bf_compressing/3872/864036/dynamic_spectra/LOFAR_20220610_141500_LBA_OUTER_S0.fits,2022-06-10,14:15:00.000000,864036_2022-06-10_14:15:00.000000,6
1456,864036_2022-06-10_14:30:00.000000,https://spaceweather.astron.nl//SolarKSP/data/atdb_process/solar_bf_compressing/3872/864036/dynamic_spectra/LOFAR_20220610_143000_LBA_OUTER_S0.fits,2022-06-10,14:30:00.000000,864036_2022-06-10_14:30:00.000000,6
1477,864036_2022-06-10_14:45:00.000000,https://spaceweather.astron.nl//SolarKSP/data/atdb_process/solar_bf_compressing/3872/864036/dynamic_spectra/LOFAR_20220610_144500_LBA_OUTER_S0.fits,2022-06-10,14:45:00.000000,864036_2022-06-10_14:45:00.000000,6
1475,864036_2022-06-10_15:00:00.000000,https://spaceweather.astron.nl//SolarKSP/data/atdb_process/solar_bf_compressing/3872/864036/dynamic_spectra/LOFAR_20220610_150000_LBA_OUTER_S0.fits,2022-06-10,15:00:00.000000,864036_2022-06-10_15:00:00.000000,6
1445,864036_2022-06-10_15:15:00.000000,https://spaceweather.astron.nl//SolarKSP/data/atdb_process/solar_bf_compressing/3872/864036/dynamic_spectra/LOFAR_20220610_151500_LBA_OUTER_S0.fits,2022-06-10,15:15:00.000000,864036_2022-06-10_15:15:00.000000,6
1468,864036_2022-06-10_15:30:00.000000,https://spaceweather.astron.nl//SolarKSP/data/atdb_process/solar_bf_compressing/3872/864036/dynamic_spectra/LOFAR_20220610_153000_LBA_OUTER_S0.fits,2022-06-10,15:30:00.000000,864036_2022-06-10_15:30:00.000000,6
1492,864036_2022-06-10_15:45:00.000000,https://spaceweather.astron.nl//SolarKSP/data/atdb_process/solar_bf_compressing/3872/864036/dynamic_spectra/LOFAR_20220610_154500_LBA_OUTER_S0.fits,2022-06-10,15:45:00.000000,864036_2022-06-10_15:45:00.000000,5
1467,864036_2022-06-10_16:00:00.000000,https://spaceweather.astron.nl//SolarKSP/data/atdb_process/solar_bf_compressing/3872/864036/dynamic_spectra/LOFAR_20220610_160000_LBA_OUTER_S0.fits,2022-06-10,16:00:00.000000,864036_2022-06-10_16:00:00.000000,6
1487,864036_2022-06-10_16:15:00.000000,https://spaceweather.astron.nl//SolarKSP/data/atdb_process/solar_bf_compressing/3872/864036/dynamic_spectra/LOFAR_20220610_161500_LBA_OUTER_S0.fits,2022-06-10,16:15:00.000000,864036_2022-06-10_16:15:00.000000,6
1483,864036_2022-06-10_16:30:00.000000,https://spaceweather.astron.nl//SolarKSP/data/atdb_process/solar_bf_compressing/3872/864036/dynamic_spectra/LOFAR_20220610_163000_LBA_OUTER_S0.fits,2022-06-10,16:30:00.000000,864036_2022-06-10_16:30:00.000000,5
1450,864036_2022-06-10_16:45:00.000000,https://spaceweather.astron.nl//SolarKSP/data/atdb_process/solar_bf_compressing/3872/864036/dynamic_spectra/LOFAR_20220610_164500_LBA_OUTER_S0.fits,2022-06-10,16:45:00.000000,864036_2022-06-10_16:45:00.000000,6
1453,864036_2022-06-10_17:00:00.000000,https://spaceweather.astron.nl//SolarKSP/data/atdb_process/solar_bf_compressing/3872/864036/dynamic_spectra/LOFAR_20220610_170000_LBA_OUTER_S0.fits,2022-06-10,17:00:00.000000,864036_2022-06-10_17:00:00.000000,6
1474,864036_2022-06-10_17:15:00.000000,https://spaceweather.astron.nl//SolarKSP/data/atdb_process/solar_bf_compressing/3872/864036/dynamic_spectra/LOFAR_20220610_171500_LBA_OUTER_S0.fits,2022-06-10,17:15:00.000000,864036_2022-06-10_17:15:00.000000,5
1495,864036_2022-06-10_17:30:00.000000,https://spaceweather.astron.nl//SolarKSP/data/atdb_process/solar_bf_compressing/3872/864036/dynamic_spectra/LOFAR_20220610_173000_LBA_OUTER_S0.fits,2022-06-10,17:30:00.000000,864036_2022-06-10_17:30:00.000000,3
1465,864036_2022-06-10_17:45:00.000000,https://spaceweather.astron.nl//SolarKSP/data/atdb_process/solar_bf_compressing/3872/864036/dynamic_spectra/LOFAR_20220610_174500_LBA_OUTER_S0.fits,2022-06-10,17:45:00.000000,864036_2022-06-10_17:45:00.000000,6
1494,864036_2022-06-10_18:00:00.000000,https://spaceweather.astron.nl//SolarKSP/data/atdb_process/solar_bf_compressing/3872/864036/dynamic_spectra/LOFAR_20220610_180000_LBA_OUTER_S0.fits,2022-06-10,18:00:00.000000,864036_2022-06-10_18:00:00.000000,6
1461,864036_2022-06-10_18:15:00.000000,https://spaceweather.astron.nl//SolarKSP/data/atdb_process/solar_bf_compressing/3872/864036/dynamic_spectra/LOFAR_20220610_181500_LBA_OUTER_S0.fits,2022-06-10,18:15:00.000000,864036_2022-06-10_18:15:00.000000,6
1454,864036_2022-06-10_18:30:00.000000,https://spaceweather.astron.nl//SolarKSP/data/atdb_process/solar_bf_compressing/3872/864036/dynamic_spectra/LOFAR_20220610_183000_LBA_OUTER_S0.fits,2022-06-10,18:30:00.000000,864036_2022-06-10_18:30:00.000000,6
1479,864036_2022-06-10_18:45:00.000000,https://spaceweather.astron.nl//SolarKSP/data/atdb_process/solar_bf_compressing/3872/864036/dynamic_spectra/LOFAR_20220610_184500_LBA_OUTER_S0.fits,2022-06-10,18:45:00.000000,864036_2022-06-10_18:45:00.000000,6
1482,864036_2022-06-10_19:00:00.000000,https://spaceweather.astron.nl//SolarKSP/data/atdb_process/solar_bf_compressing/3872/864036/dynamic_spectra/LOFAR_20220610_190000_LBA_OUTER_S0.fits,2022-06-10,19:00:00.000000,864036_2022-06-10_19:00:00.000000,5
1639,864586_2022-06-15_06:30:00.000000,https://spaceweather.astron.nl//SolarKSP/data/atdb_process/solar_bf_compressing/3737/864586/dynamic_spectra/LOFAR_20220615_063000_LBA_OUTER_S0.fits,2022-06-15,06:30:00.000000,864586_2022-06-15_06:30:00.000000,3
1612,864586_2022-06-15_06:45:00.000000,https://spaceweather.astron.nl//SolarKSP/data/atdb_process/solar_bf_compressing/3737/864586/dynamic_spectra/LOFAR_20220615_064500_LBA_OUTER_S0.fits,2022-06-15,06:45:00.000000,864586_2022-06-15_06:45:00.000000,3
1613,864586_2022-06-15_07:00:00.000000,https://spaceweather.astron.nl//SolarKSP/data/atdb_process/solar_bf_compressing/3737/864586/dynamic_spectra/LOFAR_20220615_070000_LBA_OUTER_S0.fits,2022-06-15,07:00:00.000000,864586_2022-06-15_07:00:00.000000,3
1647,864586_2022-06-15_07:15:00.000000,https://spaceweather.astron.nl//SolarKSP/data/atdb_process/solar_bf_compressing/3737/864586/dynamic_spectra/LOFAR_20220615_071500_LBA_OUTER_S0.fits,2022-06-15,07:15:00.000000,864586_2022-06-15_07:15:00.000000,3
1627,864586_2022-06-15_07:30:00.000000,https://spaceweather.astron.nl//SolarKSP/data/atdb_process/solar_bf_compressing/3737/864586/dynamic_spectra/LOFAR_20220615_073000_LBA_OUTER_S0.fits,2022-06-15,07:30:00.000000,864586_2022-06-15_07:30:00.000000,3
1600,864586_2022-06-15_07:45:00.000000,https://spaceweather.astron.nl//SolarKSP/data/atdb_process/solar_bf_compressing/3737/864586/dynamic_spectra/LOFAR_20220615_074500_LBA_OUTER_S0.fits,2022-06-15,07:45:00.000000,864586_2022-06-15_07:45:00.000000,3
1625,864586_2022-06-15_08:00:00.000000,https://spaceweather.astron.nl//SolarKSP/data/atdb_process/solar_bf_compressing/3737/864586/dynamic_spectra/LOFAR_20220615_080000_LBA_OUTER_S0.fits,2022-06-15,08:00:00.000000,864586_2022-06-15_08:00:00.000000,3
1607,864586_2022-06-15_08:15:00.000000,https://spaceweather.astron.nl//SolarKSP/data/atdb_process/solar_bf_compressing/3737/864586/dynamic_spectra/LOFAR_20220615_081500_LBA_OUTER_S0.fits,2022-06-15,08:15:00.000000,864586_2022-06-15_08:15:00.000000,3
1614,864586_2022-06-15_08:30:00.000000,https://spaceweather.astron.nl//SolarKSP/data/atdb_process/solar_bf_compressing/3737/864586/dynamic_spectra/LOFAR_20220615_083000_LBA_OUTER_S0.fits,2022-06-15,08:30:00.000000,864586_2022-06-15_08:30:00.000000,3
1636,864586_2022-06-15_08:45:00.000000,https://spaceweather.astron.nl//SolarKSP/data/atdb_process/solar_bf_compressing/3737/864586/dynamic_spectra/LOFAR_20220615_084500_LBA_OUTER_S0.fits,2022-06-15,08:45:00.000000,864586_2022-06-15_08:45:00.000000,3
1638,864586_2022-06-15_09:00:00.000000,https://spaceweather.astron.nl//SolarKSP/data/atdb_process/solar_bf_compressing/3737/864586/dynamic_spectra/LOFAR_20220615_090000_LBA_OUTER_S0.fits,2022-06-15,09:00:00.000000,864586_2022-06-15_09:00:00.000000,3
1618,864586_2022-06-15_09:15:00.000000,https://spaceweather.astron.nl//SolarKSP/data/atdb_process/solar_bf_compressing/3737/864586/dynamic_spectra/LOFAR_20220615_091500_LBA_OUTER_S0.fits,2022-06-15,09:15:00.000000,864586_2022-06-15_09:15:00.000000,3
1602,864586_2022-06-15_09:30:00.000000,https://spaceweather.astron.nl//SolarKSP/data/atdb_process/solar_bf_compressing/3737/864586/dynamic_spectra/LOFAR_20220615_093000_LBA_OUTER_S0.fits,2022-06-15,09:30:00.000000,864586_2022-06-15_09:30:00.000000,3
1623,864586_2022-06-15_09:45:00.000000,https://spaceweather.astron.nl//SolarKSP/data/atdb_process/solar_bf_compressing/3737/864586/dynamic_spectra/LOFAR_20220615_094500_LBA_OUTER_S0.fits,2022-06-15,09:45:00.000000,864586_2022-06-15_09:45:00.000000,3
1606,864586_2022-06-15_10:00:00.000000,https://spaceweather.astron.nl//SolarKSP/data/atdb_process/solar_bf_compressing/3737/864586/dynamic_spectra/LOFAR_20220615_100000_LBA_OUTER_S0.fits,2022-06-15,10:00:00.000000,864586_2022-06-15_10:00:00.000000,3
1626,864586_2022-06-15_10:15:00.000000,https://spaceweather.astron.nl//SolarKSP/data/atdb_process/solar_bf_compressing/3737/864586/dynamic_spectra/LOFAR_20220615_101500_LBA_OUTER_S0.fits,2022-06-15,10:15:00.000000,864586_2022-06-15_10:15:00.000000,3
1646,864586_2022-06-15_10:30:00.000000,https://spaceweather.astron.nl//SolarKSP/data/atdb_process/solar_bf_compressing/3737/864586/dynamic_spectra/LOFAR_20220615_103000_LBA_OUTER_S0.fits,2022-06-15,10:30:00.000000,864586_2022-06-15_10:30:00.000000,3
1615,864586_2022-06-15_10:45:00.000000,https://spaceweather.astron.nl//SolarKSP/data/atdb_process/solar_bf_compressing/3737/864586/dynamic_spectra/LOFAR_20220615_104500_LBA_OUTER_S0.fits,2022-06-15,10:45:00.000000,864586_2022-06-15_10:45:00.000000,5
1619,864586_2022-06-15_11:00:00.000000,https://spaceweather.astron.nl//SolarKSP/data/atdb_process/solar_bf_compressing/3737/864586/dynamic_spectra/LOFAR_20220615_110000_LBA_OUTER_S0.fits,2022-06-15,11:00:00.000000,864586_2022-06-15_11:00:00.000000,5
1637,864586_2022-06-15_11:15:00.000000,https://spaceweather.astron.nl//SolarKSP/data/atdb_process/solar_bf_compressing/3737/864586/dynamic_spectra/LOFAR_20220615_111500_LBA_OUTER_S0.fits,2022-06-15,11:15:00.000000,864586_2022-06-15_11:15:00.000000,1
1634,864586_2022-06-15_11:30:00.000000,https://spaceweather.astron.nl//SolarKSP/data/atdb_process/solar_bf_compressing/3737/864586/dynamic_spectra/LOFAR_20220615_113000_LBA_OUTER_S0.fits,2022-06-15,11:30:00.000000,864586_2022-06-15_11:30:00.000000,1
1604,864586_2022-06-15_11:45:00.000000,https://spaceweather.astron.nl//SolarKSP/data/atdb_process/solar_bf_compressing/3737/864586/dynamic_spectra/LOFAR_20220615_114500_LBA_OUTER_S0.fits,2022-06-15,11:45:00.000000,864586_2022-06-15_11:45:00.000000,3
1629,864586_2022-06-15_12:00:00.000000,https://spaceweather.astron.nl//SolarKSP/data/atdb_process/solar_bf_compressing/3737/864586/dynamic_spectra/LOFAR_20220615_120000_LBA_OUTER_S0.fits,2022-06-15,12:00:00.000000,864586_2022-06-15_12:00:00.000000,3
1598,864586_2022-06-15_12:15:00.000000,https://spaceweather.astron.nl//SolarKSP/data/atdb_process/solar_bf_compressing/3737/864586/dynamic_spectra/LOFAR_20220615_121500_LBA_OUTER_S0.fits,2022-06-15,12:15:00.000000,864586_2022-06-15_12:15:00.000000,3
1621,864586_2022-06-15_12:30:00.000000,https://spaceweather.astron.nl//SolarKSP/data/atdb_process/solar_bf_compressing/3737/864586/dynamic_spectra/LOFAR_20220615_123000_LBA_OUTER_S0.fits,2022-06-15,12:30:00.000000,864586_2022-06-15_12:30:00.000000,3
1642,864586_2022-06-15_12:45:00.000000,https://spaceweather.astron.nl//SolarKSP/data/atdb_process/solar_bf_compressing/3737/864586/dynamic_spectra/LOFAR_20220615_124500_LBA_OUTER_S0.fits,2022-06-15,12:45:00.000000,864586_2022-06-15_12:45:00.000000,3
1640,864586_2022-06-15_13:00:00.000000,https://spaceweather.astron.nl//SolarKSP/data/atdb_process/solar_bf_compressing/3737/864586/dynamic_spectra/LOFAR_20220615_130000_LBA_OUTER_S0.fits,2022-06-15,13:00:00.000000,864586_2022-06-15_13:00:00.000000,3
1610,864586_2022-06-15_13:15:00.000000,https://spaceweather.astron.nl//SolarKSP/data/atdb_process/solar_bf_compressing/3737/864586/dynamic_spectra/LOFAR_20220615_131500_LBA_OUTER_S0.fits,2022-06-15,13:15:00.000000,864586_2022-06-15_13:15:00.000000,3
1608,864586_2022-06-15_13:30:00.000000,https://spaceweather.astron.nl//SolarKSP/data/atdb_process/solar_bf_compressing/3737/864586/dynamic_spectra/LOFAR_20220615_133000_LBA_OUTER_S0.fits,2022-06-15,13:30:00.000000,864586_2022-06-15_13:30:00.000000,3
1631,864586_2022-06-15_13:45:00.000000,https://spaceweather.astron.nl//SolarKSP/data/atdb_process/solar_bf_compressing/3737/864586/dynamic_spectra/LOFAR_20220615_134500_LBA_OUTER_S0.fits,2022-06-15,13:45:00.000000,864586_2022-06-15_13:45:00.000000,3
1630,864586_2022-06-15_14:00:00.000000,https://spaceweather.astron.nl//SolarKSP/data/atdb_process/solar_bf_compressing/3737/864586/dynamic_spectra/LOFAR_20220615_140000_LBA_OUTER_S0.fits,2022-06-15,14:00:00.000000,864586_2022-06-15_14:00:00.000000,3
1599,864586_2022-06-15_14:15:00.000000,https://spaceweather.astron.nl//SolarKSP/data/atdb_process/solar_bf_compressing/3737/864586/dynamic_spectra/LOFAR_20220615_141500_LBA_OUTER_S0.fits,2022-06-15,14:15:00.000000,864586_2022-06-15_14:15:00.000000,3
1622,864586_2022-06-15_14:30:00.000000,https://spaceweather.astron.nl//SolarKSP/data/atdb_process/solar_bf_compressing/3737/864586/dynamic_spectra/LOFAR_20220615_143000_LBA_OUTER_S0.fits,2022-06-15,14:30:00.000000,864586_2022-06-15_14:30:00.000000,3
1641,864586_2022-06-15_14:45:00.000000,https://spaceweather.astron.nl//SolarKSP/data/atdb_process/solar_bf_compressing/3737/864586/dynamic_spectra/LOFAR_20220615_144500_LBA_OUTER_S0.fits,2022-06-15,14:45:00.000000,864586_2022-06-15_14:45:00.000000,3
1643,864586_2022-06-15_15:00:00.000000,https://spaceweather.astron.nl//SolarKSP/data/atdb_process/solar_bf_compressing/3737/864586/dynamic_spectra/LOFAR_20220615_150000_LBA_OUTER_S0.fits,2022-06-15,15:00:00.000000,864586_2022-06-15_15:00:00.000000,3
1611,864586_2022-06-15_15:15:00.000000,https://spaceweather.astron.nl//SolarKSP/data/atdb_process/solar_bf_compressing/3737/864586/dynamic_spectra/LOFAR_20220615_151500_LBA_OUTER_S0.fits,2022-06-15,15:15:00.000000,864586_2022-06-15_15:15:00.000000,3
1609,864586_2022-06-15_15:30:00.000000,https://spaceweather.astron.nl//SolarKSP/data/atdb_process/solar_bf_compressing/3737/864586/dynamic_spectra/LOFAR_20220615_153000_LBA_OUTER_S0.fits,2022-06-15,15:30:00.000000,864586_2022-06-15_15:30:00.000000,3
1628,864586_2022-06-15_15:45:00.000000,https://spaceweather.astron.nl//SolarKSP/data/atdb_process/solar_bf_compressing/3737/864586/dynamic_spectra/LOFAR_20220615_154500_LBA_OUTER_S0.fits,2022-06-15,15:45:00.000000,864586_2022-06-15_15:45:00.000000,3
1603,864586_2022-06-15_16:00:00.000000,https://spaceweather.astron.nl//SolarKSP/data/atdb_process/solar_bf_compressing/3737/864586/dynamic_spectra/LOFAR_20220615_160000_LBA_OUTER_S0.fits,2022-06-15,16:00:00.000000,864586_2022-06-15_16:00:00.000000,3
1624,864586_2022-06-15_16:15:00.000000,https://spaceweather.astron.nl//SolarKSP/data/atdb_process/solar_bf_compressing/3737/864586/dynamic_spectra/LOFAR_20220615_161500_LBA_OUTER_S0.fits,2022-06-15,16:15:00.000000,864586_2022-06-15_16:15:00.000000,3
1644,864586_2022-06-15_16:30:00.000000,https://spaceweather.astron.nl//SolarKSP/data/atdb_process/solar_bf_compressing/3737/864586/dynamic_spectra/LOFAR_20220615_163000_LBA_OUTER_S0.fits,2022-06-15,16:30:00.000000,864586_2022-06-15_16:30:00.000000,3
1620,864586_2022-06-15_16:45:00.000000,https://spaceweather.astron.nl//SolarKSP/data/atdb_process/solar_bf_compressing/3737/864586/dynamic_spectra/LOFAR_20220615_164500_LBA_OUTER_S0.fits,2022-06-15,16:45:00.000000,864586_2022-06-15_16:45:00.000000,3
1617,864586_2022-06-15_17:00:00.000000,https://spaceweather.astron.nl//SolarKSP/data/atdb_process/solar_bf_compressing/3737/864586/dynamic_spectra/LOFAR_20220615_170000_LBA_OUTER_S0.fits,2022-06-15,17:00:00.000000,864586_2022-06-15_17:00:00.000000,3
1635,864586_2022-06-15_17:15:00.000000,https://spaceweather.astron.nl//SolarKSP/data/atdb_process/solar_bf_compressing/3737/864586/dynamic_spectra/LOFAR_20220615_171500_LBA_OUTER_S0.fits,2022-06-15,17:15:00.000000,864586_2022-06-15_17:15:00.000000,3
1632,864586_2022-06-15_17:30:00.000000,https://spaceweather.astron.nl//SolarKSP/data/atdb_process/solar_bf_compressing/3737/864586/dynamic_spectra/LOFAR_20220615_173000_LBA_OUTER_S0.fits,2022-06-15,17:30:00.000000,864586_2022-06-15_17:30:00.000000,3
1605,864586_2022-06-15_17:45:00.000000,https://spaceweather.astron.nl//SolarKSP/data/atdb_process/solar_bf_compressing/3737/864586/dynamic_spectra/LOFAR_20220615_174500_LBA_OUTER_S0.fits,2022-06-15,17:45:00.000000,864586_2022-06-15_17:45:00.000000,3
1633,864586_2022-06-15_18:00:00.000000,https://spaceweather.astron.nl//SolarKSP/data/atdb_process/solar_bf_compressing/3737/864586/dynamic_spectra/LOFAR_20220615_180000_LBA_OUTER_S0.fits,2022-06-15,18:00:00.000000,864586_2022-06-15_18:00:00.000000,3
1601,864586_2022-06-15_18:15:00.000000,https://spaceweather.astron.nl//SolarKSP/data/atdb_process/solar_bf_compressing/3737/864586/dynamic_spectra/LOFAR_20220615_181500_LBA_OUTER_S0.fits,2022-06-15,18:15:00.000000,864586_2022-06-15_18:15:00.000000,2
1616,864586_2022-06-15_18:30:00.000000,https://spaceweather.astron.nl//SolarKSP/data/atdb_process/solar_bf_compressing/3737/864586/dynamic_spectra/LOFAR_20220615_183000_LBA_OUTER_S0.fits,2022-06-15,18:30:00.000000,864586_2022-06-15_18:30:00.000000,3
1648,864586_2022-06-15_18:45:00.000000,https://spaceweather.astron.nl//SolarKSP/data/atdb_process/solar_bf_compressing/3737/864586/dynamic_spectra/LOFAR_20220615_184500_LBA_OUTER_S0.fits,2022-06-15,18:45:00.000000,864586_2022-06-15_18:45:00.000000,1
1645,864586_2022-06-15_19:00:00.000000,https://spaceweather.astron.nl//SolarKSP/data/atdb_process/solar_bf_compressing/3737/864586/dynamic_spectra/LOFAR_20220615_190000_LBA_OUTER_S0.fits,2022-06-15,19:00:00.000000,864586_2022-06-15_19:00:00.000000,1
2212,864836_2022-06-17_06:30:00.000000,https://spaceweather.astron.nl//SolarKSP/data/atdb_process/solar_bf_compressing/3790/864836/dynamic_spectra/LOFAR_20220617_063000_LBA_OUTER_S0.fits,2022-06-17,06:30:00.000000,864836_2022-06-17_06:30:00.000000,3
2189,864836_2022-06-17_06:45:00.000000,https://spaceweather.astron.nl//SolarKSP/data/atdb_process/solar_bf_compressing/3790/864836/dynamic_spectra/LOFAR_20220617_064500_LBA_OUTER_S0.fits,2022-06-17,06:45:00.000000,864836_2022-06-17_06:45:00.000000,3
2187,864836_2022-06-17_07:00:00.000000,https://spaceweather.astron.nl//SolarKSP/data/atdb_process/solar_bf_compressing/3790/864836/dynamic_spectra/LOFAR_20220617_070000_LBA_OUTER_S0.fits,2022-06-17,07:00:00.000000,864836_2022-06-17_07:00:00.000000,3
2221,864836_2022-06-17_07:15:00.000000,https://spaceweather.astron.nl//SolarKSP/data/atdb_process/solar_bf_compressing/3790/864836/dynamic_spectra/LOFAR_20220617_071500_LBA_OUTER_S0.fits,2022-06-17,07:15:00.000000,864836_2022-06-17_07:15:00.000000,1
2226,864836_2022-06-17_07:30:00.000000,https://spaceweather.astron.nl//SolarKSP/data/atdb_process/solar_bf_compressing/3790/864836/dynamic_spectra/LOFAR_20220617_073000_LBA_OUTER_S0.fits,2022-06-17,07:30:00.000000,864836_2022-06-17_07:30:00.000000,3
2202,864836_2022-06-17_07:45:00.000000,https://spaceweather.astron.nl//SolarKSP/data/atdb_process/solar_bf_compressing/3790/864836/dynamic_spectra/LOFAR_20220617_074500_LBA_OUTER_S0.fits,2022-06-17,07:45:00.000000,864836_2022-06-17_07:45:00.000000,3
2225,864836_2022-06-17_08:00:00.000000,https://spaceweather.astron.nl//SolarKSP/data/atdb_process/solar_bf_compressing/3790/864836/dynamic_spectra/LOFAR_20220617_080000_LBA_OUTER_S0.fits,2022-06-17,08:00:00.000000,864836_2022-06-17_08:00:00.000000,1
2203,864836_2022-06-17_08:15:00.000000,https://spaceweather.astron.nl//SolarKSP/data/atdb_process/solar_bf_compressing/3790/864836/dynamic_spectra/LOFAR_20220617_081500_LBA_OUTER_S0.fits,2022-06-17,08:15:00.000000,864836_2022-06-17_08:15:00.000000,1
2188,864836_2022-06-17_08:30:00.000000,https://spaceweather.astron.nl//SolarKSP/data/atdb_process/solar_bf_compressing/3790/864836/dynamic_spectra/LOFAR_20220617_083000_LBA_OUTER_S0.fits,2022-06-17,08:30:00.000000,864836_2022-06-17_08:30:00.000000,3
2213,864836_2022-06-17_08:45:00.000000,https://spaceweather.astron.nl//SolarKSP/data/atdb_process/solar_bf_compressing/3790/864836/dynamic_spectra/LOFAR_20220617_084500_LBA_OUTER_S0.fits,2022-06-17,08:45:00.000000,864836_2022-06-17_08:45:00.000000,3
2210,864836_2022-06-17_09:00:00.000000,https://spaceweather.astron.nl//SolarKSP/data/atdb_process/solar_bf_compressing/3790/864836/dynamic_spectra/LOFAR_20220617_090000_LBA_OUTER_S0.fits,2022-06-17,09:00:00.000000,864836_2022-06-17_09:00:00.000000,1
2192,864836_2022-06-17_09:15:00.000000,https://spaceweather.astron.nl//SolarKSP/data/atdb_process/solar_bf_compressing/3790/864836/dynamic_spectra/LOFAR_20220617_091500_LBA_OUTER_S0.fits,2022-06-17,09:15:00.000000,864836_2022-06-17_09:15:00.000000,3
2200,864836_2022-06-17_09:30:00.000000,https://spaceweather.astron.nl//SolarKSP/data/atdb_process/solar_bf_compressing/3790/864836/dynamic_spectra/LOFAR_20220617_093000_LBA_OUTER_S0.fits,2022-06-17,09:30:00.000000,864836_2022-06-17_09:30:00.000000,3
2228,864836_2022-06-17_09:45:00.000000,https://spaceweather.astron.nl//SolarKSP/data/atdb_process/solar_bf_compressing/3790/864836/dynamic_spectra/LOFAR_20220617_094500_LBA_OUTER_S0.fits,2022-06-17,09:45:00.000000,864836_2022-06-17_09:45:00.000000,3
2204,864836_2022-06-17_10:00:00.000000,https://spaceweather.astron.nl//SolarKSP/data/atdb_process/solar_bf_compressing/3790/864836/dynamic_spectra/LOFAR_20220617_100000_LBA_OUTER_S0.fits,2022-06-17,10:00:00.000000,864836_2022-06-17_10:00:00.000000,3
2224,864836_2022-06-17_10:15:00.000000,https://spaceweather.astron.nl//SolarKSP/data/atdb_process/solar_bf_compressing/3790/864836/dynamic_spectra/LOFAR_20220617_101500_LBA_OUTER_S0.fits,2022-06-17,10:15:00.000000,864836_2022-06-17_10:15:00.000000,3
2220,864836_2022-06-17_10:30:00.000000,https://spaceweather.astron.nl//SolarKSP/data/atdb_process/solar_bf_compressing/3790/864836/dynamic_spectra/LOFAR_20220617_103000_LBA_OUTER_S0.fits,2022-06-17,10:30:00.000000,864836_2022-06-17_10:30:00.000000,3
2195,864836_2022-06-17_10:45:00.000000,https://spaceweather.astron.nl//SolarKSP/data/atdb_process/solar_bf_compressing/3790/864836/dynamic_spectra/LOFAR_20220617_104500_LBA_OUTER_S0.fits,2022-06-17,10:45:00.000000,864836_2022-06-17_10:45:00.000000,3
2191,864836_2022-06-17_11:00:00.000000,https://spaceweather.astron.nl//SolarKSP/data/atdb_process/solar_bf_compressing/3790/864836/dynamic_spectra/LOFAR_20220617_110000_LBA_OUTER_S0.fits,2022-06-17,11:00:00.000000,864836_2022-06-17_11:00:00.000000,3
2211,864836_2022-06-17_11:15:00.000000,https://spaceweather.astron.nl//SolarKSP/data/atdb_process/solar_bf_compressing/3790/864836/dynamic_spectra/LOFAR_20220617_111500_LBA_OUTER_S0.fits,2022-06-17,11:15:00.000000,864836_2022-06-17_11:15:00.000000,3
2233,864836_2022-06-17_11:30:00.000000,https://spaceweather.astron.nl//SolarKSP/data/atdb_process/solar_bf_compressing/3790/864836/dynamic_spectra/LOFAR_20220617_113000_LBA_OUTER_S0.fits,2022-06-17,11:30:00.000000,864836_2022-06-17_11:30:00.000000,1
2206,864836_2022-06-17_11:45:00.000000,https://spaceweather.astron.nl//SolarKSP/data/atdb_process/solar_bf_compressing/3790/864836/dynamic_spectra/LOFAR_20220617_114500_LBA_OUTER_S0.fits,2022-06-17,11:45:00.000000,864836_2022-06-17_11:45:00.000000,3
2231,864836_2022-06-17_12:00:00.000000,https://spaceweather.astron.nl//SolarKSP/data/atdb_process/solar_bf_compressing/3790/864836/dynamic_spectra/LOFAR_20220617_120000_LBA_OUTER_S0.fits,2022-06-17,12:00:00.000000,864836_2022-06-17_12:00:00.000000,3
2199,864836_2022-06-17_12:15:00.000000,https://spaceweather.astron.nl//SolarKSP/data/atdb_process/solar_bf_compressing/3790/864836/dynamic_spectra/LOFAR_20220617_121500_LBA_OUTER_S0.fits,2022-06-17,12:15:00.000000,864836_2022-06-17_12:15:00.000000,3
2197,864836_2022-06-17_12:30:00.000000,https://spaceweather.astron.nl//SolarKSP/data/atdb_process/solar_bf_compressing/3790/864836/dynamic_spectra/LOFAR_20220617_123000_LBA_OUTER_S0.fits,2022-06-17,12:30:00.000000,864836_2022-06-17_12:30:00.000000,3
2216,864836_2022-06-17_12:45:00.000000,https://spaceweather.astron.nl//SolarKSP/data/atdb_process/solar_bf_compressing/3790/864836/dynamic_spectra/LOFAR_20220617_124500_LBA_OUTER_S0.fits,2022-06-17,12:45:00.000000,864836_2022-06-17_12:45:00.000000,3
2218,864836_2022-06-17_13:00:00.000000,https://spaceweather.astron.nl//SolarKSP/data/atdb_process/solar_bf_compressing/3790/864836/dynamic_spectra/LOFAR_20220617_130000_LBA_OUTER_S0.fits,2022-06-17,13:00:00.000000,864836_2022-06-17_13:00:00.000000,3
2186,864836_2022-06-17_13:15:00.000000,https://spaceweather.astron.nl//SolarKSP/data/atdb_process/solar_bf_compressing/3790/864836/dynamic_spectra/LOFAR_20220617_131500_LBA_OUTER_S0.fits,2022-06-17,13:15:00.000000,864836_2022-06-17_13:15:00.000000,1
2209,864836_2022-06-17_13:30:00.000000,https://spaceweather.astron.nl//SolarKSP/data/atdb_process/solar_bf_compressing/3790/864836/dynamic_spectra/LOFAR_20220617_133000_LBA_OUTER_S0.fits,2022-06-17,13:30:00.000000,864836_2022-06-17_13:30:00.000000,3
2229,864836_2022-06-17_13:45:00.000000,https://spaceweather.astron.nl//SolarKSP/data/atdb_process/solar_bf_compressing/3790/864836/dynamic_spectra/LOFAR_20220617_134500_LBA_OUTER_S0.fits,2022-06-17,13:45:00.000000,864836_2022-06-17_13:45:00.000000,3
2230,864836_2022-06-17_14:00:00.000000,https://spaceweather.astron.nl//SolarKSP/data/atdb_process/solar_bf_compressing/3790/864836/dynamic_spectra/LOFAR_20220617_140000_LBA_OUTER_S0.fits,2022-06-17,14:00:00.000000,864836_2022-06-17_14:00:00.000000,3
2198,864836_2022-06-17_14:15:00.000000,https://spaceweather.astron.nl//SolarKSP/data/atdb_process/solar_bf_compressing/3790/864836/dynamic_spectra/LOFAR_20220617_141500_LBA_OUTER_S0.fits,2022-06-17,14:15:00.000000,864836_2022-06-17_14:15:00.000000,3
2196,864836_2022-06-17_14:30:00.000000,https://spaceweather.astron.nl//SolarKSP/data/atdb_process/solar_bf_compressing/3790/864836/dynamic_spectra/LOFAR_20220617_143000_LBA_OUTER_S0.fits,2022-06-17,14:30:00.000000,864836_2022-06-17_14:30:00.000000,3
2217,864836_2022-06-17_14:45:00.000000,https://spaceweather.astron.nl//SolarKSP/data/atdb_process/solar_bf_compressing/3790/864836/dynamic_spectra/LOFAR_20220617_144500_LBA_OUTER_S0.fits,2022-06-17,14:45:00.000000,864836_2022-06-17_14:45:00.000000,3
2215,864836_2022-06-17_15:00:00.000000,https://spaceweather.astron.nl//SolarKSP/data/atdb_process/solar_bf_compressing/3790/864836/dynamic_spectra/LOFAR_20220617_150000_LBA_OUTER_S0.fits,2022-06-17,15:00:00.000000,864836_2022-06-17_15:00:00.000000,3
2185,864836_2022-06-17_15:15:00.000000,https://spaceweather.astron.nl//SolarKSP/data/atdb_process/solar_bf_compressing/3790/864836/dynamic_spectra/LOFAR_20220617_151500_LBA_OUTER_S0.fits,2022-06-17,15:15:00.000000,864836_2022-06-17_15:15:00.000000,3
2208,864836_2022-06-17_15:30:00.000000,https://spaceweather.astron.nl//SolarKSP/data/atdb_process/solar_bf_compressing/3790/864836/dynamic_spectra/LOFAR_20220617_153000_LBA_OUTER_S0.fits,2022-06-17,15:30:00.000000,864836_2022-06-17_15:30:00.000000,3
2232,864836_2022-06-17_15:45:00.000000,https://spaceweather.astron.nl//SolarKSP/data/atdb_process/solar_bf_compressing/3790/864836/dynamic_spectra/LOFAR_20220617_154500_LBA_OUTER_S0.fits,2022-06-17,15:45:00.000000,864836_2022-06-17_15:45:00.000000,1
2207,864836_2022-06-17_16:00:00.000000,https://spaceweather.astron.nl//SolarKSP/data/atdb_process/solar_bf_compressing/3790/864836/dynamic_spectra/LOFAR_20220617_160000_LBA_OUTER_S0.fits,2022-06-17,16:00:00.000000,864836_2022-06-17_16:00:00.000000,3
2227,864836_2022-06-17_16:15:00.000000,https://spaceweather.astron.nl//SolarKSP/data/atdb_process/solar_bf_compressing/3790/864836/dynamic_spectra/LOFAR_20220617_161500_LBA_OUTER_S0.fits,2022-06-17,16:15:00.000000,864836_2022-06-17_16:15:00.000000,3
2222,864836_2022-06-17_16:30:00.000000,https://spaceweather.astron.nl//SolarKSP/data/atdb_process/solar_bf_compressing/3790/864836/dynamic_spectra/LOFAR_20220617_163000_LBA_OUTER_S0.fits,2022-06-17,16:30:00.000000,864836_2022-06-17_16:30:00.000000,3
2190,864836_2022-06-17_16:45:00.000000,https://spaceweather.astron.nl//SolarKSP/data/atdb_process/solar_bf_compressing/3790/864836/dynamic_spectra/LOFAR_20220617_164500_LBA_OUTER_S0.fits,2022-06-17,16:45:00.000000,864836_2022-06-17_16:45:00.000000,3
2194,864836_2022-06-17_17:00:00.000000,https://spaceweather.astron.nl//SolarKSP/data/atdb_process/solar_bf_compressing/3790/864836/dynamic_spectra/LOFAR_20220617_170000_LBA_OUTER_S0.fits,2022-06-17,17:00:00.000000,864836_2022-06-17_17:00:00.000000,3
2214,864836_2022-06-17_17:15:00.000000,https://spaceweather.astron.nl//SolarKSP/data/atdb_process/solar_bf_compressing/3790/864836/dynamic_spectra/LOFAR_20220617_171500_LBA_OUTER_S0.fits,2022-06-17,17:15:00.000000,864836_2022-06-17_17:15:00.000000,3
2234,864836_2022-06-17_17:30:00.000000,https://spaceweather.astron.nl//SolarKSP/data/atdb_process/solar_bf_compressing/3790/864836/dynamic_spectra/LOFAR_20220617_173000_LBA_OUTER_S0.fits,2022-06-17,17:30:00.000000,864836_2022-06-17_17:30:00.000000,1
2205,864836_2022-06-17_17:45:00.000000,https://spaceweather.astron.nl//SolarKSP/data/atdb_process/solar_bf_compressing/3790/864836/dynamic_spectra/LOFAR_20220617_174500_LBA_OUTER_S0.fits,2022-06-17,17:45:00.000000,864836_2022-06-17_17:45:00.000000,3
2235,864836_2022-06-17_18:00:00.000000,https://spaceweather.astron.nl//SolarKSP/data/atdb_process/solar_bf_compressing/3790/864836/dynamic_spectra/LOFAR_20220617_180000_LBA_OUTER_S0.fits,2022-06-17,18:00:00.000000,864836_2022-06-17_18:00:00.000000,3
2201,864836_2022-06-17_18:15:00.000000,https://spaceweather.astron.nl//SolarKSP/data/atdb_process/solar_bf_compressing/3790/864836/dynamic_spectra/LOFAR_20220617_181500_LBA_OUTER_S0.fits,2022-06-17,18:15:00.000000,864836_2022-06-17_18:15:00.000000,1
2193,864836_2022-06-17_18:30:00.000000,https://spaceweather.astron.nl//SolarKSP/data/atdb_process/solar_bf_compressing/3790/864836/dynamic_spectra/LOFAR_20220617_183000_LBA_OUTER_S0.fits,2022-06-17,18:30:00.000000,864836_2022-06-17_18:30:00.000000,6
2219,864836_2022-06-17_18:45:00.000000,https://spaceweather.astron.nl//SolarKSP/data/atdb_process/solar_bf_compressing/3790/864836/dynamic_spectra/LOFAR_20220617_184500_LBA_OUTER_S0.fits,2022-06-17,18:45:00.000000,864836_2022-06-17_18:45:00.000000,1
2223,864836_2022-06-17_19:00:00.000000,https://spaceweather.astron.nl//SolarKSP/data/atdb_process/solar_bf_compressing/3790/864836/dynamic_spectra/LOFAR_20220617_190000_LBA_OUTER_S0.fits,2022-06-17,19:00:00.000000,864836_2022-06-17_19:00:00.000000,6
1519,864636_2022-06-19_06:30:00.000000,https://spaceweather.astron.nl//SolarKSP/data/atdb_process/solar_bf_compressing/3873/864636/dynamic_spectra/LOFAR_20220619_063000_LBA_OUTER_S0.fits,2022-06-19,06:30:00.000000,864636_2022-06-19_06:30:00.000000,3
1544,864636_2022-06-19_06:45:00.000000,https://spaceweather.astron.nl//SolarKSP/data/atdb_process/solar_bf_compressing/3873/864636/dynamic_spectra/LOFAR_20220619_064500_LBA_OUTER_S0.fits,2022-06-19,06:45:00.000000,864636_2022-06-19_06:45:00.000000,3
1546,864636_2022-06-19_07:00:00.000000,https://spaceweather.astron.nl//SolarKSP/data/atdb_process/solar_bf_compressing/3873/864636/dynamic_spectra/LOFAR_20220619_070000_LBA_OUTER_S0.fits,2022-06-19,07:00:00.000000,864636_2022-06-19_07:00:00.000000,3
1514,864636_2022-06-19_07:15:00.000000,https://spaceweather.astron.nl//SolarKSP/data/atdb_process/solar_bf_compressing/3873/864636/dynamic_spectra/LOFAR_20220619_071500_LBA_OUTER_S0.fits,2022-06-19,07:15:00.000000,864636_2022-06-19_07:15:00.000000,3
1505,864636_2022-06-19_07:30:00.000000,https://spaceweather.astron.nl//SolarKSP/data/atdb_process/solar_bf_compressing/3873/864636/dynamic_spectra/LOFAR_20220619_073000_LBA_OUTER_S0.fits,2022-06-19,07:30:00.000000,864636_2022-06-19_07:30:00.000000,3
1531,864636_2022-06-19_07:45:00.000000,https://spaceweather.astron.nl//SolarKSP/data/atdb_process/solar_bf_compressing/3873/864636/dynamic_spectra/LOFAR_20220619_074500_LBA_OUTER_S0.fits,2022-06-19,07:45:00.000000,864636_2022-06-19_07:45:00.000000,3
1507,864636_2022-06-19_08:00:00.000000,https://spaceweather.astron.nl//SolarKSP/data/atdb_process/solar_bf_compressing/3873/864636/dynamic_spectra/LOFAR_20220619_080000_LBA_OUTER_S0.fits,2022-06-19,08:00:00.000000,864636_2022-06-19_08:00:00.000000,1
1525,864636_2022-06-19_08:15:00.000000,https://spaceweather.astron.nl//SolarKSP/data/atdb_process/solar_bf_compressing/3873/864636/dynamic_spectra/LOFAR_20220619_081500_LBA_OUTER_S0.fits,2022-06-19,08:15:00.000000,864636_2022-06-19_08:15:00.000000,1
1545,864636_2022-06-19_08:30:00.000000,https://spaceweather.astron.nl//SolarKSP/data/atdb_process/solar_bf_compressing/3873/864636/dynamic_spectra/LOFAR_20220619_083000_LBA_OUTER_S0.fits,2022-06-19,08:30:00.000000,864636_2022-06-19_08:30:00.000000,3
1518,864636_2022-06-19_08:45:00.000000,https://spaceweather.astron.nl//SolarKSP/data/atdb_process/solar_bf_compressing/3873/864636/dynamic_spectra/LOFAR_20220619_084500_LBA_OUTER_S0.fits,2022-06-19,08:45:00.000000,864636_2022-06-19_08:45:00.000000,1
1520,864636_2022-06-19_09:00:00.000000,https://spaceweather.astron.nl//SolarKSP/data/atdb_process/solar_bf_compressing/3873/864636/dynamic_spectra/LOFAR_20220619_090000_LBA_OUTER_S0.fits,2022-06-19,09:00:00.000000,864636_2022-06-19_09:00:00.000000,1
1538,864636_2022-06-19_09:15:00.000000,https://spaceweather.astron.nl//SolarKSP/data/atdb_process/solar_bf_compressing/3873/864636/dynamic_spectra/LOFAR_20220619_091500_LBA_OUTER_S0.fits,2022-06-19,09:15:00.000000,864636_2022-06-19_09:15:00.000000,1
1533,864636_2022-06-19_09:30:00.000000,https://spaceweather.astron.nl//SolarKSP/data/atdb_process/solar_bf_compressing/3873/864636/dynamic_spectra/LOFAR_20220619_093000_LBA_OUTER_S0.fits,2022-06-19,09:30:00.000000,864636_2022-06-19_09:30:00.000000,3
1503,864636_2022-06-19_09:45:00.000000,https://spaceweather.astron.nl//SolarKSP/data/atdb_process/solar_bf_compressing/3873/864636/dynamic_spectra/LOFAR_20220619_094500_LBA_OUTER_S0.fits,2022-06-19,09:45:00.000000,864636_2022-06-19_09:45:00.000000,1
1526,864636_2022-06-19_10:00:00.000000,https://spaceweather.astron.nl//SolarKSP/data/atdb_process/solar_bf_compressing/3873/864636/dynamic_spectra/LOFAR_20220619_100000_LBA_OUTER_S0.fits,2022-06-19,10:00:00.000000,864636_2022-06-19_10:00:00.000000,3
1506,864636_2022-06-19_10:15:00.000000,https://spaceweather.astron.nl//SolarKSP/data/atdb_process/solar_bf_compressing/3873/864636/dynamic_spectra/LOFAR_20220619_101500_LBA_OUTER_S0.fits,2022-06-19,10:15:00.000000,864636_2022-06-19_10:15:00.000000,3
1515,864636_2022-06-19_10:30:00.000000,https://spaceweather.astron.nl//SolarKSP/data/atdb_process/solar_bf_compressing/3873/864636/dynamic_spectra/LOFAR_20220619_103000_LBA_OUTER_S0.fits,2022-06-19,10:30:00.000000,864636_2022-06-19_10:30:00.000000,1
1534,864636_2022-06-19_10:45:00.000000,https://spaceweather.astron.nl//SolarKSP/data/atdb_process/solar_bf_compressing/3873/864636/dynamic_spectra/LOFAR_20220619_104500_LBA_OUTER_S0.fits,2022-06-19,10:45:00.000000,864636_2022-06-19_10:45:00.000000,1
1537,864636_2022-06-19_11:00:00.000000,https://spaceweather.astron.nl//SolarKSP/data/atdb_process/solar_bf_compressing/3873/864636/dynamic_spectra/LOFAR_20220619_110000_LBA_OUTER_S0.fits,2022-06-19,11:00:00.000000,864636_2022-06-19_11:00:00.000000,3
1521,864636_2022-06-19_11:15:00.000000,https://spaceweather.astron.nl//SolarKSP/data/atdb_process/solar_bf_compressing/3873/864636/dynamic_spectra/LOFAR_20220619_111500_LBA_OUTER_S0.fits,2022-06-19,11:15:00.000000,864636_2022-06-19_11:15:00.000000,3
1502,864636_2022-06-19_11:30:00.000000,https://spaceweather.astron.nl//SolarKSP/data/atdb_process/solar_bf_compressing/3873/864636/dynamic_spectra/LOFAR_20220619_113000_LBA_OUTER_S0.fits,2022-06-19,11:30:00.000000,864636_2022-06-19_11:30:00.000000,3
1523,864636_2022-06-19_11:45:00.000000,https://spaceweather.astron.nl//SolarKSP/data/atdb_process/solar_bf_compressing/3873/864636/dynamic_spectra/LOFAR_20220619_114500_LBA_OUTER_S0.fits,2022-06-19,11:45:00.000000,864636_2022-06-19_11:45:00.000000,1
1497,864636_2022-06-19_12:00:00.000000,https://spaceweather.astron.nl//SolarKSP/data/atdb_process/solar_bf_compressing/3873/864636/dynamic_spectra/LOFAR_20220619_120000_LBA_OUTER_S0.fits,2022-06-19,12:00:00.000000,864636_2022-06-19_12:00:00.000000,3
1529,864636_2022-06-19_12:15:00.000000,https://spaceweather.astron.nl//SolarKSP/data/atdb_process/solar_bf_compressing/3873/864636/dynamic_spectra/LOFAR_20220619_121500_LBA_OUTER_S0.fits,2022-06-19,12:15:00.000000,864636_2022-06-19_12:15:00.000000,1
1540,864636_2022-06-19_12:30:00.000000,https://spaceweather.astron.nl//SolarKSP/data/atdb_process/solar_bf_compressing/3873/864636/dynamic_spectra/LOFAR_20220619_123000_LBA_OUTER_S0.fits,2022-06-19,12:30:00.000000,864636_2022-06-19_12:30:00.000000,1
1510,864636_2022-06-19_12:45:00.000000,https://spaceweather.astron.nl//SolarKSP/data/atdb_process/solar_bf_compressing/3873/864636/dynamic_spectra/LOFAR_20220619_124500_LBA_OUTER_S0.fits,2022-06-19,12:45:00.000000,864636_2022-06-19_12:45:00.000000,3
1508,864636_2022-06-19_13:00:00.000000,https://spaceweather.astron.nl//SolarKSP/data/atdb_process/solar_bf_compressing/3873/864636/dynamic_spectra/LOFAR_20220619_130000_LBA_OUTER_S0.fits,2022-06-19,13:00:00.000000,864636_2022-06-19_13:00:00.000000,3
1542,864636_2022-06-19_13:15:00.000000,https://spaceweather.astron.nl//SolarKSP/data/atdb_process/solar_bf_compressing/3873/864636/dynamic_spectra/LOFAR_20220619_131500_LBA_OUTER_S0.fits,2022-06-19,13:15:00.000000,864636_2022-06-19_13:15:00.000000,3
1527,864636_2022-06-19_13:30:00.000000,https://spaceweather.astron.nl//SolarKSP/data/atdb_process/solar_bf_compressing/3873/864636/dynamic_spectra/LOFAR_20220619_133000_LBA_OUTER_S0.fits,2022-06-19,13:30:00.000000,864636_2022-06-19_13:30:00.000000,3
1499,864636_2022-06-19_13:45:00.000000,https://spaceweather.astron.nl//SolarKSP/data/atdb_process/solar_bf_compressing/3873/864636/dynamic_spectra/LOFAR_20220619_134500_LBA_OUTER_S0.fits,2022-06-19,13:45:00.000000,864636_2022-06-19_13:45:00.000000,1
1498,864636_2022-06-19_14:00:00.000000,https://spaceweather.astron.nl//SolarKSP/data/atdb_process/solar_bf_compressing/3873/864636/dynamic_spectra/LOFAR_20220619_140000_LBA_OUTER_S0.fits,2022-06-19,14:00:00.000000,864636_2022-06-19_14:00:00.000000,3
1530,864636_2022-06-19_14:15:00.000000,https://spaceweather.astron.nl//SolarKSP/data/atdb_process/solar_bf_compressing/3873/864636/dynamic_spectra/LOFAR_20220619_141500_LBA_OUTER_S0.fits,2022-06-19,14:15:00.000000,864636_2022-06-19_14:15:00.000000,1
1541,864636_2022-06-19_14:30:00.000000,https://spaceweather.astron.nl//SolarKSP/data/atdb_process/solar_bf_compressing/3873/864636/dynamic_spectra/LOFAR_20220619_143000_LBA_OUTER_S0.fits,2022-06-19,14:30:00.000000,864636_2022-06-19_14:30:00.000000,3
1509,864636_2022-06-19_14:45:00.000000,https://spaceweather.astron.nl//SolarKSP/data/atdb_process/solar_bf_compressing/3873/864636/dynamic_spectra/LOFAR_20220619_144500_LBA_OUTER_S0.fits,2022-06-19,14:45:00.000000,864636_2022-06-19_14:45:00.000000,1
1511,864636_2022-06-19_15:00:00.000000,https://spaceweather.astron.nl//SolarKSP/data/atdb_process/solar_bf_compressing/3873/864636/dynamic_spectra/LOFAR_20220619_150000_LBA_OUTER_S0.fits,2022-06-19,15:00:00.000000,864636_2022-06-19_15:00:00.000000,2
1543,864636_2022-06-19_15:15:00.000000,https://spaceweather.astron.nl//SolarKSP/data/atdb_process/solar_bf_compressing/3873/864636/dynamic_spectra/LOFAR_20220619_151500_LBA_OUTER_S0.fits,2022-06-19,15:15:00.000000,864636_2022-06-19_15:15:00.000000,1
1528,864636_2022-06-19_15:30:00.000000,https://spaceweather.astron.nl//SolarKSP/data/atdb_process/solar_bf_compressing/3873/864636/dynamic_spectra/LOFAR_20220619_153000_LBA_OUTER_S0.fits,2022-06-19,15:30:00.000000,864636_2022-06-19_15:30:00.000000,1
1496,864636_2022-06-19_15:45:00.000000,https://spaceweather.astron.nl//SolarKSP/data/atdb_process/solar_bf_compressing/3873/864636/dynamic_spectra/LOFAR_20220619_154500_LBA_OUTER_S0.fits,2022-06-19,15:45:00.000000,864636_2022-06-19_15:45:00.000000,3
1522,864636_2022-06-19_16:00:00.000000,https://spaceweather.astron.nl//SolarKSP/data/atdb_process/solar_bf_compressing/3873/864636/dynamic_spectra/LOFAR_20220619_160000_LBA_OUTER_S0.fits,2022-06-19,16:00:00.000000,864636_2022-06-19_16:00:00.000000,1
1504,864636_2022-06-19_16:15:00.000000,https://spaceweather.astron.nl//SolarKSP/data/atdb_process/solar_bf_compressing/3873/864636/dynamic_spectra/LOFAR_20220619_161500_LBA_OUTER_S0.fits,2022-06-19,16:15:00.000000,864636_2022-06-19_16:15:00.000000,3
1513,864636_2022-06-19_16:30:00.000000,https://spaceweather.astron.nl//SolarKSP/data/atdb_process/solar_bf_compressing/3873/864636/dynamic_spectra/LOFAR_20220619_163000_LBA_OUTER_S0.fits,2022-06-19,16:30:00.000000,864636_2022-06-19_16:30:00.000000,3
1539,864636_2022-06-19_16:45:00.000000,https://spaceweather.astron.nl//SolarKSP/data/atdb_process/solar_bf_compressing/3873/864636/dynamic_spectra/LOFAR_20220619_164500_LBA_OUTER_S0.fits,2022-06-19,16:45:00.000000,864636_2022-06-19_16:45:00.000000,1
1535,864636_2022-06-19_17:00:00.000000,https://spaceweather.astron.nl//SolarKSP/data/atdb_process/solar_bf_compressing/3873/864636/dynamic_spectra/LOFAR_20220619_170000_LBA_OUTER_S0.fits,2022-06-19,17:00:00.000000,864636_2022-06-19_17:00:00.000000,1
1517,864636_2022-06-19_17:15:00.000000,https://spaceweather.astron.nl//SolarKSP/data/atdb_process/solar_bf_compressing/3873/864636/dynamic_spectra/LOFAR_20220619_171500_LBA_OUTER_S0.fits,2022-06-19,17:15:00.000000,864636_2022-06-19_17:15:00.000000,1
1501,864636_2022-06-19_17:30:00.000000,https://spaceweather.astron.nl//SolarKSP/data/atdb_process/solar_bf_compressing/3873/864636/dynamic_spectra/LOFAR_20220619_173000_LBA_OUTER_S0.fits,2022-06-19,17:30:00.000000,864636_2022-06-19_17:30:00.000000,3
1524,864636_2022-06-19_17:45:00.000000,https://spaceweather.astron.nl//SolarKSP/data/atdb_process/solar_bf_compressing/3873/864636/dynamic_spectra/LOFAR_20220619_174500_LBA_OUTER_S0.fits,2022-06-19,17:45:00.000000,864636_2022-06-19_17:45:00.000000,1
1500,864636_2022-06-19_18:00:00.000000,https://spaceweather.astron.nl//SolarKSP/data/atdb_process/solar_bf_compressing/3873/864636/dynamic_spectra/LOFAR_20220619_180000_LBA_OUTER_S0.fits,2022-06-19,18:00:00.000000,864636_2022-06-19_18:00:00.000000,3
1532,864636_2022-06-19_18:15:00.000000,https://spaceweather.astron.nl//SolarKSP/data/atdb_process/solar_bf_compressing/3873/864636/dynamic_spectra/LOFAR_20220619_181500_LBA_OUTER_S0.fits,2022-06-19,18:15:00.000000,864636_2022-06-19_18:15:00.000000,2
1536,864636_2022-06-19_18:30:00.000000,https://spaceweather.astron.nl//SolarKSP/data/atdb_process/solar_bf_compressing/3873/864636/dynamic_spectra/LOFAR_20220619_183000_LBA_OUTER_S0.fits,2022-06-19,18:30:00.000000,864636_2022-06-19_18:30:00.000000,5
1516,864636_2022-06-19_18:45:00.000000,https://spaceweather.astron.nl//SolarKSP/data/atdb_process/solar_bf_compressing/3873/864636/dynamic_spectra/LOFAR_20220619_184500_LBA_OUTER_S0.fits,2022-06-19,18:45:00.000000,864636_2022-06-19_18:45:00.000000,2
1512,864636_2022-06-19_19:00:00.000000,https://spaceweather.astron.nl//SolarKSP/data/atdb_process/solar_bf_compressing/3873/864636/dynamic_spectra/LOFAR_20220619_190000_LBA_OUTER_S0.fits,2022-06-19,19:00:00.000000,864636_2022-06-19_19:00:00.000000,1
1561,864896_2022-06-26_06:30:00.000000,https://spaceweather.astron.nl//SolarKSP/data/atdb_process/solar_bf_compressing/3875/864896/dynamic_spectra/LOFAR_20220626_063000_LBA_OUTER_S0.fits,2022-06-26,06:30:00.000000,864896_2022-06-26_06:30:00.000000,1
1587,864896_2022-06-26_06:45:00.000000,https://spaceweather.astron.nl//SolarKSP/data/atdb_process/solar_bf_compressing/3875/864896/dynamic_spectra/LOFAR_20220626_064500_LBA_OUTER_S0.fits,2022-06-26,06:45:00.000000,864896_2022-06-26_06:45:00.000000,1
1585,864896_2022-06-26_07:00:00.000000,https://spaceweather.astron.nl//SolarKSP/data/atdb_process/solar_bf_compressing/3875/864896/dynamic_spectra/LOFAR_20220626_070000_LBA_OUTER_S0.fits,2022-06-26,07:00:00.000000,864896_2022-06-26_07:00:00.000000,1
1565,864896_2022-06-26_07:15:00.000000,https://spaceweather.astron.nl//SolarKSP/data/atdb_process/solar_bf_compressing/3875/864896/dynamic_spectra/LOFAR_20220626_071500_LBA_OUTER_S0.fits,2022-06-26,07:15:00.000000,864896_2022-06-26_07:15:00.000000,1
1549,864896_2022-06-26_07:30:00.000000,https://spaceweather.astron.nl//SolarKSP/data/atdb_process/solar_bf_compressing/3875/864896/dynamic_spectra/LOFAR_20220626_073000_LBA_OUTER_S0.fits,2022-06-26,07:30:00.000000,864896_2022-06-26_07:30:00.000000,1
1574,864896_2022-06-26_07:45:00.000000,https://spaceweather.astron.nl//SolarKSP/data/atdb_process/solar_bf_compressing/3875/864896/dynamic_spectra/LOFAR_20220626_074500_LBA_OUTER_S0.fits,2022-06-26,07:45:00.000000,864896_2022-06-26_07:45:00.000000,1
1547,864896_2022-06-26_08:00:00.000000,https://spaceweather.astron.nl//SolarKSP/data/atdb_process/solar_bf_compressing/3875/864896/dynamic_spectra/LOFAR_20220626_080000_LBA_OUTER_S0.fits,2022-06-26,08:00:00.000000,864896_2022-06-26_08:00:00.000000,2
1582,864896_2022-06-26_08:15:00.000000,https://spaceweather.astron.nl//SolarKSP/data/atdb_process/solar_bf_compressing/3875/864896/dynamic_spectra/LOFAR_20220626_081500_LBA_OUTER_S0.fits,2022-06-26,08:15:00.000000,864896_2022-06-26_08:15:00.000000,2
1586,864896_2022-06-26_08:30:00.000000,https://spaceweather.astron.nl//SolarKSP/data/atdb_process/solar_bf_compressing/3875/864896/dynamic_spectra/LOFAR_20220626_083000_LBA_OUTER_S0.fits,2022-06-26,08:30:00.000000,864896_2022-06-26_08:30:00.000000,1
1563,864896_2022-06-26_08:45:00.000000,https://spaceweather.astron.nl//SolarKSP/data/atdb_process/solar_bf_compressing/3875/864896/dynamic_spectra/LOFAR_20220626_084500_LBA_OUTER_S0.fits,2022-06-26,08:45:00.000000,864896_2022-06-26_08:45:00.000000,1
1560,864896_2022-06-26_09:00:00.000000,https://spaceweather.astron.nl//SolarKSP/data/atdb_process/solar_bf_compressing/3875/864896/dynamic_spectra/LOFAR_20220626_090000_LBA_OUTER_S0.fits,2022-06-26,09:00:00.000000,864896_2022-06-26_09:00:00.000000,1
1592,864896_2022-06-26_09:15:00.000000,https://spaceweather.astron.nl//SolarKSP/data/atdb_process/solar_bf_compressing/3875/864896/dynamic_spectra/LOFAR_20220626_091500_LBA_OUTER_S0.fits,2022-06-26,09:15:00.000000,864896_2022-06-26_09:15:00.000000,3
1573,864896_2022-06-26_09:30:00.000000,https://spaceweather.astron.nl//SolarKSP/data/atdb_process/solar_bf_compressing/3875/864896/dynamic_spectra/LOFAR_20220626_093000_LBA_OUTER_S0.fits,2022-06-26,09:30:00.000000,864896_2022-06-26_09:30:00.000000,3
1550,864896_2022-06-26_09:45:00.000000,https://spaceweather.astron.nl//SolarKSP/data/atdb_process/solar_bf_compressing/3875/864896/dynamic_spectra/LOFAR_20220626_094500_LBA_OUTER_S0.fits,2022-06-26,09:45:00.000000,864896_2022-06-26_09:45:00.000000,3
1581,864896_2022-06-26_10:00:00.000000,https://spaceweather.astron.nl//SolarKSP/data/atdb_process/solar_bf_compressing/3875/864896/dynamic_spectra/LOFAR_20220626_100000_LBA_OUTER_S0.fits,2022-06-26,10:00:00.000000,864896_2022-06-26_10:00:00.000000,3
1548,864896_2022-06-26_10:15:00.000000,https://spaceweather.astron.nl//SolarKSP/data/atdb_process/solar_bf_compressing/3875/864896/dynamic_spectra/LOFAR_20220626_101500_LBA_OUTER_S0.fits,2022-06-26,10:15:00.000000,864896_2022-06-26_10:15:00.000000,3
1564,864896_2022-06-26_10:30:00.000000,https://spaceweather.astron.nl//SolarKSP/data/atdb_process/solar_bf_compressing/3875/864896/dynamic_spectra/LOFAR_20220626_103000_LBA_OUTER_S0.fits,2022-06-26,10:30:00.000000,864896_2022-06-26_10:30:00.000000,3
1595,864896_2022-06-26_10:45:00.000000,https://spaceweather.astron.nl//SolarKSP/data/atdb_process/solar_bf_compressing/3875/864896/dynamic_spectra/LOFAR_20220626_104500_LBA_OUTER_S0.fits,2022-06-26,10:45:00.000000,864896_2022-06-26_10:45:00.000000,3
1593,864896_2022-06-26_11:00:00.000000,https://spaceweather.astron.nl//SolarKSP/data/atdb_process/solar_bf_compressing/3875/864896/dynamic_spectra/LOFAR_20220626_110000_LBA_OUTER_S0.fits,2022-06-26,11:00:00.000000,864896_2022-06-26_11:00:00.000000,3
1559,864896_2022-06-26_11:15:00.000000,https://spaceweather.astron.nl//SolarKSP/data/atdb_process/solar_bf_compressing/3875/864896/dynamic_spectra/LOFAR_20220626_111500_LBA_OUTER_S0.fits,2022-06-26,11:15:00.000000,864896_2022-06-26_11:15:00.000000,3
1552,864896_2022-06-26_11:30:00.000000,https://spaceweather.astron.nl//SolarKSP/data/atdb_process/solar_bf_compressing/3875/864896/dynamic_spectra/LOFAR_20220626_113000_LBA_OUTER_S0.fits,2022-06-26,11:30:00.000000,864896_2022-06-26_11:30:00.000000,3
1584,864896_2022-06-26_11:45:00.000000,https://spaceweather.astron.nl//SolarKSP/data/atdb_process/solar_bf_compressing/3875/864896/dynamic_spectra/LOFAR_20220626_114500_LBA_OUTER_S0.fits,2022-06-26,11:45:00.000000,864896_2022-06-26_11:45:00.000000,3
1558,864896_2022-06-26_12:00:00.000000,https://spaceweather.astron.nl//SolarKSP/data/atdb_process/solar_bf_compressing/3875/864896/dynamic_spectra/LOFAR_20220626_120000_LBA_OUTER_S0.fits,2022-06-26,12:00:00.000000,864896_2022-06-26_12:00:00.000000,3
1577,864896_2022-06-26_12:15:00.000000,https://spaceweather.astron.nl//SolarKSP/data/atdb_process/solar_bf_compressing/3875/864896/dynamic_spectra/LOFAR_20220626_121500_LBA_OUTER_S0.fits,2022-06-26,12:15:00.000000,864896_2022-06-26_12:15:00.000000,3
1591,864896_2022-06-26_12:30:00.000000,https://spaceweather.astron.nl//SolarKSP/data/atdb_process/solar_bf_compressing/3875/864896/dynamic_spectra/LOFAR_20220626_123000_LBA_OUTER_S0.fits,2022-06-26,12:30:00.000000,864896_2022-06-26_12:30:00.000000,3
1569,864896_2022-06-26_12:45:00.000000,https://spaceweather.astron.nl//SolarKSP/data/atdb_process/solar_bf_compressing/3875/864896/dynamic_spectra/LOFAR_20220626_124500_LBA_OUTER_S0.fits,2022-06-26,12:45:00.000000,864896_2022-06-26_12:45:00.000000,3
1571,864896_2022-06-26_13:00:00.000000,https://spaceweather.astron.nl//SolarKSP/data/atdb_process/solar_bf_compressing/3875/864896/dynamic_spectra/LOFAR_20220626_130000_LBA_OUTER_S0.fits,2022-06-26,13:00:00.000000,864896_2022-06-26_13:00:00.000000,3
1589,864896_2022-06-26_13:15:00.000000,https://spaceweather.astron.nl//SolarKSP/data/atdb_process/solar_bf_compressing/3875/864896/dynamic_spectra/LOFAR_20220626_131500_LBA_OUTER_S0.fits,2022-06-26,13:15:00.000000,864896_2022-06-26_13:15:00.000000,3
1579,864896_2022-06-26_13:30:00.000000,https://spaceweather.astron.nl//SolarKSP/data/atdb_process/solar_bf_compressing/3875/864896/dynamic_spectra/LOFAR_20220626_133000_LBA_OUTER_S0.fits,2022-06-26,13:30:00.000000,864896_2022-06-26_13:30:00.000000,3
1556,864896_2022-06-26_13:45:00.000000,https://spaceweather.astron.nl//SolarKSP/data/atdb_process/solar_bf_compressing/3875/864896/dynamic_spectra/LOFAR_20220626_134500_LBA_OUTER_S0.fits,2022-06-26,13:45:00.000000,864896_2022-06-26_13:45:00.000000,3
1555,864896_2022-06-26_14:00:00.000000,https://spaceweather.astron.nl//SolarKSP/data/atdb_process/solar_bf_compressing/3875/864896/dynamic_spectra/LOFAR_20220626_140000_LBA_OUTER_S0.fits,2022-06-26,14:00:00.000000,864896_2022-06-26_14:00:00.000000,3
1576,864896_2022-06-26_14:15:00.000000,https://spaceweather.astron.nl//SolarKSP/data/atdb_process/solar_bf_compressing/3875/864896/dynamic_spectra/LOFAR_20220626_141500_LBA_OUTER_S0.fits,2022-06-26,14:15:00.000000,864896_2022-06-26_14:15:00.000000,3
1590,864896_2022-06-26_14:30:00.000000,https://spaceweather.astron.nl//SolarKSP/data/atdb_process/solar_bf_compressing/3875/864896/dynamic_spectra/LOFAR_20220626_143000_LBA_OUTER_S0.fits,2022-06-26,14:30:00.000000,864896_2022-06-26_14:30:00.000000,3
1572,864896_2022-06-26_14:45:00.000000,https://spaceweather.astron.nl//SolarKSP/data/atdb_process/solar_bf_compressing/3875/864896/dynamic_spectra/LOFAR_20220626_144500_LBA_OUTER_S0.fits,2022-06-26,14:45:00.000000,864896_2022-06-26_14:45:00.000000,3
1570,864896_2022-06-26_15:00:00.000000,https://spaceweather.astron.nl//SolarKSP/data/atdb_process/solar_bf_compressing/3875/864896/dynamic_spectra/LOFAR_20220626_150000_LBA_OUTER_S0.fits,2022-06-26,15:00:00.000000,864896_2022-06-26_15:00:00.000000,3
1588,864896_2022-06-26_15:15:00.000000,https://spaceweather.astron.nl//SolarKSP/data/atdb_process/solar_bf_compressing/3875/864896/dynamic_spectra/LOFAR_20220626_151500_LBA_OUTER_S0.fits,2022-06-26,15:15:00.000000,864896_2022-06-26_15:15:00.000000,3
1578,864896_2022-06-26_15:30:00.000000,https://spaceweather.astron.nl//SolarKSP/data/atdb_process/solar_bf_compressing/3875/864896/dynamic_spectra/LOFAR_20220626_153000_LBA_OUTER_S0.fits,2022-06-26,15:30:00.000000,864896_2022-06-26_15:30:00.000000,3
1557,864896_2022-06-26_15:45:00.000000,https://spaceweather.astron.nl//SolarKSP/data/atdb_process/solar_bf_compressing/3875/864896/dynamic_spectra/LOFAR_20220626_154500_LBA_OUTER_S0.fits,2022-06-26,15:45:00.000000,864896_2022-06-26_15:45:00.000000,3
1583,864896_2022-06-26_16:00:00.000000,https://spaceweather.astron.nl//SolarKSP/data/atdb_process/solar_bf_compressing/3875/864896/dynamic_spectra/LOFAR_20220626_160000_LBA_OUTER_S0.fits,2022-06-26,16:00:00.000000,864896_2022-06-26_16:00:00.000000,3
1551,864896_2022-06-26_16:15:00.000000,https://spaceweather.astron.nl//SolarKSP/data/atdb_process/solar_bf_compressing/3875/864896/dynamic_spectra/LOFAR_20220626_161500_LBA_OUTER_S0.fits,2022-06-26,16:15:00.000000,864896_2022-06-26_16:15:00.000000,3
1567,864896_2022-06-26_16:30:00.000000,https://spaceweather.astron.nl//SolarKSP/data/atdb_process/solar_bf_compressing/3875/864896/dynamic_spectra/LOFAR_20220626_163000_LBA_OUTER_S0.fits,2022-06-26,16:30:00.000000,864896_2022-06-26_16:30:00.000000,1
1594,864896_2022-06-26_16:45:00.000000,https://spaceweather.astron.nl//SolarKSP/data/atdb_process/solar_bf_compressing/3875/864896/dynamic_spectra/LOFAR_20220626_164500_LBA_OUTER_S0.fits,2022-06-26,16:45:00.000000,864896_2022-06-26_16:45:00.000000,3
1597,864896_2022-06-26_17:00:00.000000,https://spaceweather.astron.nl//SolarKSP/data/atdb_process/solar_bf_compressing/3875/864896/dynamic_spectra/LOFAR_20220626_170000_LBA_OUTER_S0.fits,2022-06-26,17:00:00.000000,864896_2022-06-26_17:00:00.000000,6
1562,864896_2022-06-26_17:15:00.000000,https://spaceweather.astron.nl//SolarKSP/data/atdb_process/solar_bf_compressing/3875/864896/dynamic_spectra/LOFAR_20220626_171500_LBA_OUTER_S0.fits,2022-06-26,17:15:00.000000,864896_2022-06-26_17:15:00.000000,3
1553,864896_2022-06-26_17:30:00.000000,https://spaceweather.astron.nl//SolarKSP/data/atdb_process/solar_bf_compressing/3875/864896/dynamic_spectra/LOFAR_20220626_173000_LBA_OUTER_S0.fits,2022-06-26,17:30:00.000000,864896_2022-06-26_17:30:00.000000,3
1580,864896_2022-06-26_17:45:00.000000,https://spaceweather.astron.nl//SolarKSP/data/atdb_process/solar_bf_compressing/3875/864896/dynamic_spectra/LOFAR_20220626_174500_LBA_OUTER_S0.fits,2022-06-26,17:45:00.000000,864896_2022-06-26_17:45:00.000000,1
1554,864896_2022-06-26_18:00:00.000000,https://spaceweather.astron.nl//SolarKSP/data/atdb_process/solar_bf_compressing/3875/864896/dynamic_spectra/LOFAR_20220626_180000_LBA_OUTER_S0.fits,2022-06-26,18:00:00.000000,864896_2022-06-26_18:00:00.000000,3
1575,864896_2022-06-26_18:15:00.000000,https://spaceweather.astron.nl//SolarKSP/data/atdb_process/solar_bf_compressing/3875/864896/dynamic_spectra/LOFAR_20220626_181500_LBA_OUTER_S0.fits,2022-06-26,18:15:00.000000,864896_2022-06-26_18:15:00.000000,3
1596,864896_2022-06-26_18:30:00.000000,https://spaceweather.astron.nl//SolarKSP/data/atdb_process/solar_bf_compressing/3875/864896/dynamic_spectra/LOFAR_20220626_183000_LBA_OUTER_S0.fits,2022-06-26,18:30:00.000000,864896_2022-06-26_18:30:00.000000,3
1566,864896_2022-06-26_18:45:00.000000,https://spaceweather.astron.nl//SolarKSP/data/atdb_process/solar_bf_compressing/3875/864896/dynamic_spectra/LOFAR_20220626_184500_LBA_OUTER_S0.fits,2022-06-26,18:45:00.000000,864896_2022-06-26_18:45:00.000000,6
1568,864896_2022-06-26_19:00:00.000000,https://spaceweather.astron.nl//SolarKSP/data/atdb_process/solar_bf_compressing/3875/864896/dynamic_spectra/LOFAR_20220626_190000_LBA_OUTER_S0.fits,2022-06-26,19:00:00.000000,864896_2022-06-26_19:00:00.000000,6
1354,865080_2022-07-01_06:30:00.000000,https://spaceweather.astron.nl//SolarKSP/data/atdb_process/solar_bf_compressing/3741/865080/dynamic_spectra/LOFAR_20220701_063000_LBA_OUTER_S0.fits,2022-07-01,06:30:00.000000,865080_2022-07-01_06:30:00.000000,3
1377,865080_2022-07-01_06:45:00.000000,https://spaceweather.astron.nl//SolarKSP/data/atdb_process/solar_bf_compressing/3741/865080/dynamic_spectra/LOFAR_20220701_064500_LBA_OUTER_S0.fits,2022-07-01,06:45:00.000000,865080_2022-07-01_06:45:00.000000,3
1379,865080_2022-07-01_07:00:00.000000,https://spaceweather.astron.nl//SolarKSP/data/atdb_process/solar_bf_compressing/3741/865080/dynamic_spectra/LOFAR_20220701_070000_LBA_OUTER_S0.fits,2022-07-01,07:00:00.000000,865080_2022-07-01_07:00:00.000000,3
1345,865080_2022-07-01_07:15:00.000000,https://spaceweather.astron.nl//SolarKSP/data/atdb_process/solar_bf_compressing/3741/865080/dynamic_spectra/LOFAR_20220701_071500_LBA_OUTER_S0.fits,2022-07-01,07:15:00.000000,865080_2022-07-01_07:15:00.000000,3
1366,865080_2022-07-01_07:30:00.000000,https://spaceweather.astron.nl//SolarKSP/data/atdb_process/solar_bf_compressing/3741/865080/dynamic_spectra/LOFAR_20220701_073000_LBA_OUTER_S0.fits,2022-07-01,07:30:00.000000,865080_2022-07-01_07:30:00.000000,1
1389,865080_2022-07-01_07:45:00.000000,https://spaceweather.astron.nl//SolarKSP/data/atdb_process/solar_bf_compressing/3741/865080/dynamic_spectra/LOFAR_20220701_074500_LBA_OUTER_S0.fits,2022-07-01,07:45:00.000000,865080_2022-07-01_07:45:00.000000,3
1367,865080_2022-07-01_08:00:00.000000,https://spaceweather.astron.nl//SolarKSP/data/atdb_process/solar_bf_compressing/3741/865080/dynamic_spectra/LOFAR_20220701_080000_LBA_OUTER_S0.fits,2022-07-01,08:00:00.000000,865080_2022-07-01_08:00:00.000000,1
1388,865080_2022-07-01_08:15:00.000000,https://spaceweather.astron.nl//SolarKSP/data/atdb_process/solar_bf_compressing/3741/865080/dynamic_spectra/LOFAR_20220701_081500_LBA_OUTER_S0.fits,2022-07-01,08:15:00.000000,865080_2022-07-01_08:15:00.000000,1
1378,865080_2022-07-01_08:30:00.000000,https://spaceweather.astron.nl//SolarKSP/data/atdb_process/solar_bf_compressing/3741/865080/dynamic_spectra/LOFAR_20220701_083000_LBA_OUTER_S0.fits,2022-07-01,08:30:00.000000,865080_2022-07-01_08:30:00.000000,3
1353,865080_2022-07-01_08:45:00.000000,https://spaceweather.astron.nl//SolarKSP/data/atdb_process/solar_bf_compressing/3741/865080/dynamic_spectra/LOFAR_20220701_084500_LBA_OUTER_S0.fits,2022-07-01,08:45:00.000000,865080_2022-07-01_08:45:00.000000,3
1356,865080_2022-07-01_09:00:00.000000,https://spaceweather.astron.nl//SolarKSP/data/atdb_process/solar_bf_compressing/3741/865080/dynamic_spectra/LOFAR_20220701_090000_LBA_OUTER_S0.fits,2022-07-01,09:00:00.000000,865080_2022-07-01_09:00:00.000000,3
1374,865080_2022-07-01_09:15:00.000000,https://spaceweather.astron.nl//SolarKSP/data/atdb_process/solar_bf_compressing/3741/865080/dynamic_spectra/LOFAR_20220701_091500_LBA_OUTER_S0.fits,2022-07-01,09:15:00.000000,865080_2022-07-01_09:15:00.000000,3
1391,865080_2022-07-01_09:30:00.000000,https://spaceweather.astron.nl//SolarKSP/data/atdb_process/solar_bf_compressing/3741/865080/dynamic_spectra/LOFAR_20220701_093000_LBA_OUTER_S0.fits,2022-07-01,09:30:00.000000,865080_2022-07-01_09:30:00.000000,3
1364,865080_2022-07-01_09:45:00.000000,https://spaceweather.astron.nl//SolarKSP/data/atdb_process/solar_bf_compressing/3741/865080/dynamic_spectra/LOFAR_20220701_094500_LBA_OUTER_S0.fits,2022-07-01,09:45:00.000000,865080_2022-07-01_09:45:00.000000,3
1387,865080_2022-07-01_10:00:00.000000,https://spaceweather.astron.nl//SolarKSP/data/atdb_process/solar_bf_compressing/3741/865080/dynamic_spectra/LOFAR_20220701_100000_LBA_OUTER_S0.fits,2022-07-01,10:00:00.000000,865080_2022-07-01_10:00:00.000000,1
1368,865080_2022-07-01_10:15:00.000000,https://spaceweather.astron.nl//SolarKSP/data/atdb_process/solar_bf_compressing/3741/865080/dynamic_spectra/LOFAR_20220701_101500_LBA_OUTER_S0.fits,2022-07-01,10:15:00.000000,865080_2022-07-01_10:15:00.000000,3
1346,865080_2022-07-01_10:30:00.000000,https://spaceweather.astron.nl//SolarKSP/data/atdb_process/solar_bf_compressing/3741/865080/dynamic_spectra/LOFAR_20220701_103000_LBA_OUTER_S0.fits,2022-07-01,10:30:00.000000,865080_2022-07-01_10:30:00.000000,3
1371,865080_2022-07-01_10:45:00.000000,https://spaceweather.astron.nl//SolarKSP/data/atdb_process/solar_bf_compressing/3741/865080/dynamic_spectra/LOFAR_20220701_104500_LBA_OUTER_S0.fits,2022-07-01,10:45:00.000000,865080_2022-07-01_10:45:00.000000,3
1375,865080_2022-07-01_11:00:00.000000,https://spaceweather.astron.nl//SolarKSP/data/atdb_process/solar_bf_compressing/3741/865080/dynamic_spectra/LOFAR_20220701_110000_LBA_OUTER_S0.fits,2022-07-01,11:00:00.000000,865080_2022-07-01_11:00:00.000000,3
1355,865080_2022-07-01_11:15:00.000000,https://spaceweather.astron.nl//SolarKSP/data/atdb_process/solar_bf_compressing/3741/865080/dynamic_spectra/LOFAR_20220701_111500_LBA_OUTER_S0.fits,2022-07-01,11:15:00.000000,865080_2022-07-01_11:15:00.000000,3
1359,865080_2022-07-01_11:30:00.000000,https://spaceweather.astron.nl//SolarKSP/data/atdb_process/solar_bf_compressing/3741/865080/dynamic_spectra/LOFAR_20220701_113000_LBA_OUTER_S0.fits,2022-07-01,11:30:00.000000,865080_2022-07-01_11:30:00.000000,3
1385,865080_2022-07-01_11:45:00.000000,https://spaceweather.astron.nl//SolarKSP/data/atdb_process/solar_bf_compressing/3741/865080/dynamic_spectra/LOFAR_20220701_114500_LBA_OUTER_S0.fits,2022-07-01,11:45:00.000000,865080_2022-07-01_11:45:00.000000,1
1361,865080_2022-07-01_12:00:00.000000,https://spaceweather.astron.nl//SolarKSP/data/atdb_process/solar_bf_compressing/3741/865080/dynamic_spectra/LOFAR_20220701_120000_LBA_OUTER_S0.fits,2022-07-01,12:00:00.000000,865080_2022-07-01_12:00:00.000000,1
1392,865080_2022-07-01_12:15:00.000000,https://spaceweather.astron.nl//SolarKSP/data/atdb_process/solar_bf_compressing/3741/865080/dynamic_spectra/LOFAR_20220701_121500_LBA_OUTER_S0.fits,2022-07-01,12:15:00.000000,865080_2022-07-01_12:15:00.000000,1
1369,865080_2022-07-01_12:30:00.000000,https://spaceweather.astron.nl//SolarKSP/data/atdb_process/solar_bf_compressing/3741/865080/dynamic_spectra/LOFAR_20220701_123000_LBA_OUTER_S0.fits,2022-07-01,12:30:00.000000,865080_2022-07-01_12:30:00.000000,3
1350,865080_2022-07-01_12:45:00.000000,https://spaceweather.astron.nl//SolarKSP/data/atdb_process/solar_bf_compressing/3741/865080/dynamic_spectra/LOFAR_20220701_124500_LBA_OUTER_S0.fits,2022-07-01,12:45:00.000000,865080_2022-07-01_12:45:00.000000,3
1348,865080_2022-07-01_13:00:00.000000,https://spaceweather.astron.nl//SolarKSP/data/atdb_process/solar_bf_compressing/3741/865080/dynamic_spectra/LOFAR_20220701_130000_LBA_OUTER_S0.fits,2022-07-01,13:00:00.000000,865080_2022-07-01_13:00:00.000000,3
1380,865080_2022-07-01_13:15:00.000000,https://spaceweather.astron.nl//SolarKSP/data/atdb_process/solar_bf_compressing/3741/865080/dynamic_spectra/LOFAR_20220701_131500_LBA_OUTER_S0.fits,2022-07-01,13:15:00.000000,865080_2022-07-01_13:15:00.000000,1
1382,865080_2022-07-01_13:30:00.000000,https://spaceweather.astron.nl//SolarKSP/data/atdb_process/solar_bf_compressing/3741/865080/dynamic_spectra/LOFAR_20220701_133000_LBA_OUTER_S0.fits,2022-07-01,13:30:00.000000,865080_2022-07-01_13:30:00.000000,1
1363,865080_2022-07-01_13:45:00.000000,https://spaceweather.astron.nl//SolarKSP/data/atdb_process/solar_bf_compressing/3741/865080/dynamic_spectra/LOFAR_20220701_134500_LBA_OUTER_S0.fits,2022-07-01,13:45:00.000000,865080_2022-07-01_13:45:00.000000,3
1362,865080_2022-07-01_14:00:00.000000,https://spaceweather.astron.nl//SolarKSP/data/atdb_process/solar_bf_compressing/3741/865080/dynamic_spectra/LOFAR_20220701_140000_LBA_OUTER_S0.fits,2022-07-01,14:00:00.000000,865080_2022-07-01_14:00:00.000000,1
1393,865080_2022-07-01_14:15:00.000000,https://spaceweather.astron.nl//SolarKSP/data/atdb_process/solar_bf_compressing/3741/865080/dynamic_spectra/LOFAR_20220701_141500_LBA_OUTER_S0.fits,2022-07-01,14:15:00.000000,865080_2022-07-01_14:15:00.000000,1
1370,865080_2022-07-01_14:30:00.000000,https://spaceweather.astron.nl//SolarKSP/data/atdb_process/solar_bf_compressing/3741/865080/dynamic_spectra/LOFAR_20220701_143000_LBA_OUTER_S0.fits,2022-07-01,14:30:00.000000,865080_2022-07-01_14:30:00.000000,6
1349,865080_2022-07-01_14:45:00.000000,https://spaceweather.astron.nl//SolarKSP/data/atdb_process/solar_bf_compressing/3741/865080/dynamic_spectra/LOFAR_20220701_144500_LBA_OUTER_S0.fits,2022-07-01,14:45:00.000000,865080_2022-07-01_14:45:00.000000,3
1351,865080_2022-07-01_15:00:00.000000,https://spaceweather.astron.nl//SolarKSP/data/atdb_process/solar_bf_compressing/3741/865080/dynamic_spectra/LOFAR_20220701_150000_LBA_OUTER_S0.fits,2022-07-01,15:00:00.000000,865080_2022-07-01_15:00:00.000000,3
1381,865080_2022-07-01_15:15:00.000000,https://spaceweather.astron.nl//SolarKSP/data/atdb_process/solar_bf_compressing/3741/865080/dynamic_spectra/LOFAR_20220701_151500_LBA_OUTER_S0.fits,2022-07-01,15:15:00.000000,865080_2022-07-01_15:15:00.000000,3
1383,865080_2022-07-01_15:30:00.000000,https://spaceweather.astron.nl//SolarKSP/data/atdb_process/solar_bf_compressing/3741/865080/dynamic_spectra/LOFAR_20220701_153000_LBA_OUTER_S0.fits,2022-07-01,15:30:00.000000,865080_2022-07-01_15:30:00.000000,1
1360,865080_2022-07-01_15:45:00.000000,https://spaceweather.astron.nl//SolarKSP/data/atdb_process/solar_bf_compressing/3741/865080/dynamic_spectra/LOFAR_20220701_154500_LBA_OUTER_S0.fits,2022-07-01,15:45:00.000000,865080_2022-07-01_15:45:00.000000,3
1384,865080_2022-07-01_16:00:00.000000,https://spaceweather.astron.nl//SolarKSP/data/atdb_process/solar_bf_compressing/3741/865080/dynamic_spectra/LOFAR_20220701_160000_LBA_OUTER_S0.fits,2022-07-01,16:00:00.000000,865080_2022-07-01_16:00:00.000000,6
1365,865080_2022-07-01_16:15:00.000000,https://spaceweather.astron.nl//SolarKSP/data/atdb_process/solar_bf_compressing/3741/865080/dynamic_spectra/LOFAR_20220701_161500_LBA_OUTER_S0.fits,2022-07-01,16:15:00.000000,865080_2022-07-01_16:15:00.000000,3
1344,865080_2022-07-01_16:30:00.000000,https://spaceweather.astron.nl//SolarKSP/data/atdb_process/solar_bf_compressing/3741/865080/dynamic_spectra/LOFAR_20220701_163000_LBA_OUTER_S0.fits,2022-07-01,16:30:00.000000,865080_2022-07-01_16:30:00.000000,3
1376,865080_2022-07-01_16:45:00.000000,https://spaceweather.astron.nl//SolarKSP/data/atdb_process/solar_bf_compressing/3741/865080/dynamic_spectra/LOFAR_20220701_164500_LBA_OUTER_S0.fits,2022-07-01,16:45:00.000000,865080_2022-07-01_16:45:00.000000,1
1372,865080_2022-07-01_17:00:00.000000,https://spaceweather.astron.nl//SolarKSP/data/atdb_process/solar_bf_compressing/3741/865080/dynamic_spectra/LOFAR_20220701_170000_LBA_OUTER_S0.fits,2022-07-01,17:00:00.000000,865080_2022-07-01_17:00:00.000000,3
1352,865080_2022-07-01_17:15:00.000000,https://spaceweather.astron.nl//SolarKSP/data/atdb_process/solar_bf_compressing/3741/865080/dynamic_spectra/LOFAR_20220701_171500_LBA_OUTER_S0.fits,2022-07-01,17:15:00.000000,865080_2022-07-01_17:15:00.000000,3
1358,865080_2022-07-01_17:30:00.000000,https://spaceweather.astron.nl//SolarKSP/data/atdb_process/solar_bf_compressing/3741/865080/dynamic_spectra/LOFAR_20220701_173000_LBA_OUTER_S0.fits,2022-07-01,17:30:00.000000,865080_2022-07-01_17:30:00.000000,1
1386,865080_2022-07-01_17:45:00.000000,https://spaceweather.astron.nl//SolarKSP/data/atdb_process/solar_bf_compressing/3741/865080/dynamic_spectra/LOFAR_20220701_174500_LBA_OUTER_S0.fits,2022-07-01,17:45:00.000000,865080_2022-07-01_17:45:00.000000,6
1357,865080_2022-07-01_18:00:00.000000,https://spaceweather.astron.nl//SolarKSP/data/atdb_process/solar_bf_compressing/3741/865080/dynamic_spectra/LOFAR_20220701_180000_LBA_OUTER_S0.fits,2022-07-01,18:00:00.000000,865080_2022-07-01_18:00:00.000000,6
1390,865080_2022-07-01_18:15:00.000000,https://spaceweather.astron.nl//SolarKSP/data/atdb_process/solar_bf_compressing/3741/865080/dynamic_spectra/LOFAR_20220701_181500_LBA_OUTER_S0.fits,2022-07-01,18:15:00.000000,865080_2022-07-01_18:15:00.000000,6
1373,865080_2022-07-01_18:30:00.000000,https://spaceweather.astron.nl//SolarKSP/data/atdb_process/solar_bf_compressing/3741/865080/dynamic_spectra/LOFAR_20220701_183000_LBA_OUTER_S0.fits,2022-07-01,18:30:00.000000,865080_2022-07-01_18:30:00.000000,3
1347,865080_2022-07-01_18:45:00.000000,https://spaceweather.astron.nl//SolarKSP/data/atdb_process/solar_bf_compressing/3741/865080/dynamic_spectra/LOFAR_20220701_184500_LBA_OUTER_S0.fits,2022-07-01,18:45:00.000000,865080_2022-07-01_18:45:00.000000,3
1343,865080_2022-07-01_19:00:00.000000,https://spaceweather.astron.nl//SolarKSP/data/atdb_process/solar_bf_compressing/3741/865080/dynamic_spectra/LOFAR_20220701_190000_LBA_OUTER_S0.fits,2022-07-01,19:00:00.000000,865080_2022-07-01_19:00:00.000000,6
2738,865396_2022-07-06_06:30:00.000000,https://spaceweather.astron.nl//SolarKSP/data/atdb_process/solar_bf_compressing/3835/865396/dynamic_spectra/LOFAR_20220706_063000_LBA_OUTER_S0.fits,2022-07-06,06:30:00.000000,865396_2022-07-06_06:30:00.000000,3
2760,865396_2022-07-06_06:45:00.000000,https://spaceweather.astron.nl//SolarKSP/data/atdb_process/solar_bf_compressing/3835/865396/dynamic_spectra/LOFAR_20220706_064500_LBA_OUTER_S0.fits,2022-07-06,06:45:00.000000,865396_2022-07-06_06:45:00.000000,3
2761,865396_2022-07-06_07:00:00.000000,https://spaceweather.astron.nl//SolarKSP/data/atdb_process/solar_bf_compressing/3835/865396/dynamic_spectra/LOFAR_20220706_070000_LBA_OUTER_S0.fits,2022-07-06,07:00:00.000000,865396_2022-07-06_07:00:00.000000,3
2743,865396_2022-07-06_07:15:00.000000,https://spaceweather.astron.nl//SolarKSP/data/atdb_process/solar_bf_compressing/3835/865396/dynamic_spectra/LOFAR_20220706_071500_LBA_OUTER_S0.fits,2022-07-06,07:15:00.000000,865396_2022-07-06_07:15:00.000000,3
2726,865396_2022-07-06_07:30:00.000000,https://spaceweather.astron.nl//SolarKSP/data/atdb_process/solar_bf_compressing/3835/865396/dynamic_spectra/LOFAR_20220706_073000_LBA_OUTER_S0.fits,2022-07-06,07:30:00.000000,865396_2022-07-06_07:30:00.000000,3
2749,865396_2022-07-06_07:45:00.000000,https://spaceweather.astron.nl//SolarKSP/data/atdb_process/solar_bf_compressing/3835/865396/dynamic_spectra/LOFAR_20220706_074500_LBA_OUTER_S0.fits,2022-07-06,07:45:00.000000,865396_2022-07-06_07:45:00.000000,3
2724,865396_2022-07-06_08:00:00.000000,https://spaceweather.astron.nl//SolarKSP/data/atdb_process/solar_bf_compressing/3835/865396/dynamic_spectra/LOFAR_20220706_080000_LBA_OUTER_S0.fits,2022-07-06,08:00:00.000000,865396_2022-07-06_08:00:00.000000,3
2758,865396_2022-07-06_08:15:00.000000,https://spaceweather.astron.nl//SolarKSP/data/atdb_process/solar_bf_compressing/3835/865396/dynamic_spectra/LOFAR_20220706_081500_LBA_OUTER_S0.fits,2022-07-06,08:15:00.000000,865396_2022-07-06_08:15:00.000000,3
2762,865396_2022-07-06_08:30:00.000000,https://spaceweather.astron.nl//SolarKSP/data/atdb_process/solar_bf_compressing/3835/865396/dynamic_spectra/LOFAR_20220706_083000_LBA_OUTER_S0.fits,2022-07-06,08:30:00.000000,865396_2022-07-06_08:30:00.000000,3
2734,865396_2022-07-06_08:45:00.000000,https://spaceweather.astron.nl//SolarKSP/data/atdb_process/solar_bf_compressing/3835/865396/dynamic_spectra/LOFAR_20220706_084500_LBA_OUTER_S0.fits,2022-07-06,08:45:00.000000,865396_2022-07-06_08:45:00.000000,3
2737,865396_2022-07-06_09:00:00.000000,https://spaceweather.astron.nl//SolarKSP/data/atdb_process/solar_bf_compressing/3835/865396/dynamic_spectra/LOFAR_20220706_090000_LBA_OUTER_S0.fits,2022-07-06,09:00:00.000000,865396_2022-07-06_09:00:00.000000,3
2771,865396_2022-07-06_09:15:00.000000,https://spaceweather.astron.nl//SolarKSP/data/atdb_process/solar_bf_compressing/3835/865396/dynamic_spectra/LOFAR_20220706_091500_LBA_OUTER_S0.fits,2022-07-06,09:15:00.000000,865396_2022-07-06_09:15:00.000000,3
2750,865396_2022-07-06_09:30:00.000000,https://spaceweather.astron.nl//SolarKSP/data/atdb_process/solar_bf_compressing/3835/865396/dynamic_spectra/LOFAR_20220706_093000_LBA_OUTER_S0.fits,2022-07-06,09:30:00.000000,865396_2022-07-06_09:30:00.000000,3
2723,865396_2022-07-06_09:45:00.000000,https://spaceweather.astron.nl//SolarKSP/data/atdb_process/solar_bf_compressing/3835/865396/dynamic_spectra/LOFAR_20220706_094500_LBA_OUTER_S0.fits,2022-07-06,09:45:00.000000,865396_2022-07-06_09:45:00.000000,3
2757,865396_2022-07-06_10:00:00.000000,https://spaceweather.astron.nl//SolarKSP/data/atdb_process/solar_bf_compressing/3835/865396/dynamic_spectra/LOFAR_20220706_100000_LBA_OUTER_S0.fits,2022-07-06,10:00:00.000000,865396_2022-07-06_10:00:00.000000,3
2725,865396_2022-07-06_10:15:00.000000,https://spaceweather.astron.nl//SolarKSP/data/atdb_process/solar_bf_compressing/3835/865396/dynamic_spectra/LOFAR_20220706_101500_LBA_OUTER_S0.fits,2022-07-06,10:15:00.000000,865396_2022-07-06_10:15:00.000000,3
2742,865396_2022-07-06_10:30:00.000000,https://spaceweather.astron.nl//SolarKSP/data/atdb_process/solar_bf_compressing/3835/865396/dynamic_spectra/LOFAR_20220706_103000_LBA_OUTER_S0.fits,2022-07-06,10:30:00.000000,865396_2022-07-06_10:30:00.000000,3
2769,865396_2022-07-06_10:45:00.000000,https://spaceweather.astron.nl//SolarKSP/data/atdb_process/solar_bf_compressing/3835/865396/dynamic_spectra/LOFAR_20220706_104500_LBA_OUTER_S0.fits,2022-07-06,10:45:00.000000,865396_2022-07-06_10:45:00.000000,3
2772,865396_2022-07-06_11:00:00.000000,https://spaceweather.astron.nl//SolarKSP/data/atdb_process/solar_bf_compressing/3835/865396/dynamic_spectra/LOFAR_20220706_110000_LBA_OUTER_S0.fits,2022-07-06,11:00:00.000000,865396_2022-07-06_11:00:00.000000,3
2736,865396_2022-07-06_11:15:00.000000,https://spaceweather.astron.nl//SolarKSP/data/atdb_process/solar_bf_compressing/3835/865396/dynamic_spectra/LOFAR_20220706_111500_LBA_OUTER_S0.fits,2022-07-06,11:15:00.000000,865396_2022-07-06_11:15:00.000000,3
2729,865396_2022-07-06_11:30:00.000000,https://spaceweather.astron.nl//SolarKSP/data/atdb_process/solar_bf_compressing/3835/865396/dynamic_spectra/LOFAR_20220706_113000_LBA_OUTER_S0.fits,2022-07-06,11:30:00.000000,865396_2022-07-06_11:30:00.000000,3
2755,865396_2022-07-06_11:45:00.000000,https://spaceweather.astron.nl//SolarKSP/data/atdb_process/solar_bf_compressing/3835/865396/dynamic_spectra/LOFAR_20220706_114500_LBA_OUTER_S0.fits,2022-07-06,11:45:00.000000,865396_2022-07-06_11:45:00.000000,3
2730,865396_2022-07-06_12:00:00.000000,https://spaceweather.astron.nl//SolarKSP/data/atdb_process/solar_bf_compressing/3835/865396/dynamic_spectra/LOFAR_20220706_120000_LBA_OUTER_S0.fits,2022-07-06,12:00:00.000000,865396_2022-07-06_12:00:00.000000,3
2751,865396_2022-07-06_12:15:00.000000,https://spaceweather.astron.nl//SolarKSP/data/atdb_process/solar_bf_compressing/3835/865396/dynamic_spectra/LOFAR_20220706_121500_LBA_OUTER_S0.fits,2022-07-06,12:15:00.000000,865396_2022-07-06_12:15:00.000000,3
2765,865396_2022-07-06_12:30:00.000000,https://spaceweather.astron.nl//SolarKSP/data/atdb_process/solar_bf_compressing/3835/865396/dynamic_spectra/LOFAR_20220706_123000_LBA_OUTER_S0.fits,2022-07-06,12:30:00.000000,865396_2022-07-06_12:30:00.000000,3
2747,865396_2022-07-06_12:45:00.000000,https://spaceweather.astron.nl//SolarKSP/data/atdb_process/solar_bf_compressing/3835/865396/dynamic_spectra/LOFAR_20220706_124500_LBA_OUTER_S0.fits,2022-07-06,12:45:00.000000,865396_2022-07-06_12:45:00.000000,3
2745,865396_2022-07-06_13:00:00.000000,https://spaceweather.astron.nl//SolarKSP/data/atdb_process/solar_bf_compressing/3835/865396/dynamic_spectra/LOFAR_20220706_130000_LBA_OUTER_S0.fits,2022-07-06,13:00:00.000000,865396_2022-07-06_13:00:00.000000,3
2763,865396_2022-07-06_13:15:00.000000,https://spaceweather.astron.nl//SolarKSP/data/atdb_process/solar_bf_compressing/3835/865396/dynamic_spectra/LOFAR_20220706_131500_LBA_OUTER_S0.fits,2022-07-06,13:15:00.000000,865396_2022-07-06_13:15:00.000000,3
2753,865396_2022-07-06_13:30:00.000000,https://spaceweather.astron.nl//SolarKSP/data/atdb_process/solar_bf_compressing/3835/865396/dynamic_spectra/LOFAR_20220706_133000_LBA_OUTER_S0.fits,2022-07-06,13:30:00.000000,865396_2022-07-06_13:30:00.000000,3
2732,865396_2022-07-06_13:45:00.000000,https://spaceweather.astron.nl//SolarKSP/data/atdb_process/solar_bf_compressing/3835/865396/dynamic_spectra/LOFAR_20220706_134500_LBA_OUTER_S0.fits,2022-07-06,13:45:00.000000,865396_2022-07-06_13:45:00.000000,3
2733,865396_2022-07-06_14:00:00.000000,https://spaceweather.astron.nl//SolarKSP/data/atdb_process/solar_bf_compressing/3835/865396/dynamic_spectra/LOFAR_20220706_140000_LBA_OUTER_S0.fits,2022-07-06,14:00:00.000000,865396_2022-07-06_14:00:00.000000,3
2752,865396_2022-07-06_14:15:00.000000,https://spaceweather.astron.nl//SolarKSP/data/atdb_process/solar_bf_compressing/3835/865396/dynamic_spectra/LOFAR_20220706_141500_LBA_OUTER_S0.fits,2022-07-06,14:15:00.000000,865396_2022-07-06_14:15:00.000000,3
2766,865396_2022-07-06_14:30:00.000000,https://spaceweather.astron.nl//SolarKSP/data/atdb_process/solar_bf_compressing/3835/865396/dynamic_spectra/LOFAR_20220706_143000_LBA_OUTER_S0.fits,2022-07-06,14:30:00.000000,865396_2022-07-06_14:30:00.000000,3
2744,865396_2022-07-06_14:45:00.000000,https://spaceweather.astron.nl//SolarKSP/data/atdb_process/solar_bf_compressing/3835/865396/dynamic_spectra/LOFAR_20220706_144500_LBA_OUTER_S0.fits,2022-07-06,14:45:00.000000,865396_2022-07-06_14:45:00.000000,3
2746,865396_2022-07-06_15:00:00.000000,https://spaceweather.astron.nl//SolarKSP/data/atdb_process/solar_bf_compressing/3835/865396/dynamic_spectra/LOFAR_20220706_150000_LBA_OUTER_S0.fits,2022-07-06,15:00:00.000000,865396_2022-07-06_15:00:00.000000,3
2764,865396_2022-07-06_15:15:00.000000,https://spaceweather.astron.nl//SolarKSP/data/atdb_process/solar_bf_compressing/3835/865396/dynamic_spectra/LOFAR_20220706_151500_LBA_OUTER_S0.fits,2022-07-06,15:15:00.000000,865396_2022-07-06_15:15:00.000000,3
2754,865396_2022-07-06_15:30:00.000000,https://spaceweather.astron.nl//SolarKSP/data/atdb_process/solar_bf_compressing/3835/865396/dynamic_spectra/LOFAR_20220706_153000_LBA_OUTER_S0.fits,2022-07-06,15:30:00.000000,865396_2022-07-06_15:30:00.000000,3
2731,865396_2022-07-06_15:45:00.000000,https://spaceweather.astron.nl//SolarKSP/data/atdb_process/solar_bf_compressing/3835/865396/dynamic_spectra/LOFAR_20220706_154500_LBA_OUTER_S0.fits,2022-07-06,15:45:00.000000,865396_2022-07-06_15:45:00.000000,3
2756,865396_2022-07-06_16:00:00.000000,https://spaceweather.astron.nl//SolarKSP/data/atdb_process/solar_bf_compressing/3835/865396/dynamic_spectra/LOFAR_20220706_160000_LBA_OUTER_S0.fits,2022-07-06,16:00:00.000000,865396_2022-07-06_16:00:00.000000,3
2722,865396_2022-07-06_16:15:00.000000,https://spaceweather.astron.nl//SolarKSP/data/atdb_process/solar_bf_compressing/3835/865396/dynamic_spectra/LOFAR_20220706_161500_LBA_OUTER_S0.fits,2022-07-06,16:15:00.000000,865396_2022-07-06_16:15:00.000000,3
2739,865396_2022-07-06_16:30:00.000000,https://spaceweather.astron.nl//SolarKSP/data/atdb_process/solar_bf_compressing/3835/865396/dynamic_spectra/LOFAR_20220706_163000_LBA_OUTER_S0.fits,2022-07-06,16:30:00.000000,865396_2022-07-06_16:30:00.000000,3
2770,865396_2022-07-06_16:45:00.000000,https://spaceweather.astron.nl//SolarKSP/data/atdb_process/solar_bf_compressing/3835/865396/dynamic_spectra/LOFAR_20220706_164500_LBA_OUTER_S0.fits,2022-07-06,16:45:00.000000,865396_2022-07-06_16:45:00.000000,3
2768,865396_2022-07-06_17:00:00.000000,https://spaceweather.astron.nl//SolarKSP/data/atdb_process/solar_bf_compressing/3835/865396/dynamic_spectra/LOFAR_20220706_170000_LBA_OUTER_S0.fits,2022-07-06,17:00:00.000000,865396_2022-07-06_17:00:00.000000,3
2735,865396_2022-07-06_17:15:00.000000,https://spaceweather.astron.nl//SolarKSP/data/atdb_process/solar_bf_compressing/3835/865396/dynamic_spectra/LOFAR_20220706_171500_LBA_OUTER_S0.fits,2022-07-06,17:15:00.000000,865396_2022-07-06_17:15:00.000000,3
2727,865396_2022-07-06_17:30:00.000000,https://spaceweather.astron.nl//SolarKSP/data/atdb_process/solar_bf_compressing/3835/865396/dynamic_spectra/LOFAR_20220706_173000_LBA_OUTER_S0.fits,2022-07-06,17:30:00.000000,865396_2022-07-06_17:30:00.000000,3
2759,865396_2022-07-06_17:45:00.000000,https://spaceweather.astron.nl//SolarKSP/data/atdb_process/solar_bf_compressing/3835/865396/dynamic_spectra/LOFAR_20220706_174500_LBA_OUTER_S0.fits,2022-07-06,17:45:00.000000,865396_2022-07-06_17:45:00.000000,3
2728,865396_2022-07-06_18:00:00.000000,https://spaceweather.astron.nl//SolarKSP/data/atdb_process/solar_bf_compressing/3835/865396/dynamic_spectra/LOFAR_20220706_180000_LBA_OUTER_S0.fits,2022-07-06,18:00:00.000000,865396_2022-07-06_18:00:00.000000,3
2748,865396_2022-07-06_18:15:00.000000,https://spaceweather.astron.nl//SolarKSP/data/atdb_process/solar_bf_compressing/3835/865396/dynamic_spectra/LOFAR_20220706_181500_LBA_OUTER_S0.fits,2022-07-06,18:15:00.000000,865396_2022-07-06_18:15:00.000000,3
2767,865396_2022-07-06_18:30:00.000000,https://spaceweather.astron.nl//SolarKSP/data/atdb_process/solar_bf_compressing/3835/865396/dynamic_spectra/LOFAR_20220706_183000_LBA_OUTER_S0.fits,2022-07-06,18:30:00.000000,865396_2022-07-06_18:30:00.000000,3
2741,865396_2022-07-06_18:45:00.000000,https://spaceweather.astron.nl//SolarKSP/data/atdb_process/solar_bf_compressing/3835/865396/dynamic_spectra/LOFAR_20220706_184500_LBA_OUTER_S0.fits,2022-07-06,18:45:00.000000,865396_2022-07-06_18:45:00.000000,1
2740,865396_2022-07-06_19:00:00.000000,https://spaceweather.astron.nl//SolarKSP/data/atdb_process/solar_bf_compressing/3835/865396/dynamic_spectra/LOFAR_20220706_190000_LBA_OUTER_S0.fits,2022-07-06,19:00:00.000000,865396_2022-07-06_19:00:00.000000,1
1964,865492_2022-07-08_06:36:00.000000,https://spaceweather.astron.nl//SolarKSP/data/atdb_process/solar_bf_compressing/3743/865492/dynamic_spectra/LOFAR_20220708_063600_LBA_OUTER_S0.fits,2022-07-08,06:36:00.000000,865492_2022-07-08_06:36:00.000000,3
1970,865492_2022-07-08_06:51:00.000000,https://spaceweather.astron.nl//SolarKSP/data/atdb_process/solar_bf_compressing/3743/865492/dynamic_spectra/LOFAR_20220708_065100_LBA_OUTER_S0.fits,2022-07-08,06:51:00.000000,865492_2022-07-08_06:51:00.000000,3
1939,865492_2022-07-08_07:06:00.000000,https://spaceweather.astron.nl//SolarKSP/data/atdb_process/solar_bf_compressing/3743/865492/dynamic_spectra/LOFAR_20220708_070600_LBA_OUTER_S0.fits,2022-07-08,07:06:00.000000,865492_2022-07-08_07:06:00.000000,1
1966,865492_2022-07-08_07:21:00.000000,https://spaceweather.astron.nl//SolarKSP/data/atdb_process/solar_bf_compressing/3743/865492/dynamic_spectra/LOFAR_20220708_072100_LBA_OUTER_S0.fits,2022-07-08,07:21:00.000000,865492_2022-07-08_07:21:00.000000,3
1952,865492_2022-07-08_07:36:00.000000,https://spaceweather.astron.nl//SolarKSP/data/atdb_process/solar_bf_compressing/3743/865492/dynamic_spectra/LOFAR_20220708_073600_LBA_OUTER_S0.fits,2022-07-08,07:36:00.000000,865492_2022-07-08_07:36:00.000000,3
1957,865492_2022-07-08_07:51:00.000000,https://spaceweather.astron.nl//SolarKSP/data/atdb_process/solar_bf_compressing/3743/865492/dynamic_spectra/LOFAR_20220708_075100_LBA_OUTER_S0.fits,2022-07-08,07:51:00.000000,865492_2022-07-08_07:51:00.000000,3
1954,865492_2022-07-08_08:06:00.000000,https://spaceweather.astron.nl//SolarKSP/data/atdb_process/solar_bf_compressing/3743/865492/dynamic_spectra/LOFAR_20220708_080600_LBA_OUTER_S0.fits,2022-07-08,08:06:00.000000,865492_2022-07-08_08:06:00.000000,1
1927,865492_2022-07-08_08:21:00.000000,https://spaceweather.astron.nl//SolarKSP/data/atdb_process/solar_bf_compressing/3743/865492/dynamic_spectra/LOFAR_20220708_082100_LBA_OUTER_S0.fits,2022-07-08,08:21:00.000000,865492_2022-07-08_08:21:00.000000,1
1938,865492_2022-07-08_08:36:00.000000,https://spaceweather.astron.nl//SolarKSP/data/atdb_process/solar_bf_compressing/3743/865492/dynamic_spectra/LOFAR_20220708_083600_LBA_OUTER_S0.fits,2022-07-08,08:36:00.000000,865492_2022-07-08_08:36:00.000000,1
1949,865492_2022-07-08_08:51:00.000000,https://spaceweather.astron.nl//SolarKSP/data/atdb_process/solar_bf_compressing/3743/865492/dynamic_spectra/LOFAR_20220708_085100_LBA_OUTER_S0.fits,2022-07-08,08:51:00.000000,865492_2022-07-08_08:51:00.000000,1
1965,865492_2022-07-08_09:06:00.000000,https://spaceweather.astron.nl//SolarKSP/data/atdb_process/solar_bf_compressing/3743/865492/dynamic_spectra/LOFAR_20220708_090600_LBA_OUTER_S0.fits,2022-07-08,09:06:00.000000,865492_2022-07-08_09:06:00.000000,3
1940,865492_2022-07-08_09:21:00.000000,https://spaceweather.astron.nl//SolarKSP/data/atdb_process/solar_bf_compressing/3743/865492/dynamic_spectra/LOFAR_20220708_092100_LBA_OUTER_S0.fits,2022-07-08,09:21:00.000000,865492_2022-07-08_09:21:00.000000,1
1926,865492_2022-07-08_09:36:00.000000,https://spaceweather.astron.nl//SolarKSP/data/atdb_process/solar_bf_compressing/3743/865492/dynamic_spectra/LOFAR_20220708_093600_LBA_OUTER_S0.fits,2022-07-08,09:36:00.000000,865492_2022-07-08_09:36:00.000000,1
1934,865492_2022-07-08_09:51:00.000000,https://spaceweather.astron.nl//SolarKSP/data/atdb_process/solar_bf_compressing/3743/865492/dynamic_spectra/LOFAR_20220708_095100_LBA_OUTER_S0.fits,2022-07-08,09:51:00.000000,865492_2022-07-08_09:51:00.000000,3
1935,865492_2022-07-08_10:06:00.000000,https://spaceweather.astron.nl//SolarKSP/data/atdb_process/solar_bf_compressing/3743/865492/dynamic_spectra/LOFAR_20220708_100600_LBA_OUTER_S0.fits,2022-07-08,10:06:00.000000,865492_2022-07-08_10:06:00.000000,3
1956,865492_2022-07-08_10:21:00.000000,https://spaceweather.astron.nl//SolarKSP/data/atdb_process/solar_bf_compressing/3743/865492/dynamic_spectra/LOFAR_20220708_102100_LBA_OUTER_S0.fits,2022-07-08,10:21:00.000000,865492_2022-07-08_10:21:00.000000,3
1971,865492_2022-07-08_10:36:00.000000,https://spaceweather.astron.nl//SolarKSP/data/atdb_process/solar_bf_compressing/3743/865492/dynamic_spectra/LOFAR_20220708_103600_LBA_OUTER_S0.fits,2022-07-08,10:36:00.000000,865492_2022-07-08_10:36:00.000000,3
1967,865492_2022-07-08_10:51:00.000000,https://spaceweather.astron.nl//SolarKSP/data/atdb_process/solar_bf_compressing/3743/865492/dynamic_spectra/LOFAR_20220708_105100_LBA_OUTER_S0.fits,2022-07-08,10:51:00.000000,865492_2022-07-08_10:51:00.000000,1
1948,865492_2022-07-08_11:06:00.000000,https://spaceweather.astron.nl//SolarKSP/data/atdb_process/solar_bf_compressing/3743/865492/dynamic_spectra/LOFAR_20220708_110600_LBA_OUTER_S0.fits,2022-07-08,11:06:00.000000,865492_2022-07-08_11:06:00.000000,3
1969,865492_2022-07-08_11:21:00.000000,https://spaceweather.astron.nl//SolarKSP/data/atdb_process/solar_bf_compressing/3743/865492/dynamic_spectra/LOFAR_20220708_112100_LBA_OUTER_S0.fits,2022-07-08,11:21:00.000000,865492_2022-07-08_11:21:00.000000,3
1958,865492_2022-07-08_11:36:00.000000,https://spaceweather.astron.nl//SolarKSP/data/atdb_process/solar_bf_compressing/3743/865492/dynamic_spectra/LOFAR_20220708_113600_LBA_OUTER_S0.fits,2022-07-08,11:36:00.000000,865492_2022-07-08_11:36:00.000000,3
1953,865492_2022-07-08_11:51:00.000000,https://spaceweather.astron.nl//SolarKSP/data/atdb_process/solar_bf_compressing/3743/865492/dynamic_spectra/LOFAR_20220708_115100_LBA_OUTER_S0.fits,2022-07-08,11:51:00.000000,865492_2022-07-08_11:51:00.000000,3
1963,865492_2022-07-08_12:06:00.000000,https://spaceweather.astron.nl//SolarKSP/data/atdb_process/solar_bf_compressing/3743/865492/dynamic_spectra/LOFAR_20220708_120600_LBA_OUTER_S0.fits,2022-07-08,12:06:00.000000,865492_2022-07-08_12:06:00.000000,3
1933,865492_2022-07-08_12:21:00.000000,https://spaceweather.astron.nl//SolarKSP/data/atdb_process/solar_bf_compressing/3743/865492/dynamic_spectra/LOFAR_20220708_122100_LBA_OUTER_S0.fits,2022-07-08,12:21:00.000000,865492_2022-07-08_12:21:00.000000,1
1946,865492_2022-07-08_12:36:00.000000,https://spaceweather.astron.nl//SolarKSP/data/atdb_process/solar_bf_compressing/3743/865492/dynamic_spectra/LOFAR_20220708_123600_LBA_OUTER_S0.fits,2022-07-08,12:36:00.000000,865492_2022-07-08_12:36:00.000000,3
1943,865492_2022-07-08_12:51:00.000000,https://spaceweather.astron.nl//SolarKSP/data/atdb_process/solar_bf_compressing/3743/865492/dynamic_spectra/LOFAR_20220708_125100_LBA_OUTER_S0.fits,2022-07-08,12:51:00.000000,865492_2022-07-08_12:51:00.000000,3
1976,865492_2022-07-08_13:06:00.000000,https://spaceweather.astron.nl//SolarKSP/data/atdb_process/solar_bf_compressing/3743/865492/dynamic_spectra/LOFAR_20220708_130600_LBA_OUTER_S0.fits,2022-07-08,13:06:00.000000,865492_2022-07-08_13:06:00.000000,6
1947,865492_2022-07-08_13:21:00.000000,https://spaceweather.astron.nl//SolarKSP/data/atdb_process/solar_bf_compressing/3743/865492/dynamic_spectra/LOFAR_20220708_132100_LBA_OUTER_S0.fits,2022-07-08,13:21:00.000000,865492_2022-07-08_13:21:00.000000,3
1932,865492_2022-07-08_13:36:00.000000,https://spaceweather.astron.nl//SolarKSP/data/atdb_process/solar_bf_compressing/3743/865492/dynamic_spectra/LOFAR_20220708_133600_LBA_OUTER_S0.fits,2022-07-08,13:36:00.000000,865492_2022-07-08_13:36:00.000000,3
1929,865492_2022-07-08_13:51:00.000000,https://spaceweather.astron.nl//SolarKSP/data/atdb_process/solar_bf_compressing/3743/865492/dynamic_spectra/LOFAR_20220708_135100_LBA_OUTER_S0.fits,2022-07-08,13:51:00.000000,865492_2022-07-08_13:51:00.000000,3
1962,865492_2022-07-08_14:06:00.000000,https://spaceweather.astron.nl//SolarKSP/data/atdb_process/solar_bf_compressing/3743/865492/dynamic_spectra/LOFAR_20220708_140600_LBA_OUTER_S0.fits,2022-07-08,14:06:00.000000,865492_2022-07-08_14:06:00.000000,3
1931,865492_2022-07-08_14:21:00.000000,https://spaceweather.astron.nl//SolarKSP/data/atdb_process/solar_bf_compressing/3743/865492/dynamic_spectra/LOFAR_20220708_142100_LBA_OUTER_S0.fits,2022-07-08,14:21:00.000000,865492_2022-07-08_14:21:00.000000,3
1944,865492_2022-07-08_14:36:00.000000,https://spaceweather.astron.nl//SolarKSP/data/atdb_process/solar_bf_compressing/3743/865492/dynamic_spectra/LOFAR_20220708_143600_LBA_OUTER_S0.fits,2022-07-08,14:36:00.000000,865492_2022-07-08_14:36:00.000000,3
1942,865492_2022-07-08_14:51:00.000000,https://spaceweather.astron.nl//SolarKSP/data/atdb_process/solar_bf_compressing/3743/865492/dynamic_spectra/LOFAR_20220708_145100_LBA_OUTER_S0.fits,2022-07-08,14:51:00.000000,865492_2022-07-08_14:51:00.000000,3
1975,865492_2022-07-08_15:06:00.000000,https://spaceweather.astron.nl//SolarKSP/data/atdb_process/solar_bf_compressing/3743/865492/dynamic_spectra/LOFAR_20220708_150600_LBA_OUTER_S0.fits,2022-07-08,15:06:00.000000,865492_2022-07-08_15:06:00.000000,3
1945,865492_2022-07-08_15:21:00.000000,https://spaceweather.astron.nl//SolarKSP/data/atdb_process/solar_bf_compressing/3743/865492/dynamic_spectra/LOFAR_20220708_152100_LBA_OUTER_S0.fits,2022-07-08,15:21:00.000000,865492_2022-07-08_15:21:00.000000,3
1930,865492_2022-07-08_15:36:00.000000,https://spaceweather.astron.nl//SolarKSP/data/atdb_process/solar_bf_compressing/3743/865492/dynamic_spectra/LOFAR_20220708_153600_LBA_OUTER_S0.fits,2022-07-08,15:36:00.000000,865492_2022-07-08_15:36:00.000000,3
1928,865492_2022-07-08_15:51:00.000000,https://spaceweather.astron.nl//SolarKSP/data/atdb_process/solar_bf_compressing/3743/865492/dynamic_spectra/LOFAR_20220708_155100_LBA_OUTER_S0.fits,2022-07-08,15:51:00.000000,865492_2022-07-08_15:51:00.000000,3
1936,865492_2022-07-08_16:06:00.000000,https://spaceweather.astron.nl//SolarKSP/data/atdb_process/solar_bf_compressing/3743/865492/dynamic_spectra/LOFAR_20220708_160600_LBA_OUTER_S0.fits,2022-07-08,16:06:00.000000,865492_2022-07-08_16:06:00.000000,1
1960,865492_2022-07-08_16:21:00.000000,https://spaceweather.astron.nl//SolarKSP/data/atdb_process/solar_bf_compressing/3743/865492/dynamic_spectra/LOFAR_20220708_162100_LBA_OUTER_S0.fits,2022-07-08,16:21:00.000000,865492_2022-07-08_16:21:00.000000,3
1974,865492_2022-07-08_16:36:00.000000,https://spaceweather.astron.nl//SolarKSP/data/atdb_process/solar_bf_compressing/3743/865492/dynamic_spectra/LOFAR_20220708_163600_LBA_OUTER_S0.fits,2022-07-08,16:36:00.000000,865492_2022-07-08_16:36:00.000000,3
1968,865492_2022-07-08_16:51:00.000000,https://spaceweather.astron.nl//SolarKSP/data/atdb_process/solar_bf_compressing/3743/865492/dynamic_spectra/LOFAR_20220708_165100_LBA_OUTER_S0.fits,2022-07-08,16:51:00.000000,865492_2022-07-08_16:51:00.000000,3
1950,865492_2022-07-08_17:06:00.000000,https://spaceweather.astron.nl//SolarKSP/data/atdb_process/solar_bf_compressing/3743/865492/dynamic_spectra/LOFAR_20220708_170600_LBA_OUTER_S0.fits,2022-07-08,17:06:00.000000,865492_2022-07-08_17:06:00.000000,1
1972,865492_2022-07-08_17:21:00.000000,https://spaceweather.astron.nl//SolarKSP/data/atdb_process/solar_bf_compressing/3743/865492/dynamic_spectra/LOFAR_20220708_172100_LBA_OUTER_S0.fits,2022-07-08,17:21:00.000000,865492_2022-07-08_17:21:00.000000,3
1961,865492_2022-07-08_17:36:00.000000,https://spaceweather.astron.nl//SolarKSP/data/atdb_process/solar_bf_compressing/3743/865492/dynamic_spectra/LOFAR_20220708_173600_LBA_OUTER_S0.fits,2022-07-08,17:36:00.000000,865492_2022-07-08_17:36:00.000000,3
1955,865492_2022-07-08_17:51:00.000000,https://spaceweather.astron.nl//SolarKSP/data/atdb_process/solar_bf_compressing/3743/865492/dynamic_spectra/LOFAR_20220708_175100_LBA_OUTER_S0.fits,2022-07-08,17:51:00.000000,865492_2022-07-08_17:51:00.000000,3
1959,865492_2022-07-08_18:06:00.000000,https://spaceweather.astron.nl//SolarKSP/data/atdb_process/solar_bf_compressing/3743/865492/dynamic_spectra/LOFAR_20220708_180600_LBA_OUTER_S0.fits,2022-07-08,18:06:00.000000,865492_2022-07-08_18:06:00.000000,3
1937,865492_2022-07-08_18:21:00.000000,https://spaceweather.astron.nl//SolarKSP/data/atdb_process/solar_bf_compressing/3743/865492/dynamic_spectra/LOFAR_20220708_182100_LBA_OUTER_S0.fits,2022-07-08,18:21:00.000000,865492_2022-07-08_18:21:00.000000,1
1951,865492_2022-07-08_18:36:00.000000,https://spaceweather.astron.nl//SolarKSP/data/atdb_process/solar_bf_compressing/3743/865492/dynamic_spectra/LOFAR_20220708_183600_LBA_OUTER_S0.fits,2022-07-08,18:36:00.000000,865492_2022-07-08_18:36:00.000000,1
1941,865492_2022-07-08_18:51:00.000000,https://spaceweather.astron.nl//SolarKSP/data/atdb_process/solar_bf_compressing/3743/865492/dynamic_spectra/LOFAR_20220708_185100_LBA_OUTER_S0.fits,2022-07-08,18:51:00.000000,865492_2022-07-08_18:51:00.000000,3
1973,865492_2022-07-08_19:06:00.000000,https://spaceweather.astron.nl//SolarKSP/data/atdb_process/solar_bf_compressing/3743/865492/dynamic_spectra/LOFAR_20220708_190600_LBA_OUTER_S0.fits,2022-07-08,19:06:00.000000,865492_2022-07-08_19:06:00.000000,3
2838,865500_2022-07-10_06:45:00.000000,https://spaceweather.astron.nl//SolarKSP/data/atdb_process/solar_bf_compressing/3795/865500/dynamic_spectra/LOFAR_20220710_064500_LBA_OUTER_S0.fits,2022-07-10,06:45:00.000000,865500_2022-07-10_06:45:00.000000,1
2837,865500_2022-07-10_07:00:00.000000,https://spaceweather.astron.nl//SolarKSP/data/atdb_process/solar_bf_compressing/3795/865500/dynamic_spectra/LOFAR_20220710_070000_LBA_OUTER_S0.fits,2022-07-10,07:00:00.000000,865500_2022-07-10_07:00:00.000000,1
2849,865500_2022-07-10_07:30:00.000000,https://spaceweather.astron.nl//SolarKSP/data/atdb_process/solar_bf_compressing/3795/865500/dynamic_spectra/LOFAR_20220710_073000_LBA_OUTER_S0.fits,2022-07-10,07:30:00.000000,865500_2022-07-10_07:30:00.000000,1
2826,865500_2022-07-10_07:45:00.000000,https://spaceweather.astron.nl//SolarKSP/data/atdb_process/solar_bf_compressing/3795/865500/dynamic_spectra/LOFAR_20220710_074500_LBA_OUTER_S0.fits,2022-07-10,07:45:00.000000,865500_2022-07-10_07:45:00.000000,1
2850,865500_2022-07-10_08:00:00.000000,https://spaceweather.astron.nl//SolarKSP/data/atdb_process/solar_bf_compressing/3795/865500/dynamic_spectra/LOFAR_20220710_080000_LBA_OUTER_S0.fits,2022-07-10,08:00:00.000000,865500_2022-07-10_08:00:00.000000,1
2832,865500_2022-07-10_08:15:00.000000,https://spaceweather.astron.nl//SolarKSP/data/atdb_process/solar_bf_compressing/3795/865500/dynamic_spectra/LOFAR_20220710_081500_LBA_OUTER_S0.fits,2022-07-10,08:15:00.000000,865500_2022-07-10_08:15:00.000000,1
2836,865500_2022-07-10_08:30:00.000000,https://spaceweather.astron.nl//SolarKSP/data/atdb_process/solar_bf_compressing/3795/865500/dynamic_spectra/LOFAR_20220710_083000_LBA_OUTER_S0.fits,2022-07-10,08:30:00.000000,865500_2022-07-10_08:30:00.000000,1
2844,865500_2022-07-10_09:15:00.000000,https://spaceweather.astron.nl//SolarKSP/data/atdb_process/solar_bf_compressing/3795/865500/dynamic_spectra/LOFAR_20220710_091500_LBA_OUTER_S0.fits,2022-07-10,09:15:00.000000,865500_2022-07-10_09:15:00.000000,1
2824,865500_2022-07-10_09:30:00.000000,https://spaceweather.astron.nl//SolarKSP/data/atdb_process/solar_bf_compressing/3795/865500/dynamic_spectra/LOFAR_20220710_093000_LBA_OUTER_S0.fits,2022-07-10,09:30:00.000000,865500_2022-07-10_09:30:00.000000,1
2853,865500_2022-07-10_09:45:00.000000,https://spaceweather.astron.nl//SolarKSP/data/atdb_process/solar_bf_compressing/3795/865500/dynamic_spectra/LOFAR_20220710_094500_LBA_OUTER_S0.fits,2022-07-10,09:45:00.000000,865500_2022-07-10_09:45:00.000000,1
2831,865500_2022-07-10_10:00:00.000000,https://spaceweather.astron.nl//SolarKSP/data/atdb_process/solar_bf_compressing/3795/865500/dynamic_spectra/LOFAR_20220710_100000_LBA_OUTER_S0.fits,2022-07-10,10:00:00.000000,865500_2022-07-10_10:00:00.000000,1
2851,865500_2022-07-10_10:15:00.000000,https://spaceweather.astron.nl//SolarKSP/data/atdb_process/solar_bf_compressing/3795/865500/dynamic_spectra/LOFAR_20220710_101500_LBA_OUTER_S0.fits,2022-07-10,10:15:00.000000,865500_2022-07-10_10:15:00.000000,1
2848,865500_2022-07-10_10:45:00.000000,https://spaceweather.astron.nl//SolarKSP/data/atdb_process/solar_bf_compressing/3795/865500/dynamic_spectra/LOFAR_20220710_104500_LBA_OUTER_S0.fits,2022-07-10,10:45:00.000000,865500_2022-07-10_10:45:00.000000,1
2845,865500_2022-07-10_11:00:00.000000,https://spaceweather.astron.nl//SolarKSP/data/atdb_process/solar_bf_compressing/3795/865500/dynamic_spectra/LOFAR_20220710_110000_LBA_OUTER_S0.fits,2022-07-10,11:00:00.000000,865500_2022-07-10_11:00:00.000000,1
2834,865500_2022-07-10_11:45:00.000000,https://spaceweather.astron.nl//SolarKSP/data/atdb_process/solar_bf_compressing/3795/865500/dynamic_spectra/LOFAR_20220710_114500_LBA_OUTER_S0.fits,2022-07-10,11:45:00.000000,865500_2022-07-10_11:45:00.000000,1
2828,865500_2022-07-10_12:15:00.000000,https://spaceweather.astron.nl//SolarKSP/data/atdb_process/solar_bf_compressing/3795/865500/dynamic_spectra/LOFAR_20220710_121500_LBA_OUTER_S0.fits,2022-07-10,12:15:00.000000,865500_2022-07-10_12:15:00.000000,1
2842,865500_2022-07-10_12:30:00.000000,https://spaceweather.astron.nl//SolarKSP/data/atdb_process/solar_bf_compressing/3795/865500/dynamic_spectra/LOFAR_20220710_123000_LBA_OUTER_S0.fits,2022-07-10,12:30:00.000000,865500_2022-07-10_12:30:00.000000,3
2840,865500_2022-07-10_13:15:00.000000,https://spaceweather.astron.nl//SolarKSP/data/atdb_process/solar_bf_compressing/3795/865500/dynamic_spectra/LOFAR_20220710_131500_LBA_OUTER_S0.fits,2022-07-10,13:15:00.000000,865500_2022-07-10_13:15:00.000000,3
2830,865500_2022-07-10_13:30:00.000000,https://spaceweather.astron.nl//SolarKSP/data/atdb_process/solar_bf_compressing/3795/865500/dynamic_spectra/LOFAR_20220710_133000_LBA_OUTER_S0.fits,2022-07-10,13:30:00.000000,865500_2022-07-10_13:30:00.000000,3
2827,865500_2022-07-10_14:15:00.000000,https://spaceweather.astron.nl//SolarKSP/data/atdb_process/solar_bf_compressing/3795/865500/dynamic_spectra/LOFAR_20220710_141500_LBA_OUTER_S0.fits,2022-07-10,14:15:00.000000,865500_2022-07-10_14:15:00.000000,3
2841,865500_2022-07-10_14:30:00.000000,https://spaceweather.astron.nl//SolarKSP/data/atdb_process/solar_bf_compressing/3795/865500/dynamic_spectra/LOFAR_20220710_143000_LBA_OUTER_S0.fits,2022-07-10,14:30:00.000000,865500_2022-07-10_14:30:00.000000,3
2839,865500_2022-07-10_15:15:00.000000,https://spaceweather.astron.nl//SolarKSP/data/atdb_process/solar_bf_compressing/3795/865500/dynamic_spectra/LOFAR_20220710_151500_LBA_OUTER_S0.fits,2022-07-10,15:15:00.000000,865500_2022-07-10_15:15:00.000000,3
2829,865500_2022-07-10_15:30:00.000000,https://spaceweather.astron.nl//SolarKSP/data/atdb_process/solar_bf_compressing/3795/865500/dynamic_spectra/LOFAR_20220710_153000_LBA_OUTER_S0.fits,2022-07-10,15:30:00.000000,865500_2022-07-10_15:30:00.000000,3
2835,865500_2022-07-10_16:00:00.000000,https://spaceweather.astron.nl//SolarKSP/data/atdb_process/solar_bf_compressing/3795/865500/dynamic_spectra/LOFAR_20220710_160000_LBA_OUTER_S0.fits,2022-07-10,16:00:00.000000,865500_2022-07-10_16:00:00.000000,3
2852,865500_2022-07-10_16:15:00.000000,https://spaceweather.astron.nl//SolarKSP/data/atdb_process/solar_bf_compressing/3795/865500/dynamic_spectra/LOFAR_20220710_161500_LBA_OUTER_S0.fits,2022-07-10,16:15:00.000000,865500_2022-07-10_16:15:00.000000,3
2843,865500_2022-07-10_16:45:00.000000,https://spaceweather.astron.nl//SolarKSP/data/atdb_process/solar_bf_compressing/3795/865500/dynamic_spectra/LOFAR_20220710_164500_LBA_OUTER_S0.fits,2022-07-10,16:45:00.000000,865500_2022-07-10_16:45:00.000000,1
2846,865500_2022-07-10_17:00:00.000000,https://spaceweather.astron.nl//SolarKSP/data/atdb_process/solar_bf_compressing/3795/865500/dynamic_spectra/LOFAR_20220710_170000_LBA_OUTER_S0.fits,2022-07-10,17:00:00.000000,865500_2022-07-10_17:00:00.000000,1
2833,865500_2022-07-10_17:45:00.000000,https://spaceweather.astron.nl//SolarKSP/data/atdb_process/solar_bf_compressing/3795/865500/dynamic_spectra/LOFAR_20220710_174500_LBA_OUTER_S0.fits,2022-07-10,17:45:00.000000,865500_2022-07-10_17:45:00.000000,3
2825,865500_2022-07-10_18:15:00.000000,https://spaceweather.astron.nl//SolarKSP/data/atdb_process/solar_bf_compressing/3795/865500/dynamic_spectra/LOFAR_20220710_181500_LBA_OUTER_S0.fits,2022-07-10,18:15:00.000000,865500_2022-07-10_18:15:00.000000,1
2847,865500_2022-07-10_18:30:00.000000,https://spaceweather.astron.nl//SolarKSP/data/atdb_process/solar_bf_compressing/3795/865500/dynamic_spectra/LOFAR_20220710_183000_LBA_OUTER_S0.fits,2022-07-10,18:30:00.000000,865500_2022-07-10_18:30:00.000000,1
2775,865504_2022-07-11_06:30:00.000000,https://spaceweather.astron.nl//SolarKSP/data/atdb_process/solar_bf_compressing/3837/865504/dynamic_spectra/LOFAR_20220711_063000_LBA_OUTER_S0.fits,2022-07-11,06:30:00.000000,865504_2022-07-11_06:30:00.000000,3
2803,865504_2022-07-11_06:45:00.000000,https://spaceweather.astron.nl//SolarKSP/data/atdb_process/solar_bf_compressing/3837/865504/dynamic_spectra/LOFAR_20220711_064500_LBA_OUTER_S0.fits,2022-07-11,06:45:00.000000,865504_2022-07-11_06:45:00.000000,1
2801,865504_2022-07-11_07:00:00.000000,https://spaceweather.astron.nl//SolarKSP/data/atdb_process/solar_bf_compressing/3837/865504/dynamic_spectra/LOFAR_20220711_070000_LBA_OUTER_S0.fits,2022-07-11,07:00:00.000000,865504_2022-07-11_07:00:00.000000,1
2783,865504_2022-07-11_07:15:00.000000,https://spaceweather.astron.nl//SolarKSP/data/atdb_process/solar_bf_compressing/3837/865504/dynamic_spectra/LOFAR_20220711_071500_LBA_OUTER_S0.fits,2022-07-11,07:15:00.000000,865504_2022-07-11_07:15:00.000000,1
2789,865504_2022-07-11_07:30:00.000000,https://spaceweather.astron.nl//SolarKSP/data/atdb_process/solar_bf_compressing/3837/865504/dynamic_spectra/LOFAR_20220711_073000_LBA_OUTER_S0.fits,2022-07-11,07:30:00.000000,865504_2022-07-11_07:30:00.000000,3
2815,865504_2022-07-11_07:45:00.000000,https://spaceweather.astron.nl//SolarKSP/data/atdb_process/solar_bf_compressing/3837/865504/dynamic_spectra/LOFAR_20220711_074500_LBA_OUTER_S0.fits,2022-07-11,07:45:00.000000,865504_2022-07-11_07:45:00.000000,1
2787,865504_2022-07-11_08:00:00.000000,https://spaceweather.astron.nl//SolarKSP/data/atdb_process/solar_bf_compressing/3837/865504/dynamic_spectra/LOFAR_20220711_080000_LBA_OUTER_S0.fits,2022-07-11,08:00:00.000000,865504_2022-07-11_08:00:00.000000,1
2819,865504_2022-07-11_08:15:00.000000,https://spaceweather.astron.nl//SolarKSP/data/atdb_process/solar_bf_compressing/3837/865504/dynamic_spectra/LOFAR_20220711_081500_LBA_OUTER_S0.fits,2022-07-11,08:15:00.000000,865504_2022-07-11_08:15:00.000000,1
2802,865504_2022-07-11_08:30:00.000000,https://spaceweather.astron.nl//SolarKSP/data/atdb_process/solar_bf_compressing/3837/865504/dynamic_spectra/LOFAR_20220711_083000_LBA_OUTER_S0.fits,2022-07-11,08:30:00.000000,865504_2022-07-11_08:30:00.000000,1
2777,865504_2022-07-11_08:45:00.000000,https://spaceweather.astron.nl//SolarKSP/data/atdb_process/solar_bf_compressing/3837/865504/dynamic_spectra/LOFAR_20220711_084500_LBA_OUTER_S0.fits,2022-07-11,08:45:00.000000,865504_2022-07-11_08:45:00.000000,3
2774,865504_2022-07-11_09:00:00.000000,https://spaceweather.astron.nl//SolarKSP/data/atdb_process/solar_bf_compressing/3837/865504/dynamic_spectra/LOFAR_20220711_090000_LBA_OUTER_S0.fits,2022-07-11,09:00:00.000000,865504_2022-07-11_09:00:00.000000,3
2804,865504_2022-07-11_09:15:00.000000,https://spaceweather.astron.nl//SolarKSP/data/atdb_process/solar_bf_compressing/3837/865504/dynamic_spectra/LOFAR_20220711_091500_LBA_OUTER_S0.fits,2022-07-11,09:15:00.000000,865504_2022-07-11_09:15:00.000000,1
2814,865504_2022-07-11_09:30:00.000000,https://spaceweather.astron.nl//SolarKSP/data/atdb_process/solar_bf_compressing/3837/865504/dynamic_spectra/LOFAR_20220711_093000_LBA_OUTER_S0.fits,2022-07-11,09:30:00.000000,865504_2022-07-11_09:30:00.000000,1
2790,865504_2022-07-11_09:45:00.000000,https://spaceweather.astron.nl//SolarKSP/data/atdb_process/solar_bf_compressing/3837/865504/dynamic_spectra/LOFAR_20220711_094500_LBA_OUTER_S0.fits,2022-07-11,09:45:00.000000,865504_2022-07-11_09:45:00.000000,1
2818,865504_2022-07-11_10:00:00.000000,https://spaceweather.astron.nl//SolarKSP/data/atdb_process/solar_bf_compressing/3837/865504/dynamic_spectra/LOFAR_20220711_100000_LBA_OUTER_S0.fits,2022-07-11,10:00:00.000000,865504_2022-07-11_10:00:00.000000,1
2788,865504_2022-07-11_10:15:00.000000,https://spaceweather.astron.nl//SolarKSP/data/atdb_process/solar_bf_compressing/3837/865504/dynamic_spectra/LOFAR_20220711_101500_LBA_OUTER_S0.fits,2022-07-11,10:15:00.000000,865504_2022-07-11_10:15:00.000000,3
2782,865504_2022-07-11_10:30:00.000000,https://spaceweather.astron.nl//SolarKSP/data/atdb_process/solar_bf_compressing/3837/865504/dynamic_spectra/LOFAR_20220711_103000_LBA_OUTER_S0.fits,2022-07-11,10:30:00.000000,865504_2022-07-11_10:30:00.000000,3
2807,865504_2022-07-11_10:45:00.000000,https://spaceweather.astron.nl//SolarKSP/data/atdb_process/solar_bf_compressing/3837/865504/dynamic_spectra/LOFAR_20220711_104500_LBA_OUTER_S0.fits,2022-07-11,10:45:00.000000,865504_2022-07-11_10:45:00.000000,1
2805,865504_2022-07-11_11:00:00.000000,https://spaceweather.astron.nl//SolarKSP/data/atdb_process/solar_bf_compressing/3837/865504/dynamic_spectra/LOFAR_20220711_110000_LBA_OUTER_S0.fits,2022-07-11,11:00:00.000000,865504_2022-07-11_11:00:00.000000,1
2773,865504_2022-07-11_11:15:00.000000,https://spaceweather.astron.nl//SolarKSP/data/atdb_process/solar_bf_compressing/3837/865504/dynamic_spectra/LOFAR_20220711_111500_LBA_OUTER_S0.fits,2022-07-11,11:15:00.000000,865504_2022-07-11_11:15:00.000000,3
2796,865504_2022-07-11_11:30:00.000000,https://spaceweather.astron.nl//SolarKSP/data/atdb_process/solar_bf_compressing/3837/865504/dynamic_spectra/LOFAR_20220711_113000_LBA_OUTER_S0.fits,2022-07-11,11:30:00.000000,865504_2022-07-11_11:30:00.000000,1
2821,865504_2022-07-11_11:45:00.000000,https://spaceweather.astron.nl//SolarKSP/data/atdb_process/solar_bf_compressing/3837/865504/dynamic_spectra/LOFAR_20220711_114500_LBA_OUTER_S0.fits,2022-07-11,11:45:00.000000,865504_2022-07-11_11:45:00.000000,1
2795,865504_2022-07-11_12:00:00.000000,https://spaceweather.astron.nl//SolarKSP/data/atdb_process/solar_bf_compressing/3837/865504/dynamic_spectra/LOFAR_20220711_120000_LBA_OUTER_S0.fits,2022-07-11,12:00:00.000000,865504_2022-07-11_12:00:00.000000,1
2813,865504_2022-07-11_12:15:00.000000,https://spaceweather.astron.nl//SolarKSP/data/atdb_process/solar_bf_compressing/3837/865504/dynamic_spectra/LOFAR_20220711_121500_LBA_OUTER_S0.fits,2022-07-11,12:15:00.000000,865504_2022-07-11_12:15:00.000000,1
2811,865504_2022-07-11_12:30:00.000000,https://spaceweather.astron.nl//SolarKSP/data/atdb_process/solar_bf_compressing/3837/865504/dynamic_spectra/LOFAR_20220711_123000_LBA_OUTER_S0.fits,2022-07-11,12:30:00.000000,865504_2022-07-11_12:30:00.000000,1
2778,865504_2022-07-11_12:45:00.000000,https://spaceweather.astron.nl//SolarKSP/data/atdb_process/solar_bf_compressing/3837/865504/dynamic_spectra/LOFAR_20220711_124500_LBA_OUTER_S0.fits,2022-07-11,12:45:00.000000,865504_2022-07-11_12:45:00.000000,3
2780,865504_2022-07-11_13:00:00.000000,https://spaceweather.astron.nl//SolarKSP/data/atdb_process/solar_bf_compressing/3837/865504/dynamic_spectra/LOFAR_20220711_130000_LBA_OUTER_S0.fits,2022-07-11,13:00:00.000000,865504_2022-07-11_13:00:00.000000,1
2800,865504_2022-07-11_13:15:00.000000,https://spaceweather.astron.nl//SolarKSP/data/atdb_process/solar_bf_compressing/3837/865504/dynamic_spectra/LOFAR_20220711_131500_LBA_OUTER_S0.fits,2022-07-11,13:15:00.000000,865504_2022-07-11_13:15:00.000000,1
2823,865504_2022-07-11_13:30:00.000000,https://spaceweather.astron.nl//SolarKSP/data/atdb_process/solar_bf_compressing/3837/865504/dynamic_spectra/LOFAR_20220711_133000_LBA_OUTER_S0.fits,2022-07-11,13:30:00.000000,865504_2022-07-11_13:30:00.000000,1
2793,865504_2022-07-11_13:45:00.000000,https://spaceweather.astron.nl//SolarKSP/data/atdb_process/solar_bf_compressing/3837/865504/dynamic_spectra/LOFAR_20220711_134500_LBA_OUTER_S0.fits,2022-07-11,13:45:00.000000,865504_2022-07-11_13:45:00.000000,3
2792,865504_2022-07-11_14:00:00.000000,https://spaceweather.astron.nl//SolarKSP/data/atdb_process/solar_bf_compressing/3837/865504/dynamic_spectra/LOFAR_20220711_140000_LBA_OUTER_S0.fits,2022-07-11,14:00:00.000000,865504_2022-07-11_14:00:00.000000,3
2812,865504_2022-07-11_14:15:00.000000,https://spaceweather.astron.nl//SolarKSP/data/atdb_process/solar_bf_compressing/3837/865504/dynamic_spectra/LOFAR_20220711_141500_LBA_OUTER_S0.fits,2022-07-11,14:15:00.000000,865504_2022-07-11_14:15:00.000000,1
2810,865504_2022-07-11_14:30:00.000000,https://spaceweather.astron.nl//SolarKSP/data/atdb_process/solar_bf_compressing/3837/865504/dynamic_spectra/LOFAR_20220711_143000_LBA_OUTER_S0.fits,2022-07-11,14:30:00.000000,865504_2022-07-11_14:30:00.000000,1
2781,865504_2022-07-11_14:45:00.000000,https://spaceweather.astron.nl//SolarKSP/data/atdb_process/solar_bf_compressing/3837/865504/dynamic_spectra/LOFAR_20220711_144500_LBA_OUTER_S0.fits,2022-07-11,14:45:00.000000,865504_2022-07-11_14:45:00.000000,3
2779,865504_2022-07-11_15:00:00.000000,https://spaceweather.astron.nl//SolarKSP/data/atdb_process/solar_bf_compressing/3837/865504/dynamic_spectra/LOFAR_20220711_150000_LBA_OUTER_S0.fits,2022-07-11,15:00:00.000000,865504_2022-07-11_15:00:00.000000,3
2799,865504_2022-07-11_15:15:00.000000,https://spaceweather.astron.nl//SolarKSP/data/atdb_process/solar_bf_compressing/3837/865504/dynamic_spectra/LOFAR_20220711_151500_LBA_OUTER_S0.fits,2022-07-11,15:15:00.000000,865504_2022-07-11_15:15:00.000000,3
2822,865504_2022-07-11_15:30:00.000000,https://spaceweather.astron.nl//SolarKSP/data/atdb_process/solar_bf_compressing/3837/865504/dynamic_spectra/LOFAR_20220711_153000_LBA_OUTER_S0.fits,2022-07-11,15:30:00.000000,865504_2022-07-11_15:30:00.000000,1
2794,865504_2022-07-11_15:45:00.000000,https://spaceweather.astron.nl//SolarKSP/data/atdb_process/solar_bf_compressing/3837/865504/dynamic_spectra/LOFAR_20220711_154500_LBA_OUTER_S0.fits,2022-07-11,15:45:00.000000,865504_2022-07-11_15:45:00.000000,3
2820,865504_2022-07-11_16:00:00.000000,https://spaceweather.astron.nl//SolarKSP/data/atdb_process/solar_bf_compressing/3837/865504/dynamic_spectra/LOFAR_20220711_160000_LBA_OUTER_S0.fits,2022-07-11,16:00:00.000000,865504_2022-07-11_16:00:00.000000,1
2791,865504_2022-07-11_16:15:00.000000,https://spaceweather.astron.nl//SolarKSP/data/atdb_process/solar_bf_compressing/3837/865504/dynamic_spectra/LOFAR_20220711_161500_LBA_OUTER_S0.fits,2022-07-11,16:15:00.000000,865504_2022-07-11_16:15:00.000000,2
2785,865504_2022-07-11_16:30:00.000000,https://spaceweather.astron.nl//SolarKSP/data/atdb_process/solar_bf_compressing/3837/865504/dynamic_spectra/LOFAR_20220711_163000_LBA_OUTER_S0.fits,2022-07-11,16:30:00.000000,865504_2022-07-11_16:30:00.000000,3
2806,865504_2022-07-11_16:45:00.000000,https://spaceweather.astron.nl//SolarKSP/data/atdb_process/solar_bf_compressing/3837/865504/dynamic_spectra/LOFAR_20220711_164500_LBA_OUTER_S0.fits,2022-07-11,16:45:00.000000,865504_2022-07-11_16:45:00.000000,1
2809,865504_2022-07-11_17:00:00.000000,https://spaceweather.astron.nl//SolarKSP/data/atdb_process/solar_bf_compressing/3837/865504/dynamic_spectra/LOFAR_20220711_170000_LBA_OUTER_S0.fits,2022-07-11,17:00:00.000000,865504_2022-07-11_17:00:00.000000,1
2776,865504_2022-07-11_17:15:00.000000,https://spaceweather.astron.nl//SolarKSP/data/atdb_process/solar_bf_compressing/3837/865504/dynamic_spectra/LOFAR_20220711_171500_LBA_OUTER_S0.fits,2022-07-11,17:15:00.000000,865504_2022-07-11_17:15:00.000000,1
2797,865504_2022-07-11_17:30:00.000000,https://spaceweather.astron.nl//SolarKSP/data/atdb_process/solar_bf_compressing/3837/865504/dynamic_spectra/LOFAR_20220711_173000_LBA_OUTER_S0.fits,2022-07-11,17:30:00.000000,865504_2022-07-11_17:30:00.000000,1
2817,865504_2022-07-11_17:45:00.000000,https://spaceweather.astron.nl//SolarKSP/data/atdb_process/solar_bf_compressing/3837/865504/dynamic_spectra/LOFAR_20220711_174500_LBA_OUTER_S0.fits,2022-07-11,17:45:00.000000,865504_2022-07-11_17:45:00.000000,1
2798,865504_2022-07-11_18:00:00.000000,https://spaceweather.astron.nl//SolarKSP/data/atdb_process/solar_bf_compressing/3837/865504/dynamic_spectra/LOFAR_20220711_180000_LBA_OUTER_S0.fits,2022-07-11,18:00:00.000000,865504_2022-07-11_18:00:00.000000,1
2816,865504_2022-07-11_18:15:00.000000,https://spaceweather.astron.nl//SolarKSP/data/atdb_process/solar_bf_compressing/3837/865504/dynamic_spectra/LOFAR_20220711_181500_LBA_OUTER_S0.fits,2022-07-11,18:15:00.000000,865504_2022-07-11_18:15:00.000000,1
2808,865504_2022-07-11_18:30:00.000000,https://spaceweather.astron.nl//SolarKSP/data/atdb_process/solar_bf_compressing/3837/865504/dynamic_spectra/LOFAR_20220711_183000_LBA_OUTER_S0.fits,2022-07-11,18:30:00.000000,865504_2022-07-11_18:30:00.000000,1
2784,865504_2022-07-11_18:45:00.000000,https://spaceweather.astron.nl//SolarKSP/data/atdb_process/solar_bf_compressing/3837/865504/dynamic_spectra/LOFAR_20220711_184500_LBA_OUTER_S0.fits,2022-07-11,18:45:00.000000,865504_2022-07-11_18:45:00.000000,1
2786,865504_2022-07-11_19:00:00.000000,https://spaceweather.astron.nl//SolarKSP/data/atdb_process/solar_bf_compressing/3837/865504/dynamic_spectra/LOFAR_20220711_190000_LBA_OUTER_S0.fits,2022-07-11,19:00:00.000000,865504_2022-07-11_19:00:00.000000,1
1756,866076_2022-07-15_06:30:00.000000,https://spaceweather.astron.nl//SolarKSP/data/atdb_process/solar_bf_compressing/3746/866076/dynamic_spectra/LOFAR_20220715_063000_LBA_OUTER_S0.fits,2022-07-15,06:30:00.000000,866076_2022-07-15_06:30:00.000000,6
1778,866076_2022-07-15_06:45:00.000000,https://spaceweather.astron.nl//SolarKSP/data/atdb_process/solar_bf_compressing/3746/866076/dynamic_spectra/LOFAR_20220715_064500_LBA_OUTER_S0.fits,2022-07-15,06:45:00.000000,866076_2022-07-15_06:45:00.000000,6
1779,866076_2022-07-15_07:00:00.000000,https://spaceweather.astron.nl//SolarKSP/data/atdb_process/solar_bf_compressing/3746/866076/dynamic_spectra/LOFAR_20220715_070000_LBA_OUTER_S0.fits,2022-07-15,07:00:00.000000,866076_2022-07-15_07:00:00.000000,6
1761,866076_2022-07-15_07:15:00.000000,https://spaceweather.astron.nl//SolarKSP/data/atdb_process/solar_bf_compressing/3746/866076/dynamic_spectra/LOFAR_20220715_071500_LBA_OUTER_S0.fits,2022-07-15,07:15:00.000000,866076_2022-07-15_07:15:00.000000,6
1770,866076_2022-07-15_07:30:00.000000,https://spaceweather.astron.nl//SolarKSP/data/atdb_process/solar_bf_compressing/3746/866076/dynamic_spectra/LOFAR_20220715_073000_LBA_OUTER_S0.fits,2022-07-15,07:30:00.000000,866076_2022-07-15_07:30:00.000000,6
1792,866076_2022-07-15_07:45:00.000000,https://spaceweather.astron.nl//SolarKSP/data/atdb_process/solar_bf_compressing/3746/866076/dynamic_spectra/LOFAR_20220715_074500_LBA_OUTER_S0.fits,2022-07-15,07:45:00.000000,866076_2022-07-15_07:45:00.000000,6
1769,866076_2022-07-15_08:00:00.000000,https://spaceweather.astron.nl//SolarKSP/data/atdb_process/solar_bf_compressing/3746/866076/dynamic_spectra/LOFAR_20220715_080000_LBA_OUTER_S0.fits,2022-07-15,08:00:00.000000,866076_2022-07-15_08:00:00.000000,6
1800,866076_2022-07-15_08:15:00.000000,https://spaceweather.astron.nl//SolarKSP/data/atdb_process/solar_bf_compressing/3746/866076/dynamic_spectra/LOFAR_20220715_081500_LBA_OUTER_S0.fits,2022-07-15,08:15:00.000000,866076_2022-07-15_08:15:00.000000,6
1780,866076_2022-07-15_08:30:00.000000,https://spaceweather.astron.nl//SolarKSP/data/atdb_process/solar_bf_compressing/3746/866076/dynamic_spectra/LOFAR_20220715_083000_LBA_OUTER_S0.fits,2022-07-15,08:30:00.000000,866076_2022-07-15_08:30:00.000000,6
1752,866076_2022-07-15_08:45:00.000000,https://spaceweather.astron.nl//SolarKSP/data/atdb_process/solar_bf_compressing/3746/866076/dynamic_spectra/LOFAR_20220715_084500_LBA_OUTER_S0.fits,2022-07-15,08:45:00.000000,866076_2022-07-15_08:45:00.000000,6
1754,866076_2022-07-15_09:00:00.000000,https://spaceweather.astron.nl//SolarKSP/data/atdb_process/solar_bf_compressing/3746/866076/dynamic_spectra/LOFAR_20220715_090000_LBA_OUTER_S0.fits,2022-07-15,09:00:00.000000,866076_2022-07-15_09:00:00.000000,6
1790,866076_2022-07-15_09:15:00.000000,https://spaceweather.astron.nl//SolarKSP/data/atdb_process/solar_bf_compressing/3746/866076/dynamic_spectra/LOFAR_20220715_091500_LBA_OUTER_S0.fits,2022-07-15,09:15:00.000000,866076_2022-07-15_09:15:00.000000,6
1793,866076_2022-07-15_09:30:00.000000,https://spaceweather.astron.nl//SolarKSP/data/atdb_process/solar_bf_compressing/3746/866076/dynamic_spectra/LOFAR_20220715_093000_LBA_OUTER_S0.fits,2022-07-15,09:30:00.000000,866076_2022-07-15_09:30:00.000000,6
1767,866076_2022-07-15_09:45:00.000000,https://spaceweather.astron.nl//SolarKSP/data/atdb_process/solar_bf_compressing/3746/866076/dynamic_spectra/LOFAR_20220715_094500_LBA_OUTER_S0.fits,2022-07-15,09:45:00.000000,866076_2022-07-15_09:45:00.000000,6
1801,866076_2022-07-15_10:00:00.000000,https://spaceweather.astron.nl//SolarKSP/data/atdb_process/solar_bf_compressing/3746/866076/dynamic_spectra/LOFAR_20220715_100000_LBA_OUTER_S0.fits,2022-07-15,10:00:00.000000,866076_2022-07-15_10:00:00.000000,6
1768,866076_2022-07-15_10:15:00.000000,https://spaceweather.astron.nl//SolarKSP/data/atdb_process/solar_bf_compressing/3746/866076/dynamic_spectra/LOFAR_20220715_101500_LBA_OUTER_S0.fits,2022-07-15,10:15:00.000000,866076_2022-07-15_10:15:00.000000,6
1760,866076_2022-07-15_10:30:00.000000,https://spaceweather.astron.nl//SolarKSP/data/atdb_process/solar_bf_compressing/3746/866076/dynamic_spectra/LOFAR_20220715_103000_LBA_OUTER_S0.fits,2022-07-15,10:30:00.000000,866076_2022-07-15_10:30:00.000000,6
1787,866076_2022-07-15_10:45:00.000000,https://spaceweather.astron.nl//SolarKSP/data/atdb_process/solar_bf_compressing/3746/866076/dynamic_spectra/LOFAR_20220715_104500_LBA_OUTER_S0.fits,2022-07-15,10:45:00.000000,866076_2022-07-15_10:45:00.000000,6
1789,866076_2022-07-15_11:00:00.000000,https://spaceweather.astron.nl//SolarKSP/data/atdb_process/solar_bf_compressing/3746/866076/dynamic_spectra/LOFAR_20220715_110000_LBA_OUTER_S0.fits,2022-07-15,11:00:00.000000,866076_2022-07-15_11:00:00.000000,6
1755,866076_2022-07-15_11:15:00.000000,https://spaceweather.astron.nl//SolarKSP/data/atdb_process/solar_bf_compressing/3746/866076/dynamic_spectra/LOFAR_20220715_111500_LBA_OUTER_S0.fits,2022-07-15,11:15:00.000000,866076_2022-07-15_11:15:00.000000,6
1773,866076_2022-07-15_11:30:00.000000,https://spaceweather.astron.nl//SolarKSP/data/atdb_process/solar_bf_compressing/3746/866076/dynamic_spectra/LOFAR_20220715_113000_LBA_OUTER_S0.fits,2022-07-15,11:30:00.000000,866076_2022-07-15_11:30:00.000000,6
1798,866076_2022-07-15_11:45:00.000000,https://spaceweather.astron.nl//SolarKSP/data/atdb_process/solar_bf_compressing/3746/866076/dynamic_spectra/LOFAR_20220715_114500_LBA_OUTER_S0.fits,2022-07-15,11:45:00.000000,866076_2022-07-15_11:45:00.000000,6
1774,866076_2022-07-15_12:00:00.000000,https://spaceweather.astron.nl//SolarKSP/data/atdb_process/solar_bf_compressing/3746/866076/dynamic_spectra/LOFAR_20220715_120000_LBA_OUTER_S0.fits,2022-07-15,12:00:00.000000,866076_2022-07-15_12:00:00.000000,6
1794,866076_2022-07-15_12:15:00.000000,https://spaceweather.astron.nl//SolarKSP/data/atdb_process/solar_bf_compressing/3746/866076/dynamic_spectra/LOFAR_20220715_121500_LBA_OUTER_S0.fits,2022-07-15,12:15:00.000000,866076_2022-07-15_12:15:00.000000,6
1783,866076_2022-07-15_12:30:00.000000,https://spaceweather.astron.nl//SolarKSP/data/atdb_process/solar_bf_compressing/3746/866076/dynamic_spectra/LOFAR_20220715_123000_LBA_OUTER_S0.fits,2022-07-15,12:30:00.000000,866076_2022-07-15_12:30:00.000000,6
1765,866076_2022-07-15_12:45:00.000000,https://spaceweather.astron.nl//SolarKSP/data/atdb_process/solar_bf_compressing/3746/866076/dynamic_spectra/LOFAR_20220715_124500_LBA_OUTER_S0.fits,2022-07-15,12:45:00.000000,866076_2022-07-15_12:45:00.000000,6
1763,866076_2022-07-15_13:00:00.000000,https://spaceweather.astron.nl//SolarKSP/data/atdb_process/solar_bf_compressing/3746/866076/dynamic_spectra/LOFAR_20220715_130000_LBA_OUTER_S0.fits,2022-07-15,13:00:00.000000,866076_2022-07-15_13:00:00.000000,6
1781,866076_2022-07-15_13:15:00.000000,https://spaceweather.astron.nl//SolarKSP/data/atdb_process/solar_bf_compressing/3746/866076/dynamic_spectra/LOFAR_20220715_131500_LBA_OUTER_S0.fits,2022-07-15,13:15:00.000000,866076_2022-07-15_13:15:00.000000,6
1796,866076_2022-07-15_13:30:00.000000,https://spaceweather.astron.nl//SolarKSP/data/atdb_process/solar_bf_compressing/3746/866076/dynamic_spectra/LOFAR_20220715_133000_LBA_OUTER_S0.fits,2022-07-15,13:30:00.000000,866076_2022-07-15_13:30:00.000000,6
1776,866076_2022-07-15_13:45:00.000000,https://spaceweather.astron.nl//SolarKSP/data/atdb_process/solar_bf_compressing/3746/866076/dynamic_spectra/LOFAR_20220715_134500_LBA_OUTER_S0.fits,2022-07-15,13:45:00.000000,866076_2022-07-15_13:45:00.000000,6
1777,866076_2022-07-15_14:00:00.000000,https://spaceweather.astron.nl//SolarKSP/data/atdb_process/solar_bf_compressing/3746/866076/dynamic_spectra/LOFAR_20220715_140000_LBA_OUTER_S0.fits,2022-07-15,14:00:00.000000,866076_2022-07-15_14:00:00.000000,6
1795,866076_2022-07-15_14:15:00.000000,https://spaceweather.astron.nl//SolarKSP/data/atdb_process/solar_bf_compressing/3746/866076/dynamic_spectra/LOFAR_20220715_141500_LBA_OUTER_S0.fits,2022-07-15,14:15:00.000000,866076_2022-07-15_14:15:00.000000,6
1784,866076_2022-07-15_14:30:00.000000,https://spaceweather.astron.nl//SolarKSP/data/atdb_process/solar_bf_compressing/3746/866076/dynamic_spectra/LOFAR_20220715_143000_LBA_OUTER_S0.fits,2022-07-15,14:30:00.000000,866076_2022-07-15_14:30:00.000000,6
1762,866076_2022-07-15_14:45:00.000000,https://spaceweather.astron.nl//SolarKSP/data/atdb_process/solar_bf_compressing/3746/866076/dynamic_spectra/LOFAR_20220715_144500_LBA_OUTER_S0.fits,2022-07-15,14:45:00.000000,866076_2022-07-15_14:45:00.000000,6
1764,866076_2022-07-15_15:00:00.000000,https://spaceweather.astron.nl//SolarKSP/data/atdb_process/solar_bf_compressing/3746/866076/dynamic_spectra/LOFAR_20220715_150000_LBA_OUTER_S0.fits,2022-07-15,15:00:00.000000,866076_2022-07-15_15:00:00.000000,6
1782,866076_2022-07-15_15:15:00.000000,https://spaceweather.astron.nl//SolarKSP/data/atdb_process/solar_bf_compressing/3746/866076/dynamic_spectra/LOFAR_20220715_151500_LBA_OUTER_S0.fits,2022-07-15,15:15:00.000000,866076_2022-07-15_15:15:00.000000,6
1797,866076_2022-07-15_15:30:00.000000,https://spaceweather.astron.nl//SolarKSP/data/atdb_process/solar_bf_compressing/3746/866076/dynamic_spectra/LOFAR_20220715_153000_LBA_OUTER_S0.fits,2022-07-15,15:30:00.000000,866076_2022-07-15_15:30:00.000000,6
1775,866076_2022-07-15_15:45:00.000000,https://spaceweather.astron.nl//SolarKSP/data/atdb_process/solar_bf_compressing/3746/866076/dynamic_spectra/LOFAR_20220715_154500_LBA_OUTER_S0.fits,2022-07-15,15:45:00.000000,866076_2022-07-15_15:45:00.000000,6
1799,866076_2022-07-15_16:00:00.000000,https://spaceweather.astron.nl//SolarKSP/data/atdb_process/solar_bf_compressing/3746/866076/dynamic_spectra/LOFAR_20220715_160000_LBA_OUTER_S0.fits,2022-07-15,16:00:00.000000,866076_2022-07-15_16:00:00.000000,6
1766,866076_2022-07-15_16:15:00.000000,https://spaceweather.astron.nl//SolarKSP/data/atdb_process/solar_bf_compressing/3746/866076/dynamic_spectra/LOFAR_20220715_161500_LBA_OUTER_S0.fits,2022-07-15,16:15:00.000000,866076_2022-07-15_16:15:00.000000,6
1757,866076_2022-07-15_16:30:00.000000,https://spaceweather.astron.nl//SolarKSP/data/atdb_process/solar_bf_compressing/3746/866076/dynamic_spectra/LOFAR_20220715_163000_LBA_OUTER_S0.fits,2022-07-15,16:30:00.000000,866076_2022-07-15_16:30:00.000000,6
1788,866076_2022-07-15_16:45:00.000000,https://spaceweather.astron.nl//SolarKSP/data/atdb_process/solar_bf_compressing/3746/866076/dynamic_spectra/LOFAR_20220715_164500_LBA_OUTER_S0.fits,2022-07-15,16:45:00.000000,866076_2022-07-15_16:45:00.000000,6
1786,866076_2022-07-15_17:00:00.000000,https://spaceweather.astron.nl//SolarKSP/data/atdb_process/solar_bf_compressing/3746/866076/dynamic_spectra/LOFAR_20220715_170000_LBA_OUTER_S0.fits,2022-07-15,17:00:00.000000,866076_2022-07-15_17:00:00.000000,6
1753,866076_2022-07-15_17:15:00.000000,https://spaceweather.astron.nl//SolarKSP/data/atdb_process/solar_bf_compressing/3746/866076/dynamic_spectra/LOFAR_20220715_171500_LBA_OUTER_S0.fits,2022-07-15,17:15:00.000000,866076_2022-07-15_17:15:00.000000,6
1771,866076_2022-07-15_17:30:00.000000,https://spaceweather.astron.nl//SolarKSP/data/atdb_process/solar_bf_compressing/3746/866076/dynamic_spectra/LOFAR_20220715_173000_LBA_OUTER_S0.fits,2022-07-15,17:30:00.000000,866076_2022-07-15_17:30:00.000000,6
1802,866076_2022-07-15_17:45:00.000000,https://spaceweather.astron.nl//SolarKSP/data/atdb_process/solar_bf_compressing/3746/866076/dynamic_spectra/LOFAR_20220715_174500_LBA_OUTER_S0.fits,2022-07-15,17:45:00.000000,866076_2022-07-15_17:45:00.000000,6
1772,866076_2022-07-15_18:00:00.000000,https://spaceweather.astron.nl//SolarKSP/data/atdb_process/solar_bf_compressing/3746/866076/dynamic_spectra/LOFAR_20220715_180000_LBA_OUTER_S0.fits,2022-07-15,18:00:00.000000,866076_2022-07-15_18:00:00.000000,6
1791,866076_2022-07-15_18:15:00.000000,https://spaceweather.astron.nl//SolarKSP/data/atdb_process/solar_bf_compressing/3746/866076/dynamic_spectra/LOFAR_20220715_181500_LBA_OUTER_S0.fits,2022-07-15,18:15:00.000000,866076_2022-07-15_18:15:00.000000,6
1785,866076_2022-07-15_18:30:00.000000,https://spaceweather.astron.nl//SolarKSP/data/atdb_process/solar_bf_compressing/3746/866076/dynamic_spectra/LOFAR_20220715_183000_LBA_OUTER_S0.fits,2022-07-15,18:30:00.000000,866076_2022-07-15_18:30:00.000000,6
1759,866076_2022-07-15_18:45:00.000000,https://spaceweather.astron.nl//SolarKSP/data/atdb_process/solar_bf_compressing/3746/866076/dynamic_spectra/LOFAR_20220715_184500_LBA_OUTER_S0.fits,2022-07-15,18:45:00.000000,866076_2022-07-15_18:45:00.000000,6
1758,866076_2022-07-15_19:00:00.000000,https://spaceweather.astron.nl//SolarKSP/data/atdb_process/solar_bf_compressing/3746/866076/dynamic_spectra/LOFAR_20220715_190000_LBA_OUTER_S0.fits,2022-07-15,19:00:00.000000,866076_2022-07-15_19:00:00.000000,6
2180,866080_2022-07-16_06:30:00.000000,https://spaceweather.astron.nl//SolarKSP/data/atdb_process/solar_bf_compressing/3796/866080/dynamic_spectra/LOFAR_20220716_063000_LBA_OUTER_S0.fits,2022-07-16,06:30:00.000000,866080_2022-07-16_06:30:00.000000,1
2156,866080_2022-07-16_06:45:00.000000,https://spaceweather.astron.nl//SolarKSP/data/atdb_process/solar_bf_compressing/3796/866080/dynamic_spectra/LOFAR_20220716_064500_LBA_OUTER_S0.fits,2022-07-16,06:45:00.000000,866080_2022-07-16_06:45:00.000000,3
2155,866080_2022-07-16_07:00:00.000000,https://spaceweather.astron.nl//SolarKSP/data/atdb_process/solar_bf_compressing/3796/866080/dynamic_spectra/LOFAR_20220716_070000_LBA_OUTER_S0.fits,2022-07-16,07:00:00.000000,866080_2022-07-16_07:00:00.000000,3
2172,866080_2022-07-16_07:15:00.000000,https://spaceweather.astron.nl//SolarKSP/data/atdb_process/solar_bf_compressing/3796/866080/dynamic_spectra/LOFAR_20220716_071500_LBA_OUTER_S0.fits,2022-07-16,07:15:00.000000,866080_2022-07-16_07:15:00.000000,3
2166,866080_2022-07-16_07:30:00.000000,https://spaceweather.astron.nl//SolarKSP/data/atdb_process/solar_bf_compressing/3796/866080/dynamic_spectra/LOFAR_20220716_073000_LBA_OUTER_S0.fits,2022-07-16,07:30:00.000000,866080_2022-07-16_07:30:00.000000,3
2143,866080_2022-07-16_07:45:00.000000,https://spaceweather.astron.nl//SolarKSP/data/atdb_process/solar_bf_compressing/3796/866080/dynamic_spectra/LOFAR_20220716_074500_LBA_OUTER_S0.fits,2022-07-16,07:45:00.000000,866080_2022-07-16_07:45:00.000000,3
2167,866080_2022-07-16_08:00:00.000000,https://spaceweather.astron.nl//SolarKSP/data/atdb_process/solar_bf_compressing/3796/866080/dynamic_spectra/LOFAR_20220716_080000_LBA_OUTER_S0.fits,2022-07-16,08:00:00.000000,866080_2022-07-16_08:00:00.000000,3
2137,866080_2022-07-16_08:15:00.000000,https://spaceweather.astron.nl//SolarKSP/data/atdb_process/solar_bf_compressing/3796/866080/dynamic_spectra/LOFAR_20220716_081500_LBA_OUTER_S0.fits,2022-07-16,08:15:00.000000,866080_2022-07-16_08:15:00.000000,3
2154,866080_2022-07-16_08:30:00.000000,https://spaceweather.astron.nl//SolarKSP/data/atdb_process/solar_bf_compressing/3796/866080/dynamic_spectra/LOFAR_20220716_083000_LBA_OUTER_S0.fits,2022-07-16,08:30:00.000000,866080_2022-07-16_08:30:00.000000,3
2183,866080_2022-07-16_08:45:00.000000,https://spaceweather.astron.nl//SolarKSP/data/atdb_process/solar_bf_compressing/3796/866080/dynamic_spectra/LOFAR_20220716_084500_LBA_OUTER_S0.fits,2022-07-16,08:45:00.000000,866080_2022-07-16_08:45:00.000000,3
2182,866080_2022-07-16_09:00:00.000000,https://spaceweather.astron.nl//SolarKSP/data/atdb_process/solar_bf_compressing/3796/866080/dynamic_spectra/LOFAR_20220716_090000_LBA_OUTER_S0.fits,2022-07-16,09:00:00.000000,866080_2022-07-16_09:00:00.000000,3
2149,866080_2022-07-16_09:15:00.000000,https://spaceweather.astron.nl//SolarKSP/data/atdb_process/solar_bf_compressing/3796/866080/dynamic_spectra/LOFAR_20220716_091500_LBA_OUTER_S0.fits,2022-07-16,09:15:00.000000,866080_2022-07-16_09:15:00.000000,3
2141,866080_2022-07-16_09:30:00.000000,https://spaceweather.astron.nl//SolarKSP/data/atdb_process/solar_bf_compressing/3796/866080/dynamic_spectra/LOFAR_20220716_093000_LBA_OUTER_S0.fits,2022-07-16,09:30:00.000000,866080_2022-07-16_09:30:00.000000,3
2170,866080_2022-07-16_09:45:00.000000,https://spaceweather.astron.nl//SolarKSP/data/atdb_process/solar_bf_compressing/3796/866080/dynamic_spectra/LOFAR_20220716_094500_LBA_OUTER_S0.fits,2022-07-16,09:45:00.000000,866080_2022-07-16_09:45:00.000000,3
2136,866080_2022-07-16_10:00:00.000000,https://spaceweather.astron.nl//SolarKSP/data/atdb_process/solar_bf_compressing/3796/866080/dynamic_spectra/LOFAR_20220716_100000_LBA_OUTER_S0.fits,2022-07-16,10:00:00.000000,866080_2022-07-16_10:00:00.000000,3
2168,866080_2022-07-16_10:15:00.000000,https://spaceweather.astron.nl//SolarKSP/data/atdb_process/solar_bf_compressing/3796/866080/dynamic_spectra/LOFAR_20220716_101500_LBA_OUTER_S0.fits,2022-07-16,10:15:00.000000,866080_2022-07-16_10:15:00.000000,3
2173,866080_2022-07-16_10:30:00.000000,https://spaceweather.astron.nl//SolarKSP/data/atdb_process/solar_bf_compressing/3796/866080/dynamic_spectra/LOFAR_20220716_103000_LBA_OUTER_S0.fits,2022-07-16,10:30:00.000000,866080_2022-07-16_10:30:00.000000,3
2153,866080_2022-07-16_10:45:00.000000,https://spaceweather.astron.nl//SolarKSP/data/atdb_process/solar_bf_compressing/3796/866080/dynamic_spectra/LOFAR_20220716_104500_LBA_OUTER_S0.fits,2022-07-16,10:45:00.000000,866080_2022-07-16_10:45:00.000000,3
2150,866080_2022-07-16_11:00:00.000000,https://spaceweather.astron.nl//SolarKSP/data/atdb_process/solar_bf_compressing/3796/866080/dynamic_spectra/LOFAR_20220716_110000_LBA_OUTER_S0.fits,2022-07-16,11:00:00.000000,866080_2022-07-16_11:00:00.000000,3
2181,866080_2022-07-16_11:15:00.000000,https://spaceweather.astron.nl//SolarKSP/data/atdb_process/solar_bf_compressing/3796/866080/dynamic_spectra/LOFAR_20220716_111500_LBA_OUTER_S0.fits,2022-07-16,11:15:00.000000,866080_2022-07-16_11:15:00.000000,3
2159,866080_2022-07-16_11:30:00.000000,https://spaceweather.astron.nl//SolarKSP/data/atdb_process/solar_bf_compressing/3796/866080/dynamic_spectra/LOFAR_20220716_113000_LBA_OUTER_S0.fits,2022-07-16,11:30:00.000000,866080_2022-07-16_11:30:00.000000,3
2139,866080_2022-07-16_11:45:00.000000,https://spaceweather.astron.nl//SolarKSP/data/atdb_process/solar_bf_compressing/3796/866080/dynamic_spectra/LOFAR_20220716_114500_LBA_OUTER_S0.fits,2022-07-16,11:45:00.000000,866080_2022-07-16_11:45:00.000000,3
2164,866080_2022-07-16_12:00:00.000000,https://spaceweather.astron.nl//SolarKSP/data/atdb_process/solar_bf_compressing/3796/866080/dynamic_spectra/LOFAR_20220716_120000_LBA_OUTER_S0.fits,2022-07-16,12:00:00.000000,866080_2022-07-16_12:00:00.000000,3
2145,866080_2022-07-16_12:15:00.000000,https://spaceweather.astron.nl//SolarKSP/data/atdb_process/solar_bf_compressing/3796/866080/dynamic_spectra/LOFAR_20220716_121500_LBA_OUTER_S0.fits,2022-07-16,12:15:00.000000,866080_2022-07-16_12:15:00.000000,3
2147,866080_2022-07-16_12:30:00.000000,https://spaceweather.astron.nl//SolarKSP/data/atdb_process/solar_bf_compressing/3796/866080/dynamic_spectra/LOFAR_20220716_123000_LBA_OUTER_S0.fits,2022-07-16,12:30:00.000000,866080_2022-07-16_12:30:00.000000,5
2177,866080_2022-07-16_12:45:00.000000,https://spaceweather.astron.nl//SolarKSP/data/atdb_process/solar_bf_compressing/3796/866080/dynamic_spectra/LOFAR_20220716_124500_LBA_OUTER_S0.fits,2022-07-16,12:45:00.000000,866080_2022-07-16_12:45:00.000000,3
2179,866080_2022-07-16_13:00:00.000000,https://spaceweather.astron.nl//SolarKSP/data/atdb_process/solar_bf_compressing/3796/866080/dynamic_spectra/LOFAR_20220716_130000_LBA_OUTER_S0.fits,2022-07-16,13:00:00.000000,866080_2022-07-16_13:00:00.000000,3
2158,866080_2022-07-16_13:15:00.000000,https://spaceweather.astron.nl//SolarKSP/data/atdb_process/solar_bf_compressing/3796/866080/dynamic_spectra/LOFAR_20220716_131500_LBA_OUTER_S0.fits,2022-07-16,13:15:00.000000,866080_2022-07-16_13:15:00.000000,3
2135,866080_2022-07-16_13:30:00.000000,https://spaceweather.astron.nl//SolarKSP/data/atdb_process/solar_bf_compressing/3796/866080/dynamic_spectra/LOFAR_20220716_133000_LBA_OUTER_S0.fits,2022-07-16,13:30:00.000000,866080_2022-07-16_13:30:00.000000,3
2162,866080_2022-07-16_13:45:00.000000,https://spaceweather.astron.nl//SolarKSP/data/atdb_process/solar_bf_compressing/3796/866080/dynamic_spectra/LOFAR_20220716_134500_LBA_OUTER_S0.fits,2022-07-16,13:45:00.000000,866080_2022-07-16_13:45:00.000000,3
2163,866080_2022-07-16_14:00:00.000000,https://spaceweather.astron.nl//SolarKSP/data/atdb_process/solar_bf_compressing/3796/866080/dynamic_spectra/LOFAR_20220716_140000_LBA_OUTER_S0.fits,2022-07-16,14:00:00.000000,866080_2022-07-16_14:00:00.000000,3
2144,866080_2022-07-16_14:15:00.000000,https://spaceweather.astron.nl//SolarKSP/data/atdb_process/solar_bf_compressing/3796/866080/dynamic_spectra/LOFAR_20220716_141500_LBA_OUTER_S0.fits,2022-07-16,14:15:00.000000,866080_2022-07-16_14:15:00.000000,3
2146,866080_2022-07-16_14:30:00.000000,https://spaceweather.astron.nl//SolarKSP/data/atdb_process/solar_bf_compressing/3796/866080/dynamic_spectra/LOFAR_20220716_143000_LBA_OUTER_S0.fits,2022-07-16,14:30:00.000000,866080_2022-07-16_14:30:00.000000,3
2178,866080_2022-07-16_14:45:00.000000,https://spaceweather.astron.nl//SolarKSP/data/atdb_process/solar_bf_compressing/3796/866080/dynamic_spectra/LOFAR_20220716_144500_LBA_OUTER_S0.fits,2022-07-16,14:45:00.000000,866080_2022-07-16_14:45:00.000000,3
2176,866080_2022-07-16_15:00:00.000000,https://spaceweather.astron.nl//SolarKSP/data/atdb_process/solar_bf_compressing/3796/866080/dynamic_spectra/LOFAR_20220716_150000_LBA_OUTER_S0.fits,2022-07-16,15:00:00.000000,866080_2022-07-16_15:00:00.000000,3
2157,866080_2022-07-16_15:15:00.000000,https://spaceweather.astron.nl//SolarKSP/data/atdb_process/solar_bf_compressing/3796/866080/dynamic_spectra/LOFAR_20220716_151500_LBA_OUTER_S0.fits,2022-07-16,15:15:00.000000,866080_2022-07-16_15:15:00.000000,3
2134,866080_2022-07-16_15:30:00.000000,https://spaceweather.astron.nl//SolarKSP/data/atdb_process/solar_bf_compressing/3796/866080/dynamic_spectra/LOFAR_20220716_153000_LBA_OUTER_S0.fits,2022-07-16,15:30:00.000000,866080_2022-07-16_15:30:00.000000,3
2165,866080_2022-07-16_15:45:00.000000,https://spaceweather.astron.nl//SolarKSP/data/atdb_process/solar_bf_compressing/3796/866080/dynamic_spectra/LOFAR_20220716_154500_LBA_OUTER_S0.fits,2022-07-16,15:45:00.000000,866080_2022-07-16_15:45:00.000000,3
2140,866080_2022-07-16_16:00:00.000000,https://spaceweather.astron.nl//SolarKSP/data/atdb_process/solar_bf_compressing/3796/866080/dynamic_spectra/LOFAR_20220716_160000_LBA_OUTER_S0.fits,2022-07-16,16:00:00.000000,866080_2022-07-16_16:00:00.000000,3
2169,866080_2022-07-16_16:15:00.000000,https://spaceweather.astron.nl//SolarKSP/data/atdb_process/solar_bf_compressing/3796/866080/dynamic_spectra/LOFAR_20220716_161500_LBA_OUTER_S0.fits,2022-07-16,16:15:00.000000,866080_2022-07-16_16:15:00.000000,1
2175,866080_2022-07-16_16:30:00.000000,https://spaceweather.astron.nl//SolarKSP/data/atdb_process/solar_bf_compressing/3796/866080/dynamic_spectra/LOFAR_20220716_163000_LBA_OUTER_S0.fits,2022-07-16,16:30:00.000000,866080_2022-07-16_16:30:00.000000,1
2148,866080_2022-07-16_16:45:00.000000,https://spaceweather.astron.nl//SolarKSP/data/atdb_process/solar_bf_compressing/3796/866080/dynamic_spectra/LOFAR_20220716_164500_LBA_OUTER_S0.fits,2022-07-16,16:45:00.000000,866080_2022-07-16_16:45:00.000000,1
2151,866080_2022-07-16_17:00:00.000000,https://spaceweather.astron.nl//SolarKSP/data/atdb_process/solar_bf_compressing/3796/866080/dynamic_spectra/LOFAR_20220716_170000_LBA_OUTER_S0.fits,2022-07-16,17:00:00.000000,866080_2022-07-16_17:00:00.000000,1
2184,866080_2022-07-16_17:15:00.000000,https://spaceweather.astron.nl//SolarKSP/data/atdb_process/solar_bf_compressing/3796/866080/dynamic_spectra/LOFAR_20220716_171500_LBA_OUTER_S0.fits,2022-07-16,17:15:00.000000,866080_2022-07-16_17:15:00.000000,1
2161,866080_2022-07-16_17:30:00.000000,https://spaceweather.astron.nl//SolarKSP/data/atdb_process/solar_bf_compressing/3796/866080/dynamic_spectra/LOFAR_20220716_173000_LBA_OUTER_S0.fits,2022-07-16,17:30:00.000000,866080_2022-07-16_17:30:00.000000,1
2138,866080_2022-07-16_17:45:00.000000,https://spaceweather.astron.nl//SolarKSP/data/atdb_process/solar_bf_compressing/3796/866080/dynamic_spectra/LOFAR_20220716_174500_LBA_OUTER_S0.fits,2022-07-16,17:45:00.000000,866080_2022-07-16_17:45:00.000000,1
2160,866080_2022-07-16_18:00:00.000000,https://spaceweather.astron.nl//SolarKSP/data/atdb_process/solar_bf_compressing/3796/866080/dynamic_spectra/LOFAR_20220716_180000_LBA_OUTER_S0.fits,2022-07-16,18:00:00.000000,866080_2022-07-16_18:00:00.000000,1
2142,866080_2022-07-16_18:15:00.000000,https://spaceweather.astron.nl//SolarKSP/data/atdb_process/solar_bf_compressing/3796/866080/dynamic_spectra/LOFAR_20220716_181500_LBA_OUTER_S0.fits,2022-07-16,18:15:00.000000,866080_2022-07-16_18:15:00.000000,3
2152,866080_2022-07-16_18:30:00.000000,https://spaceweather.astron.nl//SolarKSP/data/atdb_process/solar_bf_compressing/3796/866080/dynamic_spectra/LOFAR_20220716_183000_LBA_OUTER_S0.fits,2022-07-16,18:30:00.000000,866080_2022-07-16_18:30:00.000000,3
2171,866080_2022-07-16_18:45:00.000000,https://spaceweather.astron.nl//SolarKSP/data/atdb_process/solar_bf_compressing/3796/866080/dynamic_spectra/LOFAR_20220716_184500_LBA_OUTER_S0.fits,2022-07-16,18:45:00.000000,866080_2022-07-16_18:45:00.000000,6
2174,866080_2022-07-16_19:00:00.000000,https://spaceweather.astron.nl//SolarKSP/data/atdb_process/solar_bf_compressing/3796/866080/dynamic_spectra/LOFAR_20220716_190000_LBA_OUTER_S0.fits,2022-07-16,19:00:00.000000,866080_2022-07-16_19:00:00.000000,3
1674,866776_2022-07-25_06:26:00.000000,https://spaceweather.astron.nl//SolarKSP/data/atdb_process/solar_bf_compressing/3747/866776/dynamic_spectra/LOFAR_20220725_062600_LBA_OUTER_S0.fits,2022-07-25,06:26:00.000000,866776_2022-07-25_06:26:00.000000,6
1665,866776_2022-07-25_06:41:00.000000,https://spaceweather.astron.nl//SolarKSP/data/atdb_process/solar_bf_compressing/3747/866776/dynamic_spectra/LOFAR_20220725_064100_LBA_OUTER_S0.fits,2022-07-25,06:41:00.000000,866776_2022-07-25_06:41:00.000000,6
1651,866776_2022-07-25_06:56:00.000000,https://spaceweather.astron.nl//SolarKSP/data/atdb_process/solar_bf_compressing/3747/866776/dynamic_spectra/LOFAR_20220725_065600_LBA_OUTER_S0.fits,2022-07-25,06:56:00.000000,866776_2022-07-25_06:56:00.000000,3
1695,866776_2022-07-25_07:11:00.000000,https://spaceweather.astron.nl//SolarKSP/data/atdb_process/solar_bf_compressing/3747/866776/dynamic_spectra/LOFAR_20220725_071100_LBA_OUTER_S0.fits,2022-07-25,07:11:00.000000,866776_2022-07-25_07:11:00.000000,6
1661,866776_2022-07-25_07:26:00.000000,https://spaceweather.astron.nl//SolarKSP/data/atdb_process/solar_bf_compressing/3747/866776/dynamic_spectra/LOFAR_20220725_072600_LBA_OUTER_S0.fits,2022-07-25,07:26:00.000000,866776_2022-07-25_07:26:00.000000,3
1653,866776_2022-07-25_07:41:00.000000,https://spaceweather.astron.nl//SolarKSP/data/atdb_process/solar_bf_compressing/3747/866776/dynamic_spectra/LOFAR_20220725_074100_LBA_OUTER_S0.fits,2022-07-25,07:41:00.000000,866776_2022-07-25_07:41:00.000000,3
1663,866776_2022-07-25_07:56:00.000000,https://spaceweather.astron.nl//SolarKSP/data/atdb_process/solar_bf_compressing/3747/866776/dynamic_spectra/LOFAR_20220725_075600_LBA_OUTER_S0.fits,2022-07-25,07:56:00.000000,866776_2022-07-25_07:56:00.000000,3
1656,866776_2022-07-25_08:11:00.000000,https://spaceweather.astron.nl//SolarKSP/data/atdb_process/solar_bf_compressing/3747/866776/dynamic_spectra/LOFAR_20220725_081100_LBA_OUTER_S0.fits,2022-07-25,08:11:00.000000,866776_2022-07-25_08:11:00.000000,3
1696,866776_2022-07-25_08:26:00.000000,https://spaceweather.astron.nl//SolarKSP/data/atdb_process/solar_bf_compressing/3747/866776/dynamic_spectra/LOFAR_20220725_082600_LBA_OUTER_S0.fits,2022-07-25,08:26:00.000000,866776_2022-07-25_08:26:00.000000,3
1692,866776_2022-07-25_08:41:00.000000,https://spaceweather.astron.nl//SolarKSP/data/atdb_process/solar_bf_compressing/3747/866776/dynamic_spectra/LOFAR_20220725_084100_LBA_OUTER_S0.fits,2022-07-25,08:41:00.000000,866776_2022-07-25_08:41:00.000000,3
1679,866776_2022-07-25_08:56:00.000000,https://spaceweather.astron.nl//SolarKSP/data/atdb_process/solar_bf_compressing/3747/866776/dynamic_spectra/LOFAR_20220725_085600_LBA_OUTER_S0.fits,2022-07-25,08:56:00.000000,866776_2022-07-25_08:56:00.000000,3
1671,866776_2022-07-25_09:11:00.000000,https://spaceweather.astron.nl//SolarKSP/data/atdb_process/solar_bf_compressing/3747/866776/dynamic_spectra/LOFAR_20220725_091100_LBA_OUTER_S0.fits,2022-07-25,09:11:00.000000,866776_2022-07-25_09:11:00.000000,3
1682,866776_2022-07-25_09:26:00.000000,https://spaceweather.astron.nl//SolarKSP/data/atdb_process/solar_bf_compressing/3747/866776/dynamic_spectra/LOFAR_20220725_092600_LBA_OUTER_S0.fits,2022-07-25,09:26:00.000000,866776_2022-07-25_09:26:00.000000,1
1680,866776_2022-07-25_09:41:00.000000,https://spaceweather.astron.nl//SolarKSP/data/atdb_process/solar_bf_compressing/3747/866776/dynamic_spectra/LOFAR_20220725_094100_LBA_OUTER_S0.fits,2022-07-25,09:41:00.000000,866776_2022-07-25_09:41:00.000000,3
1691,866776_2022-07-25_09:56:00.000000,https://spaceweather.astron.nl//SolarKSP/data/atdb_process/solar_bf_compressing/3747/866776/dynamic_spectra/LOFAR_20220725_095600_LBA_OUTER_S0.fits,2022-07-25,09:56:00.000000,866776_2022-07-25_09:56:00.000000,3
1677,866776_2022-07-25_10:11:00.000000,https://spaceweather.astron.nl//SolarKSP/data/atdb_process/solar_bf_compressing/3747/866776/dynamic_spectra/LOFAR_20220725_101100_LBA_OUTER_S0.fits,2022-07-25,10:11:00.000000,866776_2022-07-25_10:11:00.000000,3
1664,866776_2022-07-25_10:26:00.000000,https://spaceweather.astron.nl//SolarKSP/data/atdb_process/solar_bf_compressing/3747/866776/dynamic_spectra/LOFAR_20220725_102600_LBA_OUTER_S0.fits,2022-07-25,10:26:00.000000,866776_2022-07-25_10:26:00.000000,6
1672,866776_2022-07-25_10:41:00.000000,https://spaceweather.astron.nl//SolarKSP/data/atdb_process/solar_bf_compressing/3747/866776/dynamic_spectra/LOFAR_20220725_104100_LBA_OUTER_S0.fits,2022-07-25,10:41:00.000000,866776_2022-07-25_10:41:00.000000,3
1660,866776_2022-07-25_10:56:00.000000,https://spaceweather.astron.nl//SolarKSP/data/atdb_process/solar_bf_compressing/3747/866776/dynamic_spectra/LOFAR_20220725_105600_LBA_OUTER_S0.fits,2022-07-25,10:56:00.000000,866776_2022-07-25_10:56:00.000000,6
1689,866776_2022-07-25_11:11:00.000000,https://spaceweather.astron.nl//SolarKSP/data/atdb_process/solar_bf_compressing/3747/866776/dynamic_spectra/LOFAR_20220725_111100_LBA_OUTER_S0.fits,2022-07-25,11:11:00.000000,866776_2022-07-25_11:11:00.000000,6
1652,866776_2022-07-25_11:26:00.000000,https://spaceweather.astron.nl//SolarKSP/data/atdb_process/solar_bf_compressing/3747/866776/dynamic_spectra/LOFAR_20220725_112600_LBA_OUTER_S0.fits,2022-07-25,11:26:00.000000,866776_2022-07-25_11:26:00.000000,3
1659,866776_2022-07-25_11:41:00.000000,https://spaceweather.astron.nl//SolarKSP/data/atdb_process/solar_bf_compressing/3747/866776/dynamic_spectra/LOFAR_20220725_114100_LBA_OUTER_S0.fits,2022-07-25,11:41:00.000000,866776_2022-07-25_11:41:00.000000,6
1673,866776_2022-07-25_11:56:00.000000,https://spaceweather.astron.nl//SolarKSP/data/atdb_process/solar_bf_compressing/3747/866776/dynamic_spectra/LOFAR_20220725_115600_LBA_OUTER_S0.fits,2022-07-25,11:56:00.000000,866776_2022-07-25_11:56:00.000000,3
1655,866776_2022-07-25_12:11:00.000000,https://spaceweather.astron.nl//SolarKSP/data/atdb_process/solar_bf_compressing/3747/866776/dynamic_spectra/LOFAR_20220725_121100_LBA_OUTER_S0.fits,2022-07-25,12:11:00.000000,866776_2022-07-25_12:11:00.000000,6
1687,866776_2022-07-25_12:26:00.000000,https://spaceweather.astron.nl//SolarKSP/data/atdb_process/solar_bf_compressing/3747/866776/dynamic_spectra/LOFAR_20220725_122600_LBA_OUTER_S0.fits,2022-07-25,12:26:00.000000,866776_2022-07-25_12:26:00.000000,3
1698,866776_2022-07-25_12:41:00.000000,https://spaceweather.astron.nl//SolarKSP/data/atdb_process/solar_bf_compressing/3747/866776/dynamic_spectra/LOFAR_20220725_124100_LBA_OUTER_S0.fits,2022-07-25,12:41:00.000000,866776_2022-07-25_12:41:00.000000,3
1683,866776_2022-07-25_12:56:00.000000,https://spaceweather.astron.nl//SolarKSP/data/atdb_process/solar_bf_compressing/3747/866776/dynamic_spectra/LOFAR_20220725_125600_LBA_OUTER_S0.fits,2022-07-25,12:56:00.000000,866776_2022-07-25_12:56:00.000000,6
1668,866776_2022-07-25_13:11:00.000000,https://spaceweather.astron.nl//SolarKSP/data/atdb_process/solar_bf_compressing/3747/866776/dynamic_spectra/LOFAR_20220725_131100_LBA_OUTER_S0.fits,2022-07-25,13:11:00.000000,866776_2022-07-25_13:11:00.000000,3
1675,866776_2022-07-25_13:26:00.000000,https://spaceweather.astron.nl//SolarKSP/data/atdb_process/solar_bf_compressing/3747/866776/dynamic_spectra/LOFAR_20220725_132600_LBA_OUTER_S0.fits,2022-07-25,13:26:00.000000,866776_2022-07-25_13:26:00.000000,6
1684,866776_2022-07-25_13:41:00.000000,https://spaceweather.astron.nl//SolarKSP/data/atdb_process/solar_bf_compressing/3747/866776/dynamic_spectra/LOFAR_20220725_134100_LBA_OUTER_S0.fits,2022-07-25,13:41:00.000000,866776_2022-07-25_13:41:00.000000,6
1697,866776_2022-07-25_13:56:00.000000,https://spaceweather.astron.nl//SolarKSP/data/atdb_process/solar_bf_compressing/3747/866776/dynamic_spectra/LOFAR_20220725_135600_LBA_OUTER_S0.fits,2022-07-25,13:56:00.000000,866776_2022-07-25_13:56:00.000000,3
1654,866776_2022-07-25_14:11:00.000000,https://spaceweather.astron.nl//SolarKSP/data/atdb_process/solar_bf_compressing/3747/866776/dynamic_spectra/LOFAR_20220725_141100_LBA_OUTER_S0.fits,2022-07-25,14:11:00.000000,866776_2022-07-25_14:11:00.000000,6
1688,866776_2022-07-25_14:26:00.000000,https://spaceweather.astron.nl//SolarKSP/data/atdb_process/solar_bf_compressing/3747/866776/dynamic_spectra/LOFAR_20220725_142600_LBA_OUTER_S0.fits,2022-07-25,14:26:00.000000,866776_2022-07-25_14:26:00.000000,6
1700,866776_2022-07-25_14:41:00.000000,https://spaceweather.astron.nl//SolarKSP/data/atdb_process/solar_bf_compressing/3747/866776/dynamic_spectra/LOFAR_20220725_144100_LBA_OUTER_S0.fits,2022-07-25,14:41:00.000000,866776_2022-07-25_14:41:00.000000,6
1685,866776_2022-07-25_14:56:00.000000,https://spaceweather.astron.nl//SolarKSP/data/atdb_process/solar_bf_compressing/3747/866776/dynamic_spectra/LOFAR_20220725_145600_LBA_OUTER_S0.fits,2022-07-25,14:56:00.000000,866776_2022-07-25_14:56:00.000000,6
1667,866776_2022-07-25_15:11:00.000000,https://spaceweather.astron.nl//SolarKSP/data/atdb_process/solar_bf_compressing/3747/866776/dynamic_spectra/LOFAR_20220725_151100_LBA_OUTER_S0.fits,2022-07-25,15:11:00.000000,866776_2022-07-25_15:11:00.000000,6
1676,866776_2022-07-25_15:26:00.000000,https://spaceweather.astron.nl//SolarKSP/data/atdb_process/solar_bf_compressing/3747/866776/dynamic_spectra/LOFAR_20220725_152600_LBA_OUTER_S0.fits,2022-07-25,15:26:00.000000,866776_2022-07-25_15:26:00.000000,3
1686,866776_2022-07-25_15:41:00.000000,https://spaceweather.astron.nl//SolarKSP/data/atdb_process/solar_bf_compressing/3747/866776/dynamic_spectra/LOFAR_20220725_154100_LBA_OUTER_S0.fits,2022-07-25,15:41:00.000000,866776_2022-07-25_15:41:00.000000,6
1699,866776_2022-07-25_15:56:00.000000,https://spaceweather.astron.nl//SolarKSP/data/atdb_process/solar_bf_compressing/3747/866776/dynamic_spectra/LOFAR_20220725_155600_LBA_OUTER_S0.fits,2022-07-25,15:56:00.000000,866776_2022-07-25_15:56:00.000000,6
1678,866776_2022-07-25_16:11:00.000000,https://spaceweather.astron.nl//SolarKSP/data/atdb_process/solar_bf_compressing/3747/866776/dynamic_spectra/LOFAR_20220725_161100_LBA_OUTER_S0.fits,2022-07-25,16:11:00.000000,866776_2022-07-25_16:11:00.000000,6
1662,866776_2022-07-25_16:26:00.000000,https://spaceweather.astron.nl//SolarKSP/data/atdb_process/solar_bf_compressing/3747/866776/dynamic_spectra/LOFAR_20220725_162600_LBA_OUTER_S0.fits,2022-07-25,16:26:00.000000,866776_2022-07-25_16:26:00.000000,6
1669,866776_2022-07-25_16:41:00.000000,https://spaceweather.astron.nl//SolarKSP/data/atdb_process/solar_bf_compressing/3747/866776/dynamic_spectra/LOFAR_20220725_164100_LBA_OUTER_S0.fits,2022-07-25,16:41:00.000000,866776_2022-07-25_16:41:00.000000,6
1658,866776_2022-07-25_16:56:00.000000,https://spaceweather.astron.nl//SolarKSP/data/atdb_process/solar_bf_compressing/3747/866776/dynamic_spectra/LOFAR_20220725_165600_LBA_OUTER_S0.fits,2022-07-25,16:56:00.000000,866776_2022-07-25_16:56:00.000000,6
1693,866776_2022-07-25_17:11:00.000000,https://spaceweather.astron.nl//SolarKSP/data/atdb_process/solar_bf_compressing/3747/866776/dynamic_spectra/LOFAR_20220725_171100_LBA_OUTER_S0.fits,2022-07-25,17:11:00.000000,866776_2022-07-25_17:11:00.000000,6
1649,866776_2022-07-25_17:26:00.000000,https://spaceweather.astron.nl//SolarKSP/data/atdb_process/solar_bf_compressing/3747/866776/dynamic_spectra/LOFAR_20220725_172600_LBA_OUTER_S0.fits,2022-07-25,17:26:00.000000,866776_2022-07-25_17:26:00.000000,6
1657,866776_2022-07-25_17:41:00.000000,https://spaceweather.astron.nl//SolarKSP/data/atdb_process/solar_bf_compressing/3747/866776/dynamic_spectra/LOFAR_20220725_174100_LBA_OUTER_S0.fits,2022-07-25,17:41:00.000000,866776_2022-07-25_17:41:00.000000,6
1670,866776_2022-07-25_17:56:00.000000,https://spaceweather.astron.nl//SolarKSP/data/atdb_process/solar_bf_compressing/3747/866776/dynamic_spectra/LOFAR_20220725_175600_LBA_OUTER_S0.fits,2022-07-25,17:56:00.000000,866776_2022-07-25_17:56:00.000000,6
1650,866776_2022-07-25_18:11:00.000000,https://spaceweather.astron.nl//SolarKSP/data/atdb_process/solar_bf_compressing/3747/866776/dynamic_spectra/LOFAR_20220725_181100_LBA_OUTER_S0.fits,2022-07-25,18:11:00.000000,866776_2022-07-25_18:11:00.000000,6
1690,866776_2022-07-25_18:26:00.000000,https://spaceweather.astron.nl//SolarKSP/data/atdb_process/solar_bf_compressing/3747/866776/dynamic_spectra/LOFAR_20220725_182600_LBA_OUTER_S0.fits,2022-07-25,18:26:00.000000,866776_2022-07-25_18:26:00.000000,6
1694,866776_2022-07-25_18:41:00.000000,https://spaceweather.astron.nl//SolarKSP/data/atdb_process/solar_bf_compressing/3747/866776/dynamic_spectra/LOFAR_20220725_184100_LBA_OUTER_S0.fits,2022-07-25,18:41:00.000000,866776_2022-07-25_18:41:00.000000,6
1681,866776_2022-07-25_18:56:00.000000,https://spaceweather.astron.nl//SolarKSP/data/atdb_process/solar_bf_compressing/3747/866776/dynamic_spectra/LOFAR_20220725_185600_LBA_OUTER_S0.fits,2022-07-25,18:56:00.000000,866776_2022-07-25_18:56:00.000000,6
1666,866776_2022-07-25_19:11:00.000000,https://spaceweather.astron.nl//SolarKSP/data/atdb_process/solar_bf_compressing/3747/866776/dynamic_spectra/LOFAR_20220725_191100_LBA_OUTER_S0.fits,2022-07-25,19:11:00.000000,866776_2022-07-25_19:11:00.000000,6
2257,867632_2022-08-03_06:30:00.000000,https://spaceweather.astron.nl//SolarKSP/data/atdb_process/solar_bf_compressing/3800/867632/dynamic_spectra/LOFAR_20220803_063000_LBA_OUTER_S0.fits,2022-08-03,06:30:00.000000,867632_2022-08-03_06:30:00.000000,3
2284,867632_2022-08-03_06:45:00.000000,https://spaceweather.astron.nl//SolarKSP/data/atdb_process/solar_bf_compressing/3800/867632/dynamic_spectra/LOFAR_20220803_064500_LBA_OUTER_S0.fits,2022-08-03,06:45:00.000000,867632_2022-08-03_06:45:00.000000,3
2283,867632_2022-08-03_07:00:00.000000,https://spaceweather.astron.nl//SolarKSP/data/atdb_process/solar_bf_compressing/3800/867632/dynamic_spectra/LOFAR_20220803_070000_LBA_OUTER_S0.fits,2022-08-03,07:00:00.000000,867632_2022-08-03_07:00:00.000000,6
2249,867632_2022-08-03_07:15:00.000000,https://spaceweather.astron.nl//SolarKSP/data/atdb_process/solar_bf_compressing/3800/867632/dynamic_spectra/LOFAR_20220803_071500_LBA_OUTER_S0.fits,2022-08-03,07:15:00.000000,867632_2022-08-03_07:15:00.000000,1
2243,867632_2022-08-03_07:30:00.000000,https://spaceweather.astron.nl//SolarKSP/data/atdb_process/solar_bf_compressing/3800/867632/dynamic_spectra/LOFAR_20220803_073000_LBA_OUTER_S0.fits,2022-08-03,07:30:00.000000,867632_2022-08-03_07:30:00.000000,3
2271,867632_2022-08-03_07:45:00.000000,https://spaceweather.astron.nl//SolarKSP/data/atdb_process/solar_bf_compressing/3800/867632/dynamic_spectra/LOFAR_20220803_074500_LBA_OUTER_S0.fits,2022-08-03,07:45:00.000000,867632_2022-08-03_07:45:00.000000,6
2245,867632_2022-08-03_08:00:00.000000,https://spaceweather.astron.nl//SolarKSP/data/atdb_process/solar_bf_compressing/3800/867632/dynamic_spectra/LOFAR_20220803_080000_LBA_OUTER_S0.fits,2022-08-03,08:00:00.000000,867632_2022-08-03_08:00:00.000000,3
2264,867632_2022-08-03_08:15:00.000000,https://spaceweather.astron.nl//SolarKSP/data/atdb_process/solar_bf_compressing/3800/867632/dynamic_spectra/LOFAR_20220803_081500_LBA_OUTER_S0.fits,2022-08-03,08:15:00.000000,867632_2022-08-03_08:15:00.000000,3
2282,867632_2022-08-03_08:30:00.000000,https://spaceweather.astron.nl//SolarKSP/data/atdb_process/solar_bf_compressing/3800/867632/dynamic_spectra/LOFAR_20220803_083000_LBA_OUTER_S0.fits,2022-08-03,08:30:00.000000,867632_2022-08-03_08:30:00.000000,3
2260,867632_2022-08-03_08:45:00.000000,https://spaceweather.astron.nl//SolarKSP/data/atdb_process/solar_bf_compressing/3800/867632/dynamic_spectra/LOFAR_20220803_084500_LBA_OUTER_S0.fits,2022-08-03,08:45:00.000000,867632_2022-08-03_08:45:00.000000,2
2258,867632_2022-08-03_09:00:00.000000,https://spaceweather.astron.nl//SolarKSP/data/atdb_process/solar_bf_compressing/3800/867632/dynamic_spectra/LOFAR_20220803_090000_LBA_OUTER_S0.fits,2022-08-03,09:00:00.000000,867632_2022-08-03_09:00:00.000000,1
2278,867632_2022-08-03_09:15:00.000000,https://spaceweather.astron.nl//SolarKSP/data/atdb_process/solar_bf_compressing/3800/867632/dynamic_spectra/LOFAR_20220803_091500_LBA_OUTER_S0.fits,2022-08-03,09:15:00.000000,867632_2022-08-03_09:15:00.000000,3
2269,867632_2022-08-03_09:30:00.000000,https://spaceweather.astron.nl//SolarKSP/data/atdb_process/solar_bf_compressing/3800/867632/dynamic_spectra/LOFAR_20220803_093000_LBA_OUTER_S0.fits,2022-08-03,09:30:00.000000,867632_2022-08-03_09:30:00.000000,6
2247,867632_2022-08-03_09:45:00.000000,https://spaceweather.astron.nl//SolarKSP/data/atdb_process/solar_bf_compressing/3800/867632/dynamic_spectra/LOFAR_20220803_094500_LBA_OUTER_S0.fits,2022-08-03,09:45:00.000000,867632_2022-08-03_09:45:00.000000,6
2265,867632_2022-08-03_10:00:00.000000,https://spaceweather.astron.nl//SolarKSP/data/atdb_process/solar_bf_compressing/3800/867632/dynamic_spectra/LOFAR_20220803_100000_LBA_OUTER_S0.fits,2022-08-03,10:00:00.000000,867632_2022-08-03_10:00:00.000000,3
2244,867632_2022-08-03_10:15:00.000000,https://spaceweather.astron.nl//SolarKSP/data/atdb_process/solar_bf_compressing/3800/867632/dynamic_spectra/LOFAR_20220803_101500_LBA_OUTER_S0.fits,2022-08-03,10:15:00.000000,867632_2022-08-03_10:15:00.000000,3
2250,867632_2022-08-03_10:30:00.000000,https://spaceweather.astron.nl//SolarKSP/data/atdb_process/solar_bf_compressing/3800/867632/dynamic_spectra/LOFAR_20220803_103000_LBA_OUTER_S0.fits,2022-08-03,10:30:00.000000,867632_2022-08-03_10:30:00.000000,6
2281,867632_2022-08-03_10:45:00.000000,https://spaceweather.astron.nl//SolarKSP/data/atdb_process/solar_bf_compressing/3800/867632/dynamic_spectra/LOFAR_20220803_104500_LBA_OUTER_S0.fits,2022-08-03,10:45:00.000000,867632_2022-08-03_10:45:00.000000,3
2277,867632_2022-08-03_11:00:00.000000,https://spaceweather.astron.nl//SolarKSP/data/atdb_process/solar_bf_compressing/3800/867632/dynamic_spectra/LOFAR_20220803_110000_LBA_OUTER_S0.fits,2022-08-03,11:00:00.000000,867632_2022-08-03_11:00:00.000000,3
2259,867632_2022-08-03_11:15:00.000000,https://spaceweather.astron.nl//SolarKSP/data/atdb_process/solar_bf_compressing/3800/867632/dynamic_spectra/LOFAR_20220803_111500_LBA_OUTER_S0.fits,2022-08-03,11:15:00.000000,867632_2022-08-03_11:15:00.000000,3
2236,867632_2022-08-03_11:30:00.000000,https://spaceweather.astron.nl//SolarKSP/data/atdb_process/solar_bf_compressing/3800/867632/dynamic_spectra/LOFAR_20220803_113000_LBA_OUTER_S0.fits,2022-08-03,11:30:00.000000,867632_2022-08-03_11:30:00.000000,1
2267,867632_2022-08-03_11:45:00.000000,https://spaceweather.astron.nl//SolarKSP/data/atdb_process/solar_bf_compressing/3800/867632/dynamic_spectra/LOFAR_20220803_114500_LBA_OUTER_S0.fits,2022-08-03,11:45:00.000000,867632_2022-08-03_11:45:00.000000,6
2241,867632_2022-08-03_12:00:00.000000,https://spaceweather.astron.nl//SolarKSP/data/atdb_process/solar_bf_compressing/3800/867632/dynamic_spectra/LOFAR_20220803_120000_LBA_OUTER_S0.fits,2022-08-03,12:00:00.000000,867632_2022-08-03_12:00:00.000000,1
2273,867632_2022-08-03_12:15:00.000000,https://spaceweather.astron.nl//SolarKSP/data/atdb_process/solar_bf_compressing/3800/867632/dynamic_spectra/LOFAR_20220803_121500_LBA_OUTER_S0.fits,2022-08-03,12:15:00.000000,867632_2022-08-03_12:15:00.000000,6
2275,867632_2022-08-03_12:30:00.000000,https://spaceweather.astron.nl//SolarKSP/data/atdb_process/solar_bf_compressing/3800/867632/dynamic_spectra/LOFAR_20220803_123000_LBA_OUTER_S0.fits,2022-08-03,12:30:00.000000,867632_2022-08-03_12:30:00.000000,3
2254,867632_2022-08-03_12:45:00.000000,https://spaceweather.astron.nl//SolarKSP/data/atdb_process/solar_bf_compressing/3800/867632/dynamic_spectra/LOFAR_20220803_124500_LBA_OUTER_S0.fits,2022-08-03,12:45:00.000000,867632_2022-08-03_12:45:00.000000,6
2256,867632_2022-08-03_13:00:00.000000,https://spaceweather.astron.nl//SolarKSP/data/atdb_process/solar_bf_compressing/3800/867632/dynamic_spectra/LOFAR_20220803_130000_LBA_OUTER_S0.fits,2022-08-03,13:00:00.000000,867632_2022-08-03_13:00:00.000000,3
2286,867632_2022-08-03_13:15:00.000000,https://spaceweather.astron.nl//SolarKSP/data/atdb_process/solar_bf_compressing/3800/867632/dynamic_spectra/LOFAR_20220803_131500_LBA_OUTER_S0.fits,2022-08-03,13:15:00.000000,867632_2022-08-03_13:15:00.000000,6
2263,867632_2022-08-03_13:30:00.000000,https://spaceweather.astron.nl//SolarKSP/data/atdb_process/solar_bf_compressing/3800/867632/dynamic_spectra/LOFAR_20220803_133000_LBA_OUTER_S0.fits,2022-08-03,13:30:00.000000,867632_2022-08-03_13:30:00.000000,3
2239,867632_2022-08-03_13:45:00.000000,https://spaceweather.astron.nl//SolarKSP/data/atdb_process/solar_bf_compressing/3800/867632/dynamic_spectra/LOFAR_20220803_134500_LBA_OUTER_S0.fits,2022-08-03,13:45:00.000000,867632_2022-08-03_13:45:00.000000,1
2240,867632_2022-08-03_14:00:00.000000,https://spaceweather.astron.nl//SolarKSP/data/atdb_process/solar_bf_compressing/3800/867632/dynamic_spectra/LOFAR_20220803_140000_LBA_OUTER_S0.fits,2022-08-03,14:00:00.000000,867632_2022-08-03_14:00:00.000000,1
2272,867632_2022-08-03_14:15:00.000000,https://spaceweather.astron.nl//SolarKSP/data/atdb_process/solar_bf_compressing/3800/867632/dynamic_spectra/LOFAR_20220803_141500_LBA_OUTER_S0.fits,2022-08-03,14:15:00.000000,867632_2022-08-03_14:15:00.000000,3
2274,867632_2022-08-03_14:30:00.000000,https://spaceweather.astron.nl//SolarKSP/data/atdb_process/solar_bf_compressing/3800/867632/dynamic_spectra/LOFAR_20220803_143000_LBA_OUTER_S0.fits,2022-08-03,14:30:00.000000,867632_2022-08-03_14:30:00.000000,3
2255,867632_2022-08-03_14:45:00.000000,https://spaceweather.astron.nl//SolarKSP/data/atdb_process/solar_bf_compressing/3800/867632/dynamic_spectra/LOFAR_20220803_144500_LBA_OUTER_S0.fits,2022-08-03,14:45:00.000000,867632_2022-08-03_14:45:00.000000,3
2253,867632_2022-08-03_15:00:00.000000,https://spaceweather.astron.nl//SolarKSP/data/atdb_process/solar_bf_compressing/3800/867632/dynamic_spectra/LOFAR_20220803_150000_LBA_OUTER_S0.fits,2022-08-03,15:00:00.000000,867632_2022-08-03_15:00:00.000000,3
2285,867632_2022-08-03_15:15:00.000000,https://spaceweather.astron.nl//SolarKSP/data/atdb_process/solar_bf_compressing/3800/867632/dynamic_spectra/LOFAR_20220803_151500_LBA_OUTER_S0.fits,2022-08-03,15:15:00.000000,867632_2022-08-03_15:15:00.000000,3
2262,867632_2022-08-03_15:30:00.000000,https://spaceweather.astron.nl//SolarKSP/data/atdb_process/solar_bf_compressing/3800/867632/dynamic_spectra/LOFAR_20220803_153000_LBA_OUTER_S0.fits,2022-08-03,15:30:00.000000,867632_2022-08-03_15:30:00.000000,3
2242,867632_2022-08-03_15:45:00.000000,https://spaceweather.astron.nl//SolarKSP/data/atdb_process/solar_bf_compressing/3800/867632/dynamic_spectra/LOFAR_20220803_154500_LBA_OUTER_S0.fits,2022-08-03,15:45:00.000000,867632_2022-08-03_15:45:00.000000,6
2268,867632_2022-08-03_16:00:00.000000,https://spaceweather.astron.nl//SolarKSP/data/atdb_process/solar_bf_compressing/3800/867632/dynamic_spectra/LOFAR_20220803_160000_LBA_OUTER_S0.fits,2022-08-03,16:00:00.000000,867632_2022-08-03_16:00:00.000000,3
2246,867632_2022-08-03_16:15:00.000000,https://spaceweather.astron.nl//SolarKSP/data/atdb_process/solar_bf_compressing/3800/867632/dynamic_spectra/LOFAR_20220803_161500_LBA_OUTER_S0.fits,2022-08-03,16:15:00.000000,867632_2022-08-03_16:15:00.000000,3
2252,867632_2022-08-03_16:30:00.000000,https://spaceweather.astron.nl//SolarKSP/data/atdb_process/solar_bf_compressing/3800/867632/dynamic_spectra/LOFAR_20220803_163000_LBA_OUTER_S0.fits,2022-08-03,16:30:00.000000,867632_2022-08-03_16:30:00.000000,6
2276,867632_2022-08-03_16:45:00.000000,https://spaceweather.astron.nl//SolarKSP/data/atdb_process/solar_bf_compressing/3800/867632/dynamic_spectra/LOFAR_20220803_164500_LBA_OUTER_S0.fits,2022-08-03,16:45:00.000000,867632_2022-08-03_16:45:00.000000,6
2279,867632_2022-08-03_17:00:00.000000,https://spaceweather.astron.nl//SolarKSP/data/atdb_process/solar_bf_compressing/3800/867632/dynamic_spectra/LOFAR_20220803_170000_LBA_OUTER_S0.fits,2022-08-03,17:00:00.000000,867632_2022-08-03_17:00:00.000000,6
2261,867632_2022-08-03_17:15:00.000000,https://spaceweather.astron.nl//SolarKSP/data/atdb_process/solar_bf_compressing/3800/867632/dynamic_spectra/LOFAR_20220803_171500_LBA_OUTER_S0.fits,2022-08-03,17:15:00.000000,867632_2022-08-03_17:15:00.000000,3
2238,867632_2022-08-03_17:30:00.000000,https://spaceweather.astron.nl//SolarKSP/data/atdb_process/solar_bf_compressing/3800/867632/dynamic_spectra/LOFAR_20220803_173000_LBA_OUTER_S0.fits,2022-08-03,17:30:00.000000,867632_2022-08-03_17:30:00.000000,1
2266,867632_2022-08-03_17:45:00.000000,https://spaceweather.astron.nl//SolarKSP/data/atdb_process/solar_bf_compressing/3800/867632/dynamic_spectra/LOFAR_20220803_174500_LBA_OUTER_S0.fits,2022-08-03,17:45:00.000000,867632_2022-08-03_17:45:00.000000,3
2237,867632_2022-08-03_18:00:00.000000,https://spaceweather.astron.nl//SolarKSP/data/atdb_process/solar_bf_compressing/3800/867632/dynamic_spectra/LOFAR_20220803_180000_LBA_OUTER_S0.fits,2022-08-03,18:00:00.000000,867632_2022-08-03_18:00:00.000000,1
2270,867632_2022-08-03_18:15:00.000000,https://spaceweather.astron.nl//SolarKSP/data/atdb_process/solar_bf_compressing/3800/867632/dynamic_spectra/LOFAR_20220803_181500_LBA_OUTER_S0.fits,2022-08-03,18:15:00.000000,867632_2022-08-03_18:15:00.000000,3
2280,867632_2022-08-03_18:30:00.000000,https://spaceweather.astron.nl//SolarKSP/data/atdb_process/solar_bf_compressing/3800/867632/dynamic_spectra/LOFAR_20220803_183000_LBA_OUTER_S0.fits,2022-08-03,18:30:00.000000,867632_2022-08-03_18:30:00.000000,6
2248,867632_2022-08-03_18:45:00.000000,https://spaceweather.astron.nl//SolarKSP/data/atdb_process/solar_bf_compressing/3800/867632/dynamic_spectra/LOFAR_20220803_184500_LBA_OUTER_S0.fits,2022-08-03,18:45:00.000000,867632_2022-08-03_18:45:00.000000,6
2251,867632_2022-08-03_19:00:00.000000,https://spaceweather.astron.nl//SolarKSP/data/atdb_process/solar_bf_compressing/3800/867632/dynamic_spectra/LOFAR_20220803_190000_LBA_OUTER_S0.fits,2022-08-03,19:00:00.000000,867632_2022-08-03_19:00:00.000000,3
1849,867888_2022-08-10_06:30:00.000000,https://spaceweather.astron.nl//SolarKSP/data/atdb_process/solar_bf_compressing/3751/867888/dynamic_spectra/LOFAR_20220810_063000_LBA_OUTER_S0.fits,2022-08-10,06:30:00.000000,867888_2022-08-10_06:30:00.000000,6
1825,867888_2022-08-10_06:45:00.000000,https://spaceweather.astron.nl//SolarKSP/data/atdb_process/solar_bf_compressing/3751/867888/dynamic_spectra/LOFAR_20220810_064500_LBA_OUTER_S0.fits,2022-08-10,06:45:00.000000,867888_2022-08-10_06:45:00.000000,6
1824,867888_2022-08-10_07:00:00.000000,https://spaceweather.astron.nl//SolarKSP/data/atdb_process/solar_bf_compressing/3751/867888/dynamic_spectra/LOFAR_20220810_070000_LBA_OUTER_S0.fits,2022-08-10,07:00:00.000000,867888_2022-08-10_07:00:00.000000,3
1841,867888_2022-08-10_07:15:00.000000,https://spaceweather.astron.nl//SolarKSP/data/atdb_process/solar_bf_compressing/3751/867888/dynamic_spectra/LOFAR_20220810_071500_LBA_OUTER_S0.fits,2022-08-10,07:15:00.000000,867888_2022-08-10_07:15:00.000000,6
1835,867888_2022-08-10_07:30:00.000000,https://spaceweather.astron.nl//SolarKSP/data/atdb_process/solar_bf_compressing/3751/867888/dynamic_spectra/LOFAR_20220810_073000_LBA_OUTER_S0.fits,2022-08-10,07:30:00.000000,867888_2022-08-10_07:30:00.000000,6
1812,867888_2022-08-10_07:45:00.000000,https://spaceweather.astron.nl//SolarKSP/data/atdb_process/solar_bf_compressing/3751/867888/dynamic_spectra/LOFAR_20220810_074500_LBA_OUTER_S0.fits,2022-08-10,07:45:00.000000,867888_2022-08-10_07:45:00.000000,6
1837,867888_2022-08-10_08:00:00.000000,https://spaceweather.astron.nl//SolarKSP/data/atdb_process/solar_bf_compressing/3751/867888/dynamic_spectra/LOFAR_20220810_080000_LBA_OUTER_S0.fits,2022-08-10,08:00:00.000000,867888_2022-08-10_08:00:00.000000,3
1805,867888_2022-08-10_08:15:00.000000,https://spaceweather.astron.nl//SolarKSP/data/atdb_process/solar_bf_compressing/3751/867888/dynamic_spectra/LOFAR_20220810_081500_LBA_OUTER_S0.fits,2022-08-10,08:15:00.000000,867888_2022-08-10_08:15:00.000000,3
1823,867888_2022-08-10_08:30:00.000000,https://spaceweather.astron.nl//SolarKSP/data/atdb_process/solar_bf_compressing/3751/867888/dynamic_spectra/LOFAR_20220810_083000_LBA_OUTER_S0.fits,2022-08-10,08:30:00.000000,867888_2022-08-10_08:30:00.000000,6
1852,867888_2022-08-10_08:45:00.000000,https://spaceweather.astron.nl//SolarKSP/data/atdb_process/solar_bf_compressing/3751/867888/dynamic_spectra/LOFAR_20220810_084500_LBA_OUTER_S0.fits,2022-08-10,08:45:00.000000,867888_2022-08-10_08:45:00.000000,6
1850,867888_2022-08-10_09:00:00.000000,https://spaceweather.astron.nl//SolarKSP/data/atdb_process/solar_bf_compressing/3751/867888/dynamic_spectra/LOFAR_20220810_090000_LBA_OUTER_S0.fits,2022-08-10,09:00:00.000000,867888_2022-08-10_09:00:00.000000,6
1819,867888_2022-08-10_09:15:00.000000,https://spaceweather.astron.nl//SolarKSP/data/atdb_process/solar_bf_compressing/3751/867888/dynamic_spectra/LOFAR_20220810_091500_LBA_OUTER_S0.fits,2022-08-10,09:15:00.000000,867888_2022-08-10_09:15:00.000000,6
1810,867888_2022-08-10_09:30:00.000000,https://spaceweather.astron.nl//SolarKSP/data/atdb_process/solar_bf_compressing/3751/867888/dynamic_spectra/LOFAR_20220810_093000_LBA_OUTER_S0.fits,2022-08-10,09:30:00.000000,867888_2022-08-10_09:30:00.000000,6
1839,867888_2022-08-10_09:45:00.000000,https://spaceweather.astron.nl//SolarKSP/data/atdb_process/solar_bf_compressing/3751/867888/dynamic_spectra/LOFAR_20220810_094500_LBA_OUTER_S0.fits,2022-08-10,09:45:00.000000,867888_2022-08-10_09:45:00.000000,6
1806,867888_2022-08-10_10:00:00.000000,https://spaceweather.astron.nl//SolarKSP/data/atdb_process/solar_bf_compressing/3751/867888/dynamic_spectra/LOFAR_20220810_100000_LBA_OUTER_S0.fits,2022-08-10,10:00:00.000000,867888_2022-08-10_10:00:00.000000,6
1836,867888_2022-08-10_10:15:00.000000,https://spaceweather.astron.nl//SolarKSP/data/atdb_process/solar_bf_compressing/3751/867888/dynamic_spectra/LOFAR_20220810_101500_LBA_OUTER_S0.fits,2022-08-10,10:15:00.000000,867888_2022-08-10_10:15:00.000000,6
1842,867888_2022-08-10_10:30:00.000000,https://spaceweather.astron.nl//SolarKSP/data/atdb_process/solar_bf_compressing/3751/867888/dynamic_spectra/LOFAR_20220810_103000_LBA_OUTER_S0.fits,2022-08-10,10:30:00.000000,867888_2022-08-10_10:30:00.000000,6
1822,867888_2022-08-10_10:45:00.000000,https://spaceweather.astron.nl//SolarKSP/data/atdb_process/solar_bf_compressing/3751/867888/dynamic_spectra/LOFAR_20220810_104500_LBA_OUTER_S0.fits,2022-08-10,10:45:00.000000,867888_2022-08-10_10:45:00.000000,6
1818,867888_2022-08-10_11:00:00.000000,https://spaceweather.astron.nl//SolarKSP/data/atdb_process/solar_bf_compressing/3751/867888/dynamic_spectra/LOFAR_20220810_110000_LBA_OUTER_S0.fits,2022-08-10,11:00:00.000000,867888_2022-08-10_11:00:00.000000,6
1851,867888_2022-08-10_11:15:00.000000,https://spaceweather.astron.nl//SolarKSP/data/atdb_process/solar_bf_compressing/3751/867888/dynamic_spectra/LOFAR_20220810_111500_LBA_OUTER_S0.fits,2022-08-10,11:15:00.000000,867888_2022-08-10_11:15:00.000000,6
1828,867888_2022-08-10_11:30:00.000000,https://spaceweather.astron.nl//SolarKSP/data/atdb_process/solar_bf_compressing/3751/867888/dynamic_spectra/LOFAR_20220810_113000_LBA_OUTER_S0.fits,2022-08-10,11:30:00.000000,867888_2022-08-10_11:30:00.000000,6
1808,867888_2022-08-10_11:45:00.000000,https://spaceweather.astron.nl//SolarKSP/data/atdb_process/solar_bf_compressing/3751/867888/dynamic_spectra/LOFAR_20220810_114500_LBA_OUTER_S0.fits,2022-08-10,11:45:00.000000,867888_2022-08-10_11:45:00.000000,6
1833,867888_2022-08-10_12:00:00.000000,https://spaceweather.astron.nl//SolarKSP/data/atdb_process/solar_bf_compressing/3751/867888/dynamic_spectra/LOFAR_20220810_120000_LBA_OUTER_S0.fits,2022-08-10,12:00:00.000000,867888_2022-08-10_12:00:00.000000,6
1814,867888_2022-08-10_12:15:00.000000,https://spaceweather.astron.nl//SolarKSP/data/atdb_process/solar_bf_compressing/3751/867888/dynamic_spectra/LOFAR_20220810_121500_LBA_OUTER_S0.fits,2022-08-10,12:15:00.000000,867888_2022-08-10_12:15:00.000000,6
1816,867888_2022-08-10_12:30:00.000000,https://spaceweather.astron.nl//SolarKSP/data/atdb_process/solar_bf_compressing/3751/867888/dynamic_spectra/LOFAR_20220810_123000_LBA_OUTER_S0.fits,2022-08-10,12:30:00.000000,867888_2022-08-10_12:30:00.000000,6
1846,867888_2022-08-10_12:45:00.000000,https://spaceweather.astron.nl//SolarKSP/data/atdb_process/solar_bf_compressing/3751/867888/dynamic_spectra/LOFAR_20220810_124500_LBA_OUTER_S0.fits,2022-08-10,12:45:00.000000,867888_2022-08-10_12:45:00.000000,6
1848,867888_2022-08-10_13:00:00.000000,https://spaceweather.astron.nl//SolarKSP/data/atdb_process/solar_bf_compressing/3751/867888/dynamic_spectra/LOFAR_20220810_130000_LBA_OUTER_S0.fits,2022-08-10,13:00:00.000000,867888_2022-08-10_13:00:00.000000,6
1827,867888_2022-08-10_13:15:00.000000,https://spaceweather.astron.nl//SolarKSP/data/atdb_process/solar_bf_compressing/3751/867888/dynamic_spectra/LOFAR_20220810_131500_LBA_OUTER_S0.fits,2022-08-10,13:15:00.000000,867888_2022-08-10_13:15:00.000000,6
1804,867888_2022-08-10_13:30:00.000000,https://spaceweather.astron.nl//SolarKSP/data/atdb_process/solar_bf_compressing/3751/867888/dynamic_spectra/LOFAR_20220810_133000_LBA_OUTER_S0.fits,2022-08-10,13:30:00.000000,867888_2022-08-10_13:30:00.000000,6
1831,867888_2022-08-10_13:45:00.000000,https://spaceweather.astron.nl//SolarKSP/data/atdb_process/solar_bf_compressing/3751/867888/dynamic_spectra/LOFAR_20220810_134500_LBA_OUTER_S0.fits,2022-08-10,13:45:00.000000,867888_2022-08-10_13:45:00.000000,6
1832,867888_2022-08-10_14:00:00.000000,https://spaceweather.astron.nl//SolarKSP/data/atdb_process/solar_bf_compressing/3751/867888/dynamic_spectra/LOFAR_20220810_140000_LBA_OUTER_S0.fits,2022-08-10,14:00:00.000000,867888_2022-08-10_14:00:00.000000,6
1813,867888_2022-08-10_14:15:00.000000,https://spaceweather.astron.nl//SolarKSP/data/atdb_process/solar_bf_compressing/3751/867888/dynamic_spectra/LOFAR_20220810_141500_LBA_OUTER_S0.fits,2022-08-10,14:15:00.000000,867888_2022-08-10_14:15:00.000000,6
1815,867888_2022-08-10_14:30:00.000000,https://spaceweather.astron.nl//SolarKSP/data/atdb_process/solar_bf_compressing/3751/867888/dynamic_spectra/LOFAR_20220810_143000_LBA_OUTER_S0.fits,2022-08-10,14:30:00.000000,867888_2022-08-10_14:30:00.000000,3
1847,867888_2022-08-10_14:45:00.000000,https://spaceweather.astron.nl//SolarKSP/data/atdb_process/solar_bf_compressing/3751/867888/dynamic_spectra/LOFAR_20220810_144500_LBA_OUTER_S0.fits,2022-08-10,14:45:00.000000,867888_2022-08-10_14:45:00.000000,3
1845,867888_2022-08-10_15:00:00.000000,https://spaceweather.astron.nl//SolarKSP/data/atdb_process/solar_bf_compressing/3751/867888/dynamic_spectra/LOFAR_20220810_150000_LBA_OUTER_S0.fits,2022-08-10,15:00:00.000000,867888_2022-08-10_15:00:00.000000,3
1826,867888_2022-08-10_15:15:00.000000,https://spaceweather.astron.nl//SolarKSP/data/atdb_process/solar_bf_compressing/3751/867888/dynamic_spectra/LOFAR_20220810_151500_LBA_OUTER_S0.fits,2022-08-10,15:15:00.000000,867888_2022-08-10_15:15:00.000000,3
1803,867888_2022-08-10_15:30:00.000000,https://spaceweather.astron.nl//SolarKSP/data/atdb_process/solar_bf_compressing/3751/867888/dynamic_spectra/LOFAR_20220810_153000_LBA_OUTER_S0.fits,2022-08-10,15:30:00.000000,867888_2022-08-10_15:30:00.000000,6
1834,867888_2022-08-10_15:45:00.000000,https://spaceweather.astron.nl//SolarKSP/data/atdb_process/solar_bf_compressing/3751/867888/dynamic_spectra/LOFAR_20220810_154500_LBA_OUTER_S0.fits,2022-08-10,15:45:00.000000,867888_2022-08-10_15:45:00.000000,6
1809,867888_2022-08-10_16:00:00.000000,https://spaceweather.astron.nl//SolarKSP/data/atdb_process/solar_bf_compressing/3751/867888/dynamic_spectra/LOFAR_20220810_160000_LBA_OUTER_S0.fits,2022-08-10,16:00:00.000000,867888_2022-08-10_16:00:00.000000,6
1838,867888_2022-08-10_16:15:00.000000,https://spaceweather.astron.nl//SolarKSP/data/atdb_process/solar_bf_compressing/3751/867888/dynamic_spectra/LOFAR_20220810_161500_LBA_OUTER_S0.fits,2022-08-10,16:15:00.000000,867888_2022-08-10_16:15:00.000000,6
1844,867888_2022-08-10_16:30:00.000000,https://spaceweather.astron.nl//SolarKSP/data/atdb_process/solar_bf_compressing/3751/867888/dynamic_spectra/LOFAR_20220810_163000_LBA_OUTER_S0.fits,2022-08-10,16:30:00.000000,867888_2022-08-10_16:30:00.000000,6
1817,867888_2022-08-10_16:45:00.000000,https://spaceweather.astron.nl//SolarKSP/data/atdb_process/solar_bf_compressing/3751/867888/dynamic_spectra/LOFAR_20220810_164500_LBA_OUTER_S0.fits,2022-08-10,16:45:00.000000,867888_2022-08-10_16:45:00.000000,6
1820,867888_2022-08-10_17:00:00.000000,https://spaceweather.astron.nl//SolarKSP/data/atdb_process/solar_bf_compressing/3751/867888/dynamic_spectra/LOFAR_20220810_170000_LBA_OUTER_S0.fits,2022-08-10,17:00:00.000000,867888_2022-08-10_17:00:00.000000,6
1853,867888_2022-08-10_17:15:00.000000,https://spaceweather.astron.nl//SolarKSP/data/atdb_process/solar_bf_compressing/3751/867888/dynamic_spectra/LOFAR_20220810_171500_LBA_OUTER_S0.fits,2022-08-10,17:15:00.000000,867888_2022-08-10_17:15:00.000000,5
1830,867888_2022-08-10_17:30:00.000000,https://spaceweather.astron.nl//SolarKSP/data/atdb_process/solar_bf_compressing/3751/867888/dynamic_spectra/LOFAR_20220810_173000_LBA_OUTER_S0.fits,2022-08-10,17:30:00.000000,867888_2022-08-10_17:30:00.000000,6
1807,867888_2022-08-10_17:45:00.000000,https://spaceweather.astron.nl//SolarKSP/data/atdb_process/solar_bf_compressing/3751/867888/dynamic_spectra/LOFAR_20220810_174500_LBA_OUTER_S0.fits,2022-08-10,17:45:00.000000,867888_2022-08-10_17:45:00.000000,6
1829,867888_2022-08-10_18:00:00.000000,https://spaceweather.astron.nl//SolarKSP/data/atdb_process/solar_bf_compressing/3751/867888/dynamic_spectra/LOFAR_20220810_180000_LBA_OUTER_S0.fits,2022-08-10,18:00:00.000000,867888_2022-08-10_18:00:00.000000,6
1811,867888_2022-08-10_18:15:00.000000,https://spaceweather.astron.nl//SolarKSP/data/atdb_process/solar_bf_compressing/3751/867888/dynamic_spectra/LOFAR_20220810_181500_LBA_OUTER_S0.fits,2022-08-10,18:15:00.000000,867888_2022-08-10_18:15:00.000000,6
1821,867888_2022-08-10_18:30:00.000000,https://spaceweather.astron.nl//SolarKSP/data/atdb_process/solar_bf_compressing/3751/867888/dynamic_spectra/LOFAR_20220810_183000_LBA_OUTER_S0.fits,2022-08-10,18:30:00.000000,867888_2022-08-10_18:30:00.000000,6
1840,867888_2022-08-10_18:45:00.000000,https://spaceweather.astron.nl//SolarKSP/data/atdb_process/solar_bf_compressing/3751/867888/dynamic_spectra/LOFAR_20220810_184500_LBA_OUTER_S0.fits,2022-08-10,18:45:00.000000,867888_2022-08-10_18:45:00.000000,6
1843,867888_2022-08-10_19:00:00.000000,https://spaceweather.astron.nl//SolarKSP/data/atdb_process/solar_bf_compressing/3751/867888/dynamic_spectra/LOFAR_20220810_190000_LBA_OUTER_S0.fits,2022-08-10,19:00:00.000000,867888_2022-08-10_19:00:00.000000,6
2340,867892_2022-08-11_06:30:00.000000,https://spaceweather.astron.nl//SolarKSP/data/atdb_process/solar_bf_compressing/3802/867892/dynamic_spectra/LOFAR_20220811_063000_LBA_OUTER_S0.fits,2022-08-11,06:30:00.000000,867892_2022-08-11_06:30:00.000000,6
2366,867892_2022-08-11_06:45:00.000000,https://spaceweather.astron.nl//SolarKSP/data/atdb_process/solar_bf_compressing/3802/867892/dynamic_spectra/LOFAR_20220811_064500_LBA_OUTER_S0.fits,2022-08-11,06:45:00.000000,867892_2022-08-11_06:45:00.000000,3
2368,867892_2022-08-11_07:00:00.000000,https://spaceweather.astron.nl//SolarKSP/data/atdb_process/solar_bf_compressing/3802/867892/dynamic_spectra/LOFAR_20220811_070000_LBA_OUTER_S0.fits,2022-08-11,07:00:00.000000,867892_2022-08-11_07:00:00.000000,6
2350,867892_2022-08-11_07:15:00.000000,https://spaceweather.astron.nl//SolarKSP/data/atdb_process/solar_bf_compressing/3802/867892/dynamic_spectra/LOFAR_20220811_071500_LBA_OUTER_S0.fits,2022-08-11,07:15:00.000000,867892_2022-08-11_07:15:00.000000,6
2354,867892_2022-08-11_07:30:00.000000,https://spaceweather.astron.nl//SolarKSP/data/atdb_process/solar_bf_compressing/3802/867892/dynamic_spectra/LOFAR_20220811_073000_LBA_OUTER_S0.fits,2022-08-11,07:30:00.000000,867892_2022-08-11_07:30:00.000000,1
2380,867892_2022-08-11_07:45:00.000000,https://spaceweather.astron.nl//SolarKSP/data/atdb_process/solar_bf_compressing/3802/867892/dynamic_spectra/LOFAR_20220811_074500_LBA_OUTER_S0.fits,2022-08-11,07:45:00.000000,867892_2022-08-11_07:45:00.000000,6
2355,867892_2022-08-11_08:00:00.000000,https://spaceweather.astron.nl//SolarKSP/data/atdb_process/solar_bf_compressing/3802/867892/dynamic_spectra/LOFAR_20220811_080000_LBA_OUTER_S0.fits,2022-08-11,08:00:00.000000,867892_2022-08-11_08:00:00.000000,6
2385,867892_2022-08-11_08:15:00.000000,https://spaceweather.astron.nl//SolarKSP/data/atdb_process/solar_bf_compressing/3802/867892/dynamic_spectra/LOFAR_20220811_081500_LBA_OUTER_S0.fits,2022-08-11,08:15:00.000000,867892_2022-08-11_08:15:00.000000,6
2367,867892_2022-08-11_08:30:00.000000,https://spaceweather.astron.nl//SolarKSP/data/atdb_process/solar_bf_compressing/3802/867892/dynamic_spectra/LOFAR_20220811_083000_LBA_OUTER_S0.fits,2022-08-11,08:30:00.000000,867892_2022-08-11_08:30:00.000000,6
2338,867892_2022-08-11_08:45:00.000000,https://spaceweather.astron.nl//SolarKSP/data/atdb_process/solar_bf_compressing/3802/867892/dynamic_spectra/LOFAR_20220811_084500_LBA_OUTER_S0.fits,2022-08-11,08:45:00.000000,867892_2022-08-11_08:45:00.000000,1
2342,867892_2022-08-11_09:00:00.000000,https://spaceweather.astron.nl//SolarKSP/data/atdb_process/solar_bf_compressing/3802/867892/dynamic_spectra/LOFAR_20220811_090000_LBA_OUTER_S0.fits,2022-08-11,09:00:00.000000,867892_2022-08-11_09:00:00.000000,6
2373,867892_2022-08-11_09:15:00.000000,https://spaceweather.astron.nl//SolarKSP/data/atdb_process/solar_bf_compressing/3802/867892/dynamic_spectra/LOFAR_20220811_091500_LBA_OUTER_S0.fits,2022-08-11,09:15:00.000000,867892_2022-08-11_09:15:00.000000,3
2381,867892_2022-08-11_09:30:00.000000,https://spaceweather.astron.nl//SolarKSP/data/atdb_process/solar_bf_compressing/3802/867892/dynamic_spectra/LOFAR_20220811_093000_LBA_OUTER_S0.fits,2022-08-11,09:30:00.000000,867892_2022-08-11_09:30:00.000000,6
2353,867892_2022-08-11_09:45:00.000000,https://spaceweather.astron.nl//SolarKSP/data/atdb_process/solar_bf_compressing/3802/867892/dynamic_spectra/LOFAR_20220811_094500_LBA_OUTER_S0.fits,2022-08-11,09:45:00.000000,867892_2022-08-11_09:45:00.000000,1
2384,867892_2022-08-11_10:00:00.000000,https://spaceweather.astron.nl//SolarKSP/data/atdb_process/solar_bf_compressing/3802/867892/dynamic_spectra/LOFAR_20220811_100000_LBA_OUTER_S0.fits,2022-08-11,10:00:00.000000,867892_2022-08-11_10:00:00.000000,1
2356,867892_2022-08-11_10:15:00.000000,https://spaceweather.astron.nl//SolarKSP/data/atdb_process/solar_bf_compressing/3802/867892/dynamic_spectra/LOFAR_20220811_101500_LBA_OUTER_S0.fits,2022-08-11,10:15:00.000000,867892_2022-08-11_10:15:00.000000,6
2351,867892_2022-08-11_10:30:00.000000,https://spaceweather.astron.nl//SolarKSP/data/atdb_process/solar_bf_compressing/3802/867892/dynamic_spectra/LOFAR_20220811_103000_LBA_OUTER_S0.fits,2022-08-11,10:30:00.000000,867892_2022-08-11_10:30:00.000000,3
2371,867892_2022-08-11_10:45:00.000000,https://spaceweather.astron.nl//SolarKSP/data/atdb_process/solar_bf_compressing/3802/867892/dynamic_spectra/LOFAR_20220811_104500_LBA_OUTER_S0.fits,2022-08-11,10:45:00.000000,867892_2022-08-11_10:45:00.000000,3
2374,867892_2022-08-11_11:00:00.000000,https://spaceweather.astron.nl//SolarKSP/data/atdb_process/solar_bf_compressing/3802/867892/dynamic_spectra/LOFAR_20220811_110000_LBA_OUTER_S0.fits,2022-08-11,11:00:00.000000,867892_2022-08-11_11:00:00.000000,6
2341,867892_2022-08-11_11:15:00.000000,https://spaceweather.astron.nl//SolarKSP/data/atdb_process/solar_bf_compressing/3802/867892/dynamic_spectra/LOFAR_20220811_111500_LBA_OUTER_S0.fits,2022-08-11,11:15:00.000000,867892_2022-08-11_11:15:00.000000,6
2363,867892_2022-08-11_11:30:00.000000,https://spaceweather.astron.nl//SolarKSP/data/atdb_process/solar_bf_compressing/3802/867892/dynamic_spectra/LOFAR_20220811_113000_LBA_OUTER_S0.fits,2022-08-11,11:30:00.000000,867892_2022-08-11_11:30:00.000000,6
2382,867892_2022-08-11_11:45:00.000000,https://spaceweather.astron.nl//SolarKSP/data/atdb_process/solar_bf_compressing/3802/867892/dynamic_spectra/LOFAR_20220811_114500_LBA_OUTER_S0.fits,2022-08-11,11:45:00.000000,867892_2022-08-11_11:45:00.000000,3
2357,867892_2022-08-11_12:00:00.000000,https://spaceweather.astron.nl//SolarKSP/data/atdb_process/solar_bf_compressing/3802/867892/dynamic_spectra/LOFAR_20220811_120000_LBA_OUTER_S0.fits,2022-08-11,12:00:00.000000,867892_2022-08-11_12:00:00.000000,6
2377,867892_2022-08-11_12:15:00.000000,https://spaceweather.astron.nl//SolarKSP/data/atdb_process/solar_bf_compressing/3802/867892/dynamic_spectra/LOFAR_20220811_121500_LBA_OUTER_S0.fits,2022-08-11,12:15:00.000000,867892_2022-08-11_12:15:00.000000,6
2375,867892_2022-08-11_12:30:00.000000,https://spaceweather.astron.nl//SolarKSP/data/atdb_process/solar_bf_compressing/3802/867892/dynamic_spectra/LOFAR_20220811_123000_LBA_OUTER_S0.fits,2022-08-11,12:30:00.000000,867892_2022-08-11_12:30:00.000000,6
2346,867892_2022-08-11_12:45:00.000000,https://spaceweather.astron.nl//SolarKSP/data/atdb_process/solar_bf_compressing/3802/867892/dynamic_spectra/LOFAR_20220811_124500_LBA_OUTER_S0.fits,2022-08-11,12:45:00.000000,867892_2022-08-11_12:45:00.000000,6
2344,867892_2022-08-11_13:00:00.000000,https://spaceweather.astron.nl//SolarKSP/data/atdb_process/solar_bf_compressing/3802/867892/dynamic_spectra/LOFAR_20220811_130000_LBA_OUTER_S0.fits,2022-08-11,13:00:00.000000,867892_2022-08-11_13:00:00.000000,3
2364,867892_2022-08-11_13:15:00.000000,https://spaceweather.astron.nl//SolarKSP/data/atdb_process/solar_bf_compressing/3802/867892/dynamic_spectra/LOFAR_20220811_131500_LBA_OUTER_S0.fits,2022-08-11,13:15:00.000000,867892_2022-08-11_13:15:00.000000,6
2387,867892_2022-08-11_13:30:00.000000,https://spaceweather.astron.nl//SolarKSP/data/atdb_process/solar_bf_compressing/3802/867892/dynamic_spectra/LOFAR_20220811_133000_LBA_OUTER_S0.fits,2022-08-11,13:30:00.000000,867892_2022-08-11_13:30:00.000000,6
2359,867892_2022-08-11_13:45:00.000000,https://spaceweather.astron.nl//SolarKSP/data/atdb_process/solar_bf_compressing/3802/867892/dynamic_spectra/LOFAR_20220811_134500_LBA_OUTER_S0.fits,2022-08-11,13:45:00.000000,867892_2022-08-11_13:45:00.000000,6
2360,867892_2022-08-11_14:00:00.000000,https://spaceweather.astron.nl//SolarKSP/data/atdb_process/solar_bf_compressing/3802/867892/dynamic_spectra/LOFAR_20220811_140000_LBA_OUTER_S0.fits,2022-08-11,14:00:00.000000,867892_2022-08-11_14:00:00.000000,6
2378,867892_2022-08-11_14:15:00.000000,https://spaceweather.astron.nl//SolarKSP/data/atdb_process/solar_bf_compressing/3802/867892/dynamic_spectra/LOFAR_20220811_141500_LBA_OUTER_S0.fits,2022-08-11,14:15:00.000000,867892_2022-08-11_14:15:00.000000,6
2376,867892_2022-08-11_14:30:00.000000,https://spaceweather.astron.nl//SolarKSP/data/atdb_process/solar_bf_compressing/3802/867892/dynamic_spectra/LOFAR_20220811_143000_LBA_OUTER_S0.fits,2022-08-11,14:30:00.000000,867892_2022-08-11_14:30:00.000000,6
2343,867892_2022-08-11_14:45:00.000000,https://spaceweather.astron.nl//SolarKSP/data/atdb_process/solar_bf_compressing/3802/867892/dynamic_spectra/LOFAR_20220811_144500_LBA_OUTER_S0.fits,2022-08-11,14:45:00.000000,867892_2022-08-11_14:45:00.000000,6
2345,867892_2022-08-11_15:00:00.000000,https://spaceweather.astron.nl//SolarKSP/data/atdb_process/solar_bf_compressing/3802/867892/dynamic_spectra/LOFAR_20220811_150000_LBA_OUTER_S0.fits,2022-08-11,15:00:00.000000,867892_2022-08-11_15:00:00.000000,6
2365,867892_2022-08-11_15:15:00.000000,https://spaceweather.astron.nl//SolarKSP/data/atdb_process/solar_bf_compressing/3802/867892/dynamic_spectra/LOFAR_20220811_151500_LBA_OUTER_S0.fits,2022-08-11,15:15:00.000000,867892_2022-08-11_15:15:00.000000,6
2388,867892_2022-08-11_15:30:00.000000,https://spaceweather.astron.nl//SolarKSP/data/atdb_process/solar_bf_compressing/3802/867892/dynamic_spectra/LOFAR_20220811_153000_LBA_OUTER_S0.fits,2022-08-11,15:30:00.000000,867892_2022-08-11_15:30:00.000000,3
2358,867892_2022-08-11_15:45:00.000000,https://spaceweather.astron.nl//SolarKSP/data/atdb_process/solar_bf_compressing/3802/867892/dynamic_spectra/LOFAR_20220811_154500_LBA_OUTER_S0.fits,2022-08-11,15:45:00.000000,867892_2022-08-11_15:45:00.000000,6
2383,867892_2022-08-11_16:00:00.000000,https://spaceweather.astron.nl//SolarKSP/data/atdb_process/solar_bf_compressing/3802/867892/dynamic_spectra/LOFAR_20220811_160000_LBA_OUTER_S0.fits,2022-08-11,16:00:00.000000,867892_2022-08-11_16:00:00.000000,6
2352,867892_2022-08-11_16:15:00.000000,https://spaceweather.astron.nl//SolarKSP/data/atdb_process/solar_bf_compressing/3802/867892/dynamic_spectra/LOFAR_20220811_161500_LBA_OUTER_S0.fits,2022-08-11,16:15:00.000000,867892_2022-08-11_16:15:00.000000,6
2348,867892_2022-08-11_16:30:00.000000,https://spaceweather.astron.nl//SolarKSP/data/atdb_process/solar_bf_compressing/3802/867892/dynamic_spectra/LOFAR_20220811_163000_LBA_OUTER_S0.fits,2022-08-11,16:30:00.000000,867892_2022-08-11_16:30:00.000000,6
2372,867892_2022-08-11_16:45:00.000000,https://spaceweather.astron.nl//SolarKSP/data/atdb_process/solar_bf_compressing/3802/867892/dynamic_spectra/LOFAR_20220811_164500_LBA_OUTER_S0.fits,2022-08-11,16:45:00.000000,867892_2022-08-11_16:45:00.000000,6
2369,867892_2022-08-11_17:00:00.000000,https://spaceweather.astron.nl//SolarKSP/data/atdb_process/solar_bf_compressing/3802/867892/dynamic_spectra/LOFAR_20220811_170000_LBA_OUTER_S0.fits,2022-08-11,17:00:00.000000,867892_2022-08-11_17:00:00.000000,6
2339,867892_2022-08-11_17:15:00.000000,https://spaceweather.astron.nl//SolarKSP/data/atdb_process/solar_bf_compressing/3802/867892/dynamic_spectra/LOFAR_20220811_171500_LBA_OUTER_S0.fits,2022-08-11,17:15:00.000000,867892_2022-08-11_17:15:00.000000,1
2362,867892_2022-08-11_17:30:00.000000,https://spaceweather.astron.nl//SolarKSP/data/atdb_process/solar_bf_compressing/3802/867892/dynamic_spectra/LOFAR_20220811_173000_LBA_OUTER_S0.fits,2022-08-11,17:30:00.000000,867892_2022-08-11_17:30:00.000000,6
2386,867892_2022-08-11_17:45:00.000000,https://spaceweather.astron.nl//SolarKSP/data/atdb_process/solar_bf_compressing/3802/867892/dynamic_spectra/LOFAR_20220811_174500_LBA_OUTER_S0.fits,2022-08-11,17:45:00.000000,867892_2022-08-11_17:45:00.000000,6
2361,867892_2022-08-11_18:00:00.000000,https://spaceweather.astron.nl//SolarKSP/data/atdb_process/solar_bf_compressing/3802/867892/dynamic_spectra/LOFAR_20220811_180000_LBA_OUTER_S0.fits,2022-08-11,18:00:00.000000,867892_2022-08-11_18:00:00.000000,6
2379,867892_2022-08-11_18:15:00.000000,https://spaceweather.astron.nl//SolarKSP/data/atdb_process/solar_bf_compressing/3802/867892/dynamic_spectra/LOFAR_20220811_181500_LBA_OUTER_S0.fits,2022-08-11,18:15:00.000000,867892_2022-08-11_18:15:00.000000,1
2370,867892_2022-08-11_18:30:00.000000,https://spaceweather.astron.nl//SolarKSP/data/atdb_process/solar_bf_compressing/3802/867892/dynamic_spectra/LOFAR_20220811_183000_LBA_OUTER_S0.fits,2022-08-11,18:30:00.000000,867892_2022-08-11_18:30:00.000000,3
2349,867892_2022-08-11_18:45:00.000000,https://spaceweather.astron.nl//SolarKSP/data/atdb_process/solar_bf_compressing/3802/867892/dynamic_spectra/LOFAR_20220811_184500_LBA_OUTER_S0.fits,2022-08-11,18:45:00.000000,867892_2022-08-11_18:45:00.000000,6
2347,867892_2022-08-11_19:00:00.000000,https://spaceweather.astron.nl//SolarKSP/data/atdb_process/solar_bf_compressing/3802/867892/dynamic_spectra/LOFAR_20220811_190000_LBA_OUTER_S0.fits,2022-08-11,19:00:00.000000,867892_2022-08-11_19:00:00.000000,3
2613,868146_2022-08-19_06:30:00.000000,https://spaceweather.astron.nl//SolarKSP/data/atdb_process/solar_bf_compressing/3804/868146/dynamic_spectra/LOFAR_20220819_063000_LBA_OUTER_S0.fits,2022-08-19,06:30:00.000000,868146_2022-08-19_06:30:00.000000,1
2641,868146_2022-08-19_06:45:00.000000,https://spaceweather.astron.nl//SolarKSP/data/atdb_process/solar_bf_compressing/3804/868146/dynamic_spectra/LOFAR_20220819_064500_LBA_OUTER_S0.fits,2022-08-19,06:45:00.000000,868146_2022-08-19_06:45:00.000000,1
2640,868146_2022-08-19_07:00:00.000000,https://spaceweather.astron.nl//SolarKSP/data/atdb_process/solar_bf_compressing/3804/868146/dynamic_spectra/LOFAR_20220819_070000_LBA_OUTER_S0.fits,2022-08-19,07:00:00.000000,868146_2022-08-19_07:00:00.000000,3
2618,868146_2022-08-19_07:15:00.000000,https://spaceweather.astron.nl//SolarKSP/data/atdb_process/solar_bf_compressing/3804/868146/dynamic_spectra/LOFAR_20220819_071500_LBA_OUTER_S0.fits,2022-08-19,07:15:00.000000,868146_2022-08-19_07:15:00.000000,1
2601,868146_2022-08-19_07:30:00.000000,https://spaceweather.astron.nl//SolarKSP/data/atdb_process/solar_bf_compressing/3804/868146/dynamic_spectra/LOFAR_20220819_073000_LBA_OUTER_S0.fits,2022-08-19,07:30:00.000000,868146_2022-08-19_07:30:00.000000,1
2628,868146_2022-08-19_07:45:00.000000,https://spaceweather.astron.nl//SolarKSP/data/atdb_process/solar_bf_compressing/3804/868146/dynamic_spectra/LOFAR_20220819_074500_LBA_OUTER_S0.fits,2022-08-19,07:45:00.000000,868146_2022-08-19_07:45:00.000000,6
2602,868146_2022-08-19_08:00:00.000000,https://spaceweather.astron.nl//SolarKSP/data/atdb_process/solar_bf_compressing/3804/868146/dynamic_spectra/LOFAR_20220819_080000_LBA_OUTER_S0.fits,2022-08-19,08:00:00.000000,868146_2022-08-19_08:00:00.000000,6
2636,868146_2022-08-19_08:15:00.000000,https://spaceweather.astron.nl//SolarKSP/data/atdb_process/solar_bf_compressing/3804/868146/dynamic_spectra/LOFAR_20220819_081500_LBA_OUTER_S0.fits,2022-08-19,08:15:00.000000,868146_2022-08-19_08:15:00.000000,6
2639,868146_2022-08-19_08:30:00.000000,https://spaceweather.astron.nl//SolarKSP/data/atdb_process/solar_bf_compressing/3804/868146/dynamic_spectra/LOFAR_20220819_083000_LBA_OUTER_S0.fits,2022-08-19,08:30:00.000000,868146_2022-08-19_08:30:00.000000,6
2617,868146_2022-08-19_08:45:00.000000,https://spaceweather.astron.nl//SolarKSP/data/atdb_process/solar_bf_compressing/3804/868146/dynamic_spectra/LOFAR_20220819_084500_LBA_OUTER_S0.fits,2022-08-19,08:45:00.000000,868146_2022-08-19_08:45:00.000000,6
2615,868146_2022-08-19_09:00:00.000000,https://spaceweather.astron.nl//SolarKSP/data/atdb_process/solar_bf_compressing/3804/868146/dynamic_spectra/LOFAR_20220819_090000_LBA_OUTER_S0.fits,2022-08-19,09:00:00.000000,868146_2022-08-19_09:00:00.000000,6
2646,868146_2022-08-19_09:15:00.000000,https://spaceweather.astron.nl//SolarKSP/data/atdb_process/solar_bf_compressing/3804/868146/dynamic_spectra/LOFAR_20220819_091500_LBA_OUTER_S0.fits,2022-08-19,09:15:00.000000,868146_2022-08-19_09:15:00.000000,6
2627,868146_2022-08-19_09:30:00.000000,https://spaceweather.astron.nl//SolarKSP/data/atdb_process/solar_bf_compressing/3804/868146/dynamic_spectra/LOFAR_20220819_093000_LBA_OUTER_S0.fits,2022-08-19,09:30:00.000000,868146_2022-08-19_09:30:00.000000,6
2604,868146_2022-08-19_09:45:00.000000,https://spaceweather.astron.nl//SolarKSP/data/atdb_process/solar_bf_compressing/3804/868146/dynamic_spectra/LOFAR_20220819_094500_LBA_OUTER_S0.fits,2022-08-19,09:45:00.000000,868146_2022-08-19_09:45:00.000000,6
2635,868146_2022-08-19_10:00:00.000000,https://spaceweather.astron.nl//SolarKSP/data/atdb_process/solar_bf_compressing/3804/868146/dynamic_spectra/LOFAR_20220819_100000_LBA_OUTER_S0.fits,2022-08-19,10:00:00.000000,868146_2022-08-19_10:00:00.000000,6
2603,868146_2022-08-19_10:15:00.000000,https://spaceweather.astron.nl//SolarKSP/data/atdb_process/solar_bf_compressing/3804/868146/dynamic_spectra/LOFAR_20220819_101500_LBA_OUTER_S0.fits,2022-08-19,10:15:00.000000,868146_2022-08-19_10:15:00.000000,6
2619,868146_2022-08-19_10:30:00.000000,https://spaceweather.astron.nl//SolarKSP/data/atdb_process/solar_bf_compressing/3804/868146/dynamic_spectra/LOFAR_20220819_103000_LBA_OUTER_S0.fits,2022-08-19,10:30:00.000000,868146_2022-08-19_10:30:00.000000,6
2649,868146_2022-08-19_10:45:00.000000,https://spaceweather.astron.nl//SolarKSP/data/atdb_process/solar_bf_compressing/3804/868146/dynamic_spectra/LOFAR_20220819_104500_LBA_OUTER_S0.fits,2022-08-19,10:45:00.000000,868146_2022-08-19_10:45:00.000000,6
2647,868146_2022-08-19_11:00:00.000000,https://spaceweather.astron.nl//SolarKSP/data/atdb_process/solar_bf_compressing/3804/868146/dynamic_spectra/LOFAR_20220819_110000_LBA_OUTER_S0.fits,2022-08-19,11:00:00.000000,868146_2022-08-19_11:00:00.000000,6
2614,868146_2022-08-19_11:15:00.000000,https://spaceweather.astron.nl//SolarKSP/data/atdb_process/solar_bf_compressing/3804/868146/dynamic_spectra/LOFAR_20220819_111500_LBA_OUTER_S0.fits,2022-08-19,11:15:00.000000,868146_2022-08-19_11:15:00.000000,6
2606,868146_2022-08-19_11:30:00.000000,https://spaceweather.astron.nl//SolarKSP/data/atdb_process/solar_bf_compressing/3804/868146/dynamic_spectra/LOFAR_20220819_113000_LBA_OUTER_S0.fits,2022-08-19,11:30:00.000000,868146_2022-08-19_11:30:00.000000,6
2638,868146_2022-08-19_11:45:00.000000,https://spaceweather.astron.nl//SolarKSP/data/atdb_process/solar_bf_compressing/3804/868146/dynamic_spectra/LOFAR_20220819_114500_LBA_OUTER_S0.fits,2022-08-19,11:45:00.000000,868146_2022-08-19_11:45:00.000000,6
2612,868146_2022-08-19_12:00:00.000000,https://spaceweather.astron.nl//SolarKSP/data/atdb_process/solar_bf_compressing/3804/868146/dynamic_spectra/LOFAR_20220819_120000_LBA_OUTER_S0.fits,2022-08-19,12:00:00.000000,868146_2022-08-19_12:00:00.000000,6
2631,868146_2022-08-19_12:15:00.000000,https://spaceweather.astron.nl//SolarKSP/data/atdb_process/solar_bf_compressing/3804/868146/dynamic_spectra/LOFAR_20220819_121500_LBA_OUTER_S0.fits,2022-08-19,12:15:00.000000,868146_2022-08-19_12:15:00.000000,6
2645,868146_2022-08-19_12:30:00.000000,https://spaceweather.astron.nl//SolarKSP/data/atdb_process/solar_bf_compressing/3804/868146/dynamic_spectra/LOFAR_20220819_123000_LBA_OUTER_S0.fits,2022-08-19,12:30:00.000000,868146_2022-08-19_12:30:00.000000,6
2623,868146_2022-08-19_12:45:00.000000,https://spaceweather.astron.nl//SolarKSP/data/atdb_process/solar_bf_compressing/3804/868146/dynamic_spectra/LOFAR_20220819_124500_LBA_OUTER_S0.fits,2022-08-19,12:45:00.000000,868146_2022-08-19_12:45:00.000000,6
2625,868146_2022-08-19_13:00:00.000000,https://spaceweather.astron.nl//SolarKSP/data/atdb_process/solar_bf_compressing/3804/868146/dynamic_spectra/LOFAR_20220819_130000_LBA_OUTER_S0.fits,2022-08-19,13:00:00.000000,868146_2022-08-19_13:00:00.000000,6
2643,868146_2022-08-19_13:15:00.000000,https://spaceweather.astron.nl//SolarKSP/data/atdb_process/solar_bf_compressing/3804/868146/dynamic_spectra/LOFAR_20220819_131500_LBA_OUTER_S0.fits,2022-08-19,13:15:00.000000,868146_2022-08-19_13:15:00.000000,6
2633,868146_2022-08-19_13:30:00.000000,https://spaceweather.astron.nl//SolarKSP/data/atdb_process/solar_bf_compressing/3804/868146/dynamic_spectra/LOFAR_20220819_133000_LBA_OUTER_S0.fits,2022-08-19,13:30:00.000000,868146_2022-08-19_13:30:00.000000,6
2610,868146_2022-08-19_13:45:00.000000,https://spaceweather.astron.nl//SolarKSP/data/atdb_process/solar_bf_compressing/3804/868146/dynamic_spectra/LOFAR_20220819_134500_LBA_OUTER_S0.fits,2022-08-19,13:45:00.000000,868146_2022-08-19_13:45:00.000000,6
2609,868146_2022-08-19_14:00:00.000000,https://spaceweather.astron.nl//SolarKSP/data/atdb_process/solar_bf_compressing/3804/868146/dynamic_spectra/LOFAR_20220819_140000_LBA_OUTER_S0.fits,2022-08-19,14:00:00.000000,868146_2022-08-19_14:00:00.000000,6
2630,868146_2022-08-19_14:15:00.000000,https://spaceweather.astron.nl//SolarKSP/data/atdb_process/solar_bf_compressing/3804/868146/dynamic_spectra/LOFAR_20220819_141500_LBA_OUTER_S0.fits,2022-08-19,14:15:00.000000,868146_2022-08-19_14:15:00.000000,6
2644,868146_2022-08-19_14:30:00.000000,https://spaceweather.astron.nl//SolarKSP/data/atdb_process/solar_bf_compressing/3804/868146/dynamic_spectra/LOFAR_20220819_143000_LBA_OUTER_S0.fits,2022-08-19,14:30:00.000000,868146_2022-08-19_14:30:00.000000,6
2626,868146_2022-08-19_14:45:00.000000,https://spaceweather.astron.nl//SolarKSP/data/atdb_process/solar_bf_compressing/3804/868146/dynamic_spectra/LOFAR_20220819_144500_LBA_OUTER_S0.fits,2022-08-19,14:45:00.000000,868146_2022-08-19_14:45:00.000000,6
2624,868146_2022-08-19_15:00:00.000000,https://spaceweather.astron.nl//SolarKSP/data/atdb_process/solar_bf_compressing/3804/868146/dynamic_spectra/LOFAR_20220819_150000_LBA_OUTER_S0.fits,2022-08-19,15:00:00.000000,868146_2022-08-19_15:00:00.000000,6
2642,868146_2022-08-19_15:15:00.000000,https://spaceweather.astron.nl//SolarKSP/data/atdb_process/solar_bf_compressing/3804/868146/dynamic_spectra/LOFAR_20220819_151500_LBA_OUTER_S0.fits,2022-08-19,15:15:00.000000,868146_2022-08-19_15:15:00.000000,6
2632,868146_2022-08-19_15:30:00.000000,https://spaceweather.astron.nl//SolarKSP/data/atdb_process/solar_bf_compressing/3804/868146/dynamic_spectra/LOFAR_20220819_153000_LBA_OUTER_S0.fits,2022-08-19,15:30:00.000000,868146_2022-08-19_15:30:00.000000,6
2611,868146_2022-08-19_15:45:00.000000,https://spaceweather.astron.nl//SolarKSP/data/atdb_process/solar_bf_compressing/3804/868146/dynamic_spectra/LOFAR_20220819_154500_LBA_OUTER_S0.fits,2022-08-19,15:45:00.000000,868146_2022-08-19_15:45:00.000000,6
2637,868146_2022-08-19_16:00:00.000000,https://spaceweather.astron.nl//SolarKSP/data/atdb_process/solar_bf_compressing/3804/868146/dynamic_spectra/LOFAR_20220819_160000_LBA_OUTER_S0.fits,2022-08-19,16:00:00.000000,868146_2022-08-19_16:00:00.000000,6
2605,868146_2022-08-19_16:15:00.000000,https://spaceweather.astron.nl//SolarKSP/data/atdb_process/solar_bf_compressing/3804/868146/dynamic_spectra/LOFAR_20220819_161500_LBA_OUTER_S0.fits,2022-08-19,16:15:00.000000,868146_2022-08-19_16:15:00.000000,6
2622,868146_2022-08-19_16:30:00.000000,https://spaceweather.astron.nl//SolarKSP/data/atdb_process/solar_bf_compressing/3804/868146/dynamic_spectra/LOFAR_20220819_163000_LBA_OUTER_S0.fits,2022-08-19,16:30:00.000000,868146_2022-08-19_16:30:00.000000,6
2648,868146_2022-08-19_16:45:00.000000,https://spaceweather.astron.nl//SolarKSP/data/atdb_process/solar_bf_compressing/3804/868146/dynamic_spectra/LOFAR_20220819_164500_LBA_OUTER_S0.fits,2022-08-19,16:45:00.000000,868146_2022-08-19_16:45:00.000000,6
2650,868146_2022-08-19_17:00:00.000000,https://spaceweather.astron.nl//SolarKSP/data/atdb_process/solar_bf_compressing/3804/868146/dynamic_spectra/LOFAR_20220819_170000_LBA_OUTER_S0.fits,2022-08-19,17:00:00.000000,868146_2022-08-19_17:00:00.000000,6
2616,868146_2022-08-19_17:15:00.000000,https://spaceweather.astron.nl//SolarKSP/data/atdb_process/solar_bf_compressing/3804/868146/dynamic_spectra/LOFAR_20220819_171500_LBA_OUTER_S0.fits,2022-08-19,17:15:00.000000,868146_2022-08-19_17:15:00.000000,6
2608,868146_2022-08-19_17:30:00.000000,https://spaceweather.astron.nl//SolarKSP/data/atdb_process/solar_bf_compressing/3804/868146/dynamic_spectra/LOFAR_20220819_173000_LBA_OUTER_S0.fits,2022-08-19,17:30:00.000000,868146_2022-08-19_17:30:00.000000,6
2634,868146_2022-08-19_17:45:00.000000,https://spaceweather.astron.nl//SolarKSP/data/atdb_process/solar_bf_compressing/3804/868146/dynamic_spectra/LOFAR_20220819_174500_LBA_OUTER_S0.fits,2022-08-19,17:45:00.000000,868146_2022-08-19_17:45:00.000000,6
2607,868146_2022-08-19_18:00:00.000000,https://spaceweather.astron.nl//SolarKSP/data/atdb_process/solar_bf_compressing/3804/868146/dynamic_spectra/LOFAR_20220819_180000_LBA_OUTER_S0.fits,2022-08-19,18:00:00.000000,868146_2022-08-19_18:00:00.000000,6
2629,868146_2022-08-19_18:15:00.000000,https://spaceweather.astron.nl//SolarKSP/data/atdb_process/solar_bf_compressing/3804/868146/dynamic_spectra/LOFAR_20220819_181500_LBA_OUTER_S0.fits,2022-08-19,18:15:00.000000,868146_2022-08-19_18:15:00.000000,6
2651,868146_2022-08-19_18:30:00.000000,https://spaceweather.astron.nl//SolarKSP/data/atdb_process/solar_bf_compressing/3804/868146/dynamic_spectra/LOFAR_20220819_183000_LBA_OUTER_S0.fits,2022-08-19,18:30:00.000000,868146_2022-08-19_18:30:00.000000,6
2620,868146_2022-08-19_18:45:00.000000,https://spaceweather.astron.nl//SolarKSP/data/atdb_process/solar_bf_compressing/3804/868146/dynamic_spectra/LOFAR_20220819_184500_LBA_OUTER_S0.fits,2022-08-19,18:45:00.000000,868146_2022-08-19_18:45:00.000000,6
2621,868146_2022-08-19_19:00:00.000000,https://spaceweather.astron.nl//SolarKSP/data/atdb_process/solar_bf_compressing/3804/868146/dynamic_spectra/LOFAR_20220819_190000_LBA_OUTER_S0.fits,2022-08-19,19:00:00.000000,868146_2022-08-19_19:00:00.000000,6
1877,870626_2022-09-08_06:26:00.000000,https://spaceweather.astron.nl//SolarKSP/data/atdb_process/solar_bf_compressing/3755/870626/dynamic_spectra/LOFAR_20220908_062600_LBA_OUTER_S0.fits,2022-09-08,06:26:00.000000,870626_2022-09-08_06:26:00.000000,3
1874,870626_2022-09-08_06:41:00.000000,https://spaceweather.astron.nl//SolarKSP/data/atdb_process/solar_bf_compressing/3755/870626/dynamic_spectra/LOFAR_20220908_064100_LBA_OUTER_S0.fits,2022-09-08,06:41:00.000000,870626_2022-09-08_06:41:00.000000,3
1885,870626_2022-09-08_06:56:00.000000,https://spaceweather.astron.nl//SolarKSP/data/atdb_process/solar_bf_compressing/3755/870626/dynamic_spectra/LOFAR_20220908_065600_LBA_OUTER_S0.fits,2022-09-08,06:56:00.000000,870626_2022-09-08_06:56:00.000000,6
1863,870626_2022-09-08_07:11:00.000000,https://spaceweather.astron.nl//SolarKSP/data/atdb_process/solar_bf_compressing/3755/870626/dynamic_spectra/LOFAR_20220908_071100_LBA_OUTER_S0.fits,2022-09-08,07:11:00.000000,870626_2022-09-08_07:11:00.000000,6
1886,870626_2022-09-08_07:26:00.000000,https://spaceweather.astron.nl//SolarKSP/data/atdb_process/solar_bf_compressing/3755/870626/dynamic_spectra/LOFAR_20220908_072600_LBA_OUTER_S0.fits,2022-09-08,07:26:00.000000,870626_2022-09-08_07:26:00.000000,6
1883,870626_2022-09-08_07:41:00.000000,https://spaceweather.astron.nl//SolarKSP/data/atdb_process/solar_bf_compressing/3755/870626/dynamic_spectra/LOFAR_20220908_074100_LBA_OUTER_S0.fits,2022-09-08,07:41:00.000000,870626_2022-09-08_07:41:00.000000,3
1876,870626_2022-09-08_07:56:00.000000,https://spaceweather.astron.nl//SolarKSP/data/atdb_process/solar_bf_compressing/3755/870626/dynamic_spectra/LOFAR_20220908_075600_LBA_OUTER_S0.fits,2022-09-08,07:56:00.000000,870626_2022-09-08_07:56:00.000000,6
1889,870626_2022-09-08_08:11:00.000000,https://spaceweather.astron.nl//SolarKSP/data/atdb_process/solar_bf_compressing/3755/870626/dynamic_spectra/LOFAR_20220908_081100_LBA_OUTER_S0.fits,2022-09-08,08:11:00.000000,870626_2022-09-08_08:11:00.000000,1
1862,870626_2022-09-08_08:26:00.000000,https://spaceweather.astron.nl//SolarKSP/data/atdb_process/solar_bf_compressing/3755/870626/dynamic_spectra/LOFAR_20220908_082600_LBA_OUTER_S0.fits,2022-09-08,08:26:00.000000,870626_2022-09-08_08:26:00.000000,1
1854,870626_2022-09-08_08:41:00.000000,https://spaceweather.astron.nl//SolarKSP/data/atdb_process/solar_bf_compressing/3755/870626/dynamic_spectra/LOFAR_20220908_084100_LBA_OUTER_S0.fits,2022-09-08,08:41:00.000000,870626_2022-09-08_08:41:00.000000,3
1865,870626_2022-09-08_08:56:00.000000,https://spaceweather.astron.nl//SolarKSP/data/atdb_process/solar_bf_compressing/3755/870626/dynamic_spectra/LOFAR_20220908_085600_LBA_OUTER_S0.fits,2022-09-08,08:56:00.000000,870626_2022-09-08_08:56:00.000000,6
1880,870626_2022-09-08_09:11:00.000000,https://spaceweather.astron.nl//SolarKSP/data/atdb_process/solar_bf_compressing/3755/870626/dynamic_spectra/LOFAR_20220908_091100_LBA_OUTER_S0.fits,2022-09-08,09:11:00.000000,870626_2022-09-08_09:11:00.000000,3
1871,870626_2022-09-08_09:26:00.000000,https://spaceweather.astron.nl//SolarKSP/data/atdb_process/solar_bf_compressing/3755/870626/dynamic_spectra/LOFAR_20220908_092600_LBA_OUTER_S0.fits,2022-09-08,09:26:00.000000,870626_2022-09-08_09:26:00.000000,6
1864,870626_2022-09-08_09:41:00.000000,https://spaceweather.astron.nl//SolarKSP/data/atdb_process/solar_bf_compressing/3755/870626/dynamic_spectra/LOFAR_20220908_094100_LBA_OUTER_S0.fits,2022-09-08,09:41:00.000000,870626_2022-09-08_09:41:00.000000,6
1855,870626_2022-09-08_09:56:00.000000,https://spaceweather.astron.nl//SolarKSP/data/atdb_process/solar_bf_compressing/3755/870626/dynamic_spectra/LOFAR_20220908_095600_LBA_OUTER_S0.fits,2022-09-08,09:56:00.000000,870626_2022-09-08_09:56:00.000000,3
1866,870626_2022-09-08_10:11:00.000000,https://spaceweather.astron.nl//SolarKSP/data/atdb_process/solar_bf_compressing/3755/870626/dynamic_spectra/LOFAR_20220908_101100_LBA_OUTER_S0.fits,2022-09-08,10:11:00.000000,870626_2022-09-08_10:11:00.000000,6
1875,870626_2022-09-08_10:26:00.000000,https://spaceweather.astron.nl//SolarKSP/data/atdb_process/solar_bf_compressing/3755/870626/dynamic_spectra/LOFAR_20220908_102600_LBA_OUTER_S0.fits,2022-09-08,10:26:00.000000,870626_2022-09-08_10:26:00.000000,6
1879,870626_2022-09-08_10:41:00.000000,https://spaceweather.astron.nl//SolarKSP/data/atdb_process/solar_bf_compressing/3755/870626/dynamic_spectra/LOFAR_20220908_104100_LBA_OUTER_S0.fits,2022-09-08,10:41:00.000000,870626_2022-09-08_10:41:00.000000,6
1887,870626_2022-09-08_10:56:00.000000,https://spaceweather.astron.nl//SolarKSP/data/atdb_process/solar_bf_compressing/3755/870626/dynamic_spectra/LOFAR_20220908_105600_LBA_OUTER_S0.fits,2022-09-08,10:56:00.000000,870626_2022-09-08_10:56:00.000000,6
1856,870626_2022-09-08_11:11:00.000000,https://spaceweather.astron.nl//SolarKSP/data/atdb_process/solar_bf_compressing/3755/870626/dynamic_spectra/LOFAR_20220908_111100_LBA_OUTER_S0.fits,2022-09-08,11:11:00.000000,870626_2022-09-08_11:11:00.000000,6
1884,870626_2022-09-08_11:26:00.000000,https://spaceweather.astron.nl//SolarKSP/data/atdb_process/solar_bf_compressing/3755/870626/dynamic_spectra/LOFAR_20220908_112600_LBA_OUTER_S0.fits,2022-09-08,11:26:00.000000,870626_2022-09-08_11:26:00.000000,6
1888,870626_2022-09-08_11:41:00.000000,https://spaceweather.astron.nl//SolarKSP/data/atdb_process/solar_bf_compressing/3755/870626/dynamic_spectra/LOFAR_20220908_114100_LBA_OUTER_S0.fits,2022-09-08,11:41:00.000000,870626_2022-09-08_11:41:00.000000,6
1878,870626_2022-09-08_11:56:00.000000,https://spaceweather.astron.nl//SolarKSP/data/atdb_process/solar_bf_compressing/3755/870626/dynamic_spectra/LOFAR_20220908_115600_LBA_OUTER_S0.fits,2022-09-08,11:56:00.000000,870626_2022-09-08_11:56:00.000000,6
1881,870626_2022-09-08_12:11:00.000000,https://spaceweather.astron.nl//SolarKSP/data/atdb_process/solar_bf_compressing/3755/870626/dynamic_spectra/LOFAR_20220908_121100_LBA_OUTER_S0.fits,2022-09-08,12:11:00.000000,870626_2022-09-08_12:11:00.000000,6
1858,870626_2022-09-08_12:26:00.000000,https://spaceweather.astron.nl//SolarKSP/data/atdb_process/solar_bf_compressing/3755/870626/dynamic_spectra/LOFAR_20220908_122600_LBA_OUTER_S0.fits,2022-09-08,12:26:00.000000,870626_2022-09-08_12:26:00.000000,3
1860,870626_2022-09-08_12:41:00.000000,https://spaceweather.astron.nl//SolarKSP/data/atdb_process/solar_bf_compressing/3755/870626/dynamic_spectra/LOFAR_20220908_124100_LBA_OUTER_S0.fits,2022-09-08,12:41:00.000000,870626_2022-09-08_12:41:00.000000,3
1870,870626_2022-09-08_12:56:00.000000,https://spaceweather.astron.nl//SolarKSP/data/atdb_process/solar_bf_compressing/3755/870626/dynamic_spectra/LOFAR_20220908_125600_LBA_OUTER_S0.fits,2022-09-08,12:56:00.000000,870626_2022-09-08_12:56:00.000000,6
1872,870626_2022-09-08_13:11:00.000000,https://spaceweather.astron.nl//SolarKSP/data/atdb_process/solar_bf_compressing/3755/870626/dynamic_spectra/LOFAR_20220908_131100_LBA_OUTER_S0.fits,2022-09-08,13:11:00.000000,870626_2022-09-08_13:11:00.000000,6
1867,870626_2022-09-08_13:26:00.000000,https://spaceweather.astron.nl//SolarKSP/data/atdb_process/solar_bf_compressing/3755/870626/dynamic_spectra/LOFAR_20220908_132600_LBA_OUTER_S0.fits,2022-09-08,13:26:00.000000,870626_2022-09-08_13:26:00.000000,3
1869,870626_2022-09-08_13:41:00.000000,https://spaceweather.astron.nl//SolarKSP/data/atdb_process/solar_bf_compressing/3755/870626/dynamic_spectra/LOFAR_20220908_134100_LBA_OUTER_S0.fits,2022-09-08,13:41:00.000000,870626_2022-09-08_13:41:00.000000,3
1861,870626_2022-09-08_13:56:00.000000,https://spaceweather.astron.nl//SolarKSP/data/atdb_process/solar_bf_compressing/3755/870626/dynamic_spectra/LOFAR_20220908_135600_LBA_OUTER_S0.fits,2022-09-08,13:56:00.000000,870626_2022-09-08_13:56:00.000000,3
1882,870626_2022-09-08_14:11:00.000000,https://spaceweather.astron.nl//SolarKSP/data/atdb_process/solar_bf_compressing/3755/870626/dynamic_spectra/LOFAR_20220908_141100_LBA_OUTER_S0.fits,2022-09-08,14:11:00.000000,870626_2022-09-08_14:11:00.000000,6
1857,870626_2022-09-08_14:26:00.000000,https://spaceweather.astron.nl//SolarKSP/data/atdb_process/solar_bf_compressing/3755/870626/dynamic_spectra/LOFAR_20220908_142600_LBA_OUTER_S0.fits,2022-09-08,14:26:00.000000,870626_2022-09-08_14:26:00.000000,6
1859,870626_2022-09-08_14:41:00.000000,https://spaceweather.astron.nl//SolarKSP/data/atdb_process/solar_bf_compressing/3755/870626/dynamic_spectra/LOFAR_20220908_144100_LBA_OUTER_S0.fits,2022-09-08,14:41:00.000000,870626_2022-09-08_14:41:00.000000,3
1868,870626_2022-09-08_14:56:00.000000,https://spaceweather.astron.nl//SolarKSP/data/atdb_process/solar_bf_compressing/3755/870626/dynamic_spectra/LOFAR_20220908_145600_LBA_OUTER_S0.fits,2022-09-08,14:56:00.000000,870626_2022-09-08_14:56:00.000000,3
1873,870626_2022-09-08_15:11:00.000000,https://spaceweather.astron.nl//SolarKSP/data/atdb_process/solar_bf_compressing/3755/870626/dynamic_spectra/LOFAR_20220908_151100_LBA_OUTER_S0.fits,2022-09-08,15:11:00.000000,870626_2022-09-08_15:11:00.000000,1
1923,871960_2022-09-12_06:26:00.000000,https://spaceweather.astron.nl//SolarKSP/data/atdb_process/solar_bf_compressing/3759/871960/dynamic_spectra/LOFAR_20220912_062600_LBA_OUTER_S0.fits,2022-09-12,06:26:00.000000,871960_2022-09-12_06:26:00.000000,3
1917,871960_2022-09-12_06:41:00.000000,https://spaceweather.astron.nl//SolarKSP/data/atdb_process/solar_bf_compressing/3759/871960/dynamic_spectra/LOFAR_20220912_064100_LBA_OUTER_S0.fits,2022-09-12,06:41:00.000000,871960_2022-09-12_06:41:00.000000,1
1909,871960_2022-09-12_06:56:00.000000,https://spaceweather.astron.nl//SolarKSP/data/atdb_process/solar_bf_compressing/3759/871960/dynamic_spectra/LOFAR_20220912_065600_LBA_OUTER_S0.fits,2022-09-12,06:56:00.000000,871960_2022-09-12_06:56:00.000000,1
1904,871960_2022-09-12_07:11:00.000000,https://spaceweather.astron.nl//SolarKSP/data/atdb_process/solar_bf_compressing/3759/871960/dynamic_spectra/LOFAR_20220912_071100_LBA_OUTER_S0.fits,2022-09-12,07:11:00.000000,871960_2022-09-12_07:11:00.000000,1
1914,871960_2022-09-12_07:26:00.000000,https://spaceweather.astron.nl//SolarKSP/data/atdb_process/solar_bf_compressing/3759/871960/dynamic_spectra/LOFAR_20220912_072600_LBA_OUTER_S0.fits,2022-09-12,07:26:00.000000,871960_2022-09-12_07:26:00.000000,2
1908,871960_2022-09-12_07:41:00.000000,https://spaceweather.astron.nl//SolarKSP/data/atdb_process/solar_bf_compressing/3759/871960/dynamic_spectra/LOFAR_20220912_074100_LBA_OUTER_S0.fits,2022-09-12,07:41:00.000000,871960_2022-09-12_07:41:00.000000,3
1918,871960_2022-09-12_07:56:00.000000,https://spaceweather.astron.nl//SolarKSP/data/atdb_process/solar_bf_compressing/3759/871960/dynamic_spectra/LOFAR_20220912_075600_LBA_OUTER_S0.fits,2022-09-12,07:56:00.000000,871960_2022-09-12_07:56:00.000000,3
1916,871960_2022-09-12_08:11:00.000000,https://spaceweather.astron.nl//SolarKSP/data/atdb_process/solar_bf_compressing/3759/871960/dynamic_spectra/LOFAR_20220912_081100_LBA_OUTER_S0.fits,2022-09-12,08:11:00.000000,871960_2022-09-12_08:11:00.000000,3
1903,871960_2022-09-12_08:26:00.000000,https://spaceweather.astron.nl//SolarKSP/data/atdb_process/solar_bf_compressing/3759/871960/dynamic_spectra/LOFAR_20220912_082600_LBA_OUTER_S0.fits,2022-09-12,08:26:00.000000,871960_2022-09-12_08:26:00.000000,3
1900,871960_2022-09-12_08:41:00.000000,https://spaceweather.astron.nl//SolarKSP/data/atdb_process/solar_bf_compressing/3759/871960/dynamic_spectra/LOFAR_20220912_084100_LBA_OUTER_S0.fits,2022-09-12,08:41:00.000000,871960_2022-09-12_08:41:00.000000,3
1892,871960_2022-09-12_08:56:00.000000,https://spaceweather.astron.nl//SolarKSP/data/atdb_process/solar_bf_compressing/3759/871960/dynamic_spectra/LOFAR_20220912_085600_LBA_OUTER_S0.fits,2022-09-12,08:56:00.000000,871960_2022-09-12_08:56:00.000000,3
1925,871960_2022-09-12_09:11:00.000000,https://spaceweather.astron.nl//SolarKSP/data/atdb_process/solar_bf_compressing/3759/871960/dynamic_spectra/LOFAR_20220912_091100_LBA_OUTER_S0.fits,2022-09-12,09:11:00.000000,871960_2022-09-12_09:11:00.000000,1
1894,871960_2022-09-12_09:26:00.000000,https://spaceweather.astron.nl//SolarKSP/data/atdb_process/solar_bf_compressing/3759/871960/dynamic_spectra/LOFAR_20220912_092600_LBA_OUTER_S0.fits,2022-09-12,09:26:00.000000,871960_2022-09-12_09:26:00.000000,1
1891,871960_2022-09-12_09:41:00.000000,https://spaceweather.astron.nl//SolarKSP/data/atdb_process/solar_bf_compressing/3759/871960/dynamic_spectra/LOFAR_20220912_094100_LBA_OUTER_S0.fits,2022-09-12,09:41:00.000000,871960_2022-09-12_09:41:00.000000,3
1901,871960_2022-09-12_09:56:00.000000,https://spaceweather.astron.nl//SolarKSP/data/atdb_process/solar_bf_compressing/3759/871960/dynamic_spectra/LOFAR_20220912_095600_LBA_OUTER_S0.fits,2022-09-12,09:56:00.000000,871960_2022-09-12_09:56:00.000000,1
1893,871960_2022-09-12_10:11:00.000000,https://spaceweather.astron.nl//SolarKSP/data/atdb_process/solar_bf_compressing/3759/871960/dynamic_spectra/LOFAR_20220912_101100_LBA_OUTER_S0.fits,2022-09-12,10:11:00.000000,871960_2022-09-12_10:11:00.000000,3
1919,871960_2022-09-12_10:26:00.000000,https://spaceweather.astron.nl//SolarKSP/data/atdb_process/solar_bf_compressing/3759/871960/dynamic_spectra/LOFAR_20220912_102600_LBA_OUTER_S0.fits,2022-09-12,10:26:00.000000,871960_2022-09-12_10:26:00.000000,1
1924,871960_2022-09-12_10:41:00.000000,https://spaceweather.astron.nl//SolarKSP/data/atdb_process/solar_bf_compressing/3759/871960/dynamic_spectra/LOFAR_20220912_104100_LBA_OUTER_S0.fits,2022-09-12,10:41:00.000000,871960_2022-09-12_10:41:00.000000,1
1913,871960_2022-09-12_10:56:00.000000,https://spaceweather.astron.nl//SolarKSP/data/atdb_process/solar_bf_compressing/3759/871960/dynamic_spectra/LOFAR_20220912_105600_LBA_OUTER_S0.fits,2022-09-12,10:56:00.000000,871960_2022-09-12_10:56:00.000000,1
1902,871960_2022-09-12_11:11:00.000000,https://spaceweather.astron.nl//SolarKSP/data/atdb_process/solar_bf_compressing/3759/871960/dynamic_spectra/LOFAR_20220912_111100_LBA_OUTER_S0.fits,2022-09-12,11:11:00.000000,871960_2022-09-12_11:11:00.000000,1
1910,871960_2022-09-12_11:26:00.000000,https://spaceweather.astron.nl//SolarKSP/data/atdb_process/solar_bf_compressing/3759/871960/dynamic_spectra/LOFAR_20220912_112600_LBA_OUTER_S0.fits,2022-09-12,11:26:00.000000,871960_2022-09-12_11:26:00.000000,1
1915,871960_2022-09-12_11:41:00.000000,https://spaceweather.astron.nl//SolarKSP/data/atdb_process/solar_bf_compressing/3759/871960/dynamic_spectra/LOFAR_20220912_114100_LBA_OUTER_S0.fits,2022-09-12,11:41:00.000000,871960_2022-09-12_11:41:00.000000,1
1922,871960_2022-09-12_11:56:00.000000,https://spaceweather.astron.nl//SolarKSP/data/atdb_process/solar_bf_compressing/3759/871960/dynamic_spectra/LOFAR_20220912_115600_LBA_OUTER_S0.fits,2022-09-12,11:56:00.000000,871960_2022-09-12_11:56:00.000000,3
1911,871960_2022-09-12_12:11:00.000000,https://spaceweather.astron.nl//SolarKSP/data/atdb_process/solar_bf_compressing/3759/871960/dynamic_spectra/LOFAR_20220912_121100_LBA_OUTER_S0.fits,2022-09-12,12:11:00.000000,871960_2022-09-12_12:11:00.000000,3
1899,871960_2022-09-12_12:26:00.000000,https://spaceweather.astron.nl//SolarKSP/data/atdb_process/solar_bf_compressing/3759/871960/dynamic_spectra/LOFAR_20220912_122600_LBA_OUTER_S0.fits,2022-09-12,12:26:00.000000,871960_2022-09-12_12:26:00.000000,3
1906,871960_2022-09-12_12:41:00.000000,https://spaceweather.astron.nl//SolarKSP/data/atdb_process/solar_bf_compressing/3759/871960/dynamic_spectra/LOFAR_20220912_124100_LBA_OUTER_S0.fits,2022-09-12,12:41:00.000000,871960_2022-09-12_12:41:00.000000,1
1897,871960_2022-09-12_12:56:00.000000,https://spaceweather.astron.nl//SolarKSP/data/atdb_process/solar_bf_compressing/3759/871960/dynamic_spectra/LOFAR_20220912_125600_LBA_OUTER_S0.fits,2022-09-12,12:56:00.000000,871960_2022-09-12_12:56:00.000000,1
1920,871960_2022-09-12_13:11:00.000000,https://spaceweather.astron.nl//SolarKSP/data/atdb_process/solar_bf_compressing/3759/871960/dynamic_spectra/LOFAR_20220912_131100_LBA_OUTER_S0.fits,2022-09-12,13:11:00.000000,871960_2022-09-12_13:11:00.000000,6
1890,871960_2022-09-12_13:26:00.000000,https://spaceweather.astron.nl//SolarKSP/data/atdb_process/solar_bf_compressing/3759/871960/dynamic_spectra/LOFAR_20220912_132600_LBA_OUTER_S0.fits,2022-09-12,13:26:00.000000,871960_2022-09-12_13:26:00.000000,3
1896,871960_2022-09-12_13:41:00.000000,https://spaceweather.astron.nl//SolarKSP/data/atdb_process/solar_bf_compressing/3759/871960/dynamic_spectra/LOFAR_20220912_134100_LBA_OUTER_S0.fits,2022-09-12,13:41:00.000000,871960_2022-09-12_13:41:00.000000,1
1907,871960_2022-09-12_13:56:00.000000,https://spaceweather.astron.nl//SolarKSP/data/atdb_process/solar_bf_compressing/3759/871960/dynamic_spectra/LOFAR_20220912_135600_LBA_OUTER_S0.fits,2022-09-12,13:56:00.000000,871960_2022-09-12_13:56:00.000000,3
1912,871960_2022-09-12_14:11:00.000000,https://spaceweather.astron.nl//SolarKSP/data/atdb_process/solar_bf_compressing/3759/871960/dynamic_spectra/LOFAR_20220912_141100_LBA_OUTER_S0.fits,2022-09-12,14:11:00.000000,871960_2022-09-12_14:11:00.000000,3
1898,871960_2022-09-12_14:26:00.000000,https://spaceweather.astron.nl//SolarKSP/data/atdb_process/solar_bf_compressing/3759/871960/dynamic_spectra/LOFAR_20220912_142600_LBA_OUTER_S0.fits,2022-09-12,14:26:00.000000,871960_2022-09-12_14:26:00.000000,1
1905,871960_2022-09-12_14:41:00.000000,https://spaceweather.astron.nl//SolarKSP/data/atdb_process/solar_bf_compressing/3759/871960/dynamic_spectra/LOFAR_20220912_144100_LBA_OUTER_S0.fits,2022-09-12,14:41:00.000000,871960_2022-09-12_14:41:00.000000,1
1895,871960_2022-09-12_14:56:00.000000,https://spaceweather.astron.nl//SolarKSP/data/atdb_process/solar_bf_compressing/3759/871960/dynamic_spectra/LOFAR_20220912_145600_LBA_OUTER_S0.fits,2022-09-12,14:56:00.000000,871960_2022-09-12_14:56:00.000000,1
1921,871960_2022-09-12_15:11:00.000000,https://spaceweather.astron.nl//SolarKSP/data/atdb_process/solar_bf_compressing/3759/871960/dynamic_spectra/LOFAR_20220912_151100_LBA_OUTER_S0.fits,2022-09-12,15:11:00.000000,871960_2022-09-12_15:11:00.000000,1
2423,871996_2022-09-21_06:30:00.000000,https://spaceweather.astron.nl//SolarKSP/data/atdb_process/solar_bf_compressing/3806/871996/dynamic_spectra/LOFAR_20220921_063000_LBA_OUTER_S0.fits,2022-09-21,06:30:00.000000,871996_2022-09-21_06:30:00.000000,1
2402,871996_2022-09-21_06:45:00.000000,https://spaceweather.astron.nl//SolarKSP/data/atdb_process/solar_bf_compressing/3806/871996/dynamic_spectra/LOFAR_20220921_064500_LBA_OUTER_S0.fits,2022-09-21,06:45:00.000000,871996_2022-09-21_06:45:00.000000,1
2403,871996_2022-09-21_07:00:00.000000,https://spaceweather.astron.nl//SolarKSP/data/atdb_process/solar_bf_compressing/3806/871996/dynamic_spectra/LOFAR_20220921_070000_LBA_OUTER_S0.fits,2022-09-21,07:00:00.000000,871996_2022-09-21_07:00:00.000000,1
2415,871996_2022-09-21_07:15:00.000000,https://spaceweather.astron.nl//SolarKSP/data/atdb_process/solar_bf_compressing/3806/871996/dynamic_spectra/LOFAR_20220921_071500_LBA_OUTER_S0.fits,2022-09-21,07:15:00.000000,871996_2022-09-21_07:15:00.000000,1
2413,871996_2022-09-21_07:30:00.000000,https://spaceweather.astron.nl//SolarKSP/data/atdb_process/solar_bf_compressing/3806/871996/dynamic_spectra/LOFAR_20220921_073000_LBA_OUTER_S0.fits,2022-09-21,07:30:00.000000,871996_2022-09-21_07:30:00.000000,1
2393,871996_2022-09-21_07:45:00.000000,https://spaceweather.astron.nl//SolarKSP/data/atdb_process/solar_bf_compressing/3806/871996/dynamic_spectra/LOFAR_20220921_074500_LBA_OUTER_S0.fits,2022-09-21,07:45:00.000000,871996_2022-09-21_07:45:00.000000,1
2412,871996_2022-09-21_08:00:00.000000,https://spaceweather.astron.nl//SolarKSP/data/atdb_process/solar_bf_compressing/3806/871996/dynamic_spectra/LOFAR_20220921_080000_LBA_OUTER_S0.fits,2022-09-21,08:00:00.000000,871996_2022-09-21_08:00:00.000000,1
2391,871996_2022-09-21_08:15:00.000000,https://spaceweather.astron.nl//SolarKSP/data/atdb_process/solar_bf_compressing/3806/871996/dynamic_spectra/LOFAR_20220921_081500_LBA_OUTER_S0.fits,2022-09-21,08:15:00.000000,871996_2022-09-21_08:15:00.000000,3
2404,871996_2022-09-21_08:30:00.000000,https://spaceweather.astron.nl//SolarKSP/data/atdb_process/solar_bf_compressing/3806/871996/dynamic_spectra/LOFAR_20220921_083000_LBA_OUTER_S0.fits,2022-09-21,08:30:00.000000,871996_2022-09-21_08:30:00.000000,3
2420,871996_2022-09-21_08:45:00.000000,https://spaceweather.astron.nl//SolarKSP/data/atdb_process/solar_bf_compressing/3806/871996/dynamic_spectra/LOFAR_20220921_084500_LBA_OUTER_S0.fits,2022-09-21,08:45:00.000000,871996_2022-09-21_08:45:00.000000,1
2421,871996_2022-09-21_09:00:00.000000,https://spaceweather.astron.nl//SolarKSP/data/atdb_process/solar_bf_compressing/3806/871996/dynamic_spectra/LOFAR_20220921_090000_LBA_OUTER_S0.fits,2022-09-21,09:00:00.000000,871996_2022-09-21_09:00:00.000000,3
2401,871996_2022-09-21_09:15:00.000000,https://spaceweather.astron.nl//SolarKSP/data/atdb_process/solar_bf_compressing/3806/871996/dynamic_spectra/LOFAR_20220921_091500_LBA_OUTER_S0.fits,2022-09-21,09:15:00.000000,871996_2022-09-21_09:15:00.000000,1
2394,871996_2022-09-21_09:30:00.000000,https://spaceweather.astron.nl//SolarKSP/data/atdb_process/solar_bf_compressing/3806/871996/dynamic_spectra/LOFAR_20220921_093000_LBA_OUTER_S0.fits,2022-09-21,09:30:00.000000,871996_2022-09-21_09:30:00.000000,1
2410,871996_2022-09-21_09:45:00.000000,https://spaceweather.astron.nl//SolarKSP/data/atdb_process/solar_bf_compressing/3806/871996/dynamic_spectra/LOFAR_20220921_094500_LBA_OUTER_S0.fits,2022-09-21,09:45:00.000000,871996_2022-09-21_09:45:00.000000,1
2392,871996_2022-09-21_10:00:00.000000,https://spaceweather.astron.nl//SolarKSP/data/atdb_process/solar_bf_compressing/3806/871996/dynamic_spectra/LOFAR_20220921_100000_LBA_OUTER_S0.fits,2022-09-21,10:00:00.000000,871996_2022-09-21_10:00:00.000000,3
2411,871996_2022-09-21_10:15:00.000000,https://spaceweather.astron.nl//SolarKSP/data/atdb_process/solar_bf_compressing/3806/871996/dynamic_spectra/LOFAR_20220921_101500_LBA_OUTER_S0.fits,2022-09-21,10:15:00.000000,871996_2022-09-21_10:15:00.000000,1
2414,871996_2022-09-21_10:30:00.000000,https://spaceweather.astron.nl//SolarKSP/data/atdb_process/solar_bf_compressing/3806/871996/dynamic_spectra/LOFAR_20220921_103000_LBA_OUTER_S0.fits,2022-09-21,10:30:00.000000,871996_2022-09-21_10:30:00.000000,1
2399,871996_2022-09-21_10:45:00.000000,https://spaceweather.astron.nl//SolarKSP/data/atdb_process/solar_bf_compressing/3806/871996/dynamic_spectra/LOFAR_20220921_104500_LBA_OUTER_S0.fits,2022-09-21,10:45:00.000000,871996_2022-09-21_10:45:00.000000,1
2400,871996_2022-09-21_11:00:00.000000,https://spaceweather.astron.nl//SolarKSP/data/atdb_process/solar_bf_compressing/3806/871996/dynamic_spectra/LOFAR_20220921_110000_LBA_OUTER_S0.fits,2022-09-21,11:00:00.000000,871996_2022-09-21_11:00:00.000000,1
2422,871996_2022-09-21_11:15:00.000000,https://spaceweather.astron.nl//SolarKSP/data/atdb_process/solar_bf_compressing/3806/871996/dynamic_spectra/LOFAR_20220921_111500_LBA_OUTER_S0.fits,2022-09-21,11:15:00.000000,871996_2022-09-21_11:15:00.000000,1
2406,871996_2022-09-21_11:30:00.000000,https://spaceweather.astron.nl//SolarKSP/data/atdb_process/solar_bf_compressing/3806/871996/dynamic_spectra/LOFAR_20220921_113000_LBA_OUTER_S0.fits,2022-09-21,11:30:00.000000,871996_2022-09-21_11:30:00.000000,1
2390,871996_2022-09-21_11:45:00.000000,https://spaceweather.astron.nl//SolarKSP/data/atdb_process/solar_bf_compressing/3806/871996/dynamic_spectra/LOFAR_20220921_114500_LBA_OUTER_S0.fits,2022-09-21,11:45:00.000000,871996_2022-09-21_11:45:00.000000,3
2407,871996_2022-09-21_12:00:00.000000,https://spaceweather.astron.nl//SolarKSP/data/atdb_process/solar_bf_compressing/3806/871996/dynamic_spectra/LOFAR_20220921_120000_LBA_OUTER_S0.fits,2022-09-21,12:00:00.000000,871996_2022-09-21_12:00:00.000000,6
2395,871996_2022-09-21_12:15:00.000000,https://spaceweather.astron.nl//SolarKSP/data/atdb_process/solar_bf_compressing/3806/871996/dynamic_spectra/LOFAR_20220921_121500_LBA_OUTER_S0.fits,2022-09-21,12:15:00.000000,871996_2022-09-21_12:15:00.000000,3
2397,871996_2022-09-21_12:30:00.000000,https://spaceweather.astron.nl//SolarKSP/data/atdb_process/solar_bf_compressing/3806/871996/dynamic_spectra/LOFAR_20220921_123000_LBA_OUTER_S0.fits,2022-09-21,12:30:00.000000,871996_2022-09-21_12:30:00.000000,1
2418,871996_2022-09-21_12:45:00.000000,https://spaceweather.astron.nl//SolarKSP/data/atdb_process/solar_bf_compressing/3806/871996/dynamic_spectra/LOFAR_20220921_124500_LBA_OUTER_S0.fits,2022-09-21,12:45:00.000000,871996_2022-09-21_12:45:00.000000,3
2416,871996_2022-09-21_13:00:00.000000,https://spaceweather.astron.nl//SolarKSP/data/atdb_process/solar_bf_compressing/3806/871996/dynamic_spectra/LOFAR_20220921_130000_LBA_OUTER_S0.fits,2022-09-21,13:00:00.000000,871996_2022-09-21_13:00:00.000000,3
2405,871996_2022-09-21_13:15:00.000000,https://spaceweather.astron.nl//SolarKSP/data/atdb_process/solar_bf_compressing/3806/871996/dynamic_spectra/LOFAR_20220921_131500_LBA_OUTER_S0.fits,2022-09-21,13:15:00.000000,871996_2022-09-21_13:15:00.000000,1
2389,871996_2022-09-21_13:30:00.000000,https://spaceweather.astron.nl//SolarKSP/data/atdb_process/solar_bf_compressing/3806/871996/dynamic_spectra/LOFAR_20220921_133000_LBA_OUTER_S0.fits,2022-09-21,13:30:00.000000,871996_2022-09-21_13:30:00.000000,3
2409,871996_2022-09-21_13:45:00.000000,https://spaceweather.astron.nl//SolarKSP/data/atdb_process/solar_bf_compressing/3806/871996/dynamic_spectra/LOFAR_20220921_134500_LBA_OUTER_S0.fits,2022-09-21,13:45:00.000000,871996_2022-09-21_13:45:00.000000,1
2408,871996_2022-09-21_14:00:00.000000,https://spaceweather.astron.nl//SolarKSP/data/atdb_process/solar_bf_compressing/3806/871996/dynamic_spectra/LOFAR_20220921_140000_LBA_OUTER_S0.fits,2022-09-21,14:00:00.000000,871996_2022-09-21_14:00:00.000000,3
2396,871996_2022-09-21_14:15:00.000000,https://spaceweather.astron.nl//SolarKSP/data/atdb_process/solar_bf_compressing/3806/871996/dynamic_spectra/LOFAR_20220921_141500_LBA_OUTER_S0.fits,2022-09-21,14:15:00.000000,871996_2022-09-21_14:15:00.000000,1
2398,871996_2022-09-21_14:30:00.000000,https://spaceweather.astron.nl//SolarKSP/data/atdb_process/solar_bf_compressing/3806/871996/dynamic_spectra/LOFAR_20220921_143000_LBA_OUTER_S0.fits,2022-09-21,14:30:00.000000,871996_2022-09-21_14:30:00.000000,1
2417,871996_2022-09-21_14:45:00.000000,https://spaceweather.astron.nl//SolarKSP/data/atdb_process/solar_bf_compressing/3806/871996/dynamic_spectra/LOFAR_20220921_144500_LBA_OUTER_S0.fits,2022-09-21,14:45:00.000000,871996_2022-09-21_14:45:00.000000,1
2419,871996_2022-09-21_15:00:00.000000,https://spaceweather.astron.nl//SolarKSP/data/atdb_process/solar_bf_compressing/3806/871996/dynamic_spectra/LOFAR_20220921_150000_LBA_OUTER_S0.fits,2022-09-21,15:00:00.000000,871996_2022-09-21_15:00:00.000000,1
2425,873260_2022-09-30_06:26:00.000000,https://spaceweather.astron.nl//SolarKSP/data/atdb_process/solar_bf_compressing/3808/873260/dynamic_spectra/LOFAR_20220930_062600_LBA_OUTER_S0.fits,2022-09-30,06:26:00.000000,873260_2022-09-30_06:26:00.000000,3
2430,873260_2022-09-30_06:41:00.000000,https://spaceweather.astron.nl//SolarKSP/data/atdb_process/solar_bf_compressing/3808/873260/dynamic_spectra/LOFAR_20220930_064100_LBA_OUTER_S0.fits,2022-09-30,06:41:00.000000,873260_2022-09-30_06:41:00.000000,1
2440,873260_2022-09-30_06:56:00.000000,https://spaceweather.astron.nl//SolarKSP/data/atdb_process/solar_bf_compressing/3808/873260/dynamic_spectra/LOFAR_20220930_065600_LBA_OUTER_S0.fits,2022-09-30,06:56:00.000000,873260_2022-09-30_06:56:00.000000,1
2446,873260_2022-09-30_07:11:00.000000,https://spaceweather.astron.nl//SolarKSP/data/atdb_process/solar_bf_compressing/3808/873260/dynamic_spectra/LOFAR_20220930_071100_LBA_OUTER_S0.fits,2022-09-30,07:11:00.000000,873260_2022-09-30_07:11:00.000000,3
2434,873260_2022-09-30_07:26:00.000000,https://spaceweather.astron.nl//SolarKSP/data/atdb_process/solar_bf_compressing/3808/873260/dynamic_spectra/LOFAR_20220930_072600_LBA_OUTER_S0.fits,2022-09-30,07:26:00.000000,873260_2022-09-30_07:26:00.000000,1
2439,873260_2022-09-30_07:41:00.000000,https://spaceweather.astron.nl//SolarKSP/data/atdb_process/solar_bf_compressing/3808/873260/dynamic_spectra/LOFAR_20220930_074100_LBA_OUTER_S0.fits,2022-09-30,07:41:00.000000,873260_2022-09-30_07:41:00.000000,1
2431,873260_2022-09-30_07:56:00.000000,https://spaceweather.astron.nl//SolarKSP/data/atdb_process/solar_bf_compressing/3808/873260/dynamic_spectra/LOFAR_20220930_075600_LBA_OUTER_S0.fits,2022-09-30,07:56:00.000000,873260_2022-09-30_07:56:00.000000,1
2436,873260_2022-09-30_08:11:00.000000,https://spaceweather.astron.nl//SolarKSP/data/atdb_process/solar_bf_compressing/3808/873260/dynamic_spectra/LOFAR_20220930_081100_LBA_OUTER_S0.fits,2022-09-30,08:11:00.000000,873260_2022-09-30_08:11:00.000000,1
2445,873260_2022-09-30_08:26:00.000000,https://spaceweather.astron.nl//SolarKSP/data/atdb_process/solar_bf_compressing/3808/873260/dynamic_spectra/LOFAR_20220930_082600_LBA_OUTER_S0.fits,2022-09-30,08:26:00.000000,873260_2022-09-30_08:26:00.000000,1
2447,873260_2022-09-30_08:41:00.000000,https://spaceweather.astron.nl//SolarKSP/data/atdb_process/solar_bf_compressing/3808/873260/dynamic_spectra/LOFAR_20220930_084100_LBA_OUTER_S0.fits,2022-09-30,08:41:00.000000,873260_2022-09-30_08:41:00.000000,1
2457,873260_2022-09-30_08:56:00.000000,https://spaceweather.astron.nl//SolarKSP/data/atdb_process/solar_bf_compressing/3808/873260/dynamic_spectra/LOFAR_20220930_085600_LBA_OUTER_S0.fits,2022-09-30,08:56:00.000000,873260_2022-09-30_08:56:00.000000,1
2427,873260_2022-09-30_09:11:00.000000,https://spaceweather.astron.nl//SolarKSP/data/atdb_process/solar_bf_compressing/3808/873260/dynamic_spectra/LOFAR_20220930_091100_LBA_OUTER_S0.fits,2022-09-30,09:11:00.000000,873260_2022-09-30_09:11:00.000000,3
2455,873260_2022-09-30_09:26:00.000000,https://spaceweather.astron.nl//SolarKSP/data/atdb_process/solar_bf_compressing/3808/873260/dynamic_spectra/LOFAR_20220930_092600_LBA_OUTER_S0.fits,2022-09-30,09:26:00.000000,873260_2022-09-30_09:26:00.000000,3
2456,873260_2022-09-30_09:41:00.000000,https://spaceweather.astron.nl//SolarKSP/data/atdb_process/solar_bf_compressing/3808/873260/dynamic_spectra/LOFAR_20220930_094100_LBA_OUTER_S0.fits,2022-09-30,09:41:00.000000,873260_2022-09-30_09:41:00.000000,3
2448,873260_2022-09-30_09:56:00.000000,https://spaceweather.astron.nl//SolarKSP/data/atdb_process/solar_bf_compressing/3808/873260/dynamic_spectra/LOFAR_20220930_095600_LBA_OUTER_S0.fits,2022-09-30,09:56:00.000000,873260_2022-09-30_09:56:00.000000,3
2458,873260_2022-09-30_10:11:00.000000,https://spaceweather.astron.nl//SolarKSP/data/atdb_process/solar_bf_compressing/3808/873260/dynamic_spectra/LOFAR_20220930_101100_LBA_OUTER_S0.fits,2022-09-30,10:11:00.000000,873260_2022-09-30_10:11:00.000000,1
2432,873260_2022-09-30_10:26:00.000000,https://spaceweather.astron.nl//SolarKSP/data/atdb_process/solar_bf_compressing/3808/873260/dynamic_spectra/LOFAR_20220930_102600_LBA_OUTER_S0.fits,2022-09-30,10:26:00.000000,873260_2022-09-30_10:26:00.000000,1
2426,873260_2022-09-30_10:41:00.000000,https://spaceweather.astron.nl//SolarKSP/data/atdb_process/solar_bf_compressing/3808/873260/dynamic_spectra/LOFAR_20220930_104100_LBA_OUTER_S0.fits,2022-09-30,10:41:00.000000,873260_2022-09-30_10:41:00.000000,3
2433,873260_2022-09-30_10:56:00.000000,https://spaceweather.astron.nl//SolarKSP/data/atdb_process/solar_bf_compressing/3808/873260/dynamic_spectra/LOFAR_20220930_105600_LBA_OUTER_S0.fits,2022-09-30,10:56:00.000000,873260_2022-09-30_10:56:00.000000,1
2449,873260_2022-09-30_11:11:00.000000,https://spaceweather.astron.nl//SolarKSP/data/atdb_process/solar_bf_compressing/3808/873260/dynamic_spectra/LOFAR_20220930_111100_LBA_OUTER_S0.fits,2022-09-30,11:11:00.000000,873260_2022-09-30_11:11:00.000000,3
2441,873260_2022-09-30_11:26:00.000000,https://spaceweather.astron.nl//SolarKSP/data/atdb_process/solar_bf_compressing/3808/873260/dynamic_spectra/LOFAR_20220930_112600_LBA_OUTER_S0.fits,2022-09-30,11:26:00.000000,873260_2022-09-30_11:26:00.000000,3
2435,873260_2022-09-30_11:41:00.000000,https://spaceweather.astron.nl//SolarKSP/data/atdb_process/solar_bf_compressing/3808/873260/dynamic_spectra/LOFAR_20220930_114100_LBA_OUTER_S0.fits,2022-09-30,11:41:00.000000,873260_2022-09-30_11:41:00.000000,3
2424,873260_2022-09-30_11:56:00.000000,https://spaceweather.astron.nl//SolarKSP/data/atdb_process/solar_bf_compressing/3808/873260/dynamic_spectra/LOFAR_20220930_115600_LBA_OUTER_S0.fits,2022-09-30,11:56:00.000000,873260_2022-09-30_11:56:00.000000,3
2437,873260_2022-09-30_12:11:00.000000,https://spaceweather.astron.nl//SolarKSP/data/atdb_process/solar_bf_compressing/3808/873260/dynamic_spectra/LOFAR_20220930_121100_LBA_OUTER_S0.fits,2022-09-30,12:11:00.000000,873260_2022-09-30_12:11:00.000000,3
2451,873260_2022-09-30_12:26:00.000000,https://spaceweather.astron.nl//SolarKSP/data/atdb_process/solar_bf_compressing/3808/873260/dynamic_spectra/LOFAR_20220930_122600_LBA_OUTER_S0.fits,2022-09-30,12:26:00.000000,873260_2022-09-30_12:26:00.000000,1
2443,873260_2022-09-30_12:41:00.000000,https://spaceweather.astron.nl//SolarKSP/data/atdb_process/solar_bf_compressing/3808/873260/dynamic_spectra/LOFAR_20220930_124100_LBA_OUTER_S0.fits,2022-09-30,12:41:00.000000,873260_2022-09-30_12:41:00.000000,1
2454,873260_2022-09-30_12:56:00.000000,https://spaceweather.astron.nl//SolarKSP/data/atdb_process/solar_bf_compressing/3808/873260/dynamic_spectra/LOFAR_20220930_125600_LBA_OUTER_S0.fits,2022-09-30,12:56:00.000000,873260_2022-09-30_12:56:00.000000,3
2428,873260_2022-09-30_13:11:00.000000,https://spaceweather.astron.nl//SolarKSP/data/atdb_process/solar_bf_compressing/3808/873260/dynamic_spectra/LOFAR_20220930_131100_LBA_OUTER_S0.fits,2022-09-30,13:11:00.000000,873260_2022-09-30_13:11:00.000000,3
2459,873260_2022-09-30_13:26:00.000000,https://spaceweather.astron.nl//SolarKSP/data/atdb_process/solar_bf_compressing/3808/873260/dynamic_spectra/LOFAR_20220930_132600_LBA_OUTER_S0.fits,2022-09-30,13:26:00.000000,873260_2022-09-30_13:26:00.000000,1
2453,873260_2022-09-30_13:41:00.000000,https://spaceweather.astron.nl//SolarKSP/data/atdb_process/solar_bf_compressing/3808/873260/dynamic_spectra/LOFAR_20220930_134100_LBA_OUTER_S0.fits,2022-09-30,13:41:00.000000,873260_2022-09-30_13:41:00.000000,1
2444,873260_2022-09-30_13:56:00.000000,https://spaceweather.astron.nl//SolarKSP/data/atdb_process/solar_bf_compressing/3808/873260/dynamic_spectra/LOFAR_20220930_135600_LBA_OUTER_S0.fits,2022-09-30,13:56:00.000000,873260_2022-09-30_13:56:00.000000,3
2438,873260_2022-09-30_14:11:00.000000,https://spaceweather.astron.nl//SolarKSP/data/atdb_process/solar_bf_compressing/3808/873260/dynamic_spectra/LOFAR_20220930_141100_LBA_OUTER_S0.fits,2022-09-30,14:11:00.000000,873260_2022-09-30_14:11:00.000000,3
2450,873260_2022-09-30_14:26:00.000000,https://spaceweather.astron.nl//SolarKSP/data/atdb_process/solar_bf_compressing/3808/873260/dynamic_spectra/LOFAR_20220930_142600_LBA_OUTER_S0.fits,2022-09-30,14:26:00.000000,873260_2022-09-30_14:26:00.000000,6
2442,873260_2022-09-30_14:41:00.000000,https://spaceweather.astron.nl//SolarKSP/data/atdb_process/solar_bf_compressing/3808/873260/dynamic_spectra/LOFAR_20220930_144100_LBA_OUTER_S0.fits,2022-09-30,14:41:00.000000,873260_2022-09-30_14:41:00.000000,3
2452,873260_2022-09-30_14:56:00.000000,https://spaceweather.astron.nl//SolarKSP/data/atdb_process/solar_bf_compressing/3808/873260/dynamic_spectra/LOFAR_20220930_145600_LBA_OUTER_S0.fits,2022-09-30,14:56:00.000000,873260_2022-09-30_14:56:00.000000,3
2429,873260_2022-09-30_15:11:00.000000,https://spaceweather.astron.nl//SolarKSP/data/atdb_process/solar_bf_compressing/3808/873260/dynamic_spectra/LOFAR_20220930_151100_LBA_OUTER_S0.fits,2022-09-30,15:11:00.000000,873260_2022-09-30_15:11:00.000000,3
2498,873288_2022-10-08_06:30:00.000000,https://spaceweather.astron.nl//SolarKSP/data/atdb_process/solar_bf_compressing/3810/873288/dynamic_spectra/LOFAR_20221008_063000_LBA_OUTER_S0.fits,2022-10-08,06:30:00.000000,873288_2022-10-08_06:30:00.000000,3
2513,873288_2022-10-08_06:45:00.000000,https://spaceweather.astron.nl//SolarKSP/data/atdb_process/solar_bf_compressing/3810/873288/dynamic_spectra/LOFAR_20221008_064500_LBA_OUTER_S0.fits,2022-10-08,06:45:00.000000,873288_2022-10-08_06:45:00.000000,3
2514,873288_2022-10-08_07:00:00.000000,https://spaceweather.astron.nl//SolarKSP/data/atdb_process/solar_bf_compressing/3810/873288/dynamic_spectra/LOFAR_20221008_070000_LBA_OUTER_S0.fits,2022-10-08,07:00:00.000000,873288_2022-10-08_07:00:00.000000,3
2500,873288_2022-10-08_07:15:00.000000,https://spaceweather.astron.nl//SolarKSP/data/atdb_process/solar_bf_compressing/3810/873288/dynamic_spectra/LOFAR_20221008_071500_LBA_OUTER_S0.fits,2022-10-08,07:15:00.000000,873288_2022-10-08_07:15:00.000000,3
2508,873288_2022-10-08_07:30:00.000000,https://spaceweather.astron.nl//SolarKSP/data/atdb_process/solar_bf_compressing/3810/873288/dynamic_spectra/LOFAR_20221008_073000_LBA_OUTER_S0.fits,2022-10-08,07:30:00.000000,873288_2022-10-08_07:30:00.000000,3
2522,873288_2022-10-08_07:45:00.000000,https://spaceweather.astron.nl//SolarKSP/data/atdb_process/solar_bf_compressing/3810/873288/dynamic_spectra/LOFAR_20221008_074500_LBA_OUTER_S0.fits,2022-10-08,07:45:00.000000,873288_2022-10-08_07:45:00.000000,3
2506,873288_2022-10-08_08:00:00.000000,https://spaceweather.astron.nl//SolarKSP/data/atdb_process/solar_bf_compressing/3810/873288/dynamic_spectra/LOFAR_20221008_080000_LBA_OUTER_S0.fits,2022-10-08,08:00:00.000000,873288_2022-10-08_08:00:00.000000,3
2529,873288_2022-10-08_08:15:00.000000,https://spaceweather.astron.nl//SolarKSP/data/atdb_process/solar_bf_compressing/3810/873288/dynamic_spectra/LOFAR_20221008_081500_LBA_OUTER_S0.fits,2022-10-08,08:15:00.000000,873288_2022-10-08_08:15:00.000000,1
2515,873288_2022-10-08_08:30:00.000000,https://spaceweather.astron.nl//SolarKSP/data/atdb_process/solar_bf_compressing/3810/873288/dynamic_spectra/LOFAR_20221008_083000_LBA_OUTER_S0.fits,2022-10-08,08:30:00.000000,873288_2022-10-08_08:30:00.000000,3
2495,873288_2022-10-08_08:45:00.000000,https://spaceweather.astron.nl//SolarKSP/data/atdb_process/solar_bf_compressing/3810/873288/dynamic_spectra/LOFAR_20221008_084500_LBA_OUTER_S0.fits,2022-10-08,08:45:00.000000,873288_2022-10-08_08:45:00.000000,3
2497,873288_2022-10-08_09:00:00.000000,https://spaceweather.astron.nl//SolarKSP/data/atdb_process/solar_bf_compressing/3810/873288/dynamic_spectra/LOFAR_20221008_090000_LBA_OUTER_S0.fits,2022-10-08,09:00:00.000000,873288_2022-10-08_09:00:00.000000,3
2520,873288_2022-10-08_09:15:00.000000,https://spaceweather.astron.nl//SolarKSP/data/atdb_process/solar_bf_compressing/3810/873288/dynamic_spectra/LOFAR_20221008_091500_LBA_OUTER_S0.fits,2022-10-08,09:15:00.000000,873288_2022-10-08_09:15:00.000000,3
2523,873288_2022-10-08_09:30:00.000000,https://spaceweather.astron.nl//SolarKSP/data/atdb_process/solar_bf_compressing/3810/873288/dynamic_spectra/LOFAR_20221008_093000_LBA_OUTER_S0.fits,2022-10-08,09:30:00.000000,873288_2022-10-08_09:30:00.000000,1
2505,873288_2022-10-08_09:45:00.000000,https://spaceweather.astron.nl//SolarKSP/data/atdb_process/solar_bf_compressing/3810/873288/dynamic_spectra/LOFAR_20221008_094500_LBA_OUTER_S0.fits,2022-10-08,09:45:00.000000,873288_2022-10-08_09:45:00.000000,3
2528,873288_2022-10-08_10:00:00.000000,https://spaceweather.astron.nl//SolarKSP/data/atdb_process/solar_bf_compressing/3810/873288/dynamic_spectra/LOFAR_20221008_100000_LBA_OUTER_S0.fits,2022-10-08,10:00:00.000000,873288_2022-10-08_10:00:00.000000,3
2507,873288_2022-10-08_10:15:00.000000,https://spaceweather.astron.nl//SolarKSP/data/atdb_process/solar_bf_compressing/3810/873288/dynamic_spectra/LOFAR_20221008_101500_LBA_OUTER_S0.fits,2022-10-08,10:15:00.000000,873288_2022-10-08_10:15:00.000000,3
2499,873288_2022-10-08_10:30:00.000000,https://spaceweather.astron.nl//SolarKSP/data/atdb_process/solar_bf_compressing/3810/873288/dynamic_spectra/LOFAR_20221008_103000_LBA_OUTER_S0.fits,2022-10-08,10:30:00.000000,873288_2022-10-08_10:30:00.000000,3
2519,873288_2022-10-08_10:45:00.000000,https://spaceweather.astron.nl//SolarKSP/data/atdb_process/solar_bf_compressing/3810/873288/dynamic_spectra/LOFAR_20221008_104500_LBA_OUTER_S0.fits,2022-10-08,10:45:00.000000,873288_2022-10-08_10:45:00.000000,3
2521,873288_2022-10-08_11:00:00.000000,https://spaceweather.astron.nl//SolarKSP/data/atdb_process/solar_bf_compressing/3810/873288/dynamic_spectra/LOFAR_20221008_110000_LBA_OUTER_S0.fits,2022-10-08,11:00:00.000000,873288_2022-10-08_11:00:00.000000,3
2496,873288_2022-10-08_11:15:00.000000,https://spaceweather.astron.nl//SolarKSP/data/atdb_process/solar_bf_compressing/3810/873288/dynamic_spectra/LOFAR_20221008_111500_LBA_OUTER_S0.fits,2022-10-08,11:15:00.000000,873288_2022-10-08_11:15:00.000000,3
2509,873288_2022-10-08_11:30:00.000000,https://spaceweather.astron.nl//SolarKSP/data/atdb_process/solar_bf_compressing/3810/873288/dynamic_spectra/LOFAR_20221008_113000_LBA_OUTER_S0.fits,2022-10-08,11:30:00.000000,873288_2022-10-08_11:30:00.000000,3
2527,873288_2022-10-08_11:45:00.000000,https://spaceweather.astron.nl//SolarKSP/data/atdb_process/solar_bf_compressing/3810/873288/dynamic_spectra/LOFAR_20221008_114500_LBA_OUTER_S0.fits,2022-10-08,11:45:00.000000,873288_2022-10-08_11:45:00.000000,3
2510,873288_2022-10-08_12:00:00.000000,https://spaceweather.astron.nl//SolarKSP/data/atdb_process/solar_bf_compressing/3810/873288/dynamic_spectra/LOFAR_20221008_120000_LBA_OUTER_S0.fits,2022-10-08,12:00:00.000000,873288_2022-10-08_12:00:00.000000,3
2524,873288_2022-10-08_12:15:00.000000,https://spaceweather.astron.nl//SolarKSP/data/atdb_process/solar_bf_compressing/3810/873288/dynamic_spectra/LOFAR_20221008_121500_LBA_OUTER_S0.fits,2022-10-08,12:15:00.000000,873288_2022-10-08_12:15:00.000000,3
2517,873288_2022-10-08_12:30:00.000000,https://spaceweather.astron.nl//SolarKSP/data/atdb_process/solar_bf_compressing/3810/873288/dynamic_spectra/LOFAR_20221008_123000_LBA_OUTER_S0.fits,2022-10-08,12:30:00.000000,873288_2022-10-08_12:30:00.000000,3
2504,873288_2022-10-08_12:45:00.000000,https://spaceweather.astron.nl//SolarKSP/data/atdb_process/solar_bf_compressing/3810/873288/dynamic_spectra/LOFAR_20221008_124500_LBA_OUTER_S0.fits,2022-10-08,12:45:00.000000,873288_2022-10-08_12:45:00.000000,3
2502,873288_2022-10-08_13:00:00.000000,https://spaceweather.astron.nl//SolarKSP/data/atdb_process/solar_bf_compressing/3810/873288/dynamic_spectra/LOFAR_20221008_130000_LBA_OUTER_S0.fits,2022-10-08,13:00:00.000000,873288_2022-10-08_13:00:00.000000,3
2516,873288_2022-10-08_13:15:00.000000,https://spaceweather.astron.nl//SolarKSP/data/atdb_process/solar_bf_compressing/3810/873288/dynamic_spectra/LOFAR_20221008_131500_LBA_OUTER_S0.fits,2022-10-08,13:15:00.000000,873288_2022-10-08_13:15:00.000000,3
2526,873288_2022-10-08_13:30:00.000000,https://spaceweather.astron.nl//SolarKSP/data/atdb_process/solar_bf_compressing/3810/873288/dynamic_spectra/LOFAR_20221008_133000_LBA_OUTER_S0.fits,2022-10-08,13:30:00.000000,873288_2022-10-08_13:30:00.000000,3
2511,873288_2022-10-08_13:45:00.000000,https://spaceweather.astron.nl//SolarKSP/data/atdb_process/solar_bf_compressing/3810/873288/dynamic_spectra/LOFAR_20221008_134500_LBA_OUTER_S0.fits,2022-10-08,13:45:00.000000,873288_2022-10-08_13:45:00.000000,3
2512,873288_2022-10-08_14:00:00.000000,https://spaceweather.astron.nl//SolarKSP/data/atdb_process/solar_bf_compressing/3810/873288/dynamic_spectra/LOFAR_20221008_140000_LBA_OUTER_S0.fits,2022-10-08,14:00:00.000000,873288_2022-10-08_14:00:00.000000,3
2525,873288_2022-10-08_14:15:00.000000,https://spaceweather.astron.nl//SolarKSP/data/atdb_process/solar_bf_compressing/3810/873288/dynamic_spectra/LOFAR_20221008_141500_LBA_OUTER_S0.fits,2022-10-08,14:15:00.000000,873288_2022-10-08_14:15:00.000000,3
2518,873288_2022-10-08_14:30:00.000000,https://spaceweather.astron.nl//SolarKSP/data/atdb_process/solar_bf_compressing/3810/873288/dynamic_spectra/LOFAR_20221008_143000_LBA_OUTER_S0.fits,2022-10-08,14:30:00.000000,873288_2022-10-08_14:30:00.000000,3
2501,873288_2022-10-08_14:45:00.000000,https://spaceweather.astron.nl//SolarKSP/data/atdb_process/solar_bf_compressing/3810/873288/dynamic_spectra/LOFAR_20221008_144500_LBA_OUTER_S0.fits,2022-10-08,14:45:00.000000,873288_2022-10-08_14:45:00.000000,3
2503,873288_2022-10-08_15:00:00.000000,https://spaceweather.astron.nl//SolarKSP/data/atdb_process/solar_bf_compressing/3810/873288/dynamic_spectra/LOFAR_20221008_150000_LBA_OUTER_S0.fits,2022-10-08,15:00:00.000000,873288_2022-10-08_15:00:00.000000,3
2478,874262_2022-10-16_06:30:00.000000,https://spaceweather.astron.nl//SolarKSP/data/atdb_process/solar_bf_compressing/3813/874262/dynamic_spectra/LOFAR_20221016_063000_LBA_OUTER_S0.fits,2022-10-16,06:30:00.000000,874262_2022-10-16_06:30:00.000000,6
2461,874262_2022-10-16_06:45:00.000000,https://spaceweather.astron.nl//SolarKSP/data/atdb_process/solar_bf_compressing/3813/874262/dynamic_spectra/LOFAR_20221016_064500_LBA_OUTER_S0.fits,2022-10-16,06:45:00.000000,874262_2022-10-16_06:45:00.000000,6
2463,874262_2022-10-16_07:00:00.000000,https://spaceweather.astron.nl//SolarKSP/data/atdb_process/solar_bf_compressing/3813/874262/dynamic_spectra/LOFAR_20221016_070000_LBA_OUTER_S0.fits,2022-10-16,07:00:00.000000,874262_2022-10-16_07:00:00.000000,3
2485,874262_2022-10-16_07:15:00.000000,https://spaceweather.astron.nl//SolarKSP/data/atdb_process/solar_bf_compressing/3813/874262/dynamic_spectra/LOFAR_20221016_071500_LBA_OUTER_S0.fits,2022-10-16,07:15:00.000000,874262_2022-10-16_07:15:00.000000,3
2488,874262_2022-10-16_07:30:00.000000,https://spaceweather.astron.nl//SolarKSP/data/atdb_process/solar_bf_compressing/3813/874262/dynamic_spectra/LOFAR_20221016_073000_LBA_OUTER_S0.fits,2022-10-16,07:30:00.000000,874262_2022-10-16_07:30:00.000000,3
2471,874262_2022-10-16_07:45:00.000000,https://spaceweather.astron.nl//SolarKSP/data/atdb_process/solar_bf_compressing/3813/874262/dynamic_spectra/LOFAR_20221016_074500_LBA_OUTER_S0.fits,2022-10-16,07:45:00.000000,874262_2022-10-16_07:45:00.000000,3
2489,874262_2022-10-16_08:00:00.000000,https://spaceweather.astron.nl//SolarKSP/data/atdb_process/solar_bf_compressing/3813/874262/dynamic_spectra/LOFAR_20221016_080000_LBA_OUTER_S0.fits,2022-10-16,08:00:00.000000,874262_2022-10-16_08:00:00.000000,3
2475,874262_2022-10-16_08:15:00.000000,https://spaceweather.astron.nl//SolarKSP/data/atdb_process/solar_bf_compressing/3813/874262/dynamic_spectra/LOFAR_20221016_081500_LBA_OUTER_S0.fits,2022-10-16,08:15:00.000000,874262_2022-10-16_08:15:00.000000,3
2462,874262_2022-10-16_08:30:00.000000,https://spaceweather.astron.nl//SolarKSP/data/atdb_process/solar_bf_compressing/3813/874262/dynamic_spectra/LOFAR_20221016_083000_LBA_OUTER_S0.fits,2022-10-16,08:30:00.000000,874262_2022-10-16_08:30:00.000000,6
2477,874262_2022-10-16_08:45:00.000000,https://spaceweather.astron.nl//SolarKSP/data/atdb_process/solar_bf_compressing/3813/874262/dynamic_spectra/LOFAR_20221016_084500_LBA_OUTER_S0.fits,2022-10-16,08:45:00.000000,874262_2022-10-16_08:45:00.000000,3
2480,874262_2022-10-16_09:00:00.000000,https://spaceweather.astron.nl//SolarKSP/data/atdb_process/solar_bf_compressing/3813/874262/dynamic_spectra/LOFAR_20221016_090000_LBA_OUTER_S0.fits,2022-10-16,09:00:00.000000,874262_2022-10-16_09:00:00.000000,3
2465,874262_2022-10-16_09:15:00.000000,https://spaceweather.astron.nl//SolarKSP/data/atdb_process/solar_bf_compressing/3813/874262/dynamic_spectra/LOFAR_20221016_091500_LBA_OUTER_S0.fits,2022-10-16,09:15:00.000000,874262_2022-10-16_09:15:00.000000,3
2472,874262_2022-10-16_09:30:00.000000,https://spaceweather.astron.nl//SolarKSP/data/atdb_process/solar_bf_compressing/3813/874262/dynamic_spectra/LOFAR_20221016_093000_LBA_OUTER_S0.fits,2022-10-16,09:30:00.000000,874262_2022-10-16_09:30:00.000000,3
2487,874262_2022-10-16_09:45:00.000000,https://spaceweather.astron.nl//SolarKSP/data/atdb_process/solar_bf_compressing/3813/874262/dynamic_spectra/LOFAR_20221016_094500_LBA_OUTER_S0.fits,2022-10-16,09:45:00.000000,874262_2022-10-16_09:45:00.000000,3
2474,874262_2022-10-16_10:00:00.000000,https://spaceweather.astron.nl//SolarKSP/data/atdb_process/solar_bf_compressing/3813/874262/dynamic_spectra/LOFAR_20221016_100000_LBA_OUTER_S0.fits,2022-10-16,10:00:00.000000,874262_2022-10-16_10:00:00.000000,3
2490,874262_2022-10-16_10:15:00.000000,https://spaceweather.astron.nl//SolarKSP/data/atdb_process/solar_bf_compressing/3813/874262/dynamic_spectra/LOFAR_20221016_101500_LBA_OUTER_S0.fits,2022-10-16,10:15:00.000000,874262_2022-10-16_10:15:00.000000,3
2486,874262_2022-10-16_10:30:00.000000,https://spaceweather.astron.nl//SolarKSP/data/atdb_process/solar_bf_compressing/3813/874262/dynamic_spectra/LOFAR_20221016_103000_LBA_OUTER_S0.fits,2022-10-16,10:30:00.000000,874262_2022-10-16_10:30:00.000000,3
2464,874262_2022-10-16_10:45:00.000000,https://spaceweather.astron.nl//SolarKSP/data/atdb_process/solar_bf_compressing/3813/874262/dynamic_spectra/LOFAR_20221016_104500_LBA_OUTER_S0.fits,2022-10-16,10:45:00.000000,874262_2022-10-16_10:45:00.000000,3
2466,874262_2022-10-16_11:00:00.000000,https://spaceweather.astron.nl//SolarKSP/data/atdb_process/solar_bf_compressing/3813/874262/dynamic_spectra/LOFAR_20221016_110000_LBA_OUTER_S0.fits,2022-10-16,11:00:00.000000,874262_2022-10-16_11:00:00.000000,3
2479,874262_2022-10-16_11:15:00.000000,https://spaceweather.astron.nl//SolarKSP/data/atdb_process/solar_bf_compressing/3813/874262/dynamic_spectra/LOFAR_20221016_111500_LBA_OUTER_S0.fits,2022-10-16,11:15:00.000000,874262_2022-10-16_11:15:00.000000,3
2494,874262_2022-10-16_11:30:00.000000,https://spaceweather.astron.nl//SolarKSP/data/atdb_process/solar_bf_compressing/3813/874262/dynamic_spectra/LOFAR_20221016_113000_LBA_OUTER_S0.fits,2022-10-16,11:30:00.000000,874262_2022-10-16_11:30:00.000000,3
2473,874262_2022-10-16_11:45:00.000000,https://spaceweather.astron.nl//SolarKSP/data/atdb_process/solar_bf_compressing/3813/874262/dynamic_spectra/LOFAR_20221016_114500_LBA_OUTER_S0.fits,2022-10-16,11:45:00.000000,874262_2022-10-16_11:45:00.000000,3
2491,874262_2022-10-16_12:00:00.000000,https://spaceweather.astron.nl//SolarKSP/data/atdb_process/solar_bf_compressing/3813/874262/dynamic_spectra/LOFAR_20221016_120000_LBA_OUTER_S0.fits,2022-10-16,12:00:00.000000,874262_2022-10-16_12:00:00.000000,3
2469,874262_2022-10-16_12:15:00.000000,https://spaceweather.astron.nl//SolarKSP/data/atdb_process/solar_bf_compressing/3813/874262/dynamic_spectra/LOFAR_20221016_121500_LBA_OUTER_S0.fits,2022-10-16,12:15:00.000000,874262_2022-10-16_12:15:00.000000,3
2467,874262_2022-10-16_12:30:00.000000,https://spaceweather.astron.nl//SolarKSP/data/atdb_process/solar_bf_compressing/3813/874262/dynamic_spectra/LOFAR_20221016_123000_LBA_OUTER_S0.fits,2022-10-16,12:30:00.000000,874262_2022-10-16_12:30:00.000000,3
2484,874262_2022-10-16_12:45:00.000000,https://spaceweather.astron.nl//SolarKSP/data/atdb_process/solar_bf_compressing/3813/874262/dynamic_spectra/LOFAR_20221016_124500_LBA_OUTER_S0.fits,2022-10-16,12:45:00.000000,874262_2022-10-16_12:45:00.000000,3
2482,874262_2022-10-16_13:00:00.000000,https://spaceweather.astron.nl//SolarKSP/data/atdb_process/solar_bf_compressing/3813/874262/dynamic_spectra/LOFAR_20221016_130000_LBA_OUTER_S0.fits,2022-10-16,13:00:00.000000,874262_2022-10-16_13:00:00.000000,6
2460,874262_2022-10-16_13:15:00.000000,https://spaceweather.astron.nl//SolarKSP/data/atdb_process/solar_bf_compressing/3813/874262/dynamic_spectra/LOFAR_20221016_131500_LBA_OUTER_S0.fits,2022-10-16,13:15:00.000000,874262_2022-10-16_13:15:00.000000,6
2476,874262_2022-10-16_13:30:00.000000,https://spaceweather.astron.nl//SolarKSP/data/atdb_process/solar_bf_compressing/3813/874262/dynamic_spectra/LOFAR_20221016_133000_LBA_OUTER_S0.fits,2022-10-16,13:30:00.000000,874262_2022-10-16_13:30:00.000000,3
2492,874262_2022-10-16_13:45:00.000000,https://spaceweather.astron.nl//SolarKSP/data/atdb_process/solar_bf_compressing/3813/874262/dynamic_spectra/LOFAR_20221016_134500_LBA_OUTER_S0.fits,2022-10-16,13:45:00.000000,874262_2022-10-16_13:45:00.000000,3
2493,874262_2022-10-16_14:00:00.000000,https://spaceweather.astron.nl//SolarKSP/data/atdb_process/solar_bf_compressing/3813/874262/dynamic_spectra/LOFAR_20221016_140000_LBA_OUTER_S0.fits,2022-10-16,14:00:00.000000,874262_2022-10-16_14:00:00.000000,3
2470,874262_2022-10-16_14:15:00.000000,https://spaceweather.astron.nl//SolarKSP/data/atdb_process/solar_bf_compressing/3813/874262/dynamic_spectra/LOFAR_20221016_141500_LBA_OUTER_S0.fits,2022-10-16,14:15:00.000000,874262_2022-10-16_14:15:00.000000,3
2468,874262_2022-10-16_14:30:00.000000,https://spaceweather.astron.nl//SolarKSP/data/atdb_process/solar_bf_compressing/3813/874262/dynamic_spectra/LOFAR_20221016_143000_LBA_OUTER_S0.fits,2022-10-16,14:30:00.000000,874262_2022-10-16_14:30:00.000000,3
2481,874262_2022-10-16_14:45:00.000000,https://spaceweather.astron.nl//SolarKSP/data/atdb_process/solar_bf_compressing/3813/874262/dynamic_spectra/LOFAR_20221016_144500_LBA_OUTER_S0.fits,2022-10-16,14:45:00.000000,874262_2022-10-16_14:45:00.000000,3
2483,874262_2022-10-16_15:00:00.000000,https://spaceweather.astron.nl//SolarKSP/data/atdb_process/solar_bf_compressing/3813/874262/dynamic_spectra/LOFAR_20221016_150000_LBA_OUTER_S0.fits,2022-10-16,15:00:00.000000,874262_2022-10-16_15:00:00.000000,3
2577,874294_2022-10-24_06:30:00.000000,https://spaceweather.astron.nl//SolarKSP/data/atdb_process/solar_bf_compressing/3814/874294/dynamic_spectra/LOFAR_20221024_063000_LBA_OUTER_S0.fits,2022-10-24,06:30:00.000000,874294_2022-10-24_06:30:00.000000,6
2592,874294_2022-10-24_06:45:00.000000,https://spaceweather.astron.nl//SolarKSP/data/atdb_process/solar_bf_compressing/3814/874294/dynamic_spectra/LOFAR_20221024_064500_LBA_OUTER_S0.fits,2022-10-24,06:45:00.000000,874294_2022-10-24_06:45:00.000000,1
2593,874294_2022-10-24_07:00:00.000000,https://spaceweather.astron.nl//SolarKSP/data/atdb_process/solar_bf_compressing/3814/874294/dynamic_spectra/LOFAR_20221024_070000_LBA_OUTER_S0.fits,2022-10-24,07:00:00.000000,874294_2022-10-24_07:00:00.000000,1
2579,874294_2022-10-24_07:15:00.000000,https://spaceweather.astron.nl//SolarKSP/data/atdb_process/solar_bf_compressing/3814/874294/dynamic_spectra/LOFAR_20221024_071500_LBA_OUTER_S0.fits,2022-10-24,07:15:00.000000,874294_2022-10-24_07:15:00.000000,3
2569,874294_2022-10-24_07:30:00.000000,https://spaceweather.astron.nl//SolarKSP/data/atdb_process/solar_bf_compressing/3814/874294/dynamic_spectra/LOFAR_20221024_073000_LBA_OUTER_S0.fits,2022-10-24,07:30:00.000000,874294_2022-10-24_07:30:00.000000,1
2584,874294_2022-10-24_07:45:00.000000,https://spaceweather.astron.nl//SolarKSP/data/atdb_process/solar_bf_compressing/3814/874294/dynamic_spectra/LOFAR_20221024_074500_LBA_OUTER_S0.fits,2022-10-24,07:45:00.000000,874294_2022-10-24_07:45:00.000000,3
2568,874294_2022-10-24_08:00:00.000000,https://spaceweather.astron.nl//SolarKSP/data/atdb_process/solar_bf_compressing/3814/874294/dynamic_spectra/LOFAR_20221024_080000_LBA_OUTER_S0.fits,2022-10-24,08:00:00.000000,874294_2022-10-24_08:00:00.000000,1
2590,874294_2022-10-24_08:15:00.000000,https://spaceweather.astron.nl//SolarKSP/data/atdb_process/solar_bf_compressing/3814/874294/dynamic_spectra/LOFAR_20221024_081500_LBA_OUTER_S0.fits,2022-10-24,08:15:00.000000,874294_2022-10-24_08:15:00.000000,1
2594,874294_2022-10-24_08:30:00.000000,https://spaceweather.astron.nl//SolarKSP/data/atdb_process/solar_bf_compressing/3814/874294/dynamic_spectra/LOFAR_20221024_083000_LBA_OUTER_S0.fits,2022-10-24,08:30:00.000000,874294_2022-10-24_08:30:00.000000,1
2574,874294_2022-10-24_08:45:00.000000,https://spaceweather.astron.nl//SolarKSP/data/atdb_process/solar_bf_compressing/3814/874294/dynamic_spectra/LOFAR_20221024_084500_LBA_OUTER_S0.fits,2022-10-24,08:45:00.000000,874294_2022-10-24_08:45:00.000000,1
2575,874294_2022-10-24_09:00:00.000000,https://spaceweather.astron.nl//SolarKSP/data/atdb_process/solar_bf_compressing/3814/874294/dynamic_spectra/LOFAR_20221024_090000_LBA_OUTER_S0.fits,2022-10-24,09:00:00.000000,874294_2022-10-24_09:00:00.000000,3
2600,874294_2022-10-24_09:15:00.000000,https://spaceweather.astron.nl//SolarKSP/data/atdb_process/solar_bf_compressing/3814/874294/dynamic_spectra/LOFAR_20221024_091500_LBA_OUTER_S0.fits,2022-10-24,09:15:00.000000,874294_2022-10-24_09:15:00.000000,3
2585,874294_2022-10-24_09:30:00.000000,https://spaceweather.astron.nl//SolarKSP/data/atdb_process/solar_bf_compressing/3814/874294/dynamic_spectra/LOFAR_20221024_093000_LBA_OUTER_S0.fits,2022-10-24,09:30:00.000000,874294_2022-10-24_09:30:00.000000,3
2566,874294_2022-10-24_09:45:00.000000,https://spaceweather.astron.nl//SolarKSP/data/atdb_process/solar_bf_compressing/3814/874294/dynamic_spectra/LOFAR_20221024_094500_LBA_OUTER_S0.fits,2022-10-24,09:45:00.000000,874294_2022-10-24_09:45:00.000000,3
2591,874294_2022-10-24_10:00:00.000000,https://spaceweather.astron.nl//SolarKSP/data/atdb_process/solar_bf_compressing/3814/874294/dynamic_spectra/LOFAR_20221024_100000_LBA_OUTER_S0.fits,2022-10-24,10:00:00.000000,874294_2022-10-24_10:00:00.000000,1
2567,874294_2022-10-24_10:15:00.000000,https://spaceweather.astron.nl//SolarKSP/data/atdb_process/solar_bf_compressing/3814/874294/dynamic_spectra/LOFAR_20221024_101500_LBA_OUTER_S0.fits,2022-10-24,10:15:00.000000,874294_2022-10-24_10:15:00.000000,3
2578,874294_2022-10-24_10:30:00.000000,https://spaceweather.astron.nl//SolarKSP/data/atdb_process/solar_bf_compressing/3814/874294/dynamic_spectra/LOFAR_20221024_103000_LBA_OUTER_S0.fits,2022-10-24,10:30:00.000000,874294_2022-10-24_10:30:00.000000,3
2598,874294_2022-10-24_10:45:00.000000,https://spaceweather.astron.nl//SolarKSP/data/atdb_process/solar_bf_compressing/3814/874294/dynamic_spectra/LOFAR_20221024_104500_LBA_OUTER_S0.fits,2022-10-24,10:45:00.000000,874294_2022-10-24_10:45:00.000000,3
2599,874294_2022-10-24_11:00:00.000000,https://spaceweather.astron.nl//SolarKSP/data/atdb_process/solar_bf_compressing/3814/874294/dynamic_spectra/LOFAR_20221024_110000_LBA_OUTER_S0.fits,2022-10-24,11:00:00.000000,874294_2022-10-24_11:00:00.000000,3
2576,874294_2022-10-24_11:15:00.000000,https://spaceweather.astron.nl//SolarKSP/data/atdb_process/solar_bf_compressing/3814/874294/dynamic_spectra/LOFAR_20221024_111500_LBA_OUTER_S0.fits,2022-10-24,11:15:00.000000,874294_2022-10-24_11:15:00.000000,1
2570,874294_2022-10-24_11:30:00.000000,https://spaceweather.astron.nl//SolarKSP/data/atdb_process/solar_bf_compressing/3814/874294/dynamic_spectra/LOFAR_20221024_113000_LBA_OUTER_S0.fits,2022-10-24,11:30:00.000000,874294_2022-10-24_11:30:00.000000,3
2589,874294_2022-10-24_11:45:00.000000,https://spaceweather.astron.nl//SolarKSP/data/atdb_process/solar_bf_compressing/3814/874294/dynamic_spectra/LOFAR_20221024_114500_LBA_OUTER_S0.fits,2022-10-24,11:45:00.000000,874294_2022-10-24_11:45:00.000000,3
2571,874294_2022-10-24_12:00:00.000000,https://spaceweather.astron.nl//SolarKSP/data/atdb_process/solar_bf_compressing/3814/874294/dynamic_spectra/LOFAR_20221024_120000_LBA_OUTER_S0.fits,2022-10-24,12:00:00.000000,874294_2022-10-24_12:00:00.000000,3
2586,874294_2022-10-24_12:15:00.000000,https://spaceweather.astron.nl//SolarKSP/data/atdb_process/solar_bf_compressing/3814/874294/dynamic_spectra/LOFAR_20221024_121500_LBA_OUTER_S0.fits,2022-10-24,12:15:00.000000,874294_2022-10-24_12:15:00.000000,3
2596,874294_2022-10-24_12:30:00.000000,https://spaceweather.astron.nl//SolarKSP/data/atdb_process/solar_bf_compressing/3814/874294/dynamic_spectra/LOFAR_20221024_123000_LBA_OUTER_S0.fits,2022-10-24,12:30:00.000000,874294_2022-10-24_12:30:00.000000,3
2583,874294_2022-10-24_12:45:00.000000,https://spaceweather.astron.nl//SolarKSP/data/atdb_process/solar_bf_compressing/3814/874294/dynamic_spectra/LOFAR_20221024_124500_LBA_OUTER_S0.fits,2022-10-24,12:45:00.000000,874294_2022-10-24_12:45:00.000000,3
2581,874294_2022-10-24_13:00:00.000000,https://spaceweather.astron.nl//SolarKSP/data/atdb_process/solar_bf_compressing/3814/874294/dynamic_spectra/LOFAR_20221024_130000_LBA_OUTER_S0.fits,2022-10-24,13:00:00.000000,874294_2022-10-24_13:00:00.000000,3
2595,874294_2022-10-24_13:15:00.000000,https://spaceweather.astron.nl//SolarKSP/data/atdb_process/solar_bf_compressing/3814/874294/dynamic_spectra/LOFAR_20221024_131500_LBA_OUTER_S0.fits,2022-10-24,13:15:00.000000,874294_2022-10-24_13:15:00.000000,1
2588,874294_2022-10-24_13:30:00.000000,https://spaceweather.astron.nl//SolarKSP/data/atdb_process/solar_bf_compressing/3814/874294/dynamic_spectra/LOFAR_20221024_133000_LBA_OUTER_S0.fits,2022-10-24,13:30:00.000000,874294_2022-10-24_13:30:00.000000,3
2572,874294_2022-10-24_13:45:00.000000,https://spaceweather.astron.nl//SolarKSP/data/atdb_process/solar_bf_compressing/3814/874294/dynamic_spectra/LOFAR_20221024_134500_LBA_OUTER_S0.fits,2022-10-24,13:45:00.000000,874294_2022-10-24_13:45:00.000000,3
2573,874294_2022-10-24_14:00:00.000000,https://spaceweather.astron.nl//SolarKSP/data/atdb_process/solar_bf_compressing/3814/874294/dynamic_spectra/LOFAR_20221024_140000_LBA_OUTER_S0.fits,2022-10-24,14:00:00.000000,874294_2022-10-24_14:00:00.000000,3
2587,874294_2022-10-24_14:15:00.000000,https://spaceweather.astron.nl//SolarKSP/data/atdb_process/solar_bf_compressing/3814/874294/dynamic_spectra/LOFAR_20221024_141500_LBA_OUTER_S0.fits,2022-10-24,14:15:00.000000,874294_2022-10-24_14:15:00.000000,3
2597,874294_2022-10-24_14:30:00.000000,https://spaceweather.astron.nl//SolarKSP/data/atdb_process/solar_bf_compressing/3814/874294/dynamic_spectra/LOFAR_20221024_143000_LBA_OUTER_S0.fits,2022-10-24,14:30:00.000000,874294_2022-10-24_14:30:00.000000,3
2580,874294_2022-10-24_14:45:00.000000,https://spaceweather.astron.nl//SolarKSP/data/atdb_process/solar_bf_compressing/3814/874294/dynamic_spectra/LOFAR_20221024_144500_LBA_OUTER_S0.fits,2022-10-24,14:45:00.000000,874294_2022-10-24_14:45:00.000000,3
2582,874294_2022-10-24_15:00:00.000000,https://spaceweather.astron.nl//SolarKSP/data/atdb_process/solar_bf_compressing/3814/874294/dynamic_spectra/LOFAR_20221024_150000_LBA_OUTER_S0.fits,2022-10-24,15:00:00.000000,874294_2022-10-24_15:00:00.000000,3
1170,874298_2022-10-25_06:30:00.000000,https://spaceweather.astron.nl//SolarKSP/data/atdb_process/solar_bf_compressing/3857/874298/dynamic_spectra/LOFAR_20221025_063000_LBA_OUTER_S0.fits,2022-10-25,06:30:00.000000,874298_2022-10-25_06:30:00.000000,6
1191,874298_2022-10-25_06:45:00.000000,https://spaceweather.astron.nl//SolarKSP/data/atdb_process/solar_bf_compressing/3857/874298/dynamic_spectra/LOFAR_20221025_064500_LBA_OUTER_S0.fits,2022-10-25,06:45:00.000000,874298_2022-10-25_06:45:00.000000,1
1190,874298_2022-10-25_07:00:00.000000,https://spaceweather.astron.nl//SolarKSP/data/atdb_process/solar_bf_compressing/3857/874298/dynamic_spectra/LOFAR_20221025_070000_LBA_OUTER_S0.fits,2022-10-25,07:00:00.000000,874298_2022-10-25_07:00:00.000000,1
1178,874298_2022-10-25_07:15:00.000000,https://spaceweather.astron.nl//SolarKSP/data/atdb_process/solar_bf_compressing/3857/874298/dynamic_spectra/LOFAR_20221025_071500_LBA_OUTER_S0.fits,2022-10-25,07:15:00.000000,874298_2022-10-25_07:15:00.000000,3
1180,874298_2022-10-25_07:30:00.000000,https://spaceweather.astron.nl//SolarKSP/data/atdb_process/solar_bf_compressing/3857/874298/dynamic_spectra/LOFAR_20221025_073000_LBA_OUTER_S0.fits,2022-10-25,07:30:00.000000,874298_2022-10-25_07:30:00.000000,3
1200,874298_2022-10-25_07:45:00.000000,https://spaceweather.astron.nl//SolarKSP/data/atdb_process/solar_bf_compressing/3857/874298/dynamic_spectra/LOFAR_20221025_074500_LBA_OUTER_S0.fits,2022-10-25,07:45:00.000000,874298_2022-10-25_07:45:00.000000,3
1181,874298_2022-10-25_08:00:00.000000,https://spaceweather.astron.nl//SolarKSP/data/atdb_process/solar_bf_compressing/3857/874298/dynamic_spectra/LOFAR_20221025_080000_LBA_OUTER_S0.fits,2022-10-25,08:00:00.000000,874298_2022-10-25_08:00:00.000000,3
1202,874298_2022-10-25_08:15:00.000000,https://spaceweather.astron.nl//SolarKSP/data/atdb_process/solar_bf_compressing/3857/874298/dynamic_spectra/LOFAR_20221025_081500_LBA_OUTER_S0.fits,2022-10-25,08:15:00.000000,874298_2022-10-25_08:15:00.000000,1
1189,874298_2022-10-25_08:30:00.000000,https://spaceweather.astron.nl//SolarKSP/data/atdb_process/solar_bf_compressing/3857/874298/dynamic_spectra/LOFAR_20221025_083000_LBA_OUTER_S0.fits,2022-10-25,08:30:00.000000,874298_2022-10-25_08:30:00.000000,3
1173,874298_2022-10-25_08:45:00.000000,https://spaceweather.astron.nl//SolarKSP/data/atdb_process/solar_bf_compressing/3857/874298/dynamic_spectra/LOFAR_20221025_084500_LBA_OUTER_S0.fits,2022-10-25,08:45:00.000000,874298_2022-10-25_08:45:00.000000,3
1172,874298_2022-10-25_09:00:00.000000,https://spaceweather.astron.nl//SolarKSP/data/atdb_process/solar_bf_compressing/3857/874298/dynamic_spectra/LOFAR_20221025_090000_LBA_OUTER_S0.fits,2022-10-25,09:00:00.000000,874298_2022-10-25_09:00:00.000000,3
1192,874298_2022-10-25_09:15:00.000000,https://spaceweather.astron.nl//SolarKSP/data/atdb_process/solar_bf_compressing/3857/874298/dynamic_spectra/LOFAR_20221025_091500_LBA_OUTER_S0.fits,2022-10-25,09:15:00.000000,874298_2022-10-25_09:15:00.000000,3
1199,874298_2022-10-25_09:30:00.000000,https://spaceweather.astron.nl//SolarKSP/data/atdb_process/solar_bf_compressing/3857/874298/dynamic_spectra/LOFAR_20221025_093000_LBA_OUTER_S0.fits,2022-10-25,09:30:00.000000,874298_2022-10-25_09:30:00.000000,3
1183,874298_2022-10-25_09:45:00.000000,https://spaceweather.astron.nl//SolarKSP/data/atdb_process/solar_bf_compressing/3857/874298/dynamic_spectra/LOFAR_20221025_094500_LBA_OUTER_S0.fits,2022-10-25,09:45:00.000000,874298_2022-10-25_09:45:00.000000,3
1201,874298_2022-10-25_10:00:00.000000,https://spaceweather.astron.nl//SolarKSP/data/atdb_process/solar_bf_compressing/3857/874298/dynamic_spectra/LOFAR_20221025_100000_LBA_OUTER_S0.fits,2022-10-25,10:00:00.000000,874298_2022-10-25_10:00:00.000000,1
1182,874298_2022-10-25_10:15:00.000000,https://spaceweather.astron.nl//SolarKSP/data/atdb_process/solar_bf_compressing/3857/874298/dynamic_spectra/LOFAR_20221025_101500_LBA_OUTER_S0.fits,2022-10-25,10:15:00.000000,874298_2022-10-25_10:15:00.000000,3
1179,874298_2022-10-25_10:30:00.000000,https://spaceweather.astron.nl//SolarKSP/data/atdb_process/solar_bf_compressing/3857/874298/dynamic_spectra/LOFAR_20221025_103000_LBA_OUTER_S0.fits,2022-10-25,10:30:00.000000,874298_2022-10-25_10:30:00.000000,3
1194,874298_2022-10-25_10:45:00.000000,https://spaceweather.astron.nl//SolarKSP/data/atdb_process/solar_bf_compressing/3857/874298/dynamic_spectra/LOFAR_20221025_104500_LBA_OUTER_S0.fits,2022-10-25,10:45:00.000000,874298_2022-10-25_10:45:00.000000,3
1193,874298_2022-10-25_11:00:00.000000,https://spaceweather.astron.nl//SolarKSP/data/atdb_process/solar_bf_compressing/3857/874298/dynamic_spectra/LOFAR_20221025_110000_LBA_OUTER_S0.fits,2022-10-25,11:00:00.000000,874298_2022-10-25_11:00:00.000000,1
1171,874298_2022-10-25_11:15:00.000000,https://spaceweather.astron.nl//SolarKSP/data/atdb_process/solar_bf_compressing/3857/874298/dynamic_spectra/LOFAR_20221025_111500_LBA_OUTER_S0.fits,2022-10-25,11:15:00.000000,874298_2022-10-25_11:15:00.000000,3
1187,874298_2022-10-25_11:30:00.000000,https://spaceweather.astron.nl//SolarKSP/data/atdb_process/solar_bf_compressing/3857/874298/dynamic_spectra/LOFAR_20221025_113000_LBA_OUTER_S0.fits,2022-10-25,11:30:00.000000,874298_2022-10-25_11:30:00.000000,3
1203,874298_2022-10-25_11:45:00.000000,https://spaceweather.astron.nl//SolarKSP/data/atdb_process/solar_bf_compressing/3857/874298/dynamic_spectra/LOFAR_20221025_114500_LBA_OUTER_S0.fits,2022-10-25,11:45:00.000000,874298_2022-10-25_11:45:00.000000,3
1186,874298_2022-10-25_12:00:00.000000,https://spaceweather.astron.nl//SolarKSP/data/atdb_process/solar_bf_compressing/3857/874298/dynamic_spectra/LOFAR_20221025_120000_LBA_OUTER_S0.fits,2022-10-25,12:00:00.000000,874298_2022-10-25_12:00:00.000000,3
1198,874298_2022-10-25_12:15:00.000000,https://spaceweather.astron.nl//SolarKSP/data/atdb_process/solar_bf_compressing/3857/874298/dynamic_spectra/LOFAR_20221025_121500_LBA_OUTER_S0.fits,2022-10-25,12:15:00.000000,874298_2022-10-25_12:15:00.000000,3
1196,874298_2022-10-25_12:30:00.000000,https://spaceweather.astron.nl//SolarKSP/data/atdb_process/solar_bf_compressing/3857/874298/dynamic_spectra/LOFAR_20221025_123000_LBA_OUTER_S0.fits,2022-10-25,12:30:00.000000,874298_2022-10-25_12:30:00.000000,3
1175,874298_2022-10-25_12:45:00.000000,https://spaceweather.astron.nl//SolarKSP/data/atdb_process/solar_bf_compressing/3857/874298/dynamic_spectra/LOFAR_20221025_124500_LBA_OUTER_S0.fits,2022-10-25,12:45:00.000000,874298_2022-10-25_12:45:00.000000,3
1177,874298_2022-10-25_13:00:00.000000,https://spaceweather.astron.nl//SolarKSP/data/atdb_process/solar_bf_compressing/3857/874298/dynamic_spectra/LOFAR_20221025_130000_LBA_OUTER_S0.fits,2022-10-25,13:00:00.000000,874298_2022-10-25_13:00:00.000000,3
1188,874298_2022-10-25_13:15:00.000000,https://spaceweather.astron.nl//SolarKSP/data/atdb_process/solar_bf_compressing/3857/874298/dynamic_spectra/LOFAR_20221025_131500_LBA_OUTER_S0.fits,2022-10-25,13:15:00.000000,874298_2022-10-25_13:15:00.000000,3
1204,874298_2022-10-25_13:30:00.000000,https://spaceweather.astron.nl//SolarKSP/data/atdb_process/solar_bf_compressing/3857/874298/dynamic_spectra/LOFAR_20221025_133000_LBA_OUTER_S0.fits,2022-10-25,13:30:00.000000,874298_2022-10-25_13:30:00.000000,3
1184,874298_2022-10-25_13:45:00.000000,https://spaceweather.astron.nl//SolarKSP/data/atdb_process/solar_bf_compressing/3857/874298/dynamic_spectra/LOFAR_20221025_134500_LBA_OUTER_S0.fits,2022-10-25,13:45:00.000000,874298_2022-10-25_13:45:00.000000,3
1185,874298_2022-10-25_14:00:00.000000,https://spaceweather.astron.nl//SolarKSP/data/atdb_process/solar_bf_compressing/3857/874298/dynamic_spectra/LOFAR_20221025_140000_LBA_OUTER_S0.fits,2022-10-25,14:00:00.000000,874298_2022-10-25_14:00:00.000000,3
1197,874298_2022-10-25_14:15:00.000000,https://spaceweather.astron.nl//SolarKSP/data/atdb_process/solar_bf_compressing/3857/874298/dynamic_spectra/LOFAR_20221025_141500_LBA_OUTER_S0.fits,2022-10-25,14:15:00.000000,874298_2022-10-25_14:15:00.000000,3
1195,874298_2022-10-25_14:30:00.000000,https://spaceweather.astron.nl//SolarKSP/data/atdb_process/solar_bf_compressing/3857/874298/dynamic_spectra/LOFAR_20221025_143000_LBA_OUTER_S0.fits,2022-10-25,14:30:00.000000,874298_2022-10-25_14:30:00.000000,3
1176,874298_2022-10-25_14:45:00.000000,https://spaceweather.astron.nl//SolarKSP/data/atdb_process/solar_bf_compressing/3857/874298/dynamic_spectra/LOFAR_20221025_144500_LBA_OUTER_S0.fits,2022-10-25,14:45:00.000000,874298_2022-10-25_14:45:00.000000,3
1174,874298_2022-10-25_15:00:00.000000,https://spaceweather.astron.nl//SolarKSP/data/atdb_process/solar_bf_compressing/3857/874298/dynamic_spectra/LOFAR_20221025_150000_LBA_OUTER_S0.fits,2022-10-25,15:00:00.000000,874298_2022-10-25_15:00:00.000000,3
1997,874724_2022-10-31_06:30:00.000000,https://spaceweather.astron.nl//SolarKSP/data/atdb_process/solar_bf_compressing/3773/874724/dynamic_spectra/LOFAR_20221031_063000_LBA_OUTER_S0.fits,2022-10-31,06:30:00.000000,874724_2022-10-31_06:30:00.000000,6
1978,874724_2022-10-31_06:45:00.000000,https://spaceweather.astron.nl//SolarKSP/data/atdb_process/solar_bf_compressing/3773/874724/dynamic_spectra/LOFAR_20221031_064500_LBA_OUTER_S0.fits,2022-10-31,06:45:00.000000,874724_2022-10-31_06:45:00.000000,6
1979,874724_2022-10-31_07:00:00.000000,https://spaceweather.astron.nl//SolarKSP/data/atdb_process/solar_bf_compressing/3773/874724/dynamic_spectra/LOFAR_20221031_070000_LBA_OUTER_S0.fits,2022-10-31,07:00:00.000000,874724_2022-10-31_07:00:00.000000,6
2003,874724_2022-10-31_07:15:00.000000,https://spaceweather.astron.nl//SolarKSP/data/atdb_process/solar_bf_compressing/3773/874724/dynamic_spectra/LOFAR_20221031_071500_LBA_OUTER_S0.fits,2022-10-31,07:15:00.000000,874724_2022-10-31_07:15:00.000000,3
2007,874724_2022-10-31_07:30:00.000000,https://spaceweather.astron.nl//SolarKSP/data/atdb_process/solar_bf_compressing/3773/874724/dynamic_spectra/LOFAR_20221031_073000_LBA_OUTER_S0.fits,2022-10-31,07:30:00.000000,874724_2022-10-31_07:30:00.000000,3
1988,874724_2022-10-31_07:45:00.000000,https://spaceweather.astron.nl//SolarKSP/data/atdb_process/solar_bf_compressing/3773/874724/dynamic_spectra/LOFAR_20221031_074500_LBA_OUTER_S0.fits,2022-10-31,07:45:00.000000,874724_2022-10-31_07:45:00.000000,6
2006,874724_2022-10-31_08:00:00.000000,https://spaceweather.astron.nl//SolarKSP/data/atdb_process/solar_bf_compressing/3773/874724/dynamic_spectra/LOFAR_20221031_080000_LBA_OUTER_S0.fits,2022-10-31,08:00:00.000000,874724_2022-10-31_08:00:00.000000,6
1991,874724_2022-10-31_08:15:00.000000,https://spaceweather.astron.nl//SolarKSP/data/atdb_process/solar_bf_compressing/3773/874724/dynamic_spectra/LOFAR_20221031_081500_LBA_OUTER_S0.fits,2022-10-31,08:15:00.000000,874724_2022-10-31_08:15:00.000000,6
1980,874724_2022-10-31_08:30:00.000000,https://spaceweather.astron.nl//SolarKSP/data/atdb_process/solar_bf_compressing/3773/874724/dynamic_spectra/LOFAR_20221031_083000_LBA_OUTER_S0.fits,2022-10-31,08:30:00.000000,874724_2022-10-31_08:30:00.000000,6
1994,874724_2022-10-31_08:45:00.000000,https://spaceweather.astron.nl//SolarKSP/data/atdb_process/solar_bf_compressing/3773/874724/dynamic_spectra/LOFAR_20221031_084500_LBA_OUTER_S0.fits,2022-10-31,08:45:00.000000,874724_2022-10-31_08:45:00.000000,6
1995,874724_2022-10-31_09:00:00.000000,https://spaceweather.astron.nl//SolarKSP/data/atdb_process/solar_bf_compressing/3773/874724/dynamic_spectra/LOFAR_20221031_090000_LBA_OUTER_S0.fits,2022-10-31,09:00:00.000000,874724_2022-10-31_09:00:00.000000,6
1983,874724_2022-10-31_09:15:00.000000,https://spaceweather.astron.nl//SolarKSP/data/atdb_process/solar_bf_compressing/3773/874724/dynamic_spectra/LOFAR_20221031_091500_LBA_OUTER_S0.fits,2022-10-31,09:15:00.000000,874724_2022-10-31_09:15:00.000000,6
1989,874724_2022-10-31_09:30:00.000000,https://spaceweather.astron.nl//SolarKSP/data/atdb_process/solar_bf_compressing/3773/874724/dynamic_spectra/LOFAR_20221031_093000_LBA_OUTER_S0.fits,2022-10-31,09:30:00.000000,874724_2022-10-31_09:30:00.000000,6
2004,874724_2022-10-31_09:45:00.000000,https://spaceweather.astron.nl//SolarKSP/data/atdb_process/solar_bf_compressing/3773/874724/dynamic_spectra/LOFAR_20221031_094500_LBA_OUTER_S0.fits,2022-10-31,09:45:00.000000,874724_2022-10-31_09:45:00.000000,6
1992,874724_2022-10-31_10:00:00.000000,https://spaceweather.astron.nl//SolarKSP/data/atdb_process/solar_bf_compressing/3773/874724/dynamic_spectra/LOFAR_20221031_100000_LBA_OUTER_S0.fits,2022-10-31,10:00:00.000000,874724_2022-10-31_10:00:00.000000,6
2005,874724_2022-10-31_10:15:00.000000,https://spaceweather.astron.nl//SolarKSP/data/atdb_process/solar_bf_compressing/3773/874724/dynamic_spectra/LOFAR_20221031_101500_LBA_OUTER_S0.fits,2022-10-31,10:15:00.000000,874724_2022-10-31_10:15:00.000000,3
2002,874724_2022-10-31_10:30:00.000000,https://spaceweather.astron.nl//SolarKSP/data/atdb_process/solar_bf_compressing/3773/874724/dynamic_spectra/LOFAR_20221031_103000_LBA_OUTER_S0.fits,2022-10-31,10:30:00.000000,874724_2022-10-31_10:30:00.000000,3
1981,874724_2022-10-31_10:45:00.000000,https://spaceweather.astron.nl//SolarKSP/data/atdb_process/solar_bf_compressing/3773/874724/dynamic_spectra/LOFAR_20221031_104500_LBA_OUTER_S0.fits,2022-10-31,10:45:00.000000,874724_2022-10-31_10:45:00.000000,6
1982,874724_2022-10-31_11:00:00.000000,https://spaceweather.astron.nl//SolarKSP/data/atdb_process/solar_bf_compressing/3773/874724/dynamic_spectra/LOFAR_20221031_110000_LBA_OUTER_S0.fits,2022-10-31,11:00:00.000000,874724_2022-10-31_11:00:00.000000,4
1996,874724_2022-10-31_11:15:00.000000,https://spaceweather.astron.nl//SolarKSP/data/atdb_process/solar_bf_compressing/3773/874724/dynamic_spectra/LOFAR_20221031_111500_LBA_OUTER_S0.fits,2022-10-31,11:15:00.000000,874724_2022-10-31_11:15:00.000000,6
2011,874724_2022-10-31_11:30:00.000000,https://spaceweather.astron.nl//SolarKSP/data/atdb_process/solar_bf_compressing/3773/874724/dynamic_spectra/LOFAR_20221031_113000_LBA_OUTER_S0.fits,2022-10-31,11:30:00.000000,874724_2022-10-31_11:30:00.000000,6
1990,874724_2022-10-31_11:45:00.000000,https://spaceweather.astron.nl//SolarKSP/data/atdb_process/solar_bf_compressing/3773/874724/dynamic_spectra/LOFAR_20221031_114500_LBA_OUTER_S0.fits,2022-10-31,11:45:00.000000,874724_2022-10-31_11:45:00.000000,6
2008,874724_2022-10-31_12:00:00.000000,https://spaceweather.astron.nl//SolarKSP/data/atdb_process/solar_bf_compressing/3773/874724/dynamic_spectra/LOFAR_20221031_120000_LBA_OUTER_S0.fits,2022-10-31,12:00:00.000000,874724_2022-10-31_12:00:00.000000,6
1986,874724_2022-10-31_12:15:00.000000,https://spaceweather.astron.nl//SolarKSP/data/atdb_process/solar_bf_compressing/3773/874724/dynamic_spectra/LOFAR_20221031_121500_LBA_OUTER_S0.fits,2022-10-31,12:15:00.000000,874724_2022-10-31_12:15:00.000000,6
1984,874724_2022-10-31_12:30:00.000000,https://spaceweather.astron.nl//SolarKSP/data/atdb_process/solar_bf_compressing/3773/874724/dynamic_spectra/LOFAR_20221031_123000_LBA_OUTER_S0.fits,2022-10-31,12:30:00.000000,874724_2022-10-31_12:30:00.000000,6
2000,874724_2022-10-31_12:45:00.000000,https://spaceweather.astron.nl//SolarKSP/data/atdb_process/solar_bf_compressing/3773/874724/dynamic_spectra/LOFAR_20221031_124500_LBA_OUTER_S0.fits,2022-10-31,12:45:00.000000,874724_2022-10-31_12:45:00.000000,6
1998,874724_2022-10-31_13:00:00.000000,https://spaceweather.astron.nl//SolarKSP/data/atdb_process/solar_bf_compressing/3773/874724/dynamic_spectra/LOFAR_20221031_130000_LBA_OUTER_S0.fits,2022-10-31,13:00:00.000000,874724_2022-10-31_13:00:00.000000,6
1977,874724_2022-10-31_13:15:00.000000,https://spaceweather.astron.nl//SolarKSP/data/atdb_process/solar_bf_compressing/3773/874724/dynamic_spectra/LOFAR_20221031_131500_LBA_OUTER_S0.fits,2022-10-31,13:15:00.000000,874724_2022-10-31_13:15:00.000000,6
1993,874724_2022-10-31_13:30:00.000000,https://spaceweather.astron.nl//SolarKSP/data/atdb_process/solar_bf_compressing/3773/874724/dynamic_spectra/LOFAR_20221031_133000_LBA_OUTER_S0.fits,2022-10-31,13:30:00.000000,874724_2022-10-31_13:30:00.000000,6
2010,874724_2022-10-31_13:45:00.000000,https://spaceweather.astron.nl//SolarKSP/data/atdb_process/solar_bf_compressing/3773/874724/dynamic_spectra/LOFAR_20221031_134500_LBA_OUTER_S0.fits,2022-10-31,13:45:00.000000,874724_2022-10-31_13:45:00.000000,6
2009,874724_2022-10-31_14:00:00.000000,https://spaceweather.astron.nl//SolarKSP/data/atdb_process/solar_bf_compressing/3773/874724/dynamic_spectra/LOFAR_20221031_140000_LBA_OUTER_S0.fits,2022-10-31,14:00:00.000000,874724_2022-10-31_14:00:00.000000,3
1987,874724_2022-10-31_14:15:00.000000,https://spaceweather.astron.nl//SolarKSP/data/atdb_process/solar_bf_compressing/3773/874724/dynamic_spectra/LOFAR_20221031_141500_LBA_OUTER_S0.fits,2022-10-31,14:15:00.000000,874724_2022-10-31_14:15:00.000000,6
1985,874724_2022-10-31_14:30:00.000000,https://spaceweather.astron.nl//SolarKSP/data/atdb_process/solar_bf_compressing/3773/874724/dynamic_spectra/LOFAR_20221031_143000_LBA_OUTER_S0.fits,2022-10-31,14:30:00.000000,874724_2022-10-31_14:30:00.000000,6
1999,874724_2022-10-31_14:45:00.000000,https://spaceweather.astron.nl//SolarKSP/data/atdb_process/solar_bf_compressing/3773/874724/dynamic_spectra/LOFAR_20221031_144500_LBA_OUTER_S0.fits,2022-10-31,14:45:00.000000,874724_2022-10-31_14:45:00.000000,3
2001,874724_2022-10-31_15:00:00.000000,https://spaceweather.astron.nl//SolarKSP/data/atdb_process/solar_bf_compressing/3773/874724/dynamic_spectra/LOFAR_20221031_150000_LBA_OUTER_S0.fits,2022-10-31,15:00:00.000000,874724_2022-10-31_15:00:00.000000,6
2663,874728_2022-11-01_06:30:00.000000,https://spaceweather.astron.nl//SolarKSP/data/atdb_process/solar_bf_compressing/3816/874728/dynamic_spectra/LOFAR_20221101_063000_LBA_OUTER_S0.fits,2022-11-01,06:30:00.000000,874728_2022-11-01_06:30:00.000000,6
2679,874728_2022-11-01_06:45:00.000000,https://spaceweather.astron.nl//SolarKSP/data/atdb_process/solar_bf_compressing/3816/874728/dynamic_spectra/LOFAR_20221101_064500_LBA_OUTER_S0.fits,2022-11-01,06:45:00.000000,874728_2022-11-01_06:45:00.000000,6
2680,874728_2022-11-01_07:00:00.000000,https://spaceweather.astron.nl//SolarKSP/data/atdb_process/solar_bf_compressing/3816/874728/dynamic_spectra/LOFAR_20221101_070000_LBA_OUTER_S0.fits,2022-11-01,07:00:00.000000,874728_2022-11-01_07:00:00.000000,6
2669,874728_2022-11-01_07:15:00.000000,https://spaceweather.astron.nl//SolarKSP/data/atdb_process/solar_bf_compressing/3816/874728/dynamic_spectra/LOFAR_20221101_071500_LBA_OUTER_S0.fits,2022-11-01,07:15:00.000000,874728_2022-11-01_07:15:00.000000,6
2655,874728_2022-11-01_07:30:00.000000,https://spaceweather.astron.nl//SolarKSP/data/atdb_process/solar_bf_compressing/3816/874728/dynamic_spectra/LOFAR_20221101_073000_LBA_OUTER_S0.fits,2022-11-01,07:30:00.000000,874728_2022-11-01_07:30:00.000000,6
2672,874728_2022-11-01_07:45:00.000000,https://spaceweather.astron.nl//SolarKSP/data/atdb_process/solar_bf_compressing/3816/874728/dynamic_spectra/LOFAR_20221101_074500_LBA_OUTER_S0.fits,2022-11-01,07:45:00.000000,874728_2022-11-01_07:45:00.000000,6
2654,874728_2022-11-01_08:00:00.000000,https://spaceweather.astron.nl//SolarKSP/data/atdb_process/solar_bf_compressing/3816/874728/dynamic_spectra/LOFAR_20221101_080000_LBA_OUTER_S0.fits,2022-11-01,08:00:00.000000,874728_2022-11-01_08:00:00.000000,6
2675,874728_2022-11-01_08:15:00.000000,https://spaceweather.astron.nl//SolarKSP/data/atdb_process/solar_bf_compressing/3816/874728/dynamic_spectra/LOFAR_20221101_081500_LBA_OUTER_S0.fits,2022-11-01,08:15:00.000000,874728_2022-11-01_08:15:00.000000,6
2681,874728_2022-11-01_08:30:00.000000,https://spaceweather.astron.nl//SolarKSP/data/atdb_process/solar_bf_compressing/3816/874728/dynamic_spectra/LOFAR_20221101_083000_LBA_OUTER_S0.fits,2022-11-01,08:30:00.000000,874728_2022-11-01_08:30:00.000000,6
2660,874728_2022-11-01_08:45:00.000000,https://spaceweather.astron.nl//SolarKSP/data/atdb_process/solar_bf_compressing/3816/874728/dynamic_spectra/LOFAR_20221101_084500_LBA_OUTER_S0.fits,2022-11-01,08:45:00.000000,874728_2022-11-01_08:45:00.000000,6
2661,874728_2022-11-01_09:00:00.000000,https://spaceweather.astron.nl//SolarKSP/data/atdb_process/solar_bf_compressing/3816/874728/dynamic_spectra/LOFAR_20221101_090000_LBA_OUTER_S0.fits,2022-11-01,09:00:00.000000,874728_2022-11-01_09:00:00.000000,6
2684,874728_2022-11-01_09:15:00.000000,https://spaceweather.astron.nl//SolarKSP/data/atdb_process/solar_bf_compressing/3816/874728/dynamic_spectra/LOFAR_20221101_091500_LBA_OUTER_S0.fits,2022-11-01,09:15:00.000000,874728_2022-11-01_09:15:00.000000,6
2673,874728_2022-11-01_09:30:00.000000,https://spaceweather.astron.nl//SolarKSP/data/atdb_process/solar_bf_compressing/3816/874728/dynamic_spectra/LOFAR_20221101_093000_LBA_OUTER_S0.fits,2022-11-01,09:30:00.000000,874728_2022-11-01_09:30:00.000000,6
2652,874728_2022-11-01_09:45:00.000000,https://spaceweather.astron.nl//SolarKSP/data/atdb_process/solar_bf_compressing/3816/874728/dynamic_spectra/LOFAR_20221101_094500_LBA_OUTER_S0.fits,2022-11-01,09:45:00.000000,874728_2022-11-01_09:45:00.000000,6
2676,874728_2022-11-01_10:00:00.000000,https://spaceweather.astron.nl//SolarKSP/data/atdb_process/solar_bf_compressing/3816/874728/dynamic_spectra/LOFAR_20221101_100000_LBA_OUTER_S0.fits,2022-11-01,10:00:00.000000,874728_2022-11-01_10:00:00.000000,6
2653,874728_2022-11-01_10:15:00.000000,https://spaceweather.astron.nl//SolarKSP/data/atdb_process/solar_bf_compressing/3816/874728/dynamic_spectra/LOFAR_20221101_101500_LBA_OUTER_S0.fits,2022-11-01,10:15:00.000000,874728_2022-11-01_10:15:00.000000,6
2668,874728_2022-11-01_10:30:00.000000,https://spaceweather.astron.nl//SolarKSP/data/atdb_process/solar_bf_compressing/3816/874728/dynamic_spectra/LOFAR_20221101_103000_LBA_OUTER_S0.fits,2022-11-01,10:30:00.000000,874728_2022-11-01_10:30:00.000000,6
2682,874728_2022-11-01_10:45:00.000000,https://spaceweather.astron.nl//SolarKSP/data/atdb_process/solar_bf_compressing/3816/874728/dynamic_spectra/LOFAR_20221101_104500_LBA_OUTER_S0.fits,2022-11-01,10:45:00.000000,874728_2022-11-01_10:45:00.000000,6
2683,874728_2022-11-01_11:00:00.000000,https://spaceweather.astron.nl//SolarKSP/data/atdb_process/solar_bf_compressing/3816/874728/dynamic_spectra/LOFAR_20221101_110000_LBA_OUTER_S0.fits,2022-11-01,11:00:00.000000,874728_2022-11-01_11:00:00.000000,6
2662,874728_2022-11-01_11:15:00.000000,https://spaceweather.astron.nl//SolarKSP/data/atdb_process/solar_bf_compressing/3816/874728/dynamic_spectra/LOFAR_20221101_111500_LBA_OUTER_S0.fits,2022-11-01,11:15:00.000000,874728_2022-11-01_11:15:00.000000,6
2659,874728_2022-11-01_11:30:00.000000,https://spaceweather.astron.nl//SolarKSP/data/atdb_process/solar_bf_compressing/3816/874728/dynamic_spectra/LOFAR_20221101_113000_LBA_OUTER_S0.fits,2022-11-01,11:30:00.000000,874728_2022-11-01_11:30:00.000000,6
2674,874728_2022-11-01_11:45:00.000000,https://spaceweather.astron.nl//SolarKSP/data/atdb_process/solar_bf_compressing/3816/874728/dynamic_spectra/LOFAR_20221101_114500_LBA_OUTER_S0.fits,2022-11-01,11:45:00.000000,874728_2022-11-01_11:45:00.000000,6
2656,874728_2022-11-01_12:00:00.000000,https://spaceweather.astron.nl//SolarKSP/data/atdb_process/solar_bf_compressing/3816/874728/dynamic_spectra/LOFAR_20221101_120000_LBA_OUTER_S0.fits,2022-11-01,12:00:00.000000,874728_2022-11-01_12:00:00.000000,6
2670,874728_2022-11-01_12:15:00.000000,https://spaceweather.astron.nl//SolarKSP/data/atdb_process/solar_bf_compressing/3816/874728/dynamic_spectra/LOFAR_20221101_121500_LBA_OUTER_S0.fits,2022-11-01,12:15:00.000000,874728_2022-11-01_12:15:00.000000,6
2685,874728_2022-11-01_12:30:00.000000,https://spaceweather.astron.nl//SolarKSP/data/atdb_process/solar_bf_compressing/3816/874728/dynamic_spectra/LOFAR_20221101_123000_LBA_OUTER_S0.fits,2022-11-01,12:30:00.000000,874728_2022-11-01_12:30:00.000000,6
2667,874728_2022-11-01_12:45:00.000000,https://spaceweather.astron.nl//SolarKSP/data/atdb_process/solar_bf_compressing/3816/874728/dynamic_spectra/LOFAR_20221101_124500_LBA_OUTER_S0.fits,2022-11-01,12:45:00.000000,874728_2022-11-01_12:45:00.000000,6
2665,874728_2022-11-01_13:00:00.000000,https://spaceweather.astron.nl//SolarKSP/data/atdb_process/solar_bf_compressing/3816/874728/dynamic_spectra/LOFAR_20221101_130000_LBA_OUTER_S0.fits,2022-11-01,13:00:00.000000,874728_2022-11-01_13:00:00.000000,6
2678,874728_2022-11-01_13:15:00.000000,https://spaceweather.astron.nl//SolarKSP/data/atdb_process/solar_bf_compressing/3816/874728/dynamic_spectra/LOFAR_20221101_131500_LBA_OUTER_S0.fits,2022-11-01,13:15:00.000000,874728_2022-11-01_13:15:00.000000,6
2677,874728_2022-11-01_13:30:00.000000,https://spaceweather.astron.nl//SolarKSP/data/atdb_process/solar_bf_compressing/3816/874728/dynamic_spectra/LOFAR_20221101_133000_LBA_OUTER_S0.fits,2022-11-01,13:30:00.000000,874728_2022-11-01_13:30:00.000000,6
2657,874728_2022-11-01_13:45:00.000000,https://spaceweather.astron.nl//SolarKSP/data/atdb_process/solar_bf_compressing/3816/874728/dynamic_spectra/LOFAR_20221101_134500_LBA_OUTER_S0.fits,2022-11-01,13:45:00.000000,874728_2022-11-01_13:45:00.000000,6
2658,874728_2022-11-01_14:00:00.000000,https://spaceweather.astron.nl//SolarKSP/data/atdb_process/solar_bf_compressing/3816/874728/dynamic_spectra/LOFAR_20221101_140000_LBA_OUTER_S0.fits,2022-11-01,14:00:00.000000,874728_2022-11-01_14:00:00.000000,6
2671,874728_2022-11-01_14:15:00.000000,https://spaceweather.astron.nl//SolarKSP/data/atdb_process/solar_bf_compressing/3816/874728/dynamic_spectra/LOFAR_20221101_141500_LBA_OUTER_S0.fits,2022-11-01,14:15:00.000000,874728_2022-11-01_14:15:00.000000,6
2686,874728_2022-11-01_14:30:00.000000,https://spaceweather.astron.nl//SolarKSP/data/atdb_process/solar_bf_compressing/3816/874728/dynamic_spectra/LOFAR_20221101_143000_LBA_OUTER_S0.fits,2022-11-01,14:30:00.000000,874728_2022-11-01_14:30:00.000000,6
2664,874728_2022-11-01_14:45:00.000000,https://spaceweather.astron.nl//SolarKSP/data/atdb_process/solar_bf_compressing/3816/874728/dynamic_spectra/LOFAR_20221101_144500_LBA_OUTER_S0.fits,2022-11-01,14:45:00.000000,874728_2022-11-01_14:45:00.000000,6
2666,874728_2022-11-01_15:00:00.000000,https://spaceweather.astron.nl//SolarKSP/data/atdb_process/solar_bf_compressing/3816/874728/dynamic_spectra/LOFAR_20221101_150000_LBA_OUTER_S0.fits,2022-11-01,15:00:00.000000,874728_2022-11-01_15:00:00.000000,6
1215,874764_2022-11-10_06:30:00.000000,https://spaceweather.astron.nl//SolarKSP/data/atdb_process/solar_bf_compressing/3861/874764/dynamic_spectra/LOFAR_20221110_063000_LBA_OUTER_S0.fits,2022-11-10,06:30:00.000000,874764_2022-11-10_06:30:00.000000,6
1233,874764_2022-11-10_06:45:00.000000,https://spaceweather.astron.nl//SolarKSP/data/atdb_process/solar_bf_compressing/3861/874764/dynamic_spectra/LOFAR_20221110_064500_LBA_OUTER_S0.fits,2022-11-10,06:45:00.000000,874764_2022-11-10_06:45:00.000000,6
1231,874764_2022-11-10_07:00:00.000000,https://spaceweather.astron.nl//SolarKSP/data/atdb_process/solar_bf_compressing/3861/874764/dynamic_spectra/LOFAR_20221110_070000_LBA_OUTER_S0.fits,2022-11-10,07:00:00.000000,874764_2022-11-10_07:00:00.000000,1
1218,874764_2022-11-10_07:15:00.000000,https://spaceweather.astron.nl//SolarKSP/data/atdb_process/solar_bf_compressing/3861/874764/dynamic_spectra/LOFAR_20221110_071500_LBA_OUTER_S0.fits,2022-11-10,07:15:00.000000,874764_2022-11-10_07:15:00.000000,6
1207,874764_2022-11-10_07:30:00.000000,https://spaceweather.astron.nl//SolarKSP/data/atdb_process/solar_bf_compressing/3861/874764/dynamic_spectra/LOFAR_20221110_073000_LBA_OUTER_S0.fits,2022-11-10,07:30:00.000000,874764_2022-11-10_07:30:00.000000,6
1224,874764_2022-11-10_07:45:00.000000,https://spaceweather.astron.nl//SolarKSP/data/atdb_process/solar_bf_compressing/3861/874764/dynamic_spectra/LOFAR_20221110_074500_LBA_OUTER_S0.fits,2022-11-10,07:45:00.000000,874764_2022-11-10_07:45:00.000000,1
1205,874764_2022-11-10_08:00:00.000000,https://spaceweather.astron.nl//SolarKSP/data/atdb_process/solar_bf_compressing/3861/874764/dynamic_spectra/LOFAR_20221110_080000_LBA_OUTER_S0.fits,2022-11-10,08:00:00.000000,874764_2022-11-10_08:00:00.000000,1
1229,874764_2022-11-10_08:15:00.000000,https://spaceweather.astron.nl//SolarKSP/data/atdb_process/solar_bf_compressing/3861/874764/dynamic_spectra/LOFAR_20221110_081500_LBA_OUTER_S0.fits,2022-11-10,08:15:00.000000,874764_2022-11-10_08:15:00.000000,1
1232,874764_2022-11-10_08:30:00.000000,https://spaceweather.astron.nl//SolarKSP/data/atdb_process/solar_bf_compressing/3861/874764/dynamic_spectra/LOFAR_20221110_083000_LBA_OUTER_S0.fits,2022-11-10,08:30:00.000000,874764_2022-11-10_08:30:00.000000,6
1216,874764_2022-11-10_08:45:00.000000,https://spaceweather.astron.nl//SolarKSP/data/atdb_process/solar_bf_compressing/3861/874764/dynamic_spectra/LOFAR_20221110_084500_LBA_OUTER_S0.fits,2022-11-10,08:45:00.000000,874764_2022-11-10_08:45:00.000000,1
1214,874764_2022-11-10_09:00:00.000000,https://spaceweather.astron.nl//SolarKSP/data/atdb_process/solar_bf_compressing/3861/874764/dynamic_spectra/LOFAR_20221110_090000_LBA_OUTER_S0.fits,2022-11-10,09:00:00.000000,874764_2022-11-10_09:00:00.000000,1
1237,874764_2022-11-10_09:15:00.000000,https://spaceweather.astron.nl//SolarKSP/data/atdb_process/solar_bf_compressing/3861/874764/dynamic_spectra/LOFAR_20221110_091500_LBA_OUTER_S0.fits,2022-11-10,09:15:00.000000,874764_2022-11-10_09:15:00.000000,1
1223,874764_2022-11-10_09:30:00.000000,https://spaceweather.astron.nl//SolarKSP/data/atdb_process/solar_bf_compressing/3861/874764/dynamic_spectra/LOFAR_20221110_093000_LBA_OUTER_S0.fits,2022-11-10,09:30:00.000000,874764_2022-11-10_09:30:00.000000,1
1208,874764_2022-11-10_09:45:00.000000,https://spaceweather.astron.nl//SolarKSP/data/atdb_process/solar_bf_compressing/3861/874764/dynamic_spectra/LOFAR_20221110_094500_LBA_OUTER_S0.fits,2022-11-10,09:45:00.000000,874764_2022-11-10_09:45:00.000000,6
1228,874764_2022-11-10_10:00:00.000000,https://spaceweather.astron.nl//SolarKSP/data/atdb_process/solar_bf_compressing/3861/874764/dynamic_spectra/LOFAR_20221110_100000_LBA_OUTER_S0.fits,2022-11-10,10:00:00.000000,874764_2022-11-10_10:00:00.000000,1
1206,874764_2022-11-10_10:15:00.000000,https://spaceweather.astron.nl//SolarKSP/data/atdb_process/solar_bf_compressing/3861/874764/dynamic_spectra/LOFAR_20221110_101500_LBA_OUTER_S0.fits,2022-11-10,10:15:00.000000,874764_2022-11-10_10:15:00.000000,6
1217,874764_2022-11-10_10:30:00.000000,https://spaceweather.astron.nl//SolarKSP/data/atdb_process/solar_bf_compressing/3861/874764/dynamic_spectra/LOFAR_20221110_103000_LBA_OUTER_S0.fits,2022-11-10,10:30:00.000000,874764_2022-11-10_10:30:00.000000,6
1239,874764_2022-11-10_10:45:00.000000,https://spaceweather.astron.nl//SolarKSP/data/atdb_process/solar_bf_compressing/3861/874764/dynamic_spectra/LOFAR_20221110_104500_LBA_OUTER_S0.fits,2022-11-10,10:45:00.000000,874764_2022-11-10_10:45:00.000000,1
1238,874764_2022-11-10_11:00:00.000000,https://spaceweather.astron.nl//SolarKSP/data/atdb_process/solar_bf_compressing/3861/874764/dynamic_spectra/LOFAR_20221110_110000_LBA_OUTER_S0.fits,2022-11-10,11:00:00.000000,874764_2022-11-10_11:00:00.000000,1
1213,874764_2022-11-10_11:15:00.000000,https://spaceweather.astron.nl//SolarKSP/data/atdb_process/solar_bf_compressing/3861/874764/dynamic_spectra/LOFAR_20221110_111500_LBA_OUTER_S0.fits,2022-11-10,11:15:00.000000,874764_2022-11-10_11:15:00.000000,3
1209,874764_2022-11-10_11:30:00.000000,https://spaceweather.astron.nl//SolarKSP/data/atdb_process/solar_bf_compressing/3861/874764/dynamic_spectra/LOFAR_20221110_113000_LBA_OUTER_S0.fits,2022-11-10,11:30:00.000000,874764_2022-11-10_11:30:00.000000,3
1230,874764_2022-11-10_11:45:00.000000,https://spaceweather.astron.nl//SolarKSP/data/atdb_process/solar_bf_compressing/3861/874764/dynamic_spectra/LOFAR_20221110_114500_LBA_OUTER_S0.fits,2022-11-10,11:45:00.000000,874764_2022-11-10_11:45:00.000000,1
1212,874764_2022-11-10_12:00:00.000000,https://spaceweather.astron.nl//SolarKSP/data/atdb_process/solar_bf_compressing/3861/874764/dynamic_spectra/LOFAR_20221110_120000_LBA_OUTER_S0.fits,2022-11-10,12:00:00.000000,874764_2022-11-10_12:00:00.000000,3
1226,874764_2022-11-10_12:15:00.000000,https://spaceweather.astron.nl//SolarKSP/data/atdb_process/solar_bf_compressing/3861/874764/dynamic_spectra/LOFAR_20221110_121500_LBA_OUTER_S0.fits,2022-11-10,12:15:00.000000,874764_2022-11-10_12:15:00.000000,1
1236,874764_2022-11-10_12:30:00.000000,https://spaceweather.astron.nl//SolarKSP/data/atdb_process/solar_bf_compressing/3861/874764/dynamic_spectra/LOFAR_20221110_123000_LBA_OUTER_S0.fits,2022-11-10,12:30:00.000000,874764_2022-11-10_12:30:00.000000,1
1219,874764_2022-11-10_12:45:00.000000,https://spaceweather.astron.nl//SolarKSP/data/atdb_process/solar_bf_compressing/3861/874764/dynamic_spectra/LOFAR_20221110_124500_LBA_OUTER_S0.fits,2022-11-10,12:45:00.000000,874764_2022-11-10_12:45:00.000000,1
1221,874764_2022-11-10_13:00:00.000000,https://spaceweather.astron.nl//SolarKSP/data/atdb_process/solar_bf_compressing/3861/874764/dynamic_spectra/LOFAR_20221110_130000_LBA_OUTER_S0.fits,2022-11-10,13:00:00.000000,874764_2022-11-10_13:00:00.000000,6
1234,874764_2022-11-10_13:15:00.000000,https://spaceweather.astron.nl//SolarKSP/data/atdb_process/solar_bf_compressing/3861/874764/dynamic_spectra/LOFAR_20221110_131500_LBA_OUTER_S0.fits,2022-11-10,13:15:00.000000,874764_2022-11-10_13:15:00.000000,6
1227,874764_2022-11-10_13:30:00.000000,https://spaceweather.astron.nl//SolarKSP/data/atdb_process/solar_bf_compressing/3861/874764/dynamic_spectra/LOFAR_20221110_133000_LBA_OUTER_S0.fits,2022-11-10,13:30:00.000000,874764_2022-11-10_13:30:00.000000,1
1211,874764_2022-11-10_13:45:00.000000,https://spaceweather.astron.nl//SolarKSP/data/atdb_process/solar_bf_compressing/3861/874764/dynamic_spectra/LOFAR_20221110_134500_LBA_OUTER_S0.fits,2022-11-10,13:45:00.000000,874764_2022-11-10_13:45:00.000000,3
1210,874764_2022-11-10_14:00:00.000000,https://spaceweather.astron.nl//SolarKSP/data/atdb_process/solar_bf_compressing/3861/874764/dynamic_spectra/LOFAR_20221110_140000_LBA_OUTER_S0.fits,2022-11-10,14:00:00.000000,874764_2022-11-10_14:00:00.000000,1
1225,874764_2022-11-10_14:15:00.000000,https://spaceweather.astron.nl//SolarKSP/data/atdb_process/solar_bf_compressing/3861/874764/dynamic_spectra/LOFAR_20221110_141500_LBA_OUTER_S0.fits,2022-11-10,14:15:00.000000,874764_2022-11-10_14:15:00.000000,3
1235,874764_2022-11-10_14:30:00.000000,https://spaceweather.astron.nl//SolarKSP/data/atdb_process/solar_bf_compressing/3861/874764/dynamic_spectra/LOFAR_20221110_143000_LBA_OUTER_S0.fits,2022-11-10,14:30:00.000000,874764_2022-11-10_14:30:00.000000,1
1222,874764_2022-11-10_14:45:00.000000,https://spaceweather.astron.nl//SolarKSP/data/atdb_process/solar_bf_compressing/3861/874764/dynamic_spectra/LOFAR_20221110_144500_LBA_OUTER_S0.fits,2022-11-10,14:45:00.000000,874764_2022-11-10_14:45:00.000000,6
1220,874764_2022-11-10_15:00:00.000000,https://spaceweather.astron.nl//SolarKSP/data/atdb_process/solar_bf_compressing/3861/874764/dynamic_spectra/LOFAR_20221110_150000_LBA_OUTER_S0.fits,2022-11-10,15:00:00.000000,874764_2022-11-10_15:00:00.000000,6
2100,874788_2022-11-16_06:30:00.000000,https://spaceweather.astron.nl//SolarKSP/data/atdb_process/solar_bf_compressing/3775/874788/dynamic_spectra/LOFAR_20221116_063000_LBA_OUTER_S0.fits,2022-11-16,06:30:00.000000,874788_2022-11-16_06:30:00.000000,3
2118,874788_2022-11-16_06:45:00.000000,https://spaceweather.astron.nl//SolarKSP/data/atdb_process/solar_bf_compressing/3775/874788/dynamic_spectra/LOFAR_20221116_064500_LBA_OUTER_S0.fits,2022-11-16,06:45:00.000000,874788_2022-11-16_06:45:00.000000,6
2120,874788_2022-11-16_07:00:00.000000,https://spaceweather.astron.nl//SolarKSP/data/atdb_process/solar_bf_compressing/3775/874788/dynamic_spectra/LOFAR_20221116_070000_LBA_OUTER_S0.fits,2022-11-16,07:00:00.000000,874788_2022-11-16_07:00:00.000000,6
2107,874788_2022-11-16_07:15:00.000000,https://spaceweather.astron.nl//SolarKSP/data/atdb_process/solar_bf_compressing/3775/874788/dynamic_spectra/LOFAR_20221116_071500_LBA_OUTER_S0.fits,2022-11-16,07:15:00.000000,874788_2022-11-16_07:15:00.000000,6
2110,874788_2022-11-16_07:30:00.000000,https://spaceweather.astron.nl//SolarKSP/data/atdb_process/solar_bf_compressing/3775/874788/dynamic_spectra/LOFAR_20221116_073000_LBA_OUTER_S0.fits,2022-11-16,07:30:00.000000,874788_2022-11-16_07:30:00.000000,3
2128,874788_2022-11-16_07:45:00.000000,https://spaceweather.astron.nl//SolarKSP/data/atdb_process/solar_bf_compressing/3775/874788/dynamic_spectra/LOFAR_20221116_074500_LBA_OUTER_S0.fits,2022-11-16,07:45:00.000000,874788_2022-11-16_07:45:00.000000,6
2112,874788_2022-11-16_08:00:00.000000,https://spaceweather.astron.nl//SolarKSP/data/atdb_process/solar_bf_compressing/3775/874788/dynamic_spectra/LOFAR_20221116_080000_LBA_OUTER_S0.fits,2022-11-16,08:00:00.000000,874788_2022-11-16_08:00:00.000000,6
2131,874788_2022-11-16_08:15:00.000000,https://spaceweather.astron.nl//SolarKSP/data/atdb_process/solar_bf_compressing/3775/874788/dynamic_spectra/LOFAR_20221116_081500_LBA_OUTER_S0.fits,2022-11-16,08:15:00.000000,874788_2022-11-16_08:15:00.000000,6
2119,874788_2022-11-16_08:30:00.000000,https://spaceweather.astron.nl//SolarKSP/data/atdb_process/solar_bf_compressing/3775/874788/dynamic_spectra/LOFAR_20221116_083000_LBA_OUTER_S0.fits,2022-11-16,08:30:00.000000,874788_2022-11-16_08:30:00.000000,6
2099,874788_2022-11-16_08:45:00.000000,https://spaceweather.astron.nl//SolarKSP/data/atdb_process/solar_bf_compressing/3775/874788/dynamic_spectra/LOFAR_20221116_084500_LBA_OUTER_S0.fits,2022-11-16,08:45:00.000000,874788_2022-11-16_08:45:00.000000,6
2101,874788_2022-11-16_09:00:00.000000,https://spaceweather.astron.nl//SolarKSP/data/atdb_process/solar_bf_compressing/3775/874788/dynamic_spectra/LOFAR_20221116_090000_LBA_OUTER_S0.fits,2022-11-16,09:00:00.000000,874788_2022-11-16_09:00:00.000000,6
2123,874788_2022-11-16_09:15:00.000000,https://spaceweather.astron.nl//SolarKSP/data/atdb_process/solar_bf_compressing/3775/874788/dynamic_spectra/LOFAR_20221116_091500_LBA_OUTER_S0.fits,2022-11-16,09:15:00.000000,874788_2022-11-16_09:15:00.000000,3
2129,874788_2022-11-16_09:30:00.000000,https://spaceweather.astron.nl//SolarKSP/data/atdb_process/solar_bf_compressing/3775/874788/dynamic_spectra/LOFAR_20221116_093000_LBA_OUTER_S0.fits,2022-11-16,09:30:00.000000,874788_2022-11-16_09:30:00.000000,3
2109,874788_2022-11-16_09:45:00.000000,https://spaceweather.astron.nl//SolarKSP/data/atdb_process/solar_bf_compressing/3775/874788/dynamic_spectra/LOFAR_20221116_094500_LBA_OUTER_S0.fits,2022-11-16,09:45:00.000000,874788_2022-11-16_09:45:00.000000,6
2132,874788_2022-11-16_10:00:00.000000,https://spaceweather.astron.nl//SolarKSP/data/atdb_process/solar_bf_compressing/3775/874788/dynamic_spectra/LOFAR_20221116_100000_LBA_OUTER_S0.fits,2022-11-16,10:00:00.000000,874788_2022-11-16_10:00:00.000000,6
2111,874788_2022-11-16_10:15:00.000000,https://spaceweather.astron.nl//SolarKSP/data/atdb_process/solar_bf_compressing/3775/874788/dynamic_spectra/LOFAR_20221116_101500_LBA_OUTER_S0.fits,2022-11-16,10:15:00.000000,874788_2022-11-16_10:15:00.000000,5
2108,874788_2022-11-16_10:30:00.000000,https://spaceweather.astron.nl//SolarKSP/data/atdb_process/solar_bf_compressing/3775/874788/dynamic_spectra/LOFAR_20221116_103000_LBA_OUTER_S0.fits,2022-11-16,10:30:00.000000,874788_2022-11-16_10:30:00.000000,6
2121,874788_2022-11-16_10:45:00.000000,https://spaceweather.astron.nl//SolarKSP/data/atdb_process/solar_bf_compressing/3775/874788/dynamic_spectra/LOFAR_20221116_104500_LBA_OUTER_S0.fits,2022-11-16,10:45:00.000000,874788_2022-11-16_10:45:00.000000,3
2122,874788_2022-11-16_11:00:00.000000,https://spaceweather.astron.nl//SolarKSP/data/atdb_process/solar_bf_compressing/3775/874788/dynamic_spectra/LOFAR_20221116_110000_LBA_OUTER_S0.fits,2022-11-16,11:00:00.000000,874788_2022-11-16_11:00:00.000000,6
2102,874788_2022-11-16_11:15:00.000000,https://spaceweather.astron.nl//SolarKSP/data/atdb_process/solar_bf_compressing/3775/874788/dynamic_spectra/LOFAR_20221116_111500_LBA_OUTER_S0.fits,2022-11-16,11:15:00.000000,874788_2022-11-16_11:15:00.000000,6
2116,874788_2022-11-16_11:30:00.000000,https://spaceweather.astron.nl//SolarKSP/data/atdb_process/solar_bf_compressing/3775/874788/dynamic_spectra/LOFAR_20221116_113000_LBA_OUTER_S0.fits,2022-11-16,11:30:00.000000,874788_2022-11-16_11:30:00.000000,1
2130,874788_2022-11-16_11:45:00.000000,https://spaceweather.astron.nl//SolarKSP/data/atdb_process/solar_bf_compressing/3775/874788/dynamic_spectra/LOFAR_20221116_114500_LBA_OUTER_S0.fits,2022-11-16,11:45:00.000000,874788_2022-11-16_11:45:00.000000,3
2113,874788_2022-11-16_12:00:00.000000,https://spaceweather.astron.nl//SolarKSP/data/atdb_process/solar_bf_compressing/3775/874788/dynamic_spectra/LOFAR_20221116_120000_LBA_OUTER_S0.fits,2022-11-16,12:00:00.000000,874788_2022-11-16_12:00:00.000000,3
2126,874788_2022-11-16_12:15:00.000000,https://spaceweather.astron.nl//SolarKSP/data/atdb_process/solar_bf_compressing/3775/874788/dynamic_spectra/LOFAR_20221116_121500_LBA_OUTER_S0.fits,2022-11-16,12:15:00.000000,874788_2022-11-16_12:15:00.000000,3
2124,874788_2022-11-16_12:30:00.000000,https://spaceweather.astron.nl//SolarKSP/data/atdb_process/solar_bf_compressing/3775/874788/dynamic_spectra/LOFAR_20221116_123000_LBA_OUTER_S0.fits,2022-11-16,12:30:00.000000,874788_2022-11-16_12:30:00.000000,6
2105,874788_2022-11-16_12:45:00.000000,https://spaceweather.astron.nl//SolarKSP/data/atdb_process/solar_bf_compressing/3775/874788/dynamic_spectra/LOFAR_20221116_124500_LBA_OUTER_S0.fits,2022-11-16,12:45:00.000000,874788_2022-11-16_12:45:00.000000,6
2103,874788_2022-11-16_13:00:00.000000,https://spaceweather.astron.nl//SolarKSP/data/atdb_process/solar_bf_compressing/3775/874788/dynamic_spectra/LOFAR_20221116_130000_LBA_OUTER_S0.fits,2022-11-16,13:00:00.000000,874788_2022-11-16_13:00:00.000000,6
2117,874788_2022-11-16_13:15:00.000000,https://spaceweather.astron.nl//SolarKSP/data/atdb_process/solar_bf_compressing/3775/874788/dynamic_spectra/LOFAR_20221116_131500_LBA_OUTER_S0.fits,2022-11-16,13:15:00.000000,874788_2022-11-16_13:15:00.000000,6
2133,874788_2022-11-16_13:30:00.000000,https://spaceweather.astron.nl//SolarKSP/data/atdb_process/solar_bf_compressing/3775/874788/dynamic_spectra/LOFAR_20221116_133000_LBA_OUTER_S0.fits,2022-11-16,13:30:00.000000,874788_2022-11-16_13:30:00.000000,6
2115,874788_2022-11-16_13:45:00.000000,https://spaceweather.astron.nl//SolarKSP/data/atdb_process/solar_bf_compressing/3775/874788/dynamic_spectra/LOFAR_20221116_134500_LBA_OUTER_S0.fits,2022-11-16,13:45:00.000000,874788_2022-11-16_13:45:00.000000,1
2114,874788_2022-11-16_14:00:00.000000,https://spaceweather.astron.nl//SolarKSP/data/atdb_process/solar_bf_compressing/3775/874788/dynamic_spectra/LOFAR_20221116_140000_LBA_OUTER_S0.fits,2022-11-16,14:00:00.000000,874788_2022-11-16_14:00:00.000000,1
2127,874788_2022-11-16_14:15:00.000000,https://spaceweather.astron.nl//SolarKSP/data/atdb_process/solar_bf_compressing/3775/874788/dynamic_spectra/LOFAR_20221116_141500_LBA_OUTER_S0.fits,2022-11-16,14:15:00.000000,874788_2022-11-16_14:15:00.000000,6
2125,874788_2022-11-16_14:30:00.000000,https://spaceweather.astron.nl//SolarKSP/data/atdb_process/solar_bf_compressing/3775/874788/dynamic_spectra/LOFAR_20221116_143000_LBA_OUTER_S0.fits,2022-11-16,14:30:00.000000,874788_2022-11-16_14:30:00.000000,6
2104,874788_2022-11-16_14:45:00.000000,https://spaceweather.astron.nl//SolarKSP/data/atdb_process/solar_bf_compressing/3775/874788/dynamic_spectra/LOFAR_20221116_144500_LBA_OUTER_S0.fits,2022-11-16,14:45:00.000000,874788_2022-11-16_14:45:00.000000,3
2106,874788_2022-11-16_15:00:00.000000,https://spaceweather.astron.nl//SolarKSP/data/atdb_process/solar_bf_compressing/3775/874788/dynamic_spectra/LOFAR_20221116_150000_LBA_OUTER_S0.fits,2022-11-16,15:00:00.000000,874788_2022-11-16_15:00:00.000000,6
2704,874792_2022-11-17_06:30:00.000000,https://spaceweather.astron.nl//SolarKSP/data/atdb_process/solar_bf_compressing/3818/874792/dynamic_spectra/LOFAR_20221117_063000_LBA_OUTER_S0.fits,2022-11-17,06:30:00.000000,874792_2022-11-17_06:30:00.000000,6
2719,874792_2022-11-17_06:45:00.000000,https://spaceweather.astron.nl//SolarKSP/data/atdb_process/solar_bf_compressing/3818/874792/dynamic_spectra/LOFAR_20221117_064500_LBA_OUTER_S0.fits,2022-11-17,06:45:00.000000,874792_2022-11-17_06:45:00.000000,6
2720,874792_2022-11-17_07:00:00.000000,https://spaceweather.astron.nl//SolarKSP/data/atdb_process/solar_bf_compressing/3818/874792/dynamic_spectra/LOFAR_20221117_070000_LBA_OUTER_S0.fits,2022-11-17,07:00:00.000000,874792_2022-11-17_07:00:00.000000,6
2700,874792_2022-11-17_07:15:00.000000,https://spaceweather.astron.nl//SolarKSP/data/atdb_process/solar_bf_compressing/3818/874792/dynamic_spectra/LOFAR_20221117_071500_LBA_OUTER_S0.fits,2022-11-17,07:15:00.000000,874792_2022-11-17_07:15:00.000000,6
2694,874792_2022-11-17_07:30:00.000000,https://spaceweather.astron.nl//SolarKSP/data/atdb_process/solar_bf_compressing/3818/874792/dynamic_spectra/LOFAR_20221117_073000_LBA_OUTER_S0.fits,2022-11-17,07:30:00.000000,874792_2022-11-17_07:30:00.000000,1
2711,874792_2022-11-17_07:45:00.000000,https://spaceweather.astron.nl//SolarKSP/data/atdb_process/solar_bf_compressing/3818/874792/dynamic_spectra/LOFAR_20221117_074500_LBA_OUTER_S0.fits,2022-11-17,07:45:00.000000,874792_2022-11-17_07:45:00.000000,1
2693,874792_2022-11-17_08:00:00.000000,https://spaceweather.astron.nl//SolarKSP/data/atdb_process/solar_bf_compressing/3818/874792/dynamic_spectra/LOFAR_20221117_080000_LBA_OUTER_S0.fits,2022-11-17,08:00:00.000000,874792_2022-11-17_08:00:00.000000,1
2706,874792_2022-11-17_08:15:00.000000,https://spaceweather.astron.nl//SolarKSP/data/atdb_process/solar_bf_compressing/3818/874792/dynamic_spectra/LOFAR_20221117_081500_LBA_OUTER_S0.fits,2022-11-17,08:15:00.000000,874792_2022-11-17_08:15:00.000000,1
2721,874792_2022-11-17_08:30:00.000000,https://spaceweather.astron.nl//SolarKSP/data/atdb_process/solar_bf_compressing/3818/874792/dynamic_spectra/LOFAR_20221117_083000_LBA_OUTER_S0.fits,2022-11-17,08:30:00.000000,874792_2022-11-17_08:30:00.000000,1
2701,874792_2022-11-17_08:45:00.000000,https://spaceweather.astron.nl//SolarKSP/data/atdb_process/solar_bf_compressing/3818/874792/dynamic_spectra/LOFAR_20221117_084500_LBA_OUTER_S0.fits,2022-11-17,08:45:00.000000,874792_2022-11-17_08:45:00.000000,1
2702,874792_2022-11-17_09:00:00.000000,https://spaceweather.astron.nl//SolarKSP/data/atdb_process/solar_bf_compressing/3818/874792/dynamic_spectra/LOFAR_20221117_090000_LBA_OUTER_S0.fits,2022-11-17,09:00:00.000000,874792_2022-11-17_09:00:00.000000,3
2715,874792_2022-11-17_09:15:00.000000,https://spaceweather.astron.nl//SolarKSP/data/atdb_process/solar_bf_compressing/3818/874792/dynamic_spectra/LOFAR_20221117_091500_LBA_OUTER_S0.fits,2022-11-17,09:15:00.000000,874792_2022-11-17_09:15:00.000000,1
2712,874792_2022-11-17_09:30:00.000000,https://spaceweather.astron.nl//SolarKSP/data/atdb_process/solar_bf_compressing/3818/874792/dynamic_spectra/LOFAR_20221117_093000_LBA_OUTER_S0.fits,2022-11-17,09:30:00.000000,874792_2022-11-17_09:30:00.000000,1
2691,874792_2022-11-17_09:45:00.000000,https://spaceweather.astron.nl//SolarKSP/data/atdb_process/solar_bf_compressing/3818/874792/dynamic_spectra/LOFAR_20221117_094500_LBA_OUTER_S0.fits,2022-11-17,09:45:00.000000,874792_2022-11-17_09:45:00.000000,1
2707,874792_2022-11-17_10:00:00.000000,https://spaceweather.astron.nl//SolarKSP/data/atdb_process/solar_bf_compressing/3818/874792/dynamic_spectra/LOFAR_20221117_100000_LBA_OUTER_S0.fits,2022-11-17,10:00:00.000000,874792_2022-11-17_10:00:00.000000,1
2692,874792_2022-11-17_10:15:00.000000,https://spaceweather.astron.nl//SolarKSP/data/atdb_process/solar_bf_compressing/3818/874792/dynamic_spectra/LOFAR_20221117_101500_LBA_OUTER_S0.fits,2022-11-17,10:15:00.000000,874792_2022-11-17_10:15:00.000000,1
2699,874792_2022-11-17_10:30:00.000000,https://spaceweather.astron.nl//SolarKSP/data/atdb_process/solar_bf_compressing/3818/874792/dynamic_spectra/LOFAR_20221117_103000_LBA_OUTER_S0.fits,2022-11-17,10:30:00.000000,874792_2022-11-17_10:30:00.000000,1
2713,874792_2022-11-17_10:45:00.000000,https://spaceweather.astron.nl//SolarKSP/data/atdb_process/solar_bf_compressing/3818/874792/dynamic_spectra/LOFAR_20221117_104500_LBA_OUTER_S0.fits,2022-11-17,10:45:00.000000,874792_2022-11-17_10:45:00.000000,1
2714,874792_2022-11-17_11:00:00.000000,https://spaceweather.astron.nl//SolarKSP/data/atdb_process/solar_bf_compressing/3818/874792/dynamic_spectra/LOFAR_20221117_110000_LBA_OUTER_S0.fits,2022-11-17,11:00:00.000000,874792_2022-11-17_11:00:00.000000,1
2703,874792_2022-11-17_11:15:00.000000,https://spaceweather.astron.nl//SolarKSP/data/atdb_process/solar_bf_compressing/3818/874792/dynamic_spectra/LOFAR_20221117_111500_LBA_OUTER_S0.fits,2022-11-17,11:15:00.000000,874792_2022-11-17_11:15:00.000000,1
2690,874792_2022-11-17_11:30:00.000000,https://spaceweather.astron.nl//SolarKSP/data/atdb_process/solar_bf_compressing/3818/874792/dynamic_spectra/LOFAR_20221117_113000_LBA_OUTER_S0.fits,2022-11-17,11:30:00.000000,874792_2022-11-17_11:30:00.000000,1
2705,874792_2022-11-17_11:45:00.000000,https://spaceweather.astron.nl//SolarKSP/data/atdb_process/solar_bf_compressing/3818/874792/dynamic_spectra/LOFAR_20221117_114500_LBA_OUTER_S0.fits,2022-11-17,11:45:00.000000,874792_2022-11-17_11:45:00.000000,6
2687,874792_2022-11-17_12:00:00.000000,https://spaceweather.astron.nl//SolarKSP/data/atdb_process/solar_bf_compressing/3818/874792/dynamic_spectra/LOFAR_20221117_120000_LBA_OUTER_S0.fits,2022-11-17,12:00:00.000000,874792_2022-11-17_12:00:00.000000,1
2709,874792_2022-11-17_12:15:00.000000,https://spaceweather.astron.nl//SolarKSP/data/atdb_process/solar_bf_compressing/3818/874792/dynamic_spectra/LOFAR_20221117_121500_LBA_OUTER_S0.fits,2022-11-17,12:15:00.000000,874792_2022-11-17_12:15:00.000000,1
2716,874792_2022-11-17_12:30:00.000000,https://spaceweather.astron.nl//SolarKSP/data/atdb_process/solar_bf_compressing/3818/874792/dynamic_spectra/LOFAR_20221117_123000_LBA_OUTER_S0.fits,2022-11-17,12:30:00.000000,874792_2022-11-17_12:30:00.000000,1
2697,874792_2022-11-17_12:45:00.000000,https://spaceweather.astron.nl//SolarKSP/data/atdb_process/solar_bf_compressing/3818/874792/dynamic_spectra/LOFAR_20221117_124500_LBA_OUTER_S0.fits,2022-11-17,12:45:00.000000,874792_2022-11-17_12:45:00.000000,1
2695,874792_2022-11-17_13:00:00.000000,https://spaceweather.astron.nl//SolarKSP/data/atdb_process/solar_bf_compressing/3818/874792/dynamic_spectra/LOFAR_20221117_130000_LBA_OUTER_S0.fits,2022-11-17,13:00:00.000000,874792_2022-11-17_13:00:00.000000,1
2718,874792_2022-11-17_13:15:00.000000,https://spaceweather.astron.nl//SolarKSP/data/atdb_process/solar_bf_compressing/3818/874792/dynamic_spectra/LOFAR_20221117_131500_LBA_OUTER_S0.fits,2022-11-17,13:15:00.000000,874792_2022-11-17_13:15:00.000000,6
2708,874792_2022-11-17_13:30:00.000000,https://spaceweather.astron.nl//SolarKSP/data/atdb_process/solar_bf_compressing/3818/874792/dynamic_spectra/LOFAR_20221117_133000_LBA_OUTER_S0.fits,2022-11-17,13:30:00.000000,874792_2022-11-17_13:30:00.000000,1
2689,874792_2022-11-17_13:45:00.000000,https://spaceweather.astron.nl//SolarKSP/data/atdb_process/solar_bf_compressing/3818/874792/dynamic_spectra/LOFAR_20221117_134500_LBA_OUTER_S0.fits,2022-11-17,13:45:00.000000,874792_2022-11-17_13:45:00.000000,1
2688,874792_2022-11-17_14:00:00.000000,https://spaceweather.astron.nl//SolarKSP/data/atdb_process/solar_bf_compressing/3818/874792/dynamic_spectra/LOFAR_20221117_140000_LBA_OUTER_S0.fits,2022-11-17,14:00:00.000000,874792_2022-11-17_14:00:00.000000,1
2710,874792_2022-11-17_14:15:00.000000,https://spaceweather.astron.nl//SolarKSP/data/atdb_process/solar_bf_compressing/3818/874792/dynamic_spectra/LOFAR_20221117_141500_LBA_OUTER_S0.fits,2022-11-17,14:15:00.000000,874792_2022-11-17_14:15:00.000000,1
2717,874792_2022-11-17_14:30:00.000000,https://spaceweather.astron.nl//SolarKSP/data/atdb_process/solar_bf_compressing/3818/874792/dynamic_spectra/LOFAR_20221117_143000_LBA_OUTER_S0.fits,2022-11-17,14:30:00.000000,874792_2022-11-17_14:30:00.000000,6
2696,874792_2022-11-17_14:45:00.000000,https://spaceweather.astron.nl//SolarKSP/data/atdb_process/solar_bf_compressing/3818/874792/dynamic_spectra/LOFAR_20221117_144500_LBA_OUTER_S0.fits,2022-11-17,14:45:00.000000,874792_2022-11-17_14:45:00.000000,6
2698,874792_2022-11-17_15:00:00.000000,https://spaceweather.astron.nl//SolarKSP/data/atdb_process/solar_bf_compressing/3818/874792/dynamic_spectra/LOFAR_20221117_150000_LBA_OUTER_S0.fits,2022-11-17,15:00:00.000000,874792_2022-11-17_15:00:00.000000,1
2027,876494_2022-11-18_06:26:00.000000,https://spaceweather.astron.nl//SolarKSP/data/atdb_process/solar_bf_compressing/3779/876494/dynamic_spectra/LOFAR_20221118_062600_LBA_OUTER_S0.fits,2022-11-18,06:26:00.000000,876494_2022-11-18_06:26:00.000000,6
2021,876494_2022-11-18_06:41:00.000000,https://spaceweather.astron.nl//SolarKSP/data/atdb_process/solar_bf_compressing/3779/876494/dynamic_spectra/LOFAR_20221118_064100_LBA_OUTER_S0.fits,2022-11-18,06:41:00.000000,876494_2022-11-18_06:41:00.000000,6
2014,876494_2022-11-18_06:56:00.000000,https://spaceweather.astron.nl//SolarKSP/data/atdb_process/solar_bf_compressing/3779/876494/dynamic_spectra/LOFAR_20221118_065600_LBA_OUTER_S0.fits,2022-11-18,06:56:00.000000,876494_2022-11-18_06:56:00.000000,6
2043,876494_2022-11-18_07:11:00.000000,https://spaceweather.astron.nl//SolarKSP/data/atdb_process/solar_bf_compressing/3779/876494/dynamic_spectra/LOFAR_20221118_071100_LBA_OUTER_S0.fits,2022-11-18,07:11:00.000000,876494_2022-11-18_07:11:00.000000,1
2018,876494_2022-11-18_07:26:00.000000,https://spaceweather.astron.nl//SolarKSP/data/atdb_process/solar_bf_compressing/3779/876494/dynamic_spectra/LOFAR_20221118_072600_LBA_OUTER_S0.fits,2022-11-18,07:26:00.000000,876494_2022-11-18_07:26:00.000000,6
2012,876494_2022-11-18_07:41:00.000000,https://spaceweather.astron.nl//SolarKSP/data/atdb_process/solar_bf_compressing/3779/876494/dynamic_spectra/LOFAR_20221118_074100_LBA_OUTER_S0.fits,2022-11-18,07:41:00.000000,876494_2022-11-18_07:41:00.000000,3
2023,876494_2022-11-18_07:56:00.000000,https://spaceweather.astron.nl//SolarKSP/data/atdb_process/solar_bf_compressing/3779/876494/dynamic_spectra/LOFAR_20221118_075600_LBA_OUTER_S0.fits,2022-11-18,07:56:00.000000,876494_2022-11-18_07:56:00.000000,6
2017,876494_2022-11-18_08:11:00.000000,https://spaceweather.astron.nl//SolarKSP/data/atdb_process/solar_bf_compressing/3779/876494/dynamic_spectra/LOFAR_20221118_081100_LBA_OUTER_S0.fits,2022-11-18,08:11:00.000000,876494_2022-11-18_08:11:00.000000,3
2044,876494_2022-11-18_08:26:00.000000,https://spaceweather.astron.nl//SolarKSP/data/atdb_process/solar_bf_compressing/3779/876494/dynamic_spectra/LOFAR_20221118_082600_LBA_OUTER_S0.fits,2022-11-18,08:26:00.000000,876494_2022-11-18_08:26:00.000000,3
2041,876494_2022-11-18_08:41:00.000000,https://spaceweather.astron.nl//SolarKSP/data/atdb_process/solar_bf_compressing/3779/876494/dynamic_spectra/LOFAR_20221118_084100_LBA_OUTER_S0.fits,2022-11-18,08:41:00.000000,876494_2022-11-18_08:41:00.000000,1
2033,876494_2022-11-18_08:56:00.000000,https://spaceweather.astron.nl//SolarKSP/data/atdb_process/solar_bf_compressing/3779/876494/dynamic_spectra/LOFAR_20221118_085600_LBA_OUTER_S0.fits,2022-11-18,08:56:00.000000,876494_2022-11-18_08:56:00.000000,6
2026,876494_2022-11-18_09:11:00.000000,https://spaceweather.astron.nl//SolarKSP/data/atdb_process/solar_bf_compressing/3779/876494/dynamic_spectra/LOFAR_20221118_091100_LBA_OUTER_S0.fits,2022-11-18,09:11:00.000000,876494_2022-11-18_09:11:00.000000,6
2034,876494_2022-11-18_09:26:00.000000,https://spaceweather.astron.nl//SolarKSP/data/atdb_process/solar_bf_compressing/3779/876494/dynamic_spectra/LOFAR_20221118_092600_LBA_OUTER_S0.fits,2022-11-18,09:26:00.000000,876494_2022-11-18_09:26:00.000000,6
2032,876494_2022-11-18_09:41:00.000000,https://spaceweather.astron.nl//SolarKSP/data/atdb_process/solar_bf_compressing/3779/876494/dynamic_spectra/LOFAR_20221118_094100_LBA_OUTER_S0.fits,2022-11-18,09:41:00.000000,876494_2022-11-18_09:41:00.000000,6
2042,876494_2022-11-18_09:56:00.000000,https://spaceweather.astron.nl//SolarKSP/data/atdb_process/solar_bf_compressing/3779/876494/dynamic_spectra/LOFAR_20221118_095600_LBA_OUTER_S0.fits,2022-11-18,09:56:00.000000,876494_2022-11-18_09:56:00.000000,6
2031,876494_2022-11-18_10:11:00.000000,https://spaceweather.astron.nl//SolarKSP/data/atdb_process/solar_bf_compressing/3779/876494/dynamic_spectra/LOFAR_20221118_101100_LBA_OUTER_S0.fits,2022-11-18,10:11:00.000000,876494_2022-11-18_10:11:00.000000,6
2022,876494_2022-11-18_10:26:00.000000,https://spaceweather.astron.nl//SolarKSP/data/atdb_process/solar_bf_compressing/3779/876494/dynamic_spectra/LOFAR_20221118_102600_LBA_OUTER_S0.fits,2022-11-18,10:26:00.000000,876494_2022-11-18_10:26:00.000000,6
2029,876494_2022-11-18_10:41:00.000000,https://spaceweather.astron.nl//SolarKSP/data/atdb_process/solar_bf_compressing/3779/876494/dynamic_spectra/LOFAR_20221118_104100_LBA_OUTER_S0.fits,2022-11-18,10:41:00.000000,876494_2022-11-18_10:41:00.000000,6
2019,876494_2022-11-18_10:56:00.000000,https://spaceweather.astron.nl//SolarKSP/data/atdb_process/solar_bf_compressing/3779/876494/dynamic_spectra/LOFAR_20221118_105600_LBA_OUTER_S0.fits,2022-11-18,10:56:00.000000,876494_2022-11-18_10:56:00.000000,6
2040,876494_2022-11-18_11:11:00.000000,https://spaceweather.astron.nl//SolarKSP/data/atdb_process/solar_bf_compressing/3779/876494/dynamic_spectra/LOFAR_20221118_111100_LBA_OUTER_S0.fits,2022-11-18,11:11:00.000000,876494_2022-11-18_11:11:00.000000,6
2013,876494_2022-11-18_11:26:00.000000,https://spaceweather.astron.nl//SolarKSP/data/atdb_process/solar_bf_compressing/3779/876494/dynamic_spectra/LOFAR_20221118_112600_LBA_OUTER_S0.fits,2022-11-18,11:26:00.000000,876494_2022-11-18_11:26:00.000000,6
2020,876494_2022-11-18_11:41:00.000000,https://spaceweather.astron.nl//SolarKSP/data/atdb_process/solar_bf_compressing/3779/876494/dynamic_spectra/LOFAR_20221118_114100_LBA_OUTER_S0.fits,2022-11-18,11:41:00.000000,876494_2022-11-18_11:41:00.000000,6
2028,876494_2022-11-18_11:56:00.000000,https://spaceweather.astron.nl//SolarKSP/data/atdb_process/solar_bf_compressing/3779/876494/dynamic_spectra/LOFAR_20221118_115600_LBA_OUTER_S0.fits,2022-11-18,11:56:00.000000,876494_2022-11-18_11:56:00.000000,6
2016,876494_2022-11-18_12:11:00.000000,https://spaceweather.astron.nl//SolarKSP/data/atdb_process/solar_bf_compressing/3779/876494/dynamic_spectra/LOFAR_20221118_121100_LBA_OUTER_S0.fits,2022-11-18,12:11:00.000000,876494_2022-11-18_12:11:00.000000,6
2038,876494_2022-11-18_12:26:00.000000,https://spaceweather.astron.nl//SolarKSP/data/atdb_process/solar_bf_compressing/3779/876494/dynamic_spectra/LOFAR_20221118_122600_LBA_OUTER_S0.fits,2022-11-18,12:26:00.000000,876494_2022-11-18_12:26:00.000000,6
2045,876494_2022-11-18_12:41:00.000000,https://spaceweather.astron.nl//SolarKSP/data/atdb_process/solar_bf_compressing/3779/876494/dynamic_spectra/LOFAR_20221118_124100_LBA_OUTER_S0.fits,2022-11-18,12:41:00.000000,876494_2022-11-18_12:41:00.000000,6
2036,876494_2022-11-18_12:56:00.000000,https://spaceweather.astron.nl//SolarKSP/data/atdb_process/solar_bf_compressing/3779/876494/dynamic_spectra/LOFAR_20221118_125600_LBA_OUTER_S0.fits,2022-11-18,12:56:00.000000,876494_2022-11-18_12:56:00.000000,6
2025,876494_2022-11-18_13:11:00.000000,https://spaceweather.astron.nl//SolarKSP/data/atdb_process/solar_bf_compressing/3779/876494/dynamic_spectra/LOFAR_20221118_131100_LBA_OUTER_S0.fits,2022-11-18,13:11:00.000000,876494_2022-11-18_13:11:00.000000,6
2030,876494_2022-11-18_13:26:00.000000,https://spaceweather.astron.nl//SolarKSP/data/atdb_process/solar_bf_compressing/3779/876494/dynamic_spectra/LOFAR_20221118_132600_LBA_OUTER_S0.fits,2022-11-18,13:26:00.000000,876494_2022-11-18_13:26:00.000000,3
2035,876494_2022-11-18_13:41:00.000000,https://spaceweather.astron.nl//SolarKSP/data/atdb_process/solar_bf_compressing/3779/876494/dynamic_spectra/LOFAR_20221118_134100_LBA_OUTER_S0.fits,2022-11-18,13:41:00.000000,876494_2022-11-18_13:41:00.000000,6
2046,876494_2022-11-18_13:56:00.000000,https://spaceweather.astron.nl//SolarKSP/data/atdb_process/solar_bf_compressing/3779/876494/dynamic_spectra/LOFAR_20221118_135600_LBA_OUTER_S0.fits,2022-11-18,13:56:00.000000,876494_2022-11-18_13:56:00.000000,6
2015,876494_2022-11-18_14:11:00.000000,https://spaceweather.astron.nl//SolarKSP/data/atdb_process/solar_bf_compressing/3779/876494/dynamic_spectra/LOFAR_20221118_141100_LBA_OUTER_S0.fits,2022-11-18,14:11:00.000000,876494_2022-11-18_14:11:00.000000,6
2039,876494_2022-11-18_14:26:00.000000,https://spaceweather.astron.nl//SolarKSP/data/atdb_process/solar_bf_compressing/3779/876494/dynamic_spectra/LOFAR_20221118_142600_LBA_OUTER_S0.fits,2022-11-18,14:26:00.000000,876494_2022-11-18_14:26:00.000000,3
2047,876494_2022-11-18_14:41:00.000000,https://spaceweather.astron.nl//SolarKSP/data/atdb_process/solar_bf_compressing/3779/876494/dynamic_spectra/LOFAR_20221118_144100_LBA_OUTER_S0.fits,2022-11-18,14:41:00.000000,876494_2022-11-18_14:41:00.000000,3
2037,876494_2022-11-18_14:56:00.000000,https://spaceweather.astron.nl//SolarKSP/data/atdb_process/solar_bf_compressing/3779/876494/dynamic_spectra/LOFAR_20221118_145600_LBA_OUTER_S0.fits,2022-11-18,14:56:00.000000,876494_2022-11-18_14:56:00.000000,6
2024,876494_2022-11-18_15:11:00.000000,https://spaceweather.astron.nl//SolarKSP/data/atdb_process/solar_bf_compressing/3779/876494/dynamic_spectra/LOFAR_20221118_151100_LBA_OUTER_S0.fits,2022-11-18,15:11:00.000000,876494_2022-11-18_15:11:00.000000,6
1283,876464_2022-11-25_06:26:00.000000,https://spaceweather.astron.nl//SolarKSP/data/atdb_process/solar_bf_compressing/3863/876464/dynamic_spectra/LOFAR_20221125_062600_LBA_OUTER_S0.fits,2022-11-25,06:26:00.000000,876464_2022-11-25_06:26:00.000000,5
1280,876464_2022-11-25_06:41:00.000000,https://spaceweather.astron.nl//SolarKSP/data/atdb_process/solar_bf_compressing/3863/876464/dynamic_spectra/LOFAR_20221125_064100_LBA_OUTER_S0.fits,2022-11-25,06:41:00.000000,876464_2022-11-25_06:41:00.000000,5
1287,876464_2022-11-25_06:56:00.000000,https://spaceweather.astron.nl//SolarKSP/data/atdb_process/solar_bf_compressing/3863/876464/dynamic_spectra/LOFAR_20221125_065600_LBA_OUTER_S0.fits,2022-11-25,06:56:00.000000,876464_2022-11-25_06:56:00.000000,5
1303,876464_2022-11-25_07:11:00.000000,https://spaceweather.astron.nl//SolarKSP/data/atdb_process/solar_bf_compressing/3863/876464/dynamic_spectra/LOFAR_20221125_071100_LBA_OUTER_S0.fits,2022-11-25,07:11:00.000000,876464_2022-11-25_07:11:00.000000,5
1292,876464_2022-11-25_07:26:00.000000,https://spaceweather.astron.nl//SolarKSP/data/atdb_process/solar_bf_compressing/3863/876464/dynamic_spectra/LOFAR_20221125_072600_LBA_OUTER_S0.fits,2022-11-25,07:26:00.000000,876464_2022-11-25_07:26:00.000000,5
1289,876464_2022-11-25_07:41:00.000000,https://spaceweather.astron.nl//SolarKSP/data/atdb_process/solar_bf_compressing/3863/876464/dynamic_spectra/LOFAR_20221125_074100_LBA_OUTER_S0.fits,2022-11-25,07:41:00.000000,876464_2022-11-25_07:41:00.000000,5
1278,876464_2022-11-25_07:56:00.000000,https://spaceweather.astron.nl//SolarKSP/data/atdb_process/solar_bf_compressing/3863/876464/dynamic_spectra/LOFAR_20221125_075600_LBA_OUTER_S0.fits,2022-11-25,07:56:00.000000,876464_2022-11-25_07:56:00.000000,5
1293,876464_2022-11-25_08:11:00.000000,https://spaceweather.astron.nl//SolarKSP/data/atdb_process/solar_bf_compressing/3863/876464/dynamic_spectra/LOFAR_20221125_081100_LBA_OUTER_S0.fits,2022-11-25,08:11:00.000000,876464_2022-11-25_08:11:00.000000,5
1302,876464_2022-11-25_08:26:00.000000,https://spaceweather.astron.nl//SolarKSP/data/atdb_process/solar_bf_compressing/3863/876464/dynamic_spectra/LOFAR_20221125_082600_LBA_OUTER_S0.fits,2022-11-25,08:26:00.000000,876464_2022-11-25_08:26:00.000000,5
1295,876464_2022-11-25_08:41:00.000000,https://spaceweather.astron.nl//SolarKSP/data/atdb_process/solar_bf_compressing/3863/876464/dynamic_spectra/LOFAR_20221125_084100_LBA_OUTER_S0.fits,2022-11-25,08:41:00.000000,876464_2022-11-25_08:41:00.000000,5
1304,876464_2022-11-25_08:56:00.000000,https://spaceweather.astron.nl//SolarKSP/data/atdb_process/solar_bf_compressing/3863/876464/dynamic_spectra/LOFAR_20221125_085600_LBA_OUTER_S0.fits,2022-11-25,08:56:00.000000,876464_2022-11-25_08:56:00.000000,5
1284,876464_2022-11-25_09:11:00.000000,https://spaceweather.astron.nl//SolarKSP/data/atdb_process/solar_bf_compressing/3863/876464/dynamic_spectra/LOFAR_20221125_091100_LBA_OUTER_S0.fits,2022-11-25,09:11:00.000000,876464_2022-11-25_09:11:00.000000,5
1311,876464_2022-11-25_09:26:00.000000,https://spaceweather.astron.nl//SolarKSP/data/atdb_process/solar_bf_compressing/3863/876464/dynamic_spectra/LOFAR_20221125_092600_LBA_OUTER_S0.fits,2022-11-25,09:26:00.000000,876464_2022-11-25_09:26:00.000000,5
1305,876464_2022-11-25_09:41:00.000000,https://spaceweather.astron.nl//SolarKSP/data/atdb_process/solar_bf_compressing/3863/876464/dynamic_spectra/LOFAR_20221125_094100_LBA_OUTER_S0.fits,2022-11-25,09:41:00.000000,876464_2022-11-25_09:41:00.000000,5
1294,876464_2022-11-25_09:56:00.000000,https://spaceweather.astron.nl//SolarKSP/data/atdb_process/solar_bf_compressing/3863/876464/dynamic_spectra/LOFAR_20221125_095600_LBA_OUTER_S0.fits,2022-11-25,09:56:00.000000,876464_2022-11-25_09:56:00.000000,5
1306,876464_2022-11-25_10:11:00.000000,https://spaceweather.astron.nl//SolarKSP/data/atdb_process/solar_bf_compressing/3863/876464/dynamic_spectra/LOFAR_20221125_101100_LBA_OUTER_S0.fits,2022-11-25,10:11:00.000000,876464_2022-11-25_10:11:00.000000,5
1279,876464_2022-11-25_10:26:00.000000,https://spaceweather.astron.nl//SolarKSP/data/atdb_process/solar_bf_compressing/3863/876464/dynamic_spectra/LOFAR_20221125_102600_LBA_OUTER_S0.fits,2022-11-25,10:26:00.000000,876464_2022-11-25_10:26:00.000000,5
1281,876464_2022-11-25_10:41:00.000000,https://spaceweather.astron.nl//SolarKSP/data/atdb_process/solar_bf_compressing/3863/876464/dynamic_spectra/LOFAR_20221125_104100_LBA_OUTER_S0.fits,2022-11-25,10:41:00.000000,876464_2022-11-25_10:41:00.000000,5
1291,876464_2022-11-25_10:56:00.000000,https://spaceweather.astron.nl//SolarKSP/data/atdb_process/solar_bf_compressing/3863/876464/dynamic_spectra/LOFAR_20221125_105600_LBA_OUTER_S0.fits,2022-11-25,10:56:00.000000,876464_2022-11-25_10:56:00.000000,5
1296,876464_2022-11-25_11:11:00.000000,https://spaceweather.astron.nl//SolarKSP/data/atdb_process/solar_bf_compressing/3863/876464/dynamic_spectra/LOFAR_20221125_111100_LBA_OUTER_S0.fits,2022-11-25,11:11:00.000000,876464_2022-11-25_11:11:00.000000,5
1288,876464_2022-11-25_11:26:00.000000,https://spaceweather.astron.nl//SolarKSP/data/atdb_process/solar_bf_compressing/3863/876464/dynamic_spectra/LOFAR_20221125_112600_LBA_OUTER_S0.fits,2022-11-25,11:26:00.000000,876464_2022-11-25_11:26:00.000000,5
1290,876464_2022-11-25_11:41:00.000000,https://spaceweather.astron.nl//SolarKSP/data/atdb_process/solar_bf_compressing/3863/876464/dynamic_spectra/LOFAR_20221125_114100_LBA_OUTER_S0.fits,2022-11-25,11:41:00.000000,876464_2022-11-25_11:41:00.000000,5
1282,876464_2022-11-25_11:56:00.000000,https://spaceweather.astron.nl//SolarKSP/data/atdb_process/solar_bf_compressing/3863/876464/dynamic_spectra/LOFAR_20221125_115600_LBA_OUTER_S0.fits,2022-11-25,11:56:00.000000,876464_2022-11-25_11:56:00.000000,5
1285,876464_2022-11-25_12:11:00.000000,https://spaceweather.astron.nl//SolarKSP/data/atdb_process/solar_bf_compressing/3863/876464/dynamic_spectra/LOFAR_20221125_121100_LBA_OUTER_S0.fits,2022-11-25,12:11:00.000000,876464_2022-11-25_12:11:00.000000,5
1298,876464_2022-11-25_12:26:00.000000,https://spaceweather.astron.nl//SolarKSP/data/atdb_process/solar_bf_compressing/3863/876464/dynamic_spectra/LOFAR_20221125_122600_LBA_OUTER_S0.fits,2022-11-25,12:26:00.000000,876464_2022-11-25_12:26:00.000000,5
1301,876464_2022-11-25_12:41:00.000000,https://spaceweather.astron.nl//SolarKSP/data/atdb_process/solar_bf_compressing/3863/876464/dynamic_spectra/LOFAR_20221125_124100_LBA_OUTER_S0.fits,2022-11-25,12:41:00.000000,876464_2022-11-25_12:41:00.000000,5
1309,876464_2022-11-25_12:56:00.000000,https://spaceweather.astron.nl//SolarKSP/data/atdb_process/solar_bf_compressing/3863/876464/dynamic_spectra/LOFAR_20221125_125600_LBA_OUTER_S0.fits,2022-11-25,12:56:00.000000,876464_2022-11-25_12:56:00.000000,5
1276,876464_2022-11-25_13:11:00.000000,https://spaceweather.astron.nl//SolarKSP/data/atdb_process/solar_bf_compressing/3863/876464/dynamic_spectra/LOFAR_20221125_131100_LBA_OUTER_S0.fits,2022-11-25,13:11:00.000000,876464_2022-11-25_13:11:00.000000,5
1307,876464_2022-11-25_13:26:00.000000,https://spaceweather.astron.nl//SolarKSP/data/atdb_process/solar_bf_compressing/3863/876464/dynamic_spectra/LOFAR_20221125_132600_LBA_OUTER_S0.fits,2022-11-25,13:26:00.000000,876464_2022-11-25_13:26:00.000000,5
1310,876464_2022-11-25_13:41:00.000000,https://spaceweather.astron.nl//SolarKSP/data/atdb_process/solar_bf_compressing/3863/876464/dynamic_spectra/LOFAR_20221125_134100_LBA_OUTER_S0.fits,2022-11-25,13:41:00.000000,876464_2022-11-25_13:41:00.000000,5
1300,876464_2022-11-25_13:56:00.000000,https://spaceweather.astron.nl//SolarKSP/data/atdb_process/solar_bf_compressing/3863/876464/dynamic_spectra/LOFAR_20221125_135600_LBA_OUTER_S0.fits,2022-11-25,13:56:00.000000,876464_2022-11-25_13:56:00.000000,5
1286,876464_2022-11-25_14:11:00.000000,https://spaceweather.astron.nl//SolarKSP/data/atdb_process/solar_bf_compressing/3863/876464/dynamic_spectra/LOFAR_20221125_141100_LBA_OUTER_S0.fits,2022-11-25,14:11:00.000000,876464_2022-11-25_14:11:00.000000,5
1297,876464_2022-11-25_14:26:00.000000,https://spaceweather.astron.nl//SolarKSP/data/atdb_process/solar_bf_compressing/3863/876464/dynamic_spectra/LOFAR_20221125_142600_LBA_OUTER_S0.fits,2022-11-25,14:26:00.000000,876464_2022-11-25_14:26:00.000000,5
1299,876464_2022-11-25_14:41:00.000000,https://spaceweather.astron.nl//SolarKSP/data/atdb_process/solar_bf_compressing/3863/876464/dynamic_spectra/LOFAR_20221125_144100_LBA_OUTER_S0.fits,2022-11-25,14:41:00.000000,876464_2022-11-25_14:41:00.000000,5
1308,876464_2022-11-25_14:56:00.000000,https://spaceweather.astron.nl//SolarKSP/data/atdb_process/solar_bf_compressing/3863/876464/dynamic_spectra/LOFAR_20221125_145600_LBA_OUTER_S0.fits,2022-11-25,14:56:00.000000,876464_2022-11-25_14:56:00.000000,5
1277,876464_2022-11-25_15:11:00.000000,https://spaceweather.astron.nl//SolarKSP/data/atdb_process/solar_bf_compressing/3863/876464/dynamic_spectra/LOFAR_20221125_151100_LBA_OUTER_S0.fits,2022-11-25,15:11:00.000000,876464_2022-11-25_15:11:00.000000,5
1269,876460_2022-11-26_06:26:00.000000,https://spaceweather.astron.nl//SolarKSP/data/atdb_process/solar_bf_compressing/3820/876460/dynamic_spectra/LOFAR_20221126_062600_LBA_OUTER_S0.fits,2022-11-26,06:26:00.000000,876460_2022-11-26_06:26:00.000000,5
1273,876460_2022-11-26_06:41:00.000000,https://spaceweather.astron.nl//SolarKSP/data/atdb_process/solar_bf_compressing/3820/876460/dynamic_spectra/LOFAR_20221126_064100_LBA_OUTER_S0.fits,2022-11-26,06:41:00.000000,876460_2022-11-26_06:41:00.000000,5
1263,876460_2022-11-26_06:56:00.000000,https://spaceweather.astron.nl//SolarKSP/data/atdb_process/solar_bf_compressing/3820/876460/dynamic_spectra/LOFAR_20221126_065600_LBA_OUTER_S0.fits,2022-11-26,06:56:00.000000,876460_2022-11-26_06:56:00.000000,5
1248,876460_2022-11-26_07:11:00.000000,https://spaceweather.astron.nl//SolarKSP/data/atdb_process/solar_bf_compressing/3820/876460/dynamic_spectra/LOFAR_20221126_071100_LBA_OUTER_S0.fits,2022-11-26,07:11:00.000000,876460_2022-11-26_07:11:00.000000,5
1260,876460_2022-11-26_07:26:00.000000,https://spaceweather.astron.nl//SolarKSP/data/atdb_process/solar_bf_compressing/3820/876460/dynamic_spectra/LOFAR_20221126_072600_LBA_OUTER_S0.fits,2022-11-26,07:26:00.000000,876460_2022-11-26_07:26:00.000000,5
1264,876460_2022-11-26_07:41:00.000000,https://spaceweather.astron.nl//SolarKSP/data/atdb_process/solar_bf_compressing/3820/876460/dynamic_spectra/LOFAR_20221126_074100_LBA_OUTER_S0.fits,2022-11-26,07:41:00.000000,876460_2022-11-26_07:41:00.000000,5
1272,876460_2022-11-26_07:56:00.000000,https://spaceweather.astron.nl//SolarKSP/data/atdb_process/solar_bf_compressing/3820/876460/dynamic_spectra/LOFAR_20221126_075600_LBA_OUTER_S0.fits,2022-11-26,07:56:00.000000,876460_2022-11-26_07:56:00.000000,5
1258,876460_2022-11-26_08:11:00.000000,https://spaceweather.astron.nl//SolarKSP/data/atdb_process/solar_bf_compressing/3820/876460/dynamic_spectra/LOFAR_20221126_081100_LBA_OUTER_S0.fits,2022-11-26,08:11:00.000000,876460_2022-11-26_08:11:00.000000,5
1249,876460_2022-11-26_08:26:00.000000,https://spaceweather.astron.nl//SolarKSP/data/atdb_process/solar_bf_compressing/3820/876460/dynamic_spectra/LOFAR_20221126_082600_LBA_OUTER_S0.fits,2022-11-26,08:26:00.000000,876460_2022-11-26_08:26:00.000000,5
1257,876460_2022-11-26_08:41:00.000000,https://spaceweather.astron.nl//SolarKSP/data/atdb_process/solar_bf_compressing/3820/876460/dynamic_spectra/LOFAR_20221126_084100_LBA_OUTER_S0.fits,2022-11-26,08:41:00.000000,876460_2022-11-26_08:41:00.000000,5
1246,876460_2022-11-26_08:56:00.000000,https://spaceweather.astron.nl//SolarKSP/data/atdb_process/solar_bf_compressing/3820/876460/dynamic_spectra/LOFAR_20221126_085600_LBA_OUTER_S0.fits,2022-11-26,08:56:00.000000,876460_2022-11-26_08:56:00.000000,5
1267,876460_2022-11-26_09:11:00.000000,https://spaceweather.astron.nl//SolarKSP/data/atdb_process/solar_bf_compressing/3820/876460/dynamic_spectra/LOFAR_20221126_091100_LBA_OUTER_S0.fits,2022-11-26,09:11:00.000000,876460_2022-11-26_09:11:00.000000,5
1240,876460_2022-11-26_09:26:00.000000,https://spaceweather.astron.nl//SolarKSP/data/atdb_process/solar_bf_compressing/3820/876460/dynamic_spectra/LOFAR_20221126_092600_LBA_OUTER_S0.fits,2022-11-26,09:26:00.000000,876460_2022-11-26_09:26:00.000000,5
1247,876460_2022-11-26_09:41:00.000000,https://spaceweather.astron.nl//SolarKSP/data/atdb_process/solar_bf_compressing/3820/876460/dynamic_spectra/LOFAR_20221126_094100_LBA_OUTER_S0.fits,2022-11-26,09:41:00.000000,876460_2022-11-26_09:41:00.000000,5
1256,876460_2022-11-26_09:56:00.000000,https://spaceweather.astron.nl//SolarKSP/data/atdb_process/solar_bf_compressing/3820/876460/dynamic_spectra/LOFAR_20221126_095600_LBA_OUTER_S0.fits,2022-11-26,09:56:00.000000,876460_2022-11-26_09:56:00.000000,5
1245,876460_2022-11-26_10:11:00.000000,https://spaceweather.astron.nl//SolarKSP/data/atdb_process/solar_bf_compressing/3820/876460/dynamic_spectra/LOFAR_20221126_101100_LBA_OUTER_S0.fits,2022-11-26,10:11:00.000000,876460_2022-11-26_10:11:00.000000,5
1271,876460_2022-11-26_10:26:00.000000,https://spaceweather.astron.nl//SolarKSP/data/atdb_process/solar_bf_compressing/3820/876460/dynamic_spectra/LOFAR_20221126_102600_LBA_OUTER_S0.fits,2022-11-26,10:26:00.000000,876460_2022-11-26_10:26:00.000000,5
1268,876460_2022-11-26_10:41:00.000000,https://spaceweather.astron.nl//SolarKSP/data/atdb_process/solar_bf_compressing/3820/876460/dynamic_spectra/LOFAR_20221126_104100_LBA_OUTER_S0.fits,2022-11-26,10:41:00.000000,876460_2022-11-26_10:41:00.000000,5
1261,876460_2022-11-26_10:56:00.000000,https://spaceweather.astron.nl//SolarKSP/data/atdb_process/solar_bf_compressing/3820/876460/dynamic_spectra/LOFAR_20221126_105600_LBA_OUTER_S0.fits,2022-11-26,10:56:00.000000,876460_2022-11-26_10:56:00.000000,5
1255,876460_2022-11-26_11:11:00.000000,https://spaceweather.astron.nl//SolarKSP/data/atdb_process/solar_bf_compressing/3820/876460/dynamic_spectra/LOFAR_20221126_111100_LBA_OUTER_S0.fits,2022-11-26,11:11:00.000000,876460_2022-11-26_11:11:00.000000,5
1262,876460_2022-11-26_11:26:00.000000,https://spaceweather.astron.nl//SolarKSP/data/atdb_process/solar_bf_compressing/3820/876460/dynamic_spectra/LOFAR_20221126_112600_LBA_OUTER_S0.fits,2022-11-26,11:26:00.000000,876460_2022-11-26_11:26:00.000000,5
1259,876460_2022-11-26_11:41:00.000000,https://spaceweather.astron.nl//SolarKSP/data/atdb_process/solar_bf_compressing/3820/876460/dynamic_spectra/LOFAR_20221126_114100_LBA_OUTER_S0.fits,2022-11-26,11:41:00.000000,876460_2022-11-26_11:41:00.000000,5
1270,876460_2022-11-26_11:56:00.000000,https://spaceweather.astron.nl//SolarKSP/data/atdb_process/solar_bf_compressing/3820/876460/dynamic_spectra/LOFAR_20221126_115600_LBA_OUTER_S0.fits,2022-11-26,11:56:00.000000,876460_2022-11-26_11:56:00.000000,5
1266,876460_2022-11-26_12:11:00.000000,https://spaceweather.astron.nl//SolarKSP/data/atdb_process/solar_bf_compressing/3820/876460/dynamic_spectra/LOFAR_20221126_121100_LBA_OUTER_S0.fits,2022-11-26,12:11:00.000000,876460_2022-11-26_12:11:00.000000,5
1253,876460_2022-11-26_12:26:00.000000,https://spaceweather.astron.nl//SolarKSP/data/atdb_process/solar_bf_compressing/3820/876460/dynamic_spectra/LOFAR_20221126_122600_LBA_OUTER_S0.fits,2022-11-26,12:26:00.000000,876460_2022-11-26_12:26:00.000000,5
1251,876460_2022-11-26_12:41:00.000000,https://spaceweather.astron.nl//SolarKSP/data/atdb_process/solar_bf_compressing/3820/876460/dynamic_spectra/LOFAR_20221126_124100_LBA_OUTER_S0.fits,2022-11-26,12:41:00.000000,876460_2022-11-26_12:41:00.000000,5
1241,876460_2022-11-26_12:56:00.000000,https://spaceweather.astron.nl//SolarKSP/data/atdb_process/solar_bf_compressing/3820/876460/dynamic_spectra/LOFAR_20221126_125600_LBA_OUTER_S0.fits,2022-11-26,12:56:00.000000,876460_2022-11-26_12:56:00.000000,5
1275,876460_2022-11-26_13:11:00.000000,https://spaceweather.astron.nl//SolarKSP/data/atdb_process/solar_bf_compressing/3820/876460/dynamic_spectra/LOFAR_20221126_131100_LBA_OUTER_S0.fits,2022-11-26,13:11:00.000000,876460_2022-11-26_13:11:00.000000,5
1244,876460_2022-11-26_13:26:00.000000,https://spaceweather.astron.nl//SolarKSP/data/atdb_process/solar_bf_compressing/3820/876460/dynamic_spectra/LOFAR_20221126_132600_LBA_OUTER_S0.fits,2022-11-26,13:26:00.000000,876460_2022-11-26_13:26:00.000000,5
1242,876460_2022-11-26_13:41:00.000000,https://spaceweather.astron.nl//SolarKSP/data/atdb_process/solar_bf_compressing/3820/876460/dynamic_spectra/LOFAR_20221126_134100_LBA_OUTER_S0.fits,2022-11-26,13:41:00.000000,876460_2022-11-26_13:41:00.000000,5
1250,876460_2022-11-26_13:56:00.000000,https://spaceweather.astron.nl//SolarKSP/data/atdb_process/solar_bf_compressing/3820/876460/dynamic_spectra/LOFAR_20221126_135600_LBA_OUTER_S0.fits,2022-11-26,13:56:00.000000,876460_2022-11-26_13:56:00.000000,5
1265,876460_2022-11-26_14:11:00.000000,https://spaceweather.astron.nl//SolarKSP/data/atdb_process/solar_bf_compressing/3820/876460/dynamic_spectra/LOFAR_20221126_141100_LBA_OUTER_S0.fits,2022-11-26,14:11:00.000000,876460_2022-11-26_14:11:00.000000,5
1254,876460_2022-11-26_14:26:00.000000,https://spaceweather.astron.nl//SolarKSP/data/atdb_process/solar_bf_compressing/3820/876460/dynamic_spectra/LOFAR_20221126_142600_LBA_OUTER_S0.fits,2022-11-26,14:26:00.000000,876460_2022-11-26_14:26:00.000000,5
1252,876460_2022-11-26_14:41:00.000000,https://spaceweather.astron.nl//SolarKSP/data/atdb_process/solar_bf_compressing/3820/876460/dynamic_spectra/LOFAR_20221126_144100_LBA_OUTER_S0.fits,2022-11-26,14:41:00.000000,876460_2022-11-26_14:41:00.000000,5
1243,876460_2022-11-26_14:56:00.000000,https://spaceweather.astron.nl//SolarKSP/data/atdb_process/solar_bf_compressing/3820/876460/dynamic_spectra/LOFAR_20221126_145600_LBA_OUTER_S0.fits,2022-11-26,14:56:00.000000,876460_2022-11-26_14:56:00.000000,5
1274,876460_2022-11-26_15:11:00.000000,https://spaceweather.astron.nl//SolarKSP/data/atdb_process/solar_bf_compressing/3820/876460/dynamic_spectra/LOFAR_20221126_151100_LBA_OUTER_S0.fits,2022-11-26,15:11:00.000000,876460_2022-11-26_15:11:00.000000,5
2559,876456_2022-11-27_06:26:00.000000,https://spaceweather.astron.nl//SolarKSP/data/atdb_process/solar_bf_compressing/3777/876456/dynamic_spectra/LOFAR_20221127_062600_LBA_OUTER_S0.fits,2022-11-27,06:26:00.000000,876456_2022-11-27_06:26:00.000000,6
2563,876456_2022-11-27_06:41:00.000000,https://spaceweather.astron.nl//SolarKSP/data/atdb_process/solar_bf_compressing/3777/876456/dynamic_spectra/LOFAR_20221127_064100_LBA_OUTER_S0.fits,2022-11-27,06:41:00.000000,876456_2022-11-27_06:41:00.000000,6
2552,876456_2022-11-27_06:56:00.000000,https://spaceweather.astron.nl//SolarKSP/data/atdb_process/solar_bf_compressing/3777/876456/dynamic_spectra/LOFAR_20221127_065600_LBA_OUTER_S0.fits,2022-11-27,06:56:00.000000,876456_2022-11-27_06:56:00.000000,6
2539,876456_2022-11-27_07:11:00.000000,https://spaceweather.astron.nl//SolarKSP/data/atdb_process/solar_bf_compressing/3777/876456/dynamic_spectra/LOFAR_20221127_071100_LBA_OUTER_S0.fits,2022-11-27,07:11:00.000000,876456_2022-11-27_07:11:00.000000,6
2550,876456_2022-11-27_07:26:00.000000,https://spaceweather.astron.nl//SolarKSP/data/atdb_process/solar_bf_compressing/3777/876456/dynamic_spectra/LOFAR_20221127_072600_LBA_OUTER_S0.fits,2022-11-27,07:26:00.000000,876456_2022-11-27_07:26:00.000000,6
2554,876456_2022-11-27_07:41:00.000000,https://spaceweather.astron.nl//SolarKSP/data/atdb_process/solar_bf_compressing/3777/876456/dynamic_spectra/LOFAR_20221127_074100_LBA_OUTER_S0.fits,2022-11-27,07:41:00.000000,876456_2022-11-27_07:41:00.000000,6
2561,876456_2022-11-27_07:56:00.000000,https://spaceweather.astron.nl//SolarKSP/data/atdb_process/solar_bf_compressing/3777/876456/dynamic_spectra/LOFAR_20221127_075600_LBA_OUTER_S0.fits,2022-11-27,07:56:00.000000,876456_2022-11-27_07:56:00.000000,6
2551,876456_2022-11-27_08:11:00.000000,https://spaceweather.astron.nl//SolarKSP/data/atdb_process/solar_bf_compressing/3777/876456/dynamic_spectra/LOFAR_20221127_081100_LBA_OUTER_S0.fits,2022-11-27,08:11:00.000000,876456_2022-11-27_08:11:00.000000,6
2538,876456_2022-11-27_08:26:00.000000,https://spaceweather.astron.nl//SolarKSP/data/atdb_process/solar_bf_compressing/3777/876456/dynamic_spectra/LOFAR_20221127_082600_LBA_OUTER_S0.fits,2022-11-27,08:26:00.000000,876456_2022-11-27_08:26:00.000000,6
2546,876456_2022-11-27_08:41:00.000000,https://spaceweather.astron.nl//SolarKSP/data/atdb_process/solar_bf_compressing/3777/876456/dynamic_spectra/LOFAR_20221127_084100_LBA_OUTER_S0.fits,2022-11-27,08:41:00.000000,876456_2022-11-27_08:41:00.000000,6
2535,876456_2022-11-27_08:56:00.000000,https://spaceweather.astron.nl//SolarKSP/data/atdb_process/solar_bf_compressing/3777/876456/dynamic_spectra/LOFAR_20221127_085600_LBA_OUTER_S0.fits,2022-11-27,08:56:00.000000,876456_2022-11-27_08:56:00.000000,3
2560,876456_2022-11-27_09:11:00.000000,https://spaceweather.astron.nl//SolarKSP/data/atdb_process/solar_bf_compressing/3777/876456/dynamic_spectra/LOFAR_20221127_091100_LBA_OUTER_S0.fits,2022-11-27,09:11:00.000000,876456_2022-11-27_09:11:00.000000,6
2530,876456_2022-11-27_09:26:00.000000,https://spaceweather.astron.nl//SolarKSP/data/atdb_process/solar_bf_compressing/3777/876456/dynamic_spectra/LOFAR_20221127_092600_LBA_OUTER_S0.fits,2022-11-27,09:26:00.000000,876456_2022-11-27_09:26:00.000000,6
2536,876456_2022-11-27_09:41:00.000000,https://spaceweather.astron.nl//SolarKSP/data/atdb_process/solar_bf_compressing/3777/876456/dynamic_spectra/LOFAR_20221127_094100_LBA_OUTER_S0.fits,2022-11-27,09:41:00.000000,876456_2022-11-27_09:41:00.000000,3
2545,876456_2022-11-27_09:56:00.000000,https://spaceweather.astron.nl//SolarKSP/data/atdb_process/solar_bf_compressing/3777/876456/dynamic_spectra/LOFAR_20221127_095600_LBA_OUTER_S0.fits,2022-11-27,09:56:00.000000,876456_2022-11-27_09:56:00.000000,6
2537,876456_2022-11-27_10:11:00.000000,https://spaceweather.astron.nl//SolarKSP/data/atdb_process/solar_bf_compressing/3777/876456/dynamic_spectra/LOFAR_20221127_101100_LBA_OUTER_S0.fits,2022-11-27,10:11:00.000000,876456_2022-11-27_10:11:00.000000,1
2562,876456_2022-11-27_10:26:00.000000,https://spaceweather.astron.nl//SolarKSP/data/atdb_process/solar_bf_compressing/3777/876456/dynamic_spectra/LOFAR_20221127_102600_LBA_OUTER_S0.fits,2022-11-27,10:26:00.000000,876456_2022-11-27_10:26:00.000000,1
2557,876456_2022-11-27_10:41:00.000000,https://spaceweather.astron.nl//SolarKSP/data/atdb_process/solar_bf_compressing/3777/876456/dynamic_spectra/LOFAR_20221127_104100_LBA_OUTER_S0.fits,2022-11-27,10:41:00.000000,876456_2022-11-27_10:41:00.000000,6
2549,876456_2022-11-27_10:56:00.000000,https://spaceweather.astron.nl//SolarKSP/data/atdb_process/solar_bf_compressing/3777/876456/dynamic_spectra/LOFAR_20221127_105600_LBA_OUTER_S0.fits,2022-11-27,10:56:00.000000,876456_2022-11-27_10:56:00.000000,6
2547,876456_2022-11-27_11:11:00.000000,https://spaceweather.astron.nl//SolarKSP/data/atdb_process/solar_bf_compressing/3777/876456/dynamic_spectra/LOFAR_20221127_111100_LBA_OUTER_S0.fits,2022-11-27,11:11:00.000000,876456_2022-11-27_11:11:00.000000,6
2553,876456_2022-11-27_11:26:00.000000,https://spaceweather.astron.nl//SolarKSP/data/atdb_process/solar_bf_compressing/3777/876456/dynamic_spectra/LOFAR_20221127_112600_LBA_OUTER_S0.fits,2022-11-27,11:26:00.000000,876456_2022-11-27_11:26:00.000000,6
2548,876456_2022-11-27_11:41:00.000000,https://spaceweather.astron.nl//SolarKSP/data/atdb_process/solar_bf_compressing/3777/876456/dynamic_spectra/LOFAR_20221127_114100_LBA_OUTER_S0.fits,2022-11-27,11:41:00.000000,876456_2022-11-27_11:41:00.000000,6
2558,876456_2022-11-27_11:56:00.000000,https://spaceweather.astron.nl//SolarKSP/data/atdb_process/solar_bf_compressing/3777/876456/dynamic_spectra/LOFAR_20221127_115600_LBA_OUTER_S0.fits,2022-11-27,11:56:00.000000,876456_2022-11-27_11:56:00.000000,6
2555,876456_2022-11-27_12:11:00.000000,https://spaceweather.astron.nl//SolarKSP/data/atdb_process/solar_bf_compressing/3777/876456/dynamic_spectra/LOFAR_20221127_121100_LBA_OUTER_S0.fits,2022-11-27,12:11:00.000000,876456_2022-11-27_12:11:00.000000,6
2544,876456_2022-11-27_12:26:00.000000,https://spaceweather.astron.nl//SolarKSP/data/atdb_process/solar_bf_compressing/3777/876456/dynamic_spectra/LOFAR_20221127_122600_LBA_OUTER_S0.fits,2022-11-27,12:26:00.000000,876456_2022-11-27_12:26:00.000000,6
2542,876456_2022-11-27_12:41:00.000000,https://spaceweather.astron.nl//SolarKSP/data/atdb_process/solar_bf_compressing/3777/876456/dynamic_spectra/LOFAR_20221127_124100_LBA_OUTER_S0.fits,2022-11-27,12:41:00.000000,876456_2022-11-27_12:41:00.000000,6
2532,876456_2022-11-27_12:56:00.000000,https://spaceweather.astron.nl//SolarKSP/data/atdb_process/solar_bf_compressing/3777/876456/dynamic_spectra/LOFAR_20221127_125600_LBA_OUTER_S0.fits,2022-11-27,12:56:00.000000,876456_2022-11-27_12:56:00.000000,6
2564,876456_2022-11-27_13:11:00.000000,https://spaceweather.astron.nl//SolarKSP/data/atdb_process/solar_bf_compressing/3777/876456/dynamic_spectra/LOFAR_20221127_131100_LBA_OUTER_S0.fits,2022-11-27,13:11:00.000000,876456_2022-11-27_13:11:00.000000,6
2534,876456_2022-11-27_13:26:00.000000,https://spaceweather.astron.nl//SolarKSP/data/atdb_process/solar_bf_compressing/3777/876456/dynamic_spectra/LOFAR_20221127_132600_LBA_OUTER_S0.fits,2022-11-27,13:26:00.000000,876456_2022-11-27_13:26:00.000000,6
2533,876456_2022-11-27_13:41:00.000000,https://spaceweather.astron.nl//SolarKSP/data/atdb_process/solar_bf_compressing/3777/876456/dynamic_spectra/LOFAR_20221127_134100_LBA_OUTER_S0.fits,2022-11-27,13:41:00.000000,876456_2022-11-27_13:41:00.000000,6
2541,876456_2022-11-27_13:56:00.000000,https://spaceweather.astron.nl//SolarKSP/data/atdb_process/solar_bf_compressing/3777/876456/dynamic_spectra/LOFAR_20221127_135600_LBA_OUTER_S0.fits,2022-11-27,13:56:00.000000,876456_2022-11-27_13:56:00.000000,6
2556,876456_2022-11-27_14:11:00.000000,https://spaceweather.astron.nl//SolarKSP/data/atdb_process/solar_bf_compressing/3777/876456/dynamic_spectra/LOFAR_20221127_141100_LBA_OUTER_S0.fits,2022-11-27,14:11:00.000000,876456_2022-11-27_14:11:00.000000,6
2543,876456_2022-11-27_14:26:00.000000,https://spaceweather.astron.nl//SolarKSP/data/atdb_process/solar_bf_compressing/3777/876456/dynamic_spectra/LOFAR_20221127_142600_LBA_OUTER_S0.fits,2022-11-27,14:26:00.000000,876456_2022-11-27_14:26:00.000000,6
2540,876456_2022-11-27_14:41:00.000000,https://spaceweather.astron.nl//SolarKSP/data/atdb_process/solar_bf_compressing/3777/876456/dynamic_spectra/LOFAR_20221127_144100_LBA_OUTER_S0.fits,2022-11-27,14:41:00.000000,876456_2022-11-27_14:41:00.000000,6
2531,876456_2022-11-27_14:56:00.000000,https://spaceweather.astron.nl//SolarKSP/data/atdb_process/solar_bf_compressing/3777/876456/dynamic_spectra/LOFAR_20221127_145600_LBA_OUTER_S0.fits,2022-11-27,14:56:00.000000,876456_2022-11-27_14:56:00.000000,6
2565,876456_2022-11-27_15:11:00.000000,https://spaceweather.astron.nl//SolarKSP/data/atdb_process/solar_bf_compressing/3777/876456/dynamic_spectra/LOFAR_20221127_151100_LBA_OUTER_S0.fits,2022-11-27,15:11:00.000000,876456_2022-11-27_15:11:00.000000,6
1318,883430_2023-03-12_08:00:00.000000,https://spaceweather.astron.nl//SolarKSP/data/atdb_process/solar_bf_compressing/3728/883430/dynamic_spectra/LOFAR_20230312_080000_HBA_DUAL_S0.fits,2023-03-12,08:00:00.000000,883430_2023-03-12_08:00:00.000000,6
1341,883430_2023-03-12_08:15:00.000000,https://spaceweather.astron.nl//SolarKSP/data/atdb_process/solar_bf_compressing/3728/883430/dynamic_spectra/LOFAR_20230312_081500_HBA_DUAL_S0.fits,2023-03-12,08:15:00.000000,883430_2023-03-12_08:15:00.000000,6
1326,883430_2023-03-12_08:30:00.000000,https://spaceweather.astron.nl//SolarKSP/data/atdb_process/solar_bf_compressing/3728/883430/dynamic_spectra/LOFAR_20230312_083000_HBA_DUAL_S0.fits,2023-03-12,08:30:00.000000,883430_2023-03-12_08:30:00.000000,1
1314,883430_2023-03-12_08:45:00.000000,https://spaceweather.astron.nl//SolarKSP/data/atdb_process/solar_bf_compressing/3728/883430/dynamic_spectra/LOFAR_20230312_084500_HBA_DUAL_S0.fits,2023-03-12,08:45:00.000000,883430_2023-03-12_08:45:00.000000,1
1330,883430_2023-03-12_09:00:00.000000,https://spaceweather.astron.nl//SolarKSP/data/atdb_process/solar_bf_compressing/3728/883430/dynamic_spectra/LOFAR_20230312_090000_HBA_DUAL_S0.fits,2023-03-12,09:00:00.000000,883430_2023-03-12_09:00:00.000000,1
1333,883430_2023-03-12_09:15:00.000000,https://spaceweather.astron.nl//SolarKSP/data/atdb_process/solar_bf_compressing/3728/883430/dynamic_spectra/LOFAR_20230312_091500_HBA_DUAL_S0.fits,2023-03-12,09:15:00.000000,883430_2023-03-12_09:15:00.000000,1
1317,883430_2023-03-12_09:30:00.000000,https://spaceweather.astron.nl//SolarKSP/data/atdb_process/solar_bf_compressing/3728/883430/dynamic_spectra/LOFAR_20230312_093000_HBA_DUAL_S0.fits,2023-03-12,09:30:00.000000,883430_2023-03-12_09:30:00.000000,1
1322,883430_2023-03-12_09:45:00.000000,https://spaceweather.astron.nl//SolarKSP/data/atdb_process/solar_bf_compressing/3728/883430/dynamic_spectra/LOFAR_20230312_094500_HBA_DUAL_S0.fits,2023-03-12,09:45:00.000000,883430_2023-03-12_09:45:00.000000,1
1335,883430_2023-03-12_10:00:00.000000,https://spaceweather.astron.nl//SolarKSP/data/atdb_process/solar_bf_compressing/3728/883430/dynamic_spectra/LOFAR_20230312_100000_HBA_DUAL_S0.fits,2023-03-12,10:00:00.000000,883430_2023-03-12_10:00:00.000000,1
1329,883430_2023-03-12_10:15:00.000000,https://spaceweather.astron.nl//SolarKSP/data/atdb_process/solar_bf_compressing/3728/883430/dynamic_spectra/LOFAR_20230312_101500_HBA_DUAL_S0.fits,2023-03-12,10:15:00.000000,883430_2023-03-12_10:15:00.000000,1
1342,883430_2023-03-12_10:30:00.000000,https://spaceweather.astron.nl//SolarKSP/data/atdb_process/solar_bf_compressing/3728/883430/dynamic_spectra/LOFAR_20230312_103000_HBA_DUAL_S0.fits,2023-03-12,10:30:00.000000,883430_2023-03-12_10:30:00.000000,1
1331,883430_2023-03-12_10:45:00.000000,https://spaceweather.astron.nl//SolarKSP/data/atdb_process/solar_bf_compressing/3728/883430/dynamic_spectra/LOFAR_20230312_104500_HBA_DUAL_S0.fits,2023-03-12,10:45:00.000000,883430_2023-03-12_10:45:00.000000,1
1339,883430_2023-03-12_11:00:00.000000,https://spaceweather.astron.nl//SolarKSP/data/atdb_process/solar_bf_compressing/3728/883430/dynamic_spectra/LOFAR_20230312_110000_HBA_DUAL_S0.fits,2023-03-12,11:00:00.000000,883430_2023-03-12_11:00:00.000000,1
1320,883430_2023-03-12_11:15:00.000000,https://spaceweather.astron.nl//SolarKSP/data/atdb_process/solar_bf_compressing/3728/883430/dynamic_spectra/LOFAR_20230312_111500_HBA_DUAL_S0.fits,2023-03-12,11:15:00.000000,883430_2023-03-12_11:15:00.000000,1
1336,883430_2023-03-12_11:30:00.000000,https://spaceweather.astron.nl//SolarKSP/data/atdb_process/solar_bf_compressing/3728/883430/dynamic_spectra/LOFAR_20230312_113000_HBA_DUAL_S0.fits,2023-03-12,11:30:00.000000,883430_2023-03-12_11:30:00.000000,1
1337,883430_2023-03-12_11:45:00.000000,https://spaceweather.astron.nl//SolarKSP/data/atdb_process/solar_bf_compressing/3728/883430/dynamic_spectra/LOFAR_20230312_114500_HBA_DUAL_S0.fits,2023-03-12,11:45:00.000000,883430_2023-03-12_11:45:00.000000,1
1321,883430_2023-03-12_12:00:00.000000,https://spaceweather.astron.nl//SolarKSP/data/atdb_process/solar_bf_compressing/3728/883430/dynamic_spectra/LOFAR_20230312_120000_HBA_DUAL_S0.fits,2023-03-12,12:00:00.000000,883430_2023-03-12_12:00:00.000000,1
1340,883430_2023-03-12_12:15:00.000000,https://spaceweather.astron.nl//SolarKSP/data/atdb_process/solar_bf_compressing/3728/883430/dynamic_spectra/LOFAR_20230312_121500_HBA_DUAL_S0.fits,2023-03-12,12:15:00.000000,883430_2023-03-12_12:15:00.000000,1
1327,883430_2023-03-12_12:30:00.000000,https://spaceweather.astron.nl//SolarKSP/data/atdb_process/solar_bf_compressing/3728/883430/dynamic_spectra/LOFAR_20230312_123000_HBA_DUAL_S0.fits,2023-03-12,12:30:00.000000,883430_2023-03-12_12:30:00.000000,1
1313,883430_2023-03-12_12:45:00.000000,https://spaceweather.astron.nl//SolarKSP/data/atdb_process/solar_bf_compressing/3728/883430/dynamic_spectra/LOFAR_20230312_124500_HBA_DUAL_S0.fits,2023-03-12,12:45:00.000000,883430_2023-03-12_12:45:00.000000,1
1328,883430_2023-03-12_13:00:00.000000,https://spaceweather.astron.nl//SolarKSP/data/atdb_process/solar_bf_compressing/3728/883430/dynamic_spectra/LOFAR_20230312_130000_HBA_DUAL_S0.fits,2023-03-12,13:00:00.000000,883430_2023-03-12_13:00:00.000000,1
1334,883430_2023-03-12_13:15:00.000000,https://spaceweather.astron.nl//SolarKSP/data/atdb_process/solar_bf_compressing/3728/883430/dynamic_spectra/LOFAR_20230312_131500_HBA_DUAL_S0.fits,2023-03-12,13:15:00.000000,883430_2023-03-12_13:15:00.000000,1
1316,883430_2023-03-12_13:30:00.000000,https://spaceweather.astron.nl//SolarKSP/data/atdb_process/solar_bf_compressing/3728/883430/dynamic_spectra/LOFAR_20230312_133000_HBA_DUAL_S0.fits,2023-03-12,13:30:00.000000,883430_2023-03-12_13:30:00.000000,1
1324,883430_2023-03-12_13:45:00.000000,https://spaceweather.astron.nl//SolarKSP/data/atdb_process/solar_bf_compressing/3728/883430/dynamic_spectra/LOFAR_20230312_134500_HBA_DUAL_S0.fits,2023-03-12,13:45:00.000000,883430_2023-03-12_13:45:00.000000,1
1312,883430_2023-03-12_14:00:00.000000,https://spaceweather.astron.nl//SolarKSP/data/atdb_process/solar_bf_compressing/3728/883430/dynamic_spectra/LOFAR_20230312_140000_HBA_DUAL_S0.fits,2023-03-12,14:00:00.000000,883430_2023-03-12_14:00:00.000000,5
1338,883430_2023-03-12_14:15:00.000000,https://spaceweather.astron.nl//SolarKSP/data/atdb_process/solar_bf_compressing/3728/883430/dynamic_spectra/LOFAR_20230312_141500_HBA_DUAL_S0.fits,2023-03-12,14:15:00.000000,883430_2023-03-12_14:15:00.000000,1
1325,883430_2023-03-12_14:30:00.000000,https://spaceweather.astron.nl//SolarKSP/data/atdb_process/solar_bf_compressing/3728/883430/dynamic_spectra/LOFAR_20230312_143000_HBA_DUAL_S0.fits,2023-03-12,14:30:00.000000,883430_2023-03-12_14:30:00.000000,1
1319,883430_2023-03-12_14:45:00.000000,https://spaceweather.astron.nl//SolarKSP/data/atdb_process/solar_bf_compressing/3728/883430/dynamic_spectra/LOFAR_20230312_144500_HBA_DUAL_S0.fits,2023-03-12,14:45:00.000000,883430_2023-03-12_14:45:00.000000,1
1323,883430_2023-03-12_15:00:00.000000,https://spaceweather.astron.nl//SolarKSP/data/atdb_process/solar_bf_compressing/3728/883430/dynamic_spectra/LOFAR_20230312_150000_HBA_DUAL_S0.fits,2023-03-12,15:00:00.000000,883430_2023-03-12_15:00:00.000000,1
1332,883430_2023-03-12_15:15:00.000000,https://spaceweather.astron.nl//SolarKSP/data/atdb_process/solar_bf_compressing/3728/883430/dynamic_spectra/LOFAR_20230312_151500_HBA_DUAL_S0.fits,2023-03-12,15:15:00.000000,883430_2023-03-12_15:15:00.000000,1
1315,883430_2023-03-12_15:30:00.000000,https://spaceweather.astron.nl//SolarKSP/data/atdb_process/solar_bf_compressing/3728/883430/dynamic_spectra/LOFAR_20230312_153000_HBA_DUAL_S0.fits,2023-03-12,15:30:00.000000,883430_2023-03-12_15:30:00.000000,1
