timestamp,begin,end,loc_freq,type
2022-05-02_00:00:00.000000,0000,0240,076-180,III/1
2022-05-02_02:45:00.000000,0249,0250,025-180,III/2
2022-05-02_03:00:00.000000,0306,0306,079-180,III/1
2022-05-02_03:45:00.000000,0342,0343,025-180,III/1
2022-05-02_04:15:00.000000,0415,0415,025-087,III/2
2022-05-02_05:15:00.000000,0515,0515,076-180,III/1
2022-05-02_19:15:00.000000,1908,1910,025-180,III/2
2022-05-03_00:15:00.000000,0014,0015,025-071,III/2
2022-05-03_01:30:00.000000,0133,0133,025-036,III/1
2022-05-03_04:30:00.000000,0432,0432,025-158,III/1
2022-05-03_05:45:00.000000,0538,0543,025-180,III/1
2022-05-03_20:00:00.000000,1958,2007,025-086,III/1
2022-05-03_20:00:00.000000,2005,2228,025-180,IV/1
2022-05-03_20:45:00.000000,2042,2359,025-153,IV/1
2022-05-04_00:00:00.000000,0000,0448,025-153,IV/1
2022-05-04_00:30:00.000000,0028,0028,025-180,III/1
2022-05-04_04:00:00.000000,0359,1220,058-180,IV/1
2022-05-04_17:15:00.000000,1718,1718,025-075,III/2
2022-05-04_19:00:00.000000,1905,1905,025-060,III/1
2022-05-04_22:30:00.000000,2233,2359,115-180,IV/1
2022-05-05_00:00:00.000000,0000,0128,115-180,IV/1
2022-05-05_00:00:00.000000,0000,0601,075-180,III/1
2022-05-05_04:30:00.000000,0428,0535,131-180,IV/1
2022-05-05_18:30:00.000000,1831,1831,025-053,III/2
2022-05-05_23:45:00.000000,2339,2340,025-061,III/1
2022-05-06_03:15:00.000000,0312,0316,025-048,III/1
2022-05-06_06:00:00.000000,0553,0554,025-055,III/1
2022-05-06_06:15:00.000000,0618,0619,025-054,III/1
2022-05-07_05:30:00.000000,0526,0527,025-111,III/1
2022-05-07_06:00:00.000000,0606,0606,025-048,III/1
2022-05-07_16:45:00.000000,1643,1644,025-082,III/1
2022-05-07_17:15:00.000000,1711,1711,025-045,III/1
2022-05-07_22:30:00.000000,2233,2233,025-180,III/2
2022-05-07_23:30:00.000000,2336,2345,025-074,III/2
2022-05-08_00:30:00.000000,0023,0035,025-180,III/2
2022-05-08_01:15:00.000000,0116,0209,025-160,III/2
2022-05-08_04:00:00.000000,0404,0404,025-055,III/1
2022-05-08_05:15:00.000000,0508,0508,025-180,III/1
2022-05-08_05:45:00.000000,0546,0546,025-151,III/1
2022-05-08_17:15:00.000000,1717,1717,038-075,III/1
2022-05-08_20:15:00.000000,2019,2020,025-063,III/2
2022-05-08_23:00:00.000000,2305,2305,025-180,III/1
2022-05-09_01:30:00.000000,0127,0127,036-055,III/2
2022-05-09_03:15:00.000000,0322,0322,025-088,III/1
2022-05-09_05:45:00.000000,0538,0538,029-075,III/1
2022-05-09_17:30:00.000000,1735,1736,025-170,III/1
2022-05-09_17:30:00.000000,1736,1736,042-083,III/1
2022-05-09_21:00:00.000000,2101,2103,025-091,III/1
2022-05-09_23:30:00.000000,2333,2334,025-125,III/1
2022-05-10_00:00:00.000000,0006,0006,025-052,III/1
2022-05-10_06:15:00.000000,0612,0613,025-058,III/1
2022-05-10_06:45:00.000000,0652,0652,068-180,III/1
2022-05-10_07:00:00.000000,0700,0759,050-180,III/1
2022-05-10_08:45:00.000000,0840,0846,025-180,III/2
2022-05-10_10:15:00.000000,1019,1019,025-046,III/1
2022-05-10_11:45:00.000000,1152,1158,025-050,III/1
2022-05-10_13:45:00.000000,1345,1355,025-180,III/2
2022-05-10_14:00:00.000000,1358,1423,025-180,II/3    718
2022-05-10_14:00:00.000000,1407,1800,113-152,IV/1
2022-05-10_14:45:00.000000,1451,1549,025-083,IV/1
2022-05-10_15:45:00.000000,1549,1550,025-052,III/1
2022-05-10_19:15:00.000000,1916,1917,025-068,III/1
2022-05-10_20:45:00.000000,2047,2049,025-050,III/1
2022-05-11_01:45:00.000000,0151,0152,025-180,III/1
2022-05-11_02:00:00.000000,0159,0204,025-103,III/1
2022-05-11_02:45:00.000000,0247,0248,075-180,III/1
2022-05-11_03:30:00.000000,0334,0341,025-180,III/1
2022-05-11_04:15:00.000000,0418,0418,025-180,III/2
2022-05-11_05:45:00.000000,0547,0551,025-127,III/1
2022-05-11_06:15:00.000000,0615,0615,025-180,III/1
2022-05-11_17:45:00.000000,1745,1753,025-142,III/1
2022-05-11_18:30:00.000000,1824,1917,025-151,II/2    1258
2022-05-11_18:45:00.000000,1850,2132,025-128,IV/2
2022-05-11_20:15:00.000000,2018,2019,025-086,III/1
2022-05-11_21:00:00.000000,2059,2106,025-180,III/1
2022-05-11_21:15:00.000000,2111,2112,025-085,III/2
2022-05-11_23:15:00.000000,2312,2312,025-048,III/1
2022-05-11_23:30:00.000000,2328,2328,025-047,III/1
2022-05-12_02:00:00.000000,0203,0205,025-180,III/2
2022-05-12_05:00:00.000000,0457,0457,025-180,III/1
2022-05-12_05:45:00.000000,0547,0550,025-180,III/1
2022-05-12_17:15:00.000000,1715,1716,025-050,III/1
2022-05-12_21:00:00.000000,2101,2106,025-064,III/1
2022-05-13_01:45:00.000000,0145,0145,075-180,III/1
2022-05-13_16:15:00.000000,1622,1624,025-180,III/1
2022-05-13_18:15:00.000000,1811,1811,025-180,III/1
2022-05-13_19:30:00.000000,1937,1944,025-072,III/1
2022-05-13_20:30:00.000000,2033,2033,025-042,III/1
2022-05-14_01:45:00.000000,0139,0140,025-067,III/1
2022-05-14_05:30:00.000000,0526,0530,025-083,III/1
2022-05-14_20:15:00.000000,2021,2021,025-040,III/1
2022-05-14_21:30:00.000000,2135,2135,025-048,III/1
2022-05-14_22:45:00.000000,2251,2253,025-180,III/2
2022-05-15_00:45:00.000000,0046,0046,025-061,III/1
2022-05-15_20:30:00.000000,2023,2027,025-055,III/1
2022-05-16_02:15:00.000000,0222,0222,025-074,III/1
2022-05-16_05:00:00.000000,0507,0508,075-180,III/1
2022-05-16_18:15:00.000000,1812,1814,025-180,III/2
2022-05-16_18:45:00.000000,1841,1841,025-099,III/1
2022-05-16_22:30:00.000000,2231,2236,025-180,III/2
2022-05-17_03:45:00.000000,0351,0351,025-072,III/1
2022-05-17_04:45:00.000000,0447,0450,025-074,III/1
2022-05-17_19:00:00.000000,1903,1906,025-180,III/1
2022-05-17_22:45:00.000000,2239,2240,025-056,III/1
2022-05-18_00:00:00.000000,0000,0001,025-051,III/1
2022-05-18_01:45:00.000000,0144,0144,025-180,III/2
2022-05-18_02:45:00.000000,0239,0240,025-180,III/2
2022-05-18_17:30:00.000000,1737,1742,025-180,III/1
2022-05-18_21:45:00.000000,2144,2149,025-156,III/1
2022-05-18_22:00:00.000000,2155,2155,025-051,III/1
2022-05-18_23:30:00.000000,2330,2331,025-042,III/1
2022-05-19_02:00:00.000000,0203,0204,025-061,III/1
2022-05-19_03:15:00.000000,0316,0316,025-088,III/1
2022-05-19_04:15:00.000000,0409,0411,025-180,III/1
2022-05-19_07:00:00.000000,0700,0701,025-084,III/1
2022-05-19_07:00:00.000000,0701,0701,025-089,III/1
2022-05-19_09:15:00.000000,0917,0918,025-084,III/1
2022-05-19_12:00:00.000000,1203,1223,048-180,II/1    561
2022-05-19_13:00:00.000000,1306,1306,025-082,III/1
2022-05-19_14:30:00.000000,1431,1437,025-086,III/1
2022-05-19_16:15:00.000000,1615,1620,025-084,III/1
2022-05-19_20:15:00.000000,2015,2017,025-053,III/1
2022-05-20_01:00:00.000000,0100,0101,025-089,III/1
2022-05-20_19:30:00.000000,1935,1938,025-180,III/2
2022-05-20_19:30:00.000000,1936,1938,025-180,III/2
2022-05-20_20:15:00.000000,2021,2026,025-065,III/1
2022-05-20_23:30:00.000000,2330,2338,025-180,III/2
2022-05-21_00:15:00.000000,0009,0012,025-180,III/2
2022-05-21_03:30:00.000000,0326,0326,025-180,III/1
2022-05-21_03:45:00.000000,0347,0354,025-180,III/3
2022-05-21_03:45:00.000000,0349,0351,025-180,III/2
2022-05-21_05:00:00.000000,0456,0458,025-083,III/1
2022-05-21_19:15:00.000000,1922,1928,025-067,III/1
2022-05-21_23:30:00.000000,2337,2339,025-180,III/3
2022-05-22_02:15:00.000000,0220,0230,025-150,III/2
2022-05-22_03:45:00.000000,0342,0343,025-090,III/1
2022-05-22_20:45:00.000000,2045,2046,025-055,III/2
2022-05-24_19:45:00.000000,1947,1952,025-080,III/1
2022-05-24_22:00:00.000000,2201,2204,025-180,III/2
2022-05-24_22:30:00.000000,2223,2228,042-055,II/1    570
2022-05-24_22:45:00.000000,2243,2245,031-048,II/1    867
2022-05-25_00:30:00.000000,0034,0034,063-135,III/1
2022-05-26_04:15:00.000000,0409,0410,075-180,III/1
2022-05-26_19:45:00.000000,1946,1955,025-075,III/2
2022-05-27_00:30:00.000000,0035,0038,025-179,III/2
2022-05-27_01:45:00.000000,0146,0146,025-088,III/1
2022-05-27_04:00:00.000000,0353,0353,025-079,III/1
2022-05-27_06:15:00.000000,0616,0617,025-089,III/1
2022-05-27_19:30:00.000000,1927,1930,025-180,III/2
2022-05-27_20:45:00.000000,2044,2046,025-180,III/2
2022-05-28_01:30:00.000000,0133,0135,025-180,III/2
2022-05-28_05:15:00.000000,0518,0518,025-107,III/1
2022-05-28_20:45:00.000000,2048,2048,025-180,III/2
2022-05-28_23:15:00.000000,2315,2316,025-087,III/2
2022-05-29_01:30:00.000000,0124,0125,025-124,III/1
2022-05-29_02:45:00.000000,0251,0252,025-052,III/1
2022-05-29_22:30:00.000000,2230,2230,025-053,III/1
2022-05-30_07:45:00.000000,0749,0751,025-180,III/2
2022-05-30_09:45:00.000000,0952,0952,025-045,III/1
2022-05-30_13:45:00.000000,1343,1344,025-066,III/1
2022-05-30_14:45:00.000000,1450,1451,025-162,III/1
2022-05-30_15:00:00.000000,1503,1507,025-180,III/2
2022-05-30_18:00:00.000000,1803,1804,025-075,III/1
2022-05-30_19:30:00.000000,1931,1935,025-127,III/2
2022-05-30_20:30:00.000000,2032,2032,025-050,III/1
2022-05-30_20:45:00.000000,2046,2046,025-053,III/1
2022-05-31_01:15:00.000000,0120,0120,025-180,III/1
2022-05-31_22:15:00.000000,2208,2208,025-075,III/2
2022-05-31_22:45:00.000000,2246,2246,025-048,III/1
2022-06-01_01:15:00.000000,0117,0124,025-090,III/2
2022-06-01_02:45:00.000000,0251,0251,025-180,III/1
2022-06-01_04:15:00.000000,0409,0409,025-056,III/1
2022-06-01_23:15:00.000000,2309,2309,025-055,III/1
2022-06-02_04:45:00.000000,0441,0442,025-045,III/1
2022-06-02_06:45:00.000000,0639,0639,025-049,III/1
2022-06-02_14:00:00.000000,1355,1358,025-082,III/1
2022-06-02_15:45:00.000000,1552,1554,025-180,III/2
2022-06-02_20:15:00.000000,2015,2023,025-074,III/1
2022-06-03_02:45:00.000000,0245,0251,025-180,III/3
2022-06-03_20:00:00.000000,2001,2001,025-078,III/2
2022-06-03_21:30:00.000000,2123,2126,025-061,III/1
2022-06-03_22:00:00.000000,2157,2158,025-051,III/1
2022-06-03_23:00:00.000000,2254,2255,025-180,III/1
2022-06-04_02:00:00.000000,0202,0202,025-063,III/1
2022-06-07_15:15:00.000000,1518,1519,025-081,III/1
2022-06-08_03:30:00.000000,0333,0335,025-071,III/1
2022-06-09_13:45:00.000000,1348,1348,025-083,III/2
2022-06-09_16:45:00.000000,1647,1647,025-054,III/1
2022-06-09_19:00:00.000000,1904,1906,025-066,III/1
2022-06-09_20:45:00.000000,2050,2050,025-054,III/1
2022-06-10_20:30:00.000000,2028,2028,025-049,III/1
2022-06-10_21:15:00.000000,2118,2119,025-055,III/1
2022-06-12_01:45:00.000000,0148,0148,025-097,III/1
2022-06-12_04:15:00.000000,0421,0421,025-055,III/1
2022-06-12_21:00:00.000000,2105,2105,025-051,III/1
2022-06-13_03:30:00.000000,0324,0331,025-047,II/2    325
2022-06-13_03:30:00.000000,0336,0415,025-075,IV/1
2022-06-13_19:15:00.000000,1914,1914,025-067,III/1
2022-06-13_21:00:00.000000,2055,2055,025-056,III/1
2022-06-13_23:30:00.000000,2328,2333,025-157,III/2
2022-06-14_04:00:00.000000,0358,0358,025-180,III/2
2022-06-14_12:45:00.000000,1250,1258,025-054,III/1
2022-06-14_14:00:00.000000,1404,1405,025-082,III/1
2022-06-14_15:45:00.000000,1544,1551,025-180,III/1
2022-06-14_15:45:00.000000,1544,1552,025-084,III/1
2022-06-14_22:00:00.000000,2204,2213,025-063,III/1
2022-06-14_22:45:00.000000,2244,2244,109-180,III/1
2022-06-14_23:00:00.000000,2259,2307,025-066,III/1
2022-06-15_00:45:00.000000,0038,0038,025-180,III/1
2022-06-15_20:00:00.000000,2007,2007,025-053,III/1
2022-06-15_21:00:00.000000,2100,2100,025-049,III/1
2022-06-15_22:15:00.000000,2209,2210,025-071,III/1
2022-06-16_06:00:00.000000,0604,0604,025-180,III/1
2022-06-16_08:45:00.000000,0839,0840,025-078,III/1
2022-06-16_10:45:00.000000,1048,1052,025-084,III/1
2022-06-16_17:30:00.000000,1730,1731,025-053,III/1
2022-06-16_18:00:00.000000,1805,1810,025-180,III/2
2022-06-16_20:00:00.000000,2001,2001,025-061,III/1
2022-06-16_21:45:00.000000,2141,2142,025-145,III/2
2022-06-17_00:30:00.000000,0031,0223,025-180,III/2
2022-06-17_01:30:00.000000,0135,0140,025-075,III/1
2022-06-17_02:15:00.000000,0212,0219,025-180,III/2
2022-06-17_02:15:00.000000,0222,0223,067-180,III/2
2022-06-17_04:30:00.000000,0427,0430,034-180,III/2
2022-06-17_06:15:00.000000,0612,0613,131-180,III/1
2022-06-19_00:15:00.000000,0021,0022,025-090,III/2
2022-06-19_03:45:00.000000,0347,0347,025-045,III/1
2022-06-19_04:45:00.000000,0450,0451,025-073,III/1
2022-06-20_00:15:00.000000,0016,0017,025-180,III/1
2022-06-20_21:45:00.000000,2141,2141,025-180,III/2
2022-06-22_04:15:00.000000,0417,0419,061-180,III/2
2022-06-23_23:45:00.000000,2339,2341,063-175,III/1
2022-06-24_07:30:00.000000,0736,0737,025-053,III/1
2022-06-24_09:30:00.000000,0929,0931,025-180,V/2
2022-06-24_18:30:00.000000,1830,1833,025-047,III/1
2022-06-24_20:30:00.000000,2035,2202,025-057,III/1
2022-06-25_04:15:00.000000,0413,0416,025-180,III/2
2022-06-25_19:15:00.000000,1910,1911,025-056,III/1
2022-06-25_20:30:00.000000,2032,2032,025-048,III/1
2022-06-25_21:30:00.000000,2125,2125,025-087,III/2
2022-06-26_00:00:00.000000,2353,2357,025-180,III/1
2022-06-26_00:30:00.000000,0024,0028,025-180,III/1
2022-06-26_02:45:00.000000,0240,0337,025-180,III/2
2022-06-26_20:00:00.000000,1955,1956,025-180,III/1
2022-06-26_22:45:00.000000,2241,2241,025-073,III/1
2022-06-27_00:00:00.000000,0000,0000,025-180,III/1
2022-06-27_02:00:00.000000,0203,0206,025-180,III/3
2022-06-27_07:45:00.000000,0738,0740,025-098,III/1
2022-06-27_08:15:00.000000,0821,0825,025-104,III/1
2022-06-27_10:00:00.000000,0953,0953,025-080,III/1
2022-06-27_10:45:00.000000,1049,1056,025-180,III/2
2022-06-27_11:00:00.000000,1103,1104,025-081,III/1
2022-06-27_12:00:00.000000,1205,1212,025-180,III/2
2022-06-27_12:45:00.000000,1251,1253,025-180,III/2
2022-06-27_13:15:00.000000,1309,1311,025-180,III/2
2022-06-27_14:00:00.000000,1402,1410,025-180,III/2
2022-06-27_14:45:00.000000,1447,1447,025-180,III/1
2022-06-27_15:00:00.000000,1501,1501,025-083,III/1
2022-06-27_16:00:00.000000,1555,1601,025-081,III/1
2022-06-27_17:00:00.000000,1657,1657,025-180,III/1
2022-06-28_00:15:00.000000,0008,0009,025-180,III/1
2022-06-28_01:15:00.000000,0118,0118,025-090,III/1
2022-06-28_02:15:00.000000,0220,0220,025-044,III/1
2022-06-28_04:00:00.000000,0355,0403,025-180,III/2
2022-06-28_07:45:00.000000,0748,0750,025-180,III/3
2022-06-28_12:15:00.000000,1211,1211,025-180,III/1
2022-06-28_13:30:00.000000,1326,1327,025-076,III/1
2022-06-28_15:15:00.000000,1514,1608,025-061,III/1
2022-06-28_21:30:00.000000,2127,2130,025-054,III/1
2022-06-28_22:30:00.000000,2235,2235,025-052,III/1
2022-06-29_00:45:00.000000,0044,0044,025-049,III/2
2022-06-29_06:15:00.000000,0612,0613,043-082,III/1
2022-06-29_14:15:00.000000,1413,1416,025-082,III/1
2022-06-29_16:00:00.000000,1556,1602,025-081,III/1
2022-06-29_18:00:00.000000,1753,1754,025-048,III/1
2022-06-29_18:45:00.000000,1839,1839,025-072,III/1
2022-06-29_23:15:00.000000,2308,2309,025-076,III/1
2022-06-30_05:00:00.000000,0505,0507,025-180,III/1
2022-06-30_05:15:00.000000,0518,0520,025-146,III/2
2022-06-30_08:45:00.000000,0842,0842,025-180,III/1
2022-06-30_09:45:00.000000,0939,0940,025-083,III/1
2022-06-30_12:00:00.000000,1159,1159,025-054,III/1
2022-06-30_15:30:00.000000,1527,1529,025-085,III/2
2022-06-30_18:15:00.000000,1818,1818,025-172,III/1
2022-06-30_23:30:00.000000,2326,2327,025-180,III/2
2022-07-01_03:30:00.000000,0323,0323,025-180,III/1
2022-07-01_03:45:00.000000,0350,0351,025-180,III/1
2022-07-01_05:45:00.000000,0539,0542,025-180,III/1
2022-07-01_20:15:00.000000,2022,2026,025-066,III/1
2022-07-01_21:00:00.000000,2105,2109,025-075,III/1
2022-07-01_22:15:00.000000,2209,2209,025-054,III/2
2022-07-02_21:00:00.000000,2105,2105,025-180,III/1
2022-07-03_00:00:00.000000,2355,2355,025-075,III/2
2022-07-03_00:00:00.000000,0000,0000,025-180,III/2
2022-07-03_03:45:00.000000,0344,0347,025-180,III/2
2022-07-03_05:00:00.000000,0505,0506,025-083,III/1
2022-07-03_06:00:00.000000,0559,0600,025-180,III/1
2022-07-03_20:00:00.000000,2002,2124,025-075,III/1
2022-07-03_22:15:00.000000,2213,2231,025-066,III/1
2022-07-04_04:30:00.000000,0426,0427,025-112,III/1
2022-07-04_06:30:00.000000,0626,0626,025-180,III/1
2022-07-04_13:30:00.000000,1332,1356,025-180,II/3    1828
2022-07-04_13:45:00.000000,1350,1412,025-084,IV/1
2022-07-04_17:30:00.000000,1725,1725,025-048,III/1
2022-07-04_19:30:00.000000,1936,1936,025-064,III/1
2022-07-05_02:30:00.000000,0228,0231,025-086,III/1
2022-07-05_03:15:00.000000,0315,0315,124-180,III/1
2022-07-05_04:00:00.000000,0400,0403,025-180,V/3
2022-07-05_04:00:00.000000,0400,0405,025-180,V/3
2022-07-05_04:15:00.000000,0416,0432,025-075,II/1    514
2022-07-05_15:30:00.000000,1526,1526,025-083,III/2
2022-07-05_18:30:00.000000,1835,1839,025-053,III/1
2022-07-06_02:45:00.000000,0245,0246,025-144,III/1
2022-07-06_05:00:00.000000,0503,0503,025-058,III/1
2022-07-06_06:00:00.000000,0603,0608,025-080,III/1
2022-07-07_00:00:00.000000,2358,2359,025-085,III/2
2022-07-07_06:15:00.000000,0611,0619,025-092,III/1
2022-07-07_07:00:00.000000,0706,0710,025-059,III/1
2022-07-07_17:15:00.000000,1722,1722,025-051,III/1
2022-07-07_23:45:00.000000,2352,2354,025-180,III/1
2022-07-08_05:15:00.000000,0512,0520,025-180,III/1
2022-07-08_20:15:00.000000,2022,2023,025-180,III/2
2022-07-08_23:15:00.000000,2316,2359,050-180,V/1
2022-07-08_23:45:00.000000,2344,2346,025-085,III/1
2022-07-09_04:30:00.000000,0431,0432,026-083,III/1
2022-07-09_13:45:00.000000,1350,1422,025-082,II/2    828
2022-07-09_22:30:00.000000,2232,2236,025-180,III/2
2022-07-10_00:30:00.000000,0030,0031,025-045,III/2
2022-07-12_00:15:00.000000,0010,0020,025-047,III/1
2022-07-12_19:30:00.000000,1934,1934,025-045,III/1
2022-07-12_20:30:00.000000,2029,2029,025-180,III/2
2022-07-13_03:15:00.000000,0312,0312,025-180,III/2
2022-07-13_04:15:00.000000,0410,0410,025-102,III/1
2022-07-13_05:00:00.000000,0500,0501,025-180,III/1
2022-07-13_15:30:00.000000,1536,1543,025-078,III/1
2022-07-13_16:15:00.000000,1610,1610,039-081,III/1
2022-07-14_03:30:00.000000,0323,0333,025-037,III/1
2022-07-14_04:45:00.000000,0450,0450,025-053,III/1
2022-07-14_20:00:00.000000,1955,1956,025-180,III/3
2022-07-14_21:45:00.000000,2150,2150,025-180,III/1
2022-07-14_23:00:00.000000,2255,2256,025-180,III/2
2022-07-14_23:15:00.000000,2315,2316,025-180,III/3
2022-07-15_02:00:00.000000,0159,0200,025-180,III/2
2022-07-15_05:30:00.000000,0534,0536,025-083,III/1
2022-07-15_22:15:00.000000,2209,2210,025-180,III/1
2022-07-16_00:00:00.000000,0003,0005,025-180,III/1
2022-07-16_04:00:00.000000,0357,0357,025-044,III/1
2022-07-16_04:30:00.000000,0426,0426,025-083,III/1
2022-07-17_21:15:00.000000,2119,2124,025-075,III/2
2022-07-17_23:45:00.000000,2348,2348,025-051,III/1
2022-07-18_20:30:00.000000,2024,2024,025-052,III/2
2022-07-18_21:00:00.000000,2103,2104,025-050,III/1
2022-07-18_21:00:00.000000,2104,2105,025-053,III/1
2022-07-18_23:45:00.000000,2351,2352,025-050,III/2
2022-07-19_20:15:00.000000,2017,2025,025-152,III/1
2022-07-19_21:45:00.000000,2138,2141,025-075,III/1
2022-07-19_23:30:00.000000,2335,2343,025-068,III/1
2022-07-20_00:15:00.000000,0016,0017,025-037,III/2
2022-07-20_00:45:00.000000,0051,0052,025-142,III/2
2022-07-20_02:30:00.000000,0224,0226,025-180,III/2
2022-07-20_16:15:00.000000,1613,1615,025-048,III/1
2022-07-20_18:30:00.000000,1832,1833,025-180,III/1
2022-07-20_23:15:00.000000,2310,2311,025-052,III/1
2022-07-21_00:30:00.000000,0024,0025,025-091,III/1
2022-07-21_01:15:00.000000,0120,0124,025-180,III/2
2022-07-21_01:15:00.000000,0121,0128,028-064,II/2    1063
2022-07-21_01:30:00.000000,0133,0201,075-180,IV/1
2022-07-21_03:30:00.000000,0336,0336,025-127,III/1
2022-07-21_08:15:00.000000,0817,0826,025-049,III/1
2022-07-21_12:00:00.000000,1156,1156,039-077,III/1
2022-07-21_14:00:00.000000,1401,1410,025-054,III/1
2022-07-21_16:00:00.000000,1606,1610,025-079,III/1
2022-07-22_01:45:00.000000,0152,0155,025-180,III/2
2022-07-22_19:45:00.000000,1947,1947,025-060,III/2
2022-07-23_00:00:00.000000,0002,0003,025-131,III/1
2022-07-23_03:30:00.000000,0326,0327,025-120,III/2
2022-07-23_05:00:00.000000,0501,0502,025-082,III/1
2022-07-23_05:30:00.000000,0530,0531,025-180,III/2
2022-07-23_20:00:00.000000,1953,1959,025-065,III/3
2022-07-23_20:30:00.000000,2032,2035,025-075,III/1
2022-07-23_22:30:00.000000,2223,2224,025-146,III/1
2022-07-24_03:45:00.000000,0342,0343,025-180,III/2
2022-07-24_05:00:00.000000,0501,0501,025-090,III/1
2022-07-26_13:45:00.000000,1348,1349,025-065,III/1
2022-07-28_12:00:00.000000,1206,1206,025-053,III/1
2022-07-30_20:15:00.000000,2018,2019,036-145,III/1
2022-07-30_21:00:00.000000,2102,2103,025-054,III/1
2022-07-31_00:00:00.000000,2353,2353,025-180,III/1
2022-08-02_14:00:00.000000,1401,1401,070-180,III/1
2022-08-02_15:30:00.000000,1537,1538,025-180,III/1
2022-08-02_19:45:00.000000,1949,1949,025-180,III/1
2022-08-02_22:15:00.000000,2211,2212,025-180,III/1
2022-08-02_22:45:00.000000,2238,2238,025-180,III/1
2022-08-03_06:00:00.000000,0558,0559,072-180,III/1
2022-08-03_22:15:00.000000,2211,2212,038-149,III/1
2022-08-04_03:15:00.000000,0317,0324,025-180,III/1
2022-08-04_04:00:00.000000,0402,0404,025-074,III/1
2022-08-04_21:00:00.000000,2105,2106,025-180,III/2
2022-08-05_00:45:00.000000,0049,0049,088-180,III/1
2022-08-05_04:15:00.000000,0408,0409,045-180,III/1
2022-08-05_05:15:00.000000,0512,0512,025-180,III/1
2022-08-05_05:30:00.000000,0530,0531,025-180,III/2
2022-08-06_00:15:00.000000,0011,0016,060-180,III/2
2022-08-06_00:45:00.000000,0044,0044,111-180,III/1
2022-08-06_03:00:00.000000,0305,0305,025-180,III/2
2022-08-06_03:30:00.000000,0334,0343,115-180,III/1
2022-08-06_04:30:00.000000,0428,0432,114-180,III/1
2022-08-07_02:30:00.000000,0226,0232,088-161,II/2    477
2022-08-07_11:15:00.000000,1121,1123,025-180,V/2
2022-08-07_14:30:00.000000,1433,1437,025-147,III/1
2022-08-07_19:00:00.000000,1901,1909,025-056,III/1
2022-08-07_21:00:00.000000,2056,2101,025-180,III/2
2022-08-07_23:30:00.000000,2332,2334,025-082,III/1
2022-08-08_00:15:00.000000,0017,0017,025-087,III/2
2022-08-08_00:45:00.000000,0049,0050,025-086,III/1
2022-08-08_12:00:00.000000,1159,1202,025-065,III/1
2022-08-08_13:00:00.000000,1254,1255,025-180,III/2
2022-08-08_15:00:00.000000,1507,1508,025-052,III/1
2022-08-08_21:45:00.000000,2150,2200,025-121,III/2
2022-08-09_06:45:00.000000,0638,0638,025-081,III/1
2022-08-09_08:30:00.000000,0828,0828,038-051,III/1
2022-08-13_12:45:00.000000,1244,1245,025-180,III/1
2022-08-14_06:15:00.000000,0619,0623,025-083,III/1
2022-08-14_12:00:00.000000,1201,1201,025-047,III/1
2022-08-14_12:00:00.000000,1204,1219,025-080,II/2    629
2022-08-14_19:00:00.000000,1859,1907,025-086,III/1
2022-08-14_19:15:00.000000,1914,1918,031-075,II/1    591
2022-08-15_05:15:00.000000,0516,0522,086-180,III/1
2022-08-15_06:15:00.000000,0608,0613,025-180,III/1
2022-08-15_06:15:00.000000,0615,0616,137-151,III/1
2022-08-15_21:00:00.000000,2058,2059,025-049,III/2
2022-08-15_21:45:00.000000,2150,2154,025-180,III/3
2022-08-16_00:15:00.000000,0009,0009,025-180,III/1
2022-08-16_01:15:00.000000,0115,0117,025-180,III/2
2022-08-16_07:30:00.000000,0727,0728,025-076,III/1
2022-08-16_08:00:00.000000,0757,0758,025-180,III/1
2022-08-17_20:45:00.000000,2038,2039,025-180,III/1
2022-08-17_21:15:00.000000,2110,2111,025-073,III/1
2022-08-18_00:15:00.000000,0016,0017,110-180,III/1
2022-08-18_04:00:00.000000,0359,0359,075-180,III/1
2022-08-18_15:45:00.000000,1539,1540,025-180,III/1
2022-08-18_18:00:00.000000,1759,1800,025-180,III/1
2022-08-18_18:15:00.000000,1817,1819,025-149,III/1
2022-08-18_23:00:00.000000,2304,2307,025-180,III/1
2022-08-19_03:00:00.000000,0254,0254,065-150,III/1
2022-08-19_04:30:00.000000,0435,0444,025-083,II/2    694
2022-08-19_04:30:00.000000,0436,0555,025-180,IV/1
2022-08-19_04:45:00.000000,0445,0449,025-083,III/2
2022-08-19_20:30:00.000000,2033,2038,025-137,II/1    318
2022-08-21_05:00:00.000000,0459,0506,025-180,III/2
2022-08-22_04:30:00.000000,0427,0427,055-180,III/1
2022-08-23_22:15:00.000000,2217,2217,025-058,III/1
2022-08-24_03:30:00.000000,0336,0337,088-180,III/1
2022-08-24_11:15:00.000000,1118,1118,025-050,III/1
2022-08-24_14:15:00.000000,1419,1420,025-144,III/1
2022-08-24_15:45:00.000000,1545,1547,025-054,III/1
2022-08-25_00:45:00.000000,0041,0041,025-180,III/2
2022-08-25_02:00:00.000000,0153,0154,025-076,III/1
2022-08-25_07:30:00.000000,0725,0727,025-080,III/1
2022-08-25_07:45:00.000000,0749,0750,126-180,III/1
2022-08-25_08:15:00.000000,0816,0817,128-180,III/1
2022-08-25_09:15:00.000000,0917,0918,115-180,III/1
2022-08-25_10:45:00.000000,1038,1047,138-180,III/1
2022-08-25_11:30:00.000000,1124,1124,143-180,III/1
2022-08-25_11:30:00.000000,1124,1124,138-172,III/1
2022-08-25_13:15:00.000000,1322,1322,025-046,III/1
2022-08-25_16:30:00.000000,1627,1627,025-047,III/1
2022-08-26_00:30:00.000000,0027,0942,075-180,III/1
2022-08-26_01:15:00.000000,0108,0112,025-078,III/1
2022-08-26_07:45:00.000000,0738,0739,025-180,III/2
2022-08-26_15:45:00.000000,1545,1545,025-075,III/1
2022-08-26_23:30:00.000000,2327,2327,025-100,III/1
2022-08-27_02:15:00.000000,0212,0214,025-060,II/1    657
2022-08-27_02:15:00.000000,0212,0304,025-180,IV/1
2022-08-27_04:15:00.000000,0419,0423,025-150,III/1
2022-08-27_08:00:00.000000,0803,0803,025-056,III/1
2022-08-27_09:15:00.000000,0915,0916,115-180,III/1
2022-08-27_09:45:00.000000,0951,0952,050-180,III/1
2022-08-27_10:30:00.000000,1027,1032,025-054,III/1
2022-08-27_10:30:00.000000,1027,1032,025-180,III/2
2022-08-27_11:30:00.000000,1123,1124,025-076,III/1
2022-08-27_12:45:00.000000,1245,1246,025-180,III/2
2022-08-27_15:00:00.000000,1459,1500,113-180,III/1
2022-08-27_16:30:00.000000,1623,1624,025-063,III/1
2022-08-27_16:30:00.000000,1623,1624,025-074,III/1
2022-08-27_18:15:00.000000,1811,2359,111-180,III/1
2022-08-27_18:45:00.000000,1848,1848,025-059,III/1
2022-08-27_19:30:00.000000,1928,1931,025-056,III/1
2022-08-27_20:45:00.000000,2050,2050,025-055,III/1
2022-08-27_23:00:00.000000,2302,2311,025-180,III/1
2022-08-27_23:45:00.000000,2350,2350,025-086,III/1
2022-08-28_06:00:00.000000,0559,0603,025-084,III/1
2022-08-28_06:30:00.000000,0625,0626,067-083,III/1
2022-08-28_16:00:00.000000,1604,1605,025-180,III/2
2022-08-28_16:00:00.000000,1607,1740,025-180,IV/1
2022-08-29_00:00:00.000000,0004,0004,025-108,III/1
2022-08-29_00:45:00.000000,0043,0049,025-112,III/1
2022-08-29_01:15:00.000000,0117,0122,025-180,III/1
2022-08-29_02:00:00.000000,0159,0159,054-180,III/1
2022-08-29_02:45:00.000000,0241,0247,031-180,III/1
2022-08-29_04:00:00.000000,0402,0402,025-138,III/1
2022-08-29_05:00:00.000000,0458,0459,025-143,III/1
2022-08-29_15:00:00.000000,1507,1514,025-055,III/1
2022-08-29_16:45:00.000000,1649,1645,025-180,IV/1
2022-08-29_17:00:00.000000,1655,1709,025-180,II/2    286
2022-08-29_17:15:00.000000,1713,1713,025-180,III/1
2022-08-29_19:15:00.000000,1919,1919,025-054,III/1
2022-08-29_19:45:00.000000,1945,1947,025-043,III/2
2022-08-29_21:00:00.000000,2056,2100,025-143,III/1
2022-08-30_01:15:00.000000,0113,0118,025-150,III/1
2022-08-30_02:30:00.000000,0225,0225,025-180,III/1
2022-08-30_04:30:00.000000,0437,0437,025-146,III/1
2022-08-30_10:45:00.000000,1048,1049,025-047,III/1
2022-08-30_13:15:00.000000,1310,1311,025-066,III/1
2022-08-30_17:15:00.000000,1712,1753,025-180,II/1    332
2022-08-31_10:45:00.000000,1044,1045,111-180,III/1
2022-08-31_12:45:00.000000,1248,1250,025-047,III/1
2022-09-01_01:45:00.000000,0140,0141,078-180,III/1
2022-09-01_02:30:00.000000,0224,0224,025-180,III/1
2022-09-04_07:45:00.000000,0742,0745,025-075,III/1
2022-09-04_07:45:00.000000,0745,0745,025-081,III/1
2022-09-05_17:00:00.000000,1701,1701,025-086,III/1
2022-09-05_20:45:00.000000,2052,2053,025-152,III/1
2022-09-06_05:00:00.000000,0502,0502,033-083,III/1
2022-09-06_20:00:00.000000,2007,2007,025-063,III/1
2022-09-06_20:45:00.000000,2041,2042,025-070,III/1
2022-09-07_02:15:00.000000,0213,0213,025-145,III/2
2022-09-07_20:00:00.000000,1953,1954,025-058,III/1
2022-09-08_23:30:00.000000,2329,2329,025-180,III/1
2022-09-09_04:00:00.000000,0359,0359,025-180,III/1
2022-09-09_15:15:00.000000,1519,1520,025-146,III/1
2022-09-09_16:45:00.000000,1646,1646,079-180,III/1
2022-09-09_16:45:00.000000,1647,1648,025-180,III/1
2022-09-10_09:00:00.000000,0907,0908,025-180,III/1
2022-09-10_09:45:00.000000,0948,0949,130-180,III/1
2022-09-10_10:15:00.000000,1016,1019,025-180,III/1
2022-09-10_12:15:00.000000,1210,1210,115-180,III/1
2022-09-10_21:00:00.000000,2103,2106,025-086,III/1
2022-09-11_01:45:00.000000,0142,0147,025-161,III/1
2022-09-11_16:30:00.000000,1636,1636,025-067,III/1
2022-09-12_18:30:00.000000,1829,1829,025-076,III/1
2022-09-12_19:00:00.000000,1857,1906,025-180,III/1
2022-09-13_00:45:00.000000,0044,0044,025-180,III/1
2022-09-13_03:15:00.000000,0322,0322,072-180,III/1
2022-09-13_04:00:00.000000,0404,0405,025-180,III/1
2022-09-13_08:45:00.000000,0842,0842,025-108,III/2
2022-09-13_09:15:00.000000,0910,0910,025-036,III/1
2022-09-13_10:30:00.000000,1031,1031,025-047,III/1
2022-09-13_13:15:00.000000,1313,1313,119-180,III/1
2022-09-13_14:15:00.000000,1413,1414,025-153,III/1
2022-09-14_02:00:00.000000,0158,0205,025-180,III/2
2022-09-14_05:45:00.000000,0539,0539,025-160,III/3
2022-09-14_06:30:00.000000,0632,0632,025-075,III/1
2022-09-14_10:00:00.000000,0954,0954,025-082,III/1
2022-09-14_12:00:00.000000,1154,1159,025-180,III/1
2022-09-14_13:30:00.000000,1327,1330,025-180,III/2
2022-09-14_15:00:00.000000,1503,1507,025-152,III/1
2022-09-14_17:00:00.000000,1704,1813,025-180,III/2
2022-09-14_18:15:00.000000,1812,1813,025-170,III/2
2022-09-14_19:30:00.000000,1924,1924,025-180,III/2
2022-09-14_20:00:00.000000,1956,1957,025-042,III/1
2022-09-14_20:15:00.000000,2021,2025,025-180,III/2
2022-09-15_00:15:00.000000,0011,0012,025-126,III/1
2022-09-15_01:15:00.000000,0115,0117,025-166,III/1
2022-09-15_01:45:00.000000,0150,0150,025-118,III/1
2022-09-15_06:00:00.000000,0605,0606,025-180,III/2
2022-09-15_07:00:00.000000,0657,0657,025-083,III/1
2022-09-15_09:00:00.000000,0905,0905,025-180,III/2
2022-09-15_13:45:00.000000,1349,1349,025-082,III/1
2022-09-15_16:30:00.000000,1623,1631,025-180,III/2
2022-09-15_17:45:00.000000,1741,1742,025-118,III/1
2022-09-15_18:30:00.000000,1823,1825,025-086,III/1
2022-09-16_00:00:00.000000,0001,0001,025-048,III/1
2022-09-16_03:45:00.000000,0346,0348,025-180,III/1
2022-09-16_05:30:00.000000,0533,0602,025-135,III/1
2022-09-16_16:15:00.000000,1615,1616,025-180,III/2
2022-09-16_18:15:00.000000,1821,1821,025-044,III/1
2022-09-16_19:45:00.000000,1947,1948,025-143,III/1
2022-09-17_03:00:00.000000,0307,0308,101-180,III/1
2022-09-17_15:30:00.000000,1533,1534,025-083,III/1
2022-09-18_02:00:00.000000,0202,0203,025-085,III/1
2022-09-18_02:00:00.000000,0202,0204,025-146,V/2
2022-09-18_04:15:00.000000,0422,0423,025-180,III/1
2022-09-18_05:00:00.000000,0502,0503,025-180,III/2
2022-09-18_05:45:00.000000,0542,0543,108-180,III/1
2022-09-18_06:15:00.000000,0614,0620,075-180,III/1
2022-09-18_21:15:00.000000,2112,2113,025-087,III/1
2022-09-18_22:00:00.000000,2154,2154,025-059,III/1
2022-09-18_22:15:00.000000,2211,2215,025-180,V/3
2022-09-19_01:15:00.000000,0113,0119,025-170,III/2
2022-09-19_02:30:00.000000,0226,0228,025-180,V/3
2022-09-19_02:30:00.000000,0230,0232,025-180,III/3
2022-09-19_03:45:00.000000,0339,0345,025-180,III/1
2022-09-19_03:45:00.000000,0341,0345,025-180,V/3
2022-09-19_04:30:00.000000,0433,0433,025-180,III/1
2022-09-19_05:15:00.000000,0513,0514,025-180,III/2
2022-09-19_06:15:00.000000,0615,0615,045-180,III/1
2022-09-19_06:15:00.000000,0621,0621,025-180,III/1
2022-09-19_07:00:00.000000,0705,0709,025-180,III/1
2022-09-19_09:15:00.000000,0914,0916,025-180,III/2
2022-09-19_09:30:00.000000,0930,0930,025-180,III/2
2022-09-19_09:45:00.000000,0951,0951,025-180,III/2
2022-09-19_10:15:00.000000,1009,1010,025-180,III/2
2022-09-19_10:15:00.000000,1021,1021,039-083,III/1
2022-09-19_11:45:00.000000,1147,1150,025-180,III/2
2022-09-19_15:15:00.000000,1511,1515,025-180,III/2
2022-09-19_19:30:00.000000,1935,1938,025-180,V/3
2022-09-19_21:15:00.000000,2120,2122,025-143,III/2
2022-09-20_00:45:00.000000,0052,0052,025-060,III/1
2022-09-20_04:00:00.000000,0406,0406,025-148,III/1
2022-09-20_05:00:00.000000,0459,0459,025-110,III/1
2022-09-20_05:30:00.000000,0536,0544,025-180,III/1
2022-09-20_15:15:00.000000,1514,1516,025-142,III/2
2022-09-20_16:30:00.000000,1631,1632,025-047,III/1
2022-09-20_18:45:00.000000,1838,1845,025-180,III/3
2022-09-20_23:00:00.000000,2306,2307,025-142,III/3
2022-09-21_01:30:00.000000,0125,0128,025-180,V/3
2022-09-21_02:15:00.000000,0214,0215,025-087,III/1
2022-09-21_03:30:00.000000,0335,0338,025-124,III/1
2022-09-21_05:15:00.000000,0519,0520,025-180,III/2
2022-09-21_17:00:00.000000,1658,1659,025-180,III/1
2022-09-21_17:45:00.000000,1742,1743,025-047,III/1
2022-09-22_02:45:00.000000,0252,0253,025-114,III/1
2022-09-22_15:30:00.000000,1537,1538,030-057,III/1
2022-09-22_19:15:00.000000,1920,1922,025-075,III/1
2022-09-23_02:30:00.000000,0231,0231,025-096,III/2
2022-09-23_05:15:00.000000,0520,0525,025-057,III/1
2022-09-23_05:15:00.000000,0521,0521,033-048,III/1
2022-09-23_06:00:00.000000,0607,0607,030-059,III/1
2022-09-23_18:00:00.000000,1756,1805,025-180,II/1    620
2022-09-23_18:00:00.000000,1807,2059,032-151,IV/1
2022-09-23_18:45:00.000000,1844,1845,025-180,III/2
2022-09-23_23:00:00.000000,2253,2300,025-145,III/2
2022-09-24_03:30:00.000000,0333,0338,025-146,III/3
2022-09-24_15:45:00.000000,1548,1549,025-180,III/1
2022-09-24_17:15:00.000000,1719,1719,025-043,III/1
2022-09-24_19:00:00.000000,1907,1908,025-075,III/1
2022-09-25_03:00:00.000000,0254,0256,045-180,III/1
2022-09-25_08:00:00.000000,0754,0755,025-051,III/1
2022-09-25_08:15:00.000000,0813,0813,025-180,III/2
2022-09-25_09:30:00.000000,0927,0930,025-180,III/2
2022-09-25_10:00:00.000000,0954,0955,025-084,III/1
2022-09-25_19:45:00.000000,1950,1952,025-152,III/1
2022-09-26_00:00:00.000000,0000,0004,025-180,III/1
2022-09-26_12:15:00.000000,1212,1213,025-180,III/1
2022-09-26_12:45:00.000000,1243,1243,025-052,III/1
2022-09-26_20:30:00.000000,2027,2028,025-059,III/1
2022-09-26_23:15:00.000000,2309,2310,025-180,III/2
2022-09-27_03:15:00.000000,0311,0314,025-180,III/2
2022-09-27_10:45:00.000000,1039,1053,054-180,II/2    434
2022-09-27_11:00:00.000000,1054,1054,025-045,III/1
2022-09-28_18:15:00.000000,1814,1823,025-180,III/2
2022-09-28_20:45:00.000000,2052,2053,025-052,III/1
2022-09-29_02:00:00.000000,0200,0200,025-180,III/1
2022-09-29_09:15:00.000000,0914,0916,025-180,III/2
2022-09-29_12:00:00.000000,1154,1158,025-180,V/3
2022-09-29_12:00:00.000000,1200,1226,025-180,II/1    954
2022-09-29_14:30:00.000000,1426,1428,025-083,III/1
2022-09-30_00:45:00.000000,0039,0045,025-180,III/1
2022-09-30_06:00:00.000000,0606,0611,025-061,III/1
2022-09-30_16:00:00.000000,1600,1601,025-116,III/1
2022-09-30_18:00:00.000000,1757,1805,025-180,III/2
2022-09-30_20:45:00.000000,2049,2049,025-050,III/1
2022-09-30_22:45:00.000000,2238,2250,025-180,III/3
2022-10-01_15:45:00.000000,1539,1543,038-062,III/1
2022-10-01_18:00:00.000000,1800,1804,025-180,III/2
2022-10-01_18:45:00.000000,1846,1850,025-180,III/2
2022-10-01_20:00:00.000000,2001,2019,025-180,III/3
2022-10-01_20:00:00.000000,2003,2005,025-180,III/2
2022-10-02_00:00:00.000000,0005,0006,025-147,III/1
2022-10-02_02:30:00.000000,0227,0415,025-180,IV/1
2022-10-02_06:15:00.000000,0620,0620,025-180,III/1
2022-10-02_20:15:00.000000,2021,2030,025-180,III/2
2022-10-02_20:30:00.000000,2024,2028,025-180,II/2    1157
2022-10-02_23:00:00.000000,2253,2253,049-151,III/1
2022-10-03_04:15:00.000000,0415,0418,025-180,III/2
2022-10-03_08:00:00.000000,0758,0758,025-090,III/1
2022-10-03_09:00:00.000000,0906,0907,025-083,III/1
2022-10-03_09:30:00.000000,0930,0931,025-085,III/1
2022-10-03_10:00:00.000000,0955,1002,025-180,III/2
2022-10-03_13:00:00.000000,1300,1300,025-043,III/1
2022-10-03_14:30:00.000000,1432,1432,025-042,III/1
2022-10-03_23:45:00.000000,2340,2340,134-180,III/1
2022-10-04_01:00:00.000000,0100,0100,025-068,III/1
2022-10-04_22:15:00.000000,2213,2219,025-180,III/2
2022-10-05_15:45:00.000000,1548,1549,025-082,III/1
2022-10-06_20:15:00.000000,2011,2011,025-152,III/1
2022-10-06_22:30:00.000000,2228,2228,025-180,III/1
2022-10-06_23:30:00.000000,2336,2341,025-180,III/2
2022-10-07_00:15:00.000000,0009,0009,025-115,III/1
2022-10-07_00:45:00.000000,0052,0053,025-147,III/1
2022-10-07_01:45:00.000000,0143,0144,025-151,III/1
2022-10-07_02:15:00.000000,0220,0222,025-180,III/1
2022-10-07_03:15:00.000000,0314,0315,025-180,III/2
2022-10-07_06:45:00.000000,0646,0647,025-180,III/1
2022-10-07_17:00:00.000000,1659,1659,025-046,III/1
2022-10-07_18:45:00.000000,1847,1848,025-180,III/1
2022-10-07_23:15:00.000000,2310,2314,025-180,III/2
2022-10-08_00:45:00.000000,0051,0051,025-120,III/2
2022-10-08_05:00:00.000000,0500,0502,025-180,III/2
2022-10-08_05:30:00.000000,0535,0543,025-180,III/3
2022-10-08_06:15:00.000000,0615,0616,025-144,III/2
2022-10-08_20:45:00.000000,2045,2046,025-058,III/1
2022-10-09_00:00:00.000000,2358,2359,025-110,III/2
2022-10-10_02:30:00.000000,0224,0236,076-180,III/1
2022-10-10_05:45:00.000000,0539,0539,075-180,III/1
2022-10-10_16:00:00.000000,1606,1607,125-180,III/1
2022-10-10_17:30:00.000000,1729,1731,025-042,III/1
2022-10-10_18:15:00.000000,1810,1810,025-049,III/1
2022-10-10_19:15:00.000000,1919,1921,063-180,III/2
2022-10-10_21:15:00.000000,2109,2110,025-074,III/1
2022-10-10_22:00:00.000000,2207,2207,025-180,III/2
2022-10-10_22:30:00.000000,2237,2239,025-145,III/1
2022-10-10_23:15:00.000000,2318,2325,025-180,III/2
2022-10-11_00:00:00.000000,2354,2354,025-087,III/1
2022-10-11_01:30:00.000000,0126,0126,025-180,III/1
2022-10-11_02:15:00.000000,0211,0211,025-100,III/1
2022-10-11_02:45:00.000000,0245,0252,025-100,III/1
2022-10-11_03:45:00.000000,0350,0350,025-123,III/1
2022-10-11_04:30:00.000000,0428,0431,025-180,III/2
2022-10-11_05:15:00.000000,0522,0523,049-079,III/1
2022-10-11_15:15:00.000000,1508,1515,025-147,III/1
2022-10-11_16:15:00.000000,1609,1610,113-154,III/1
2022-10-11_17:15:00.000000,1718,1719,025-153,III/2
2022-10-11_18:15:00.000000,1810,1818,025-180,III/2
2022-10-11_22:45:00.000000,2242,2242,025-180,III/1
2022-10-12_00:00:00.000000,0007,0008,119-180,III/1
2022-10-12_00:15:00.000000,0008,0008,025-180,III/1
2022-10-12_00:45:00.000000,0041,0111,025-180,III/2
2022-10-12_02:30:00.000000,0232,0232,025-180,III/1
2022-10-12_03:15:00.000000,0321,0343,025-180,III/2
2022-10-12_04:30:00.000000,0434,0436,025-058,III/2
2022-10-12_15:45:00.000000,1540,1550,025-048,III/1
2022-10-12_16:30:00.000000,1628,1631,025-180,III/2
2022-10-13_00:30:00.000000,0027,0029,025-136,III/2
2022-10-13_01:30:00.000000,0127,0128,025-180,III/2
2022-10-13_02:15:00.000000,0222,0232,025-180,III/1
2022-10-13_06:15:00.000000,0617,0622,025-180,III/1
2022-10-13_09:45:00.000000,0947,0947,062-083,III/1
2022-10-13_15:15:00.000000,1522,1522,037-051,III/1
2022-10-15_02:45:00.000000,0246,0247,025-180,III/1
2022-10-17_00:45:00.000000,0038,0038,025-180,III/1
2022-10-17_03:30:00.000000,0337,0347,025-103,III/2
2022-10-19_21:30:00.000000,2126,2129,025-074,III/1
2022-10-20_05:45:00.000000,0545,0546,025-180,III/1
2022-10-20_19:15:00.000000,1914,1914,109-140,III/1
2022-10-21_04:15:00.000000,0408,0411,025-180,III/2
2022-10-23_05:15:00.000000,0519,0519,025-180,III/1
2022-10-23_06:30:00.000000,0632,0637,025-150,III/1
2022-10-24_02:30:00.000000,0235,0235,069-135,III/1
2022-10-24_06:15:00.000000,0621,0622,041-103,III/1
2022-10-24_19:45:00.000000,1951,1953,025-180,III/1
2022-10-25_02:30:00.000000,0231,0236,041-152,III/2
2022-10-25_03:45:00.000000,0338,0339,025-180,III/1
2022-10-25_05:15:00.000000,0512,0514,045-160,III/1
2022-10-25_18:45:00.000000,1846,1853,025-044,III/1
2022-10-25_19:00:00.000000,1858,1902,025-180,V/2
2022-10-26_01:15:00.000000,0110,0111,135-180,III/1
2022-10-26_03:45:00.000000,0338,0338,025-104,III/1
2022-10-26_05:45:00.000000,0552,0553,058-087,III/1
2022-10-26_23:45:00.000000,2341,2341,025-053,III/1
2022-10-27_02:00:00.000000,0155,0157,025-065,III/2
2022-10-27_03:00:00.000000,0258,0258,056-086,III/1
2022-10-27_03:30:00.000000,0323,0324,055-086,III/1
2022-10-27_18:15:00.000000,1820,1821,025-067,III/1
2022-10-27_19:45:00.000000,1946,1946,025-068,III/1
2022-10-27_21:15:00.000000,2108,2108,025-157,III/1
2022-10-27_22:30:00.000000,2227,2228,025-180,III/1
2022-10-27_23:30:00.000000,2333,2334,025-085,III/2
2022-10-28_18:45:00.000000,1844,1846,025-163,III/1
2022-10-28_20:15:00.000000,2022,2024,025-163,III/1
2022-10-29_02:00:00.000000,0205,0205,025-180,III/1
2022-10-29_22:00:00.000000,2203,2220,025-180,III/1
2022-10-29_23:00:00.000000,2303,2315,025-180,III/1
2022-10-30_23:15:00.000000,2308,2311,025-180,III/1
2022-11-03_05:45:00.000000,0545,0545,025-090,III/1
2022-11-03_15:30:00.000000,1532,1532,025-066,III/1
2022-11-03_16:15:00.000000,1621,1622,025-162,III/1
2022-11-03_17:30:00.000000,1724,1724,025-045,III/1
2022-11-03_20:30:00.000000,2031,2032,025-069,III/1
2022-11-04_00:30:00.000000,0025,0025,025-049,III/1
2022-11-04_16:00:00.000000,1558,1558,115-180,III/1
2022-11-04_17:15:00.000000,1711,1711,129-180,III/1
2022-11-04_17:15:00.000000,1721,1723,061-180,III/2
2022-11-04_19:30:00.000000,1931,1932,122-180,III/1
2022-11-04_22:45:00.000000,2247,2247,139-180,III/1
2022-11-04_23:30:00.000000,2333,2333,085-180,III/1
2022-11-05_00:30:00.000000,0037,0037,120-180,III/1
2022-11-05_07:30:00.000000,0732,0732,043-059,III/1
2022-11-05_11:15:00.000000,1112,1113,075-180,III/1
2022-11-06_00:45:00.000000,0042,0042,025-180,III/1
2022-11-07_00:15:00.000000,0011,0022,030-156,II/2    927
2022-11-07_02:15:00.000000,0211,0212,025-051,III/1
2022-11-07_16:30:00.000000,1628,1630,112-180,III/1
2022-11-09_03:45:00.000000,0349,0356,025-135,III/2
2022-11-09_04:45:00.000000,0442,0442,025-088,III/1
2022-11-09_10:45:00.000000,1050,1051,025-142,III/1
2022-11-09_11:45:00.000000,1151,1152,025-048,III/1
2022-11-09_15:15:00.000000,1522,1522,025-048,III/1
2022-11-09_20:00:00.000000,2000,2015,025-180,II/2    1242
2022-11-10_00:15:00.000000,0019,0019,050-180,III/1
2022-11-10_02:00:00.000000,0207,0207,076-180,III/1
2022-11-10_03:45:00.000000,0338,0338,035-180,III/2
2022-11-10_17:15:00.000000,1709,1715,025-180,III/3
2022-11-10_17:30:00.000000,1728,1729,110-180,III/1
2022-11-10_18:15:00.000000,1810,1816,025-180,III/1
2022-11-10_19:00:00.000000,1902,1904,111-180,III/1
2022-11-10_22:30:00.000000,2227,2300,037-180,III/1
2022-11-11_00:00:00.000000,0000,0000,025-180,III/2
2022-11-11_00:15:00.000000,0016,0017,025-180,III/2
2022-11-11_00:45:00.000000,0041,0045,025-180,III/1
2022-11-11_01:30:00.000000,0133,0139,025-180,III/3
2022-11-11_02:15:00.000000,0216,0220,025-180,III/1
2022-11-11_02:30:00.000000,0235,0236,025-180,III/3
2022-11-11_03:15:00.000000,0315,0319,025-180,III/3
2022-11-11_04:30:00.000000,0437,0439,025-180,III/3
2022-11-11_05:15:00.000000,0512,0513,025-180,III/2
2022-11-11_06:00:00.000000,0554,0557,025-180,III/2
2022-11-11_18:30:00.000000,1830,1832,025-180,III/2
2022-11-11_20:30:00.000000,2034,2043,075-180,III/2
2022-11-11_22:00:00.000000,2201,2201,025-180,III/2
2022-11-11_23:15:00.000000,2313,2313,025-180,III/1
2022-11-12_01:15:00.000000,0118,0122,025-180,III/1
2022-11-12_18:00:00.000000,1802,1803,025-180,V/3
2022-11-12_18:00:00.000000,1802,1804,025-180,III/3
2022-11-12_19:30:00.000000,1926,1927,025-180,III/1
2022-11-13_06:15:00.000000,0618,0620,025-180,III/2
2022-11-13_17:30:00.000000,1732,1732,113-180,III/1
2022-11-13_19:00:00.000000,1907,1908,110-180,III/1
2022-11-13_22:15:00.000000,2217,2304,025-180,III/1
2022-11-14_17:45:00.000000,1742,1743,111-180,III/1
2022-11-15_00:45:00.000000,0052,0052,025-064,III/1
2022-11-15_01:30:00.000000,0134,0232,025-180,III/2
2022-11-15_03:00:00.000000,0304,0311,025-075,III/1
2022-11-17_19:45:00.000000,1947,1947,025-045,III/1
2022-11-18_02:45:00.000000,0249,0250,025-156,III/1
2022-11-18_03:00:00.000000,0254,0255,025-165,III/1
2022-11-18_05:00:00.000000,0502,0509,034-180,III/1
2022-11-22_16:45:00.000000,1648,1656,025-180,III/2
2022-11-22_18:00:00.000000,1803,1809,025-180,III/1
2022-11-22_19:00:00.000000,1857,1905,025-180,III/2
2022-11-22_19:30:00.000000,1923,1923,025-041,III/1
2022-11-22_21:15:00.000000,2109,2113,025-180,III/1
2022-11-23_01:15:00.000000,0108,0118,025-180,III/2
2022-11-23_01:45:00.000000,0140,0140,025-147,III/1
2022-11-23_16:45:00.000000,1643,1649,025-180,III/1
2022-11-24_00:00:00.000000,0000,0006,025-180,III/2
2022-11-24_01:00:00.000000,0054,0054,025-075,III/2
2022-11-24_01:45:00.000000,0148,0148,025-065,III/1
2022-11-24_06:00:00.000000,0601,0602,025-070,III/1
2022-11-25_02:00:00.000000,0203,0203,056-112,III/1
2022-11-26_03:15:00.000000,0319,0320,025-146,III/1
2022-11-27_16:30:00.000000,1632,1632,025-035,III/1
2022-11-27_23:00:00.000000,2304,2305,034-089,III/1
2022-11-28_15:30:00.000000,1526,1527,025-044,III/1
2022-11-29_01:00:00.000000,0101,0101,025-075,III/1
2022-11-29_08:00:00.000000,0800,0800,113-144,III/1
2022-11-29_22:30:00.000000,2226,2227,025-180,III/2
2022-11-30_02:45:00.000000,0241,0241,025-060,III/2
2022-11-30_04:00:00.000000,0358,0359,025-180,III/2
2022-11-30_17:00:00.000000,1707,1707,025-150,III/1
2022-11-30_19:00:00.000000,1907,1907,025-045,III/1
2022-11-30_20:00:00.000000,1956,1956,025-042,III/1
2022-12-01_05:45:00.000000,0543,0552,025-105,III/1
2022-12-01_07:15:00.000000,0717,0724,025-180,III/2
2022-12-02_03:30:00.000000,0334,0336,025-180,III/2
2022-12-02_05:30:00.000000,0529,0529,030-063,III/1
2022-12-03_00:30:00.000000,0032,0033,025-180,III/2
2022-12-03_01:45:00.000000,0151,0154,025-180,III/2
2022-12-03_02:30:00.000000,0224,0227,110-180,III/1
2022-12-03_17:45:00.000000,1739,1742,025-180,III/2
2022-12-03_17:45:00.000000,1743,1753,075-180,II/2    456
2022-12-04_00:30:00.000000,0031,0031,115-180,III/1
2022-12-04_22:00:00.000000,2153,2311,076-180,III/1
2022-12-04_22:45:00.000000,2240,2240,069-180,III/1
2022-12-05_00:30:00.000000,0028,0029,110-180,III/1
2022-12-05_03:15:00.000000,0312,0656,080-180,III/1
2022-12-05_06:30:00.000000,0634,0635,104-180,III/2
2022-12-05_09:30:00.000000,0937,0937,088-180,III/1
2022-12-06_09:45:00.000000,0952,0952,085-136,III/1
2022-12-06_15:00:00.000000,1458,1458,042-131,III/1
2022-12-06_17:00:00.000000,1707,1714,050-180,III/1
2022-12-07_00:15:00.000000,0012,0014,025-146,III/1
2022-12-07_02:45:00.000000,0242,0249,025-180,III/2
2022-12-07_02:45:00.000000,0244,0248,025-180,III/2
2022-12-07_08:45:00.000000,0838,0839,025-180,V/3
2022-12-07_08:45:00.000000,0846,0847,025-180,III/2
2022-12-07_09:30:00.000000,0937,0940,025-180,III/2
2022-12-07_16:45:00.000000,1639,1641,025-180,III/2
2022-12-07_17:00:00.000000,1658,1659,062-180,III/1
2022-12-07_19:00:00.000000,1858,1900,112-151,III/1
2022-12-07_19:45:00.000000,1947,1956,025-118,III/1
2022-12-07_20:15:00.000000,2009,2010,025-180,III/2
2022-12-07_20:15:00.000000,2019,2023,025-151,III/1
2022-12-07_23:15:00.000000,2310,2311,025-051,III/1
2022-12-08_19:15:00.000000,1922,1922,025-046,III/1
2022-12-10_18:15:00.000000,1810,1815,025-180,III/1
2022-12-10_20:15:00.000000,2013,2013,062-180,III/1
2022-12-10_21:00:00.000000,2055,2056,066-180,III/1
2022-12-11_00:30:00.000000,0023,0023,025-180,III/1
2022-12-11_15:45:00.000000,1544,1546,025-180,III/1
2022-12-11_18:45:00.000000,1848,1848,025-143,III/1
2022-12-11_20:00:00.000000,1956,2003,025-180,III/2
2022-12-11_20:00:00.000000,1958,1958,025-180,III/1
2022-12-11_21:15:00.000000,2117,2118,109-180,III/1
2022-12-11_21:45:00.000000,2147,2156,025-180,III/1
2022-12-11_22:45:00.000000,2251,2255,025-180,III/2
2022-12-12_00:15:00.000000,0010,0010,031-074,III/1
2022-12-12_00:45:00.000000,0052,0055,074-180,III/1
2022-12-12_01:00:00.000000,0102,0102,109-180,III/1
2022-12-12_03:15:00.000000,0322,0331,025-180,III/1
2022-12-12_05:15:00.000000,0508,0510,025-180,III/1
2022-12-12_06:45:00.000000,0650,0650,025-180,III/1
2022-12-12_07:15:00.000000,0720,0723,025-180,III/1
2022-12-12_10:00:00.000000,1001,1001,038-136,III/2
2022-12-12_11:30:00.000000,1135,1144,025-180,III/1
2022-12-12_13:00:00.000000,1254,1255,025-180,III/1
2022-12-12_13:30:00.000000,1327,1328,125-145,III/1
2022-12-12_14:15:00.000000,1413,1414,025-180,III/1
2022-12-12_15:00:00.000000,1453,1454,025-156,III/1
2022-12-12_15:30:00.000000,1526,1527,025-043,III/1
2022-12-12_17:30:00.000000,1724,1733,025-180,III/2
2022-12-13_01:45:00.000000,0140,0141,025-180,III/2
2022-12-13_06:15:00.000000,0622,0623,075-180,III/1
2022-12-13_18:15:00.000000,1813,1815,048-180,III/1
2022-12-13_23:15:00.000000,2312,2319,025-180,III/2
2022-12-14_01:15:00.000000,0122,0123,025-180,III/1
2022-12-14_03:30:00.000000,0333,0338,025-061,III/1
2022-12-14_04:00:00.000000,0358,0422,025-180,II/2    615
2022-12-14_04:00:00.000000,0358,0907,087-180,IV/2
2022-12-14_04:00:00.000000,0404,0410,025-180,V/3
2022-12-14_18:00:00.000000,1754,1754,025-180,III/1
2022-12-14_20:15:00.000000,2010,2015,072-180,II/1    429
2022-12-14_20:30:00.000000,2032,2359,128-180,IV/1
2022-12-14_23:00:00.000000,2256,2258,025-068,III/2
2022-12-14_23:45:00.000000,2344,2346,045-180,III/2
2022-12-15_00:00:00.000000,0000,0643,081-180,IV/1
2022-12-15_01:15:00.000000,0118,0118,025-061,III/1
2022-12-15_02:30:00.000000,0225,0246,089-166,II/1    408
2022-12-15_04:15:00.000000,0409,0426,105-180,II/1    273
2022-12-15_18:45:00.000000,1838,1842,025-062,III/1
2022-12-15_23:00:00.000000,2305,2314,025-068,III/1
2022-12-16_02:15:00.000000,0217,0218,025-095,III/1
2022-12-16_06:00:00.000000,0604,0611,075-116,II/1    206
2022-12-16_13:15:00.000000,1319,1319,025-180,III/2
2022-12-16_14:00:00.000000,1358,1358,025-082,III/1
2022-12-16_17:30:00.000000,1727,1727,047-180,III/1
2022-12-16_19:00:00.000000,1856,1857,025-125,III/1
2022-12-16_19:30:00.000000,1928,1928,025-123,III/2
2022-12-16_22:00:00.000000,2157,2158,025-055,III/2
2022-12-16_22:30:00.000000,2232,2232,040-180,III/1
2022-12-17_01:15:00.000000,0111,0113,025-142,III/2
2022-12-17_18:00:00.000000,1759,1759,025-045,III/1
2022-12-17_19:45:00.000000,1940,1941,025-110,III/2
2022-12-17_20:30:00.000000,2024,2030,025-137,III/2
2022-12-18_01:00:00.000000,0101,0104,025-180,III/3
2022-12-18_05:45:00.000000,0547,0548,025-142,III/2
2022-12-18_16:45:00.000000,1642,1645,025-180,III/1
2022-12-18_23:15:00.000000,2310,2312,025-180,III/2
2022-12-18_23:45:00.000000,2339,2348,025-180,III/2
2022-12-19_00:30:00.000000,0025,0029,025-144,III/1
2022-12-19_03:00:00.000000,0257,0314,073-135,II/1    196
2022-12-19_04:45:00.000000,0446,0447,025-180,III/2
2022-12-20_04:00:00.000000,0401,0409,025-180,III/2
2022-12-20_17:30:00.000000,1729,1729,025-180,III/1
2022-12-20_21:45:00.000000,2151,2152,025-180,III/1
2022-12-21_00:30:00.000000,0036,0036,025-180,III/3
2022-12-21_03:00:00.000000,0258,0300,025-180,III/2
2022-12-21_04:45:00.000000,0451,0504,042-097,II/2    369
2022-12-21_18:30:00.000000,1834,1838,025-180,III/2
2022-12-22_00:00:00.000000,0000,0001,025-180,III/1
2022-12-22_02:45:00.000000,0251,0252,025-180,III/1
2022-12-22_14:45:00.000000,1451,1452,025-180,III/2
2022-12-23_00:30:00.000000,0037,0037,025-060,III/1
2022-12-23_02:00:00.000000,0153,0153,109-159,III/2
2022-12-23_21:45:00.000000,2138,2138,025-048,III/1
2022-12-23_23:15:00.000000,2319,2327,025-148,III/2
2022-12-24_03:00:00.000000,0306,0307,025-090,III/1
2022-12-24_17:15:00.000000,1711,1714,025-180,III/1
2022-12-24_18:00:00.000000,1800,1809,025-112,III/1
2022-12-24_21:15:00.000000,2112,2113,025-180,III/2
2022-12-25_01:30:00.000000,0130,0137,025-180,III/3
2022-12-25_21:15:00.000000,2119,2126,025-046,III/1
2022-12-26_01:30:00.000000,0125,0129,025-078,III/2
2022-12-26_02:15:00.000000,0214,0215,025-060,III/3
2022-12-26_04:45:00.000000,0438,0438,025-104,III/1
2022-12-26_05:15:00.000000,0515,0522,025-060,III/1
2022-12-26_16:30:00.000000,1630,1630,025-075,III/1
2022-12-27_09:00:00.000000,0902,0903,025-072,III/2
2022-12-28_02:15:00.000000,0221,0223,025-070,III/2
2022-12-28_04:15:00.000000,0420,0420,025-180,III/1
2022-12-28_20:45:00.000000,2046,2046,025-180,III/1
2022-12-28_23:45:00.000000,2343,2344,025-180,III/1
2022-12-29_00:00:00.000000,0005,0006,025-180,III/2
2022-12-29_23:15:00.000000,2310,2310,114-180,III/2
2022-12-30_15:30:00.000000,1525,1528,025-180,III/2
2022-12-30_19:15:00.000000,1917,1927,123-180,III/1
2022-12-31_01:15:00.000000,0113,0113,125-180,III/1
2022-12-31_01:30:00.000000,0127,0127,025-118,III/2
2022-12-31_01:30:00.000000,0130,0132,130-180,III/2
2022-12-31_06:15:00.000000,0613,0613,025-092,III/1
2022-12-31_19:30:00.000000,1935,1935,025-149,III/1
2023-01-01_02:00:00.000000,0158,0204,025-180,III/2
2023-01-01_07:15:00.000000,0711,0711,061-180,III/1
2023-01-01_07:45:00.000000,0742,0748,025-180,III/2
2023-01-01_10:45:00.000000,1042,1042,025-180,III/1
2023-01-01_23:15:00.000000,2309,2309,025-092,III/2
2023-01-02_00:45:00.000000,0043,0047,025-142,III/2
2023-01-02_03:30:00.000000,0333,0341,025-109,III/2
2023-01-02_18:00:00.000000,1807,1808,025-070,III/1
2023-01-02_18:45:00.000000,1840,1841,025-055,III/1
2023-01-02_21:45:00.000000,2145,2146,025-180,III/2
2023-01-02_22:45:00.000000,2252,2252,025-145,III/2
2023-01-03_05:30:00.000000,0532,0532,025-180,III/2
2023-01-03_19:15:00.000000,1922,1928,025-134,III/2
2023-01-03_20:00:00.000000,1955,1955,025-180,III/2
2023-01-03_22:45:00.000000,2242,2242,025-159,III/2
2023-01-03_23:45:00.000000,2347,2354,025-135,III/1
2023-01-04_00:30:00.000000,0034,0036,063-154,III/1
2023-01-04_02:30:00.000000,0233,0233,058-161,III/1
2023-01-04_15:30:00.000000,1537,1539,025-180,III/2
2023-01-04_18:30:00.000000,1831,1832,051-180,III/1
2023-01-04_19:45:00.000000,1946,1949,025-180,III/1
2023-01-05_04:30:00.000000,0434,0435,025-153,III/1
2023-01-05_05:30:00.000000,0530,0531,025-165,III/1
2023-01-05_16:00:00.000000,1604,1605,025-068,III/2
2023-01-05_20:45:00.000000,2052,2052,025-180,III/1
2023-01-05_22:15:00.000000,2208,2212,025-180,III/2
2023-01-06_00:45:00.000000,0052,0055,025-180,III/2
2023-01-06_04:15:00.000000,0416,0416,025-103,III/2
2023-01-06_05:45:00.000000,0545,0546,025-180,III/1
2023-01-06_16:00:00.000000,1607,1608,112-154,III/1
2023-01-06_20:15:00.000000,2012,2015,025-180,III/3
2023-01-06_22:00:00.000000,2157,2200,025-180,III/2
2023-01-06_23:45:00.000000,2344,2345,025-180,III/1
2023-01-07_05:45:00.000000,0541,0541,025-056,III/2
2023-01-07_16:00:00.000000,1558,1604,025-144,III/1
2023-01-08_02:15:00.000000,0215,0221,025-180,III/1
2023-01-08_03:15:00.000000,0317,0325,025-180,III/1
2023-01-08_20:30:00.000000,2032,2032,025-042,III/1
2023-01-08_21:45:00.000000,2138,2141,025-180,III/3
2023-01-09_00:30:00.000000,0037,0038,025-180,III/2
2023-01-09_02:30:00.000000,0223,0223,130-180,III/1
2023-01-09_02:30:00.000000,0236,0242,025-180,III/2
2023-01-09_04:45:00.000000,0439,0439,025-080,III/1
2023-01-09_15:45:00.000000,1544,1548,025-180,III/1
2023-01-09_18:30:00.000000,1828,1833,025-180,III/2
2023-01-09_18:45:00.000000,1849,1855,025-045,III/1
2023-01-10_00:15:00.000000,0014,0017,025-180,III/2
2023-01-10_02:15:00.000000,0216,0221,025-088,III/1
2023-01-10_16:00:00.000000,1602,1626,025-076,III/1
2023-01-10_17:30:00.000000,1724,1725,025-180,III/1
2023-01-10_18:00:00.000000,1800,1801,025-129,III/1
2023-01-10_22:45:00.000000,2247,2256,025-180,III/2
2023-01-11_00:15:00.000000,0020,0020,025-090,III/1
2023-01-11_01:00:00.000000,0059,0205,025-180,IV/2
2023-01-11_01:00:00.000000,0102,0103,025-180,III/2
2023-01-11_02:00:00.000000,0153,0154,093-141,II/1    628
2023-01-11_03:30:00.000000,0336,0358,093-170,IV/1
2023-01-11_03:45:00.000000,0346,0351,025-180,III/3
2023-01-11_19:15:00.000000,1909,1910,025-146,III/1
2023-01-11_21:00:00.000000,2057,2110,036-180,II/1    899
2023-01-12_00:00:00.000000,0004,0004,025-094,III/1
2023-01-12_01:00:00.000000,0055,0100,025-168,III/2
2023-01-12_16:30:00.000000,1626,1628,025-068,III/1
2023-01-13_03:00:00.000000,0259,0306,025-180,III/1
2023-01-14_00:45:00.000000,0041,0041,025-180,III/2
2023-01-14_19:30:00.000000,1927,1927,119-180,III/2
2023-01-14_21:15:00.000000,2122,2128,025-180,III/2
2023-01-14_22:45:00.000000,2251,2314,060-180,II/1    212
2023-01-15_01:30:00.000000,0137,0156,050-180,II/1    337
2023-01-15_03:15:00.000000,0310,0336,060-180,II/1    223
2023-01-15_19:45:00.000000,1938,1938,025-050,III/1
2023-01-16_01:30:00.000000,0134,0136,066-180,III/1
2023-01-16_20:15:00.000000,2019,2020,025-180,III/1
2023-01-16_22:45:00.000000,2250,2250,040-063,III/1
2023-01-17_02:15:00.000000,0211,0212,038-180,III/1
2023-01-17_04:15:00.000000,0416,0433,025-180,III/1
2023-01-17_05:45:00.000000,0538,0550,025-153,III/1
2023-01-17_19:15:00.000000,1909,2359,125-180,III/1
2023-01-18_01:30:00.000000,0137,0137,025-062,III/1
2023-01-18_03:45:00.000000,0349,0356,056-180,III/1
2023-01-18_17:45:00.000000,1738,1742,025-061,III/1
2023-01-18_19:00:00.000000,1856,1904,025-074,III/1
2023-01-18_20:15:00.000000,2011,2012,158-180,III/1
2023-01-19_00:15:00.000000,0021,0022,025-180,III/1
2023-01-19_03:30:00.000000,0336,0336,025-085,III/1
2023-01-19_23:15:00.000000,2316,2317,025-180,III/1
2023-01-20_00:15:00.000000,0009,0009,025-180,III/1
2023-01-20_03:15:00.000000,0321,0321,025-180,III/1
2023-01-20_04:00:00.000000,0400,0405,025-180,III/1
2023-01-20_04:45:00.000000,0452,0452,025-180,III/2
2023-01-20_05:45:00.000000,0543,0545,025-072,III/1
2023-01-20_18:30:00.000000,1829,1837,025-066,III/1
2023-01-21_01:45:00.000000,0151,0158,031-073,III/1
2023-01-21_03:30:00.000000,0335,0341,025-180,III/2
2023-01-21_06:00:00.000000,0603,0603,025-180,III/2
2023-01-21_21:30:00.000000,2129,2129,025-180,III/2
2023-01-21_22:45:00.000000,2241,2248,025-180,III/2
2023-01-22_03:00:00.000000,0303,0305,025-180,III/2
2023-01-22_16:00:00.000000,1553,1557,025-180,III/1
2023-01-22_19:00:00.000000,1900,1901,025-049,III/1
2023-01-23_16:00:00.000000,1604,1605,025-066,III/1
2023-01-23_17:30:00.000000,1729,1729,025-180,III/1
2023-01-23_19:00:00.000000,1902,1902,025-138,III/1
2023-01-23_19:45:00.000000,1949,1949,025-043,III/1
2023-01-23_20:15:00.000000,2010,2018,112-141,III/1
2023-01-24_00:00:00.000000,0004,0004,025-075,III/1
2023-01-24_01:30:00.000000,0135,0135,035-085,III/1
2023-01-24_02:00:00.000000,0207,0208,025-104,III/1
2023-01-24_02:45:00.000000,0239,0239,025-180,III/2
2023-01-24_03:30:00.000000,0324,0326,109-156,II/2    226
2023-01-24_04:00:00.000000,0401,0408,025-180,III/1
2023-01-24_21:30:00.000000,2131,2131,025-076,III/2
2023-01-25_02:15:00.000000,0218,0219,025-054,III/1
2023-01-25_05:15:00.000000,0517,0517,025-180,III/1
2023-01-25_08:00:00.000000,0804,0804,129-180,III/1
2023-01-25_08:15:00.000000,0818,0823,025-180,III/2
2023-01-25_12:15:00.000000,1220,1221,025-180,III/1
2023-01-25_16:15:00.000000,1610,1611,025-180,III/1
2023-01-25_18:15:00.000000,1820,1821,025-053,III/2
2023-01-25_22:45:00.000000,2249,2249,025-180,III/2
2023-01-26_02:45:00.000000,0247,0248,025-180,III/2
2023-01-26_02:45:00.000000,0247,0255,025-180,II/2    317
2023-01-26_16:00:00.000000,1600,1601,025-087,III/1
2023-01-26_21:00:00.000000,2107,2107,079-180,III/1
2023-01-27_02:00:00.000000,0205,0207,031-063,III/1
2023-01-27_02:45:00.000000,0238,0241,025-180,III/2
2023-01-27_03:30:00.000000,0336,0338,075-180,III/1
2023-01-27_05:45:00.000000,0542,0618,025-180,III/2
2023-01-28_04:30:00.000000,0430,0430,025-110,III/2
2023-01-29_21:30:00.000000,2128,2130,025-046,III/1
2023-01-30_00:30:00.000000,0025,0026,042-093,III/1
2023-01-30_01:15:00.000000,0109,0109,025-088,III/1
2023-01-30_06:00:00.000000,0604,0606,049-180,III/1
2023-01-31_03:45:00.000000,0345,0354,025-180,III/2
2023-02-01_01:15:00.000000,0112,0112,043-082,III/1
2023-02-02_03:00:00.000000,0301,0301,025-057,III/2
2023-02-03_17:15:00.000000,1709,1709,025-050,III/1
2023-02-03_19:45:00.000000,1948,1948,025-067,III/1
2023-02-04_02:00:00.000000,0157,0157,025-086,III/1
2023-02-05_00:00:00.000000,0000,0003,070-180,III/1
2023-02-05_01:15:00.000000,0116,0116,025-171,III/1
2023-02-05_03:30:00.000000,0327,0335,025-180,III/2
2023-02-06_23:45:00.000000,2352,2352,025-047,III/1
2023-02-07_03:00:00.000000,0302,0302,032-064,III/1
2023-02-07_17:15:00.000000,1720,1721,025-145,III/1
2023-02-07_20:45:00.000000,2045,2045,025-075,III/2
2023-02-07_23:00:00.000000,2256,2257,025-180,III/1
2023-02-08_02:15:00.000000,0212,0213,090-180,III/1
2023-02-08_16:15:00.000000,1619,1622,052-180,III/2
2023-02-08_17:45:00.000000,1749,1749,025-045,III/1
2023-02-08_21:00:00.000000,2101,2105,057-180,III/1
2023-02-08_22:30:00.000000,2227,2228,025-180,III/2
2023-02-09_17:00:00.000000,1700,1700,025-148,III/1
2023-02-09_21:45:00.000000,2140,2140,025-132,III/1
2023-02-09_22:30:00.000000,2229,2229,076-180,III/1
2023-02-09_22:45:00.000000,2243,2253,025-180,III/2
2023-02-09_22:45:00.000000,2248,2253,025-180,III/2
2023-02-10_00:15:00.000000,0009,0009,025-180,III/2
2023-02-10_01:15:00.000000,0109,0109,025-130,III/2
2023-02-10_01:45:00.000000,0148,0148,157-180,III/1
2023-02-10_01:45:00.000000,0148,0148,050-180,III/2
2023-02-10_02:30:00.000000,0225,0226,155-180,III/1
2023-02-10_03:15:00.000000,0311,0316,025-180,III/3
2023-02-10_03:15:00.000000,0316,0321,041-057,II/2    376
2023-02-10_03:15:00.000000,0319,1032,025-180,IV/1
2023-02-10_05:00:00.000000,0504,0504,025-180,III/2
2023-02-10_05:00:00.000000,0505,0505,025-180,III/3
2023-02-10_16:45:00.000000,1651,2037,112-180,III/1
2023-02-10_20:30:00.000000,2027,2028,025-180,III/2
2023-02-10_21:45:00.000000,2140,2143,025-134,III/1
2023-02-10_22:45:00.000000,2248,2252,025-180,III/2
2023-02-10_23:45:00.000000,2340,2341,085-180,III/1
2023-02-11_00:45:00.000000,0050,0050,025-180,III/2
2023-02-11_15:45:00.000000,1545,1547,112-180,III/1
2023-02-11_20:00:00.000000,2005,2005,025-085,III/2
2023-02-11_22:45:00.000000,2239,2241,070-180,III/1
2023-02-12_04:00:00.000000,0354,0354,051-180,III/1
2023-02-12_04:15:00.000000,0409,0410,067-180,III/1
2023-02-12_05:30:00.000000,0537,0538,047-143,III/1
2023-02-12_15:30:00.000000,1523,1523,118-180,III/1
2023-02-12_15:30:00.000000,1535,1536,062-180,III/2
2023-02-12_17:45:00.000000,1745,1746,055-180,III/1
2023-02-12_21:30:00.000000,2131,2131,079-180,III/1
2023-02-13_06:15:00.000000,0621,0621,075-180,III/1
2023-02-13_17:45:00.000000,1752,1752,025-180,III/1
2023-02-13_18:00:00.000000,1753,1753,025-180,III/1
2023-02-13_19:45:00.000000,1942,1943,025-048,III/1
2023-02-13_21:15:00.000000,2108,2109,025-180,III/2
2023-02-13_23:30:00.000000,2326,2334,025-057,III/1
2023-02-14_02:00:00.000000,0156,0156,110-180,III/1
2023-02-14_05:00:00.000000,0501,0502,025-103,III/1
2023-02-14_20:30:00.000000,2027,2027,025-060,III/1
2023-02-15_01:00:00.000000,0107,0116,063-113,III/1
2023-02-15_15:45:00.000000,1540,1540,025-180,III/1
2023-02-15_16:45:00.000000,1646,1646,025-044,III/1
2023-02-15_20:15:00.000000,2021,2021,025-180,III/2
2023-02-15_21:15:00.000000,2109,2110,072-180,III/2
2023-02-15_21:15:00.000000,2118,2122,030-180,II/1    576
2023-02-16_03:30:00.000000,0324,0325,080-180,III/2
2023-02-16_16:30:00.000000,1632,1632,025-049,III/1
2023-02-16_23:00:00.000000,2302,2303,025-077,III/2
2023-02-17_00:00:00.000000,2353,2355,035-171,III/1
2023-02-17_04:45:00.000000,0449,0450,039-170,III/1
2023-02-17_05:45:00.000000,0543,0549,025-118,III/2
2023-02-17_15:30:00.000000,1529,1531,025-180,III/1
2023-02-17_16:00:00.000000,1601,1601,025-180,III/1
2023-02-17_18:15:00.000000,1813,1817,025-085,III/1
2023-02-17_19:45:00.000000,1949,1950,025-180,III/2
2023-02-17_20:00:00.000000,1957,2036,025-180,II/3    2407
2023-02-18_01:00:00.000000,0059,0100,025-180,III/2
2023-02-18_05:00:00.000000,0454,0455,025-180,III/2
2023-02-18_18:30:00.000000,1834,1838,025-180,III/2
2023-02-18_18:30:00.000000,1837,1837,109-127,II/2    740
2023-02-18_20:00:00.000000,2003,2012,025-045,III/1
2023-02-18_22:15:00.000000,2219,2219,025-180,III/2
2023-02-18_23:30:00.000000,2334,2335,039-110,III/1
2023-02-19_01:30:00.000000,0123,0123,025-180,III/3
2023-02-19_02:00:00.000000,0205,0205,025-094,III/2
2023-02-19_04:00:00.000000,0400,0403,025-136,III/1
2023-02-19_05:00:00.000000,0505,0505,025-180,III/2
2023-02-19_16:00:00.000000,1554,1554,025-083,III/1
2023-02-19_18:00:00.000000,1756,1756,025-180,III/2
2023-02-19_19:30:00.000000,1923,1923,025-047,III/1
2023-02-19_21:45:00.000000,2147,2148,025-063,III/2
2023-02-19_21:45:00.000000,2148,2148,025-054,III/1
2023-02-20_00:45:00.000000,0044,0044,158-180,III/1
2023-02-20_00:45:00.000000,0048,0048,025-180,III/2
2023-02-20_02:15:00.000000,0214,0214,025-180,III/1
2023-02-21_02:00:00.000000,0206,0209,025-180,III/3
2023-02-21_03:45:00.000000,0351,0353,025-180,III/3
2023-02-21_04:45:00.000000,0440,0440,089-180,III/1
2023-02-21_06:15:00.000000,0622,0623,025-067,III/1
2023-02-21_20:15:00.000000,2009,2014,025-086,III/2
2023-02-21_20:15:00.000000,2019,2031,025-115,II/2    1269
2023-02-21_23:00:00.000000,2305,2305,025-059,III/1
2023-02-21_23:45:00.000000,2349,2350,025-047,III/1
2023-02-22_01:45:00.000000,0140,0140,025-050,III/1
2023-02-22_03:30:00.000000,0336,0336,025-062,III/1
2023-02-22_18:00:00.000000,1757,1757,025-047,III/1
2023-02-22_21:45:00.000000,2141,2150,025-180,III/1
2023-02-22_23:45:00.000000,2350,2359,025-092,III/1
2023-02-23_00:45:00.000000,0048,0050,025-180,III/1
2023-02-23_04:45:00.000000,0443,0444,025-180,III/3
2023-02-23_06:15:00.000000,0612,0617,025-180,V/3
2023-02-23_18:15:00.000000,1811,1811,025-180,III/1
2023-02-23_23:15:00.000000,2316,2316,025-180,III/1
2023-02-24_02:15:00.000000,0222,0223,025-180,III/1
2023-02-24_03:15:00.000000,0313,0314,120-180,III/1
2023-02-24_04:15:00.000000,0419,0425,025-180,III/1
2023-02-24_17:15:00.000000,1714,1715,025-045,III/1
2023-02-24_18:00:00.000000,1806,1808,025-180,III/2
2023-02-24_20:30:00.000000,2028,2359,025-180,IV/2
2023-02-24_22:30:00.000000,2230,2359,067-180,IV/1
2023-02-24_23:45:00.000000,2341,2341,034-116,III/1
2023-02-25_00:00:00.000000,0000,0423,025-180,IV/2
2023-02-25_00:45:00.000000,0046,0046,066-180,III/2
2023-02-25_04:15:00.000000,0418,0421,025-180,III/3
2023-02-25_04:30:00.000000,0436,0447,033-055,II/1    388
2023-02-25_05:30:00.000000,0536,0546,025-180,III/2
2023-02-25_05:45:00.000000,0550,1626,025-180,IV/1
2023-02-25_17:30:00.000000,1731,1731,025-086,III/1
2023-02-25_19:30:00.000000,1923,1937,025-075,II/2    3133
2023-02-25_21:15:00.000000,2111,2118,025-085,III/2
2023-02-26_00:15:00.000000,0010,0016,025-156,III/2
2023-02-26_04:00:00.000000,0359,0359,025-146,III/1
2023-02-26_05:00:00.000000,0503,0503,046-180,III/1
2023-02-26_17:15:00.000000,1712,1715,025-180,III/2
2023-02-26_21:00:00.000000,2057,2105,025-048,III/1
2023-02-27_00:15:00.000000,0012,0012,025-036,III/1
2023-02-27_02:00:00.000000,0200,0201,127-180,III/1
2023-02-27_05:00:00.000000,0501,0501,025-180,III/2
2023-02-27_05:30:00.000000,0533,0543,025-180,III/2
2023-02-27_08:45:00.000000,0843,0844,025-180,III/2
2023-02-27_13:30:00.000000,1333,1333,025-083,III/1
2023-02-27_15:15:00.000000,1521,1522,025-180,V/2
2023-02-27_18:00:00.000000,1805,1807,025-069,III/1
2023-02-27_22:15:00.000000,2213,2213,025-066,III/1
2023-02-27_23:00:00.000000,2253,2253,025-180,III/2
2023-02-28_00:15:00.000000,0015,0015,075-180,III/1
2023-02-28_04:15:00.000000,0411,0411,025-180,III/2
2023-02-28_07:15:00.000000,0722,0722,025-125,III/1
2023-02-28_10:45:00.000000,1045,1046,025-180,III/1
2023-02-28_14:45:00.000000,1450,1456,025-180,III/1
2023-02-28_16:45:00.000000,1651,1655,025-180,III/2
2023-02-28_18:30:00.000000,1830,1836,025-180,III/1
2023-02-28_20:15:00.000000,2016,2018,025-143,III/1
2023-02-28_20:45:00.000000,2051,2052,110-180,III/1
2023-03-01_00:00:00.000000,0006,0006,025-071,III/1
2023-03-01_01:45:00.000000,0138,0141,025-180,V/2
2023-03-01_04:15:00.000000,0414,0417,025-144,III/1
2023-03-01_22:30:00.000000,2230,2233,025-180,III/2
2023-03-01_23:15:00.000000,2321,2323,025-180,III/2
2023-03-02_03:00:00.000000,0258,0302,035-180,III/1
2023-03-02_19:15:00.000000,1918,1919,025-076,III/1
2023-03-02_21:00:00.000000,2107,2111,025-180,III/1
2023-03-03_01:00:00.000000,0056,0056,025-180,III/1
2023-03-03_03:15:00.000000,0317,0319,025-180,III/2
2023-03-03_04:45:00.000000,0449,0455,025-180,III/1
2023-03-03_18:00:00.000000,1753,1824,025-180,II/1    247
2023-03-03_18:00:00.000000,1753,1946,025-180,IV/1
2023-03-03_19:45:00.000000,1949,1955,025-140,III/2
2023-03-03_22:30:00.000000,2223,2225,121-180,III/1
2023-03-03_22:30:00.000000,2237,2237,125-180,III/1
2023-03-03_23:30:00.000000,2324,2325,073-180,III/1
2023-03-03_23:45:00.000000,2339,2339,071-180,III/1
2023-03-04_03:30:00.000000,0336,0336,025-180,III/1
2023-03-04_04:00:00.000000,0359,0402,040-180,III/1
2023-03-04_04:00:00.000000,0405,0407,025-180,III/2
2023-03-04_15:30:00.000000,1530,1634,039-180,IV/2
2023-03-04_15:30:00.000000,1531,1536,036-083,II/2    815
2023-03-04_18:45:00.000000,1842,1843,025-180,III/1
2023-03-04_19:15:00.000000,1909,1938,025-072,III/1
2023-03-04_22:30:00.000000,2232,2232,025-063,III/1
2023-03-05_01:15:00.000000,0117,0119,025-180,III/1
2023-03-05_01:15:00.000000,0117,0119,025-180,III/1
2023-03-05_02:45:00.000000,0246,0256,025-180,III/1
2023-03-05_15:45:00.000000,1552,1554,035-082,III/1
2023-03-06_02:30:00.000000,0231,0317,025-173,IV/1
2023-03-06_02:30:00.000000,0232,0233,025-180,III/1
2023-03-06_19:00:00.000000,1853,1853,025-180,III/1
2023-03-06_19:00:00.000000,1900,1902,025-180,III/2
2023-03-07_01:30:00.000000,0123,0126,114-180,III/1
2023-03-07_03:30:00.000000,0333,0333,025-180,III/2
2023-03-07_20:00:00.000000,2000,2000,025-085,III/2
2023-03-08_11:45:00.000000,1141,1142,122-180,III/1
2023-03-08_16:30:00.000000,1626,1626,025-081,III/1
2023-03-09_23:30:00.000000,2326,2334,025-180,III/2
2023-03-12_00:00:00.000000,2353,2353,025-180,III/1
2023-03-12_02:45:00.000000,0248,0249,025-135,III/1
2023-03-12_05:00:00.000000,0505,0506,114-180,III/1
2023-03-12_06:30:00.000000,0633,0634,042-130,III/1
2023-03-12_19:15:00.000000,1922,1931,025-087,III/2
2023-03-13_03:15:00.000000,0320,0329,045-111,II/1    494
2023-03-14_00:00:00.000000,2356,2357,025-148,III/1
2023-03-14_03:30:00.000000,0326,0327,025-145,III/1
2023-03-14_06:30:00.000000,0630,0630,025-099,III/1
2023-03-15_00:00:00.000000,0001,0001,038-056,III/1
2023-03-15_01:00:00.000000,0103,0104,035-066,III/1
2023-03-15_17:00:00.000000,1701,1701,025-045,III/1
2023-03-16_01:45:00.000000,0143,0145,025-090,III/2
2023-03-16_04:15:00.000000,0415,0415,025-056,III/2
2023-03-17_06:30:00.000000,0635,0642,037-155,III/1
2023-03-17_06:45:00.000000,0646,0650,025-180,V/3
2023-03-17_06:45:00.000000,0646,0650,025-180,III/2
2023-03-17_19:00:00.000000,1853,1854,025-180,III/1
2023-03-17_19:00:00.000000,1902,1904,025-180,III/2
2023-03-17_19:45:00.000000,1944,1953,025-053,III/1
2023-03-17_22:45:00.000000,2246,2250,025-180,III/2
2023-03-17_23:30:00.000000,2326,2329,025-140,III/1
2023-03-18_04:15:00.000000,0412,0414,025-143,III/1
2023-03-18_06:00:00.000000,0554,0556,025-180,III/1
2023-03-18_07:15:00.000000,0711,0716,025-180,III/2
2023-03-18_07:15:00.000000,0711,0719,025-180,V/3
2023-03-18_07:15:00.000000,0722,0755,025-152,III/1
2023-03-18_07:15:00.000000,0722,0755,025-151,IV/1
2023-03-18_17:45:00.000000,1743,1744,025-180,III/1
2023-03-18_20:45:00.000000,2050,2055,025-138,III/2
2023-03-19_00:00:00.000000,2355,2355,032-145,III/1
2023-03-19_01:15:00.000000,0120,0127,025-180,III/1
2023-03-19_03:00:00.000000,0302,0308,025-180,III/1
2023-03-19_07:30:00.000000,0731,0732,025-180,III/1
2023-03-19_18:00:00.000000,1807,1808,025-180,III/2
2023-03-19_21:15:00.000000,2109,2109,025-118,III/1
2023-03-20_04:45:00.000000,0441,0441,100-180,III/1
2023-03-20_05:30:00.000000,0524,0528,115-180,III/1
2023-03-20_19:00:00.000000,1901,1902,116-149,III/1
2023-03-21_05:00:00.000000,0506,0508,025-138,III/1
2023-03-21_16:15:00.000000,1613,1614,025-083,III/1
2023-03-21_17:00:00.000000,1655,1702,133-180,III/1
2023-03-21_21:30:00.000000,2132,2134,025-075,III/1
2023-03-21_22:45:00.000000,2249,2249,025-090,III/1
2023-03-21_23:15:00.000000,2320,2330,042-135,III/1
2023-03-22_00:15:00.000000,0017,0018,040-055,III/2
2023-03-22_01:45:00.000000,0152,0158,025-143,III/1
2023-03-22_04:30:00.000000,0429,0430,046-130,III/1
2023-03-22_06:00:00.000000,0553,0553,025-084,III/1
2023-03-22_06:30:00.000000,0626,0633,025-074,III/1
2023-03-22_17:15:00.000000,1710,2128,025-086,III/3
2023-03-23_06:30:00.000000,0637,0637,025-077,III/1
2023-03-23_17:30:00.000000,1736,1737,025-151,III/1
2023-03-23_21:30:00.000000,2133,2134,025-054,III/1
2023-03-24_01:00:00.000000,0100,0101,041-064,III/1
2023-03-25_07:45:00.000000,0746,0747,025-083,III/2
2023-03-25_16:45:00.000000,1638,1638,025-047,III/1
2023-03-25_17:15:00.000000,1714,1714,025-046,III/1
2023-03-25_17:30:00.000000,1736,1759,025-070,III/1
2023-03-26_05:30:00.000000,0526,0529,025-180,III/2
2023-03-26_06:00:00.000000,0557,0559,025-180,III/2
2023-03-26_07:00:00.000000,0654,0654,025-084,III/1
2023-03-26_16:45:00.000000,1648,1651,025-075,III/1
2023-03-26_18:00:00.000000,1757,1758,025-180,III/1
2023-03-26_19:15:00.000000,1915,1921,025-085,III/1
2023-03-26_20:15:00.000000,2021,2021,025-076,III/1
2023-03-26_21:45:00.000000,2146,2146,025-054,III/1
2023-03-27_00:45:00.000000,0051,0051,025-065,III/1
2023-03-27_15:45:00.000000,1545,1546,025-064,III/1
2023-03-27_22:00:00.000000,2204,2205,025-060,III/1
2023-03-27_23:45:00.000000,2344,2351,025-085,III/2
2023-03-28_01:00:00.000000,0102,0110,109-180,III/1
2023-03-28_01:45:00.000000,0152,0153,025-068,III/1
2023-03-28_13:15:00.000000,1320,1320,025-046,III/1
2023-03-28_18:00:00.000000,1802,1802,025-047,III/1
2023-03-28_19:30:00.000000,1923,1926,025-061,III/1
2023-03-29_15:45:00.000000,1544,1546,025-082,III/1
2023-03-29_18:15:00.000000,1817,1818,025-075,III/1
2023-03-29_23:00:00.000000,2256,2256,025-180,III/2
2023-03-30_02:15:00.000000,0219,0219,025-180,III/1
2023-03-30_04:15:00.000000,0409,0410,025-180,III/2
2023-03-30_07:15:00.000000,0708,0709,025-180,III/2
2023-03-30_07:30:00.000000,0734,0735,025-154,V/1
2023-03-30_07:30:00.000000,0734,0735,025-144,III/2
2023-03-30_07:30:00.000000,0736,0740,025-180,II/2    279
2023-03-30_07:45:00.000000,0740,0809,054-180,IV/2
2023-03-31_00:45:00.000000,0047,0047,025-180,III/2
2023-03-31_04:00:00.000000,0407,0417,025-166,III/1
2023-03-31_05:15:00.000000,0516,0520,025-180,III/2
2023-03-31_06:15:00.000000,0614,0615,046-180,III/1
2023-03-31_16:30:00.000000,1626,1626,113-159,III/1
2023-03-31_20:45:00.000000,2047,2052,025-075,III/2
2023-04-01_03:00:00.000000,0259,0300,025-099,III/2
2023-04-01_07:00:00.000000,0658,0703,025-149,III/1
2023-04-02_18:30:00.000000,1829,1829,025-085,III/1
2023-04-02_20:30:00.000000,2023,2024,025-068,III/2
2023-04-02_23:15:00.000000,2311,2313,039-162,III/1
2023-04-03_03:00:00.000000,0303,0304,025-180,III/2
2023-04-03_18:30:00.000000,1824,1824,025-075,III/1
2023-04-04_01:15:00.000000,0115,0120,025-180,III/1
2023-04-04_03:15:00.000000,0317,0318,025-180,III/2
2023-04-04_04:45:00.000000,0444,0444,025-180,III/2
2023-04-04_05:45:00.000000,0547,0548,025-145,III/1
2023-04-04_15:30:00.000000,1528,1528,025-151,III/1
2023-04-05_15:45:00.000000,1551,1551,025-083,III/1
2023-04-05_21:45:00.000000,2144,2145,025-062,V/1
2023-04-06_06:45:00.000000,0648,0648,030-065,III/1
2023-04-06_16:45:00.000000,1644,1644,035-083,III/1
2023-04-06_19:00:00.000000,1903,1904,025-180,III/2
2023-04-07_01:15:00.000000,0112,0113,063-180,III/1
2023-04-07_21:45:00.000000,2139,2139,025-180,III/1
2023-04-07_22:00:00.000000,2201,2209,025-059,III/1
2023-04-07_23:30:00.000000,2333,2334,025-180,III/1
2023-04-08_17:30:00.000000,1725,1725,025-055,III/1
2023-04-09_09:30:00.000000,0931,0932,077-180,III/1
2023-04-09_15:45:00.000000,1540,1541,025-065,III/1
2023-04-09_19:15:00.000000,1918,1919,025-076,III/1
2023-04-10_08:15:00.000000,0809,0809,031-114,III/1
2023-04-10_18:30:00.000000,1832,1833,025-042,III/1
2023-04-11_03:15:00.000000,0318,0319,046-144,III/1
2023-04-11_07:30:00.000000,0735,0735,068-180,III/1
2023-04-11_10:00:00.000000,1001,1002,025-083,III/2
2023-04-11_11:45:00.000000,1145,1155,025-180,III/2
2023-04-12_01:00:00.000000,0105,0107,025-180,III/2
2023-04-12_03:30:00.000000,0325,0325,075-180,III/1
2023-04-12_04:15:00.000000,0410,0410,034-090,III/1
2023-04-13_00:30:00.000000,0024,0025,025-180,III/2
2023-04-13_01:00:00.000000,0059,0105,025-160,III/2
2023-04-13_23:45:00.000000,2342,2343,025-153,III/2
2023-04-14_17:30:00.000000,1728,1728,123-180,III/1
2023-04-14_19:30:00.000000,1929,1929,025-087,III/1
2023-04-14_22:15:00.000000,2219,2220,025-180,III/2
2023-04-15_03:00:00.000000,0304,0304,067-180,III/2
2023-04-15_05:00:00.000000,0503,0503,046-180,III/2
2023-04-15_07:15:00.000000,0714,0716,049-180,III/1
2023-04-15_08:00:00.000000,0753,0753,050-180,III/1
2023-04-15_13:15:00.000000,1319,1321,025-180,III/2
2023-04-15_15:00:00.000000,1500,1500,025-075,III/1
2023-04-15_21:30:00.000000,2133,2134,116-180,III/1
2023-04-15_22:00:00.000000,2154,2313,148-180,III/1
2023-04-16_01:00:00.000000,0101,0101,025-059,III/1
2023-04-16_02:00:00.000000,0200,0206,025-075,III/1
2023-04-16_05:30:00.000000,0537,0539,025-153,III/1
2023-04-16_08:30:00.000000,0830,0830,025-057,III/1
2023-04-16_17:00:00.000000,1700,1700,025-049,III/1
2023-04-16_23:30:00.000000,2331,2334,025-180,III/2
2023-04-17_00:00:00.000000,0004,0010,025-180,III/1
2023-04-17_02:30:00.000000,0224,0224,025-180,III/1
2023-04-17_03:30:00.000000,0325,0329,025-180,III/1
2023-04-17_18:00:00.000000,1755,1756,025-180,III/2
2023-04-17_20:00:00.000000,1957,1958,025-085,III/2
2023-04-17_23:45:00.000000,2348,2348,025-085,III/1
2023-04-18_03:00:00.000000,0256,0256,025-180,III/1
2023-04-18_05:00:00.000000,0505,0506,025-180,III/1
2023-04-18_06:00:00.000000,0600,0601,025-180,III/1
2023-04-18_19:00:00.000000,1902,1902,025-076,III/1
2023-04-18_19:45:00.000000,1941,1942,025-077,III/1
2023-04-18_22:45:00.000000,2241,2242,025-076,III/1
2023-04-19_06:15:00.000000,0616,0616,025-060,III/1
2023-04-19_21:15:00.000000,2108,2108,025-076,III/1
2023-04-20_00:00:00.000000,2356,2357,025-180,III/1
2023-04-20_02:45:00.000000,0244,0246,025-180,III/1
2023-04-20_03:45:00.000000,0349,0354,025-180,III/2
2023-04-20_05:15:00.000000,0512,0512,025-180,III/1
2023-04-20_06:15:00.000000,0611,0611,025-117,III/1
2023-04-20_19:00:00.000000,1853,1853,025-076,III/1
2023-04-20_20:15:00.000000,2014,2014,025-085,III/1
2023-04-21_02:00:00.000000,0206,0212,025-075,III/1
2023-04-21_03:00:00.000000,0304,0307,025-090,III/1
2023-04-21_05:15:00.000000,0509,0510,025-170,III/1
2023-04-21_18:00:00.000000,1756,1821,025-180,II/3    580
2023-04-21_18:00:00.000000,1758,1802,025-180,V/3
2023-04-21_18:00:00.000000,1802,2359,025-180,IV/2
2023-04-21_21:00:00.000000,2102,2105,025-130,III/2
2023-04-21_22:15:00.000000,2219,2226,025-180,III/3
2023-04-21_22:45:00.000000,2251,2359,070-180,IV/1
2023-04-21_23:15:00.000000,2313,2314,025-170,III/2
2023-04-22_00:00:00.000000,0000,0443,025-180,IV/1
2023-04-22_00:00:00.000000,0005,0006,045-061,III/1
2023-04-22_01:45:00.000000,0139,0139,025-160,III/2
2023-04-22_02:45:00.000000,0245,0246,025-180,III/2
2023-04-22_03:30:00.000000,0325,0325,025-180,III/2
2023-04-22_04:30:00.000000,0436,0437,025-180,III/2
2023-04-22_04:45:00.000000,0444,0848,054-180,IV/1
2023-04-22_05:15:00.000000,0517,0518,025-180,III/1
2023-04-22_06:00:00.000000,0556,0557,063-180,III/1
2023-04-22_22:00:00.000000,2154,2359,120-180,III/1
2023-04-23_00:00:00.000000,0000,0121,120-180,III/1
2023-04-23_01:15:00.000000,0120,0120,064-136,III/1
2023-04-23_23:00:00.000000,2305,2306,114-146,III/1
2023-04-25_01:15:00.000000,0117,0117,025-074,III/2
2023-04-25_17:45:00.000000,1747,1748,025-086,III/1
2023-04-25_19:30:00.000000,1924,1933,025-053,III/1
2023-04-25_20:45:00.000000,2042,2127,025-053,III/1
2023-04-26_19:00:00.000000,1904,1904,025-062,III/1
2023-04-27_02:00:00.000000,0202,0202,041-148,III/1
2023-04-27_19:30:00.000000,1926,1928,025-075,III/2
2023-04-28_04:15:00.000000,0420,0429,025-180,III/2
2023-04-28_05:30:00.000000,0533,0542,025-180,III/2
2023-04-28_23:00:00.000000,2255,2255,025-072,III/1
2023-04-28_23:30:00.000000,2329,2331,025-180,III/2
2023-04-29_02:15:00.000000,0211,0212,025-048,III/1
2023-04-29_03:45:00.000000,0346,0347,025-050,III/1
2023-04-29_23:00:00.000000,2300,2303,025-180,III/3
2023-04-29_23:00:00.000000,2301,2303,025-180,V/2
2023-04-30_02:15:00.000000,0211,0213,025-180,V/2
2023-04-30_02:15:00.000000,0211,0213,025-180,III/2
2023-04-30_04:45:00.000000,0450,0451,025-095,III/1
2023-04-30_22:45:00.000000,2239,2241,025-180,III/2
2023-05-01_00:00:00.000000,0000,0000,025-086,III/1
2023-05-01_21:15:00.000000,2122,2122,025-086,III/2
2023-05-01_22:15:00.000000,2218,2223,025-120,III/1
2023-05-01_22:15:00.000000,2219,2223,025-148,III/2
2023-05-01_23:15:00.000000,2308,2309,025-054,III/2
2023-05-02_01:00:00.000000,0059,0059,025-071,III/2
2023-05-02_05:15:00.000000,0518,0521,025-163,III/1
2023-05-03_06:00:00.000000,0600,0600,025-180,III/2
2023-05-03_19:00:00.000000,1906,1907,025-074,III/1
2023-05-04_19:45:00.000000,1944,1944,025-180,III/2
2023-05-04_21:30:00.000000,2137,2142,025-180,III/2
2023-05-05_00:30:00.000000,0034,0035,025-175,III/3
2023-05-05_01:15:00.000000,0108,0108,025-096,III/2
2023-05-05_04:00:00.000000,0354,0355,025-180,III/2
2023-05-05_23:45:00.000000,2346,2347,025-180,III/1
2023-05-06_00:45:00.000000,0042,0056,025-180,II/2    689
2023-05-06_00:45:00.000000,0052,0323,075-150,IV/1
2023-05-06_01:00:00.000000,0100,0255,025-180,III/2
2023-05-06_02:45:00.000000,0249,0256,025-180,III/2
2023-05-06_03:00:00.000000,0253,0255,025-180,III/2
2023-05-06_04:15:00.000000,0413,0414,025-180,III/1
2023-05-07_00:30:00.000000,0031,0031,025-063,III/1
2023-05-07_02:00:00.000000,0203,0212,025-180,III/2
2023-05-07_02:00:00.000000,0203,0212,025-180,III/2
2023-05-07_04:15:00.000000,0417,0418,025-087,III/1
2023-05-07_17:30:00.000000,1735,1736,025-180,III/2
2023-05-07_17:30:00.000000,1735,1735,025-156,III/2
2023-05-07_22:00:00.000000,2154,2158,025-180,III/1
2023-05-07_22:30:00.000000,2228,2228,025-058,III/2
2023-05-07_22:45:00.000000,2247,2248,048-180,III/2
2023-05-08_01:15:00.000000,0116,0118,025-180,III/2
2023-05-08_01:45:00.000000,0141,0144,025-180,III/2
2023-05-08_02:00:00.000000,0206,0224,025-180,III/1
2023-05-08_04:00:00.000000,0353,0356,025-180,III/2
2023-05-08_05:15:00.000000,0520,0521,049-180,III/1
2023-05-08_05:30:00.000000,0534,0534,076-173,III/1
2023-05-08_05:45:00.000000,0549,0549,025-064,III/1
2023-05-08_18:45:00.000000,1849,1849,025-180,III/3
2023-05-08_20:15:00.000000,2020,2024,025-180,III/3
2023-05-08_21:15:00.000000,2114,2122,025-180,III/2
2023-05-08_22:30:00.000000,2231,2232,025-180,III/2
2023-05-09_00:15:00.000000,0018,0024,031-097,II/2    618
2023-05-09_01:45:00.000000,0148,0148,025-076,III/1
2023-05-09_02:45:00.000000,0252,0255,025-180,III/2
2023-05-09_03:45:00.000000,0350,0353,025-180,III/2
2023-05-09_03:45:00.000000,0352,0354,130-180,II/2    774
2023-05-09_05:00:00.000000,0453,0453,025-180,III/1
2023-05-09_06:15:00.000000,0622,1520,025-180,IV/2
2023-05-09_17:45:00.000000,1745,1746,025-180,III/2
2023-05-09_18:30:00.000000,1828,1837,025-180,III/3
2023-05-09_18:30:00.000000,1837,2130,025-180,IV/3
2023-05-09_18:45:00.000000,1840,1901,025-124,II/2    1892
2023-05-09_19:30:00.000000,1936,2111,025-180,IV/1
2023-05-09_23:30:00.000000,2331,2333,025-180,III/2
2023-05-10_01:45:00.000000,0141,0143,025-180,III/3
2023-05-10_03:15:00.000000,0310,0314,025-180,III/3
2023-05-10_04:15:00.000000,0408,0416,025-180,III/2
2023-05-10_04:15:00.000000,0408,0416,025-180,III/1
2023-05-10_06:00:00.000000,0553,0555,025-145,III/1
2023-05-10_06:00:00.000000,0606,0607,025-142,V/1
2023-05-10_18:15:00.000000,1818,1819,025-180,III/2
2023-05-10_18:45:00.000000,1838,1840,025-180,III/2
2023-05-10_21:15:00.000000,2118,2118,025-180,III/2
2023-05-10_22:15:00.000000,2208,2215,025-180,III/1
2023-05-11_00:45:00.000000,0041,0107,025-180,III/3
2023-05-11_01:00:00.000000,0105,0149,075-180,IV/1
2023-05-11_01:00:00.000000,0106,0115,027-074,II/2    837
2023-05-11_02:30:00.000000,0226,0226,087-165,III/1
2023-05-11_05:00:00.000000,0459,0500,025-180,III/2
2023-05-11_05:30:00.000000,0532,0534,025-180,III/3
2023-05-11_18:30:00.000000,1825,1827,025-180,III/2
2023-05-11_18:30:00.000000,1832,1842,025-167,II/2    356
2023-05-11_20:00:00.000000,1958,2001,025-144,III/2
2023-05-12_04:15:00.000000,0409,0410,025-110,III/1
2023-05-12_23:45:00.000000,2347,2347,109-180,III/1
2023-05-13_00:15:00.000000,0022,0024,025-180,III/2
2023-05-13_02:15:00.000000,0209,0210,025-037,III/1
2023-05-13_05:45:00.000000,0545,0546,025-077,III/1
2023-05-14_06:00:00.000000,0607,0607,025-039,III/1
2023-05-14_23:30:00.000000,2327,2328,025-180,III/1
2023-05-15_00:15:00.000000,0018,0019,025-088,III/1
2023-05-15_18:00:00.000000,1804,1804,025-048,III/1
2023-05-15_19:00:00.000000,1859,1904,025-075,III/1
2023-05-15_19:45:00.000000,1938,1938,025-096,III/1
2023-05-16_02:45:00.000000,0242,0242,025-049,III/1
2023-05-16_17:30:00.000000,1731,1744,025-135,II/1    886
2023-05-16_17:45:00.000000,1738,1742,025-065,III/1
2023-05-16_17:45:00.000000,1738,1746,025-052,III/2
2023-05-17_05:15:00.000000,0520,0525,070-175,III/2
2023-05-17_07:15:00.000000,0714,0714,060-180,III/2
2023-05-17_20:30:00.000000,2024,2026,054-180,III/1
2023-05-17_21:45:00.000000,2141,2141,025-087,III/2
2023-05-18_02:30:00.000000,0237,0238,075-166,III/1
2023-05-18_03:45:00.000000,0342,0348,042-180,III/2
2023-05-18_05:45:00.000000,0546,0546,033-071,III/1
2023-05-19_00:15:00.000000,0012,0013,025-180,III/1
2023-05-19_03:00:00.000000,0301,0301,073-180,III/1
2023-05-19_19:00:00.000000,1907,1913,025-180,III/3
2023-05-20_00:15:00.000000,0019,0019,025-075,III/1
2023-05-20_04:00:00.000000,0404,0404,039-068,III/1
2023-05-20_04:15:00.000000,0420,0424,044-180,III/2
2023-05-20_04:45:00.000000,0441,0448,025-150,III/1
2023-05-20_05:00:00.000000,0500,0508,025-143,III/1
2023-05-20_18:00:00.000000,1804,1805,131-149,III/1
2023-05-20_18:45:00.000000,1838,1838,025-053,III/1
2023-05-21_00:00:00.000000,0005,0006,025-125,III/2
2023-05-21_01:00:00.000000,0053,0054,025-077,III/1
2023-05-21_05:15:00.000000,0514,0514,025-083,III/1
2023-05-22_02:15:00.000000,0222,0227,025-180,V/3
2023-05-22_02:45:00.000000,0245,0251,025-115,III/2
2023-05-22_04:00:00.000000,0356,0356,025-180,III/2
2023-05-22_06:15:00.000000,0610,0612,025-180,V/3
2023-05-22_17:30:00.000000,1735,1743,025-180,III/2
2023-05-22_19:45:00.000000,1947,1956,025-130,III/2
2023-05-23_03:30:00.000000,0325,0325,025-134,III/2
2023-05-23_04:15:00.000000,0416,0417,025-180,III/3
2023-05-23_22:45:00.000000,2242,2242,025-180,III/2
2023-05-23_23:00:00.000000,2304,2359,025-180,IV/2
2023-05-24_00:00:00.000000,0000,0937,025-180,IV/2
2023-05-24_02:00:00.000000,0155,0158,025-155,III/1
2023-05-24_02:00:00.000000,0207,0208,056-180,III/2
2023-05-24_03:45:00.000000,0339,1757,025-180,IV/2
2023-05-24_04:00:00.000000,0357,0357,025-180,III/2
2023-05-24_04:45:00.000000,0438,0443,030-167,III/2
2023-05-24_21:30:00.000000,2133,2138,025-180,III/3
2023-05-25_03:00:00.000000,0259,0302,025-136,III/2
2023-05-25_04:00:00.000000,0353,0401,025-083,III/1
2023-05-25_05:00:00.000000,0453,0453,036-075,III/1
2023-05-25_23:00:00.000000,2257,2257,025-057,III/1
2023-05-25_23:45:00.000000,2346,2355,025-180,III/2
2023-05-26_00:30:00.000000,0031,0032,045-180,III/1
2023-05-26_03:30:00.000000,0323,0324,025-180,III/1
2023-05-26_04:30:00.000000,0434,0435,025-180,III/1
2023-05-26_05:45:00.000000,0549,0550,025-153,III/1
2023-05-26_18:00:00.000000,1757,1758,025-075,III/1
2023-05-26_23:45:00.000000,2346,2348,025-180,III/2
2023-05-27_00:15:00.000000,0017,0117,025-180,III/2
2023-05-27_03:00:00.000000,0253,0253,025-149,III/1
2023-05-27_04:30:00.000000,0433,0434,025-180,III/1
2023-05-27_04:30:00.000000,0436,0439,051-180,II/2    544
2023-05-27_05:00:00.000000,0506,0509,025-180,III/1
2023-05-27_19:30:00.000000,1927,1938,025-054,II/1    470
2023-05-27_19:45:00.000000,1942,2251,109-180,III/1
2023-05-28_04:45:00.000000,0450,0450,025-138,III/1
2023-05-28_05:30:00.000000,0528,0530,025-180,III/2
2023-05-29_00:30:00.000000,0034,0040,025-180,III/2
2023-05-29_02:00:00.000000,0156,0202,025-180,III/2
2023-05-29_02:45:00.000000,0240,0244,087-180,III/1
2023-05-29_05:45:00.000000,0547,0548,068-180,III/1
2023-05-29_23:30:00.000000,2332,2337,025-180,III/2
2023-05-30_04:00:00.000000,0358,0359,075-167,III/1
2023-05-30_12:45:00.000000,1250,1250,025-075,III/1
2023-05-30_13:45:00.000000,1338,1344,112-180,III/2
2023-05-30_14:45:00.000000,1440,1440,025-180,III/1
2023-05-30_18:45:00.000000,1848,1901,025-168,III/1
2023-05-30_20:00:00.000000,2001,2003,025-180,III/1
2023-05-30_20:00:00.000000,2002,2005,025-180,III/1
2023-05-30_20:45:00.000000,2043,2049,025-157,III/2
2023-05-30_23:30:00.000000,2336,2337,025-180,III/3
2023-05-31_03:15:00.000000,0309,0309,025-065,III/1
2023-05-31_21:15:00.000000,2119,2119,025-039,III/1
2023-06-01_00:30:00.000000,0029,0034,025-180,III/2
2023-06-01_01:30:00.000000,0128,0128,025-180,III/1
2023-06-01_05:45:00.000000,0538,0539,025-059,III/1
2023-06-01_06:30:00.000000,0637,0639,025-180,III/2
2023-06-01_07:15:00.000000,0717,0723,025-180,III/2
2023-06-01_08:15:00.000000,0812,0817,025-149,III/2
2023-06-01_13:00:00.000000,1258,1301,025-180,V/3
2023-06-01_16:30:00.000000,1631,1632,025-061,III/1
2023-06-01_17:00:00.000000,1701,1701,140-180,III/1
2023-06-01_18:00:00.000000,1757,1807,025-084,III/2
2023-06-01_23:45:00.000000,2349,2350,025-060,III/1
2023-06-02_01:30:00.000000,0136,0136,041-113,III/1
2023-06-02_06:00:00.000000,0600,0600,025-060,III/1
2023-06-02_06:30:00.000000,0630,0638,025-062,III/1
2023-06-02_07:00:00.000000,0704,0704,087-108,III/1
2023-06-02_09:15:00.000000,0908,0912,025-055,III/1
2023-06-02_11:00:00.000000,1059,1059,025-051,III/1
2023-06-03_00:15:00.000000,0008,0008,025-165,III/1
2023-06-03_10:30:00.000000,1030,1030,113-151,III/1
2023-06-03_12:15:00.000000,1217,1223,113-149,III/1
2023-06-03_16:30:00.000000,1636,1645,025-180,III/2
2023-06-04_02:30:00.000000,0230,0239,025-180,III/1
2023-06-04_06:15:00.000000,0608,0608,070-180,III/1
2023-06-04_06:45:00.000000,0644,0645,121-180,III/1
2023-06-04_07:15:00.000000,0716,0717,115-180,III/1
2023-06-04_08:15:00.000000,0815,0824,025-180,III/2
2023-06-04_09:00:00.000000,0854,0857,025-180,III/2
2023-06-04_10:00:00.000000,0958,0959,025-118,III/1
2023-06-04_10:00:00.000000,0959,0959,025-083,III/1
2023-06-04_12:30:00.000000,1232,1238,025-150,III/1
2023-06-04_13:15:00.000000,1310,1311,025-152,III/1
2023-06-04_13:45:00.000000,1348,1353,076-180,III/1
2023-06-04_19:00:00.000000,1857,1858,025-143,III/1
2023-06-04_20:00:00.000000,2003,2003,025-180,III/1
2023-06-04_22:00:00.000000,2158,2158,025-070,III/1
2023-06-04_23:45:00.000000,2352,2352,025-115,III/2
2023-06-05_02:00:00.000000,0158,0158,025-075,III/1
2023-06-05_02:30:00.000000,0230,0231,025-152,III/2
2023-06-05_04:15:00.000000,0420,0421,025-082,III/2
2023-06-05_05:15:00.000000,0520,0522,025-180,III/2
2023-06-05_10:15:00.000000,1016,1017,042-081,III/1
2023-06-05_10:45:00.000000,1041,1046,025-180,III/1
2023-06-05_11:45:00.000000,1144,1144,025-075,III/1
2023-06-05_14:00:00.000000,1406,1408,025-060,III/1
2023-06-05_15:15:00.000000,1522,1523,025-082,III/1
2023-06-05_17:15:00.000000,1712,1713,068-083,III/1
2023-06-05_18:30:00.000000,1829,1834,025-180,III/3
2023-06-06_01:45:00.000000,0140,0140,025-180,III/1
2023-06-06_04:30:00.000000,0425,0426,025-180,III/2
2023-06-06_04:30:00.000000,0426,0426,025-180,III/1
2023-06-06_04:45:00.000000,0440,0440,077-180,III/1
2023-06-06_07:30:00.000000,0734,0735,025-180,III/1
2023-06-06_08:15:00.000000,0816,0818,034-180,III/1
2023-06-06_08:15:00.000000,0817,0818,037-180,III/1
2023-06-06_08:30:00.000000,0830,0830,025-078,III/1
2023-06-07_03:30:00.000000,0326,0328,025-180,III/2
2023-06-07_03:30:00.000000,0337,0338,131-151,III/1
2023-06-07_05:30:00.000000,0537,0537,064-180,III/1
2023-06-07_06:30:00.000000,0637,0642,025-089,III/1
2023-06-07_09:15:00.000000,0908,0909,025-180,III/2
2023-06-07_11:30:00.000000,1136,1136,025-180,III/1
2023-06-07_12:15:00.000000,1213,1213,025-152,III/1
2023-06-07_14:00:00.000000,1354,1355,025-180,III/1
2023-06-07_15:00:00.000000,1504,1505,025-080,III/1
2023-06-07_16:00:00.000000,1600,1608,025-180,III/2
2023-06-07_20:15:00.000000,2018,2018,025-063,III/1
2023-06-08_08:00:00.000000,0801,0801,049-066,III/1
2023-06-08_20:45:00.000000,2044,2044,025-137,III/1
2023-06-08_21:15:00.000000,2114,2123,039-070,II/1    390
2023-06-08_21:15:00.000000,2115,2117,052-165,II/1    445
2023-06-09_06:15:00.000000,0609,0610,025-180,III/1
2023-06-09_07:15:00.000000,0722,0723,025-058,III/1
2023-06-09_08:00:00.000000,0805,0805,025-082,III/1
2023-06-09_08:30:00.000000,0827,0837,025-083,III/1
2023-06-09_09:30:00.000000,0925,0929,025-180,III/2
2023-06-09_14:15:00.000000,1417,1421,025-083,III/1
2023-06-09_15:00:00.000000,1506,1507,025-146,III/1
2023-06-09_17:00:00.000000,1701,1709,025-180,III/1
2023-06-09_20:00:00.000000,2003,2004,025-132,III/1
2023-06-09_21:30:00.000000,2126,2129,025-180,III/2
2023-06-09_23:45:00.000000,2347,2348,074-151,III/1
2023-06-12_03:45:00.000000,0344,0345,063-090,III/1
2023-06-12_07:00:00.000000,0654,0658,025-180,V/3
2023-06-12_07:00:00.000000,0659,0712,025-180,II/2    539
2023-06-12_12:45:00.000000,1250,1251,025-080,III/1
2023-06-12_13:15:00.000000,1319,1325,046-180,III/1
2023-06-12_15:45:00.000000,1541,1542,025-079,III/1
2023-06-12_16:00:00.000000,1603,1604,025-180,III/2
2023-06-12_17:00:00.000000,1707,1707,025-076,III/1
2023-06-12_17:15:00.000000,1708,1709,025-049,III/1
2023-06-12_20:15:00.000000,2020,2025,025-144,III/1
2023-06-12_23:15:00.000000,2312,2312,025-071,III/1
2023-06-13_02:15:00.000000,0209,0211,064-180,III/1
2023-06-13_03:45:00.000000,0339,0340,025-087,III/1
2023-06-13_08:45:00.000000,0842,0842,025-180,III/1
2023-06-13_10:00:00.000000,0957,0957,025-180,III/1
2023-06-13_11:15:00.000000,1120,1121,025-081,III/1
2023-06-13_14:00:00.000000,1402,1403,025-127,III/1
2023-06-13_17:45:00.000000,1741,1751,038-180,II/1    364
2023-06-13_17:45:00.000000,1745,1750,025-135,II/1    538
2023-06-13_18:30:00.000000,1830,1831,075-180,III/1
2023-06-14_05:15:00.000000,0512,0515,135-180,III/1
2023-06-14_09:00:00.000000,0853,0853,025-055,III/2
2023-06-14_09:30:00.000000,0924,0924,025-083,III/1
2023-06-14_14:45:00.000000,1439,1440,025-135,III/1
2023-06-14_21:45:00.000000,2148,2148,025-180,III/2
2023-06-14_22:45:00.000000,2250,2250,025-071,III/1
2023-06-15_00:15:00.000000,0010,0014,025-075,III/1
2023-06-15_05:15:00.000000,0508,0513,025-115,III/1
2023-06-15_05:15:00.000000,0519,0520,050-180,III/1
2023-06-15_06:30:00.000000,0625,0626,025-180,III/1
2023-06-15_11:30:00.000000,1128,1128,025-047,III/1
2023-06-15_12:45:00.000000,1242,1247,025-084,III/1
2023-06-15_18:45:00.000000,1840,1844,025-180,III/2
2023-06-15_19:45:00.000000,1939,1939,108-180,III/2
2023-06-15_20:45:00.000000,2052,2052,025-087,III/1
2023-06-15_22:15:00.000000,2218,2218,025-057,III/2
2023-06-16_02:15:00.000000,0213,0215,025-180,III/2
2023-06-16_09:00:00.000000,0853,0854,025-180,III/1
2023-06-16_10:30:00.000000,1030,1030,025-057,III/1
2023-06-16_13:30:00.000000,1337,1339,025-082,III/2
2023-06-16_14:00:00.000000,1404,1404,025-079,III/1
2023-06-16_16:45:00.000000,1638,1639,025-059,III/1
2023-06-16_17:45:00.000000,1745,1751,025-180,III/2
2023-06-16_17:45:00.000000,1746,1748,025-180,III/1
2023-06-16_22:30:00.000000,2225,2225,025-180,III/1
2023-06-17_07:15:00.000000,0716,0716,025-064,III/1
2023-06-17_08:15:00.000000,0810,0812,025-141,III/2
2023-06-17_11:00:00.000000,1058,1059,025-051,III/1
2023-06-17_12:00:00.000000,1159,1159,025-145,III/2
2023-06-17_12:45:00.000000,1250,1254,025-129,III/1
2023-06-17_13:30:00.000000,1326,1327,025-082,III/1
2023-06-17_14:00:00.000000,1402,1405,025-123,III/2
2023-06-17_15:15:00.000000,1511,1511,025-053,III/1
2023-06-17_15:45:00.000000,1548,1549,137-180,III/1
2023-06-17_16:15:00.000000,1622,1624,025-152,III/1
2023-06-17_17:45:00.000000,1750,1751,025-059,III/1
2023-06-17_18:30:00.000000,1829,1833,025-180,III/2
2023-06-17_19:15:00.000000,1910,1910,025-180,III/1
2023-06-18_04:30:00.000000,0426,0427,060-180,III/1
2023-06-18_06:30:00.000000,0627,0628,085-180,III/1
2023-06-18_06:45:00.000000,0643,0644,036-147,III/2
2023-06-18_08:15:00.000000,0819,0820,070-180,III/1
2023-06-18_09:30:00.000000,0937,0938,138-159,III/1
2023-06-18_11:30:00.000000,1130,1130,025-053,III/1
2023-06-18_14:00:00.000000,1353,1407,025-083,II/1    440
2023-06-18_15:45:00.000000,1544,1544,025-054,III/1
2023-06-18_20:00:00.000000,1959,2000,025-180,III/2
2023-06-19_00:00:00.000000,2355,2355,081-180,III/1
2023-06-19_03:15:00.000000,0321,0321,082-171,III/2
2023-06-19_03:45:00.000000,0342,0400,074-165,II/2    355
2023-06-19_03:45:00.000000,0342,0347,078-180,III/1
2023-06-19_08:45:00.000000,0839,0848,025-180,III/1
2023-06-19_09:30:00.000000,0935,0937,025-180,III/1
2023-06-19_11:00:00.000000,1058,1107,025-138,III/1
2023-06-19_11:45:00.000000,1143,1144,025-055,III/1
2023-06-19_12:15:00.000000,1208,1210,025-180,III/2
2023-06-19_12:15:00.000000,1214,1225,040-180,II/2    954
2023-06-19_15:00:00.000000,1502,1503,025-080,III/1
2023-06-19_20:45:00.000000,2047,2049,025-180,III/2
2023-06-20_03:45:00.000000,0339,0339,088-180,III/1
2023-06-20_04:00:00.000000,0354,1028,075-180,III/1
2023-06-20_06:45:00.000000,0647,0647,025-083,III/1
2023-06-20_07:45:00.000000,0742,0742,025-062,III/1
2023-06-20_11:45:00.000000,1152,1158,025-064,III/1
2023-06-20_13:30:00.000000,1332,1332,025-152,III/1
2023-06-20_17:00:00.000000,1701,1725,025-180,II/2    1027
2023-06-20_17:00:00.000000,1707,1820,025-180,IV/1
2023-06-20_17:30:00.000000,1723,1725,025-180,III/2
2023-06-21_01:15:00.000000,0122,0122,065-180,III/1
2023-06-21_05:45:00.000000,0544,0550,025-058,III/1
2023-06-21_07:00:00.000000,0659,0706,025-083,III/1
2023-06-21_08:00:00.000000,0754,0756,035-117,III/1
2023-06-21_08:15:00.000000,0819,0822,025-054,III/1
2023-06-21_09:00:00.000000,0903,0904,076-180,III/1
2023-06-21_10:30:00.000000,1027,1028,025-081,III/2
2023-06-21_13:00:00.000000,1254,1255,025-180,III/3
2023-06-21_15:30:00.000000,1535,1538,025-180,III/3
2023-06-21_15:45:00.000000,1543,1547,025-143,II/1    556
2023-06-21_16:30:00.000000,1634,1635,025-085,III/1
2023-06-21_17:30:00.000000,1725,1726,025-064,III/1
2023-06-21_17:45:00.000000,1742,1745,122-158,III/1
2023-06-21_22:15:00.000000,2217,2219,025-078,III/1
2023-06-21_23:00:00.000000,2255,2303,025-057,III/1
2023-06-21_23:30:00.000000,2328,2349,025-180,III/1
2023-06-22_00:30:00.000000,0024,0024,025-180,III/2
2023-06-22_00:30:00.000000,0026,0030,025-180,III/2
2023-06-22_00:30:00.000000,0028,0031,025-164,V/2
2023-06-22_01:00:00.000000,0102,0109,025-180,III/2
2023-06-22_01:00:00.000000,0105,0218,102-180,IV/1
2023-06-22_03:15:00.000000,0319,0319,025-153,III/2
2023-06-22_04:15:00.000000,0417,0417,025-164,III/2
2023-06-22_05:00:00.000000,0500,0500,041-083,III/1
2023-06-22_07:15:00.000000,0718,0719,025-180,III/1
2023-06-22_08:15:00.000000,0819,0824,042-180,III/2
2023-06-22_09:30:00.000000,0925,0932,025-126,III/2
2023-06-22_11:00:00.000000,1055,1055,025-082,III/1
2023-06-22_11:30:00.000000,1135,1139,025-126,III/1
2023-06-22_12:45:00.000000,1243,1244,025-088,III/1
2023-06-22_13:30:00.000000,1334,1334,025-054,III/1
2023-06-22_14:00:00.000000,1406,1407,029-082,III/1
2023-06-22_15:45:00.000000,1548,1548,025-149,III/1
2023-06-22_16:30:00.000000,1630,1639,025-151,III/1
2023-06-22_21:15:00.000000,2111,2114,025-180,III/2
2023-06-22_23:00:00.000000,2305,2305,025-072,III/1
2023-06-22_23:45:00.000000,2342,2344,025-180,III/1
2023-06-22_23:45:00.000000,2345,2359,025-158,II/2    534
2023-06-22_23:45:00.000000,2350,2359,025-180,IV/1
2023-06-23_00:00:00.000000,0000,0007,025-158,II/2
2023-06-23_00:00:00.000000,0000,0416,025-180,IV/2
2023-06-23_00:00:00.000000,0005,0012,025-180,III/1
2023-06-23_01:45:00.000000,0144,0144,088-173,III/1
2023-06-23_03:00:00.000000,0302,0308,025-180,III/2
2023-06-23_04:00:00.000000,0353,0353,075-155,III/1
2023-06-23_04:15:00.000000,0420,0420,025-115,III/2
2023-06-23_08:30:00.000000,0837,0839,025-180,III/2
2023-06-23_10:30:00.000000,1031,1033,025-180,III/2
2023-06-23_23:00:00.000000,2303,2310,025-067,III/1
2023-06-23_23:15:00.000000,2318,2325,058-180,III/2
2023-06-24_00:00:00.000000,0007,0008,025-143,III/2
2023-06-24_00:45:00.000000,0043,0044,025-180,III/2
2023-06-24_02:00:00.000000,0157,0200,025-180,III/1
2023-06-24_04:15:00.000000,0413,0414,025-083,III/1
2023-06-24_06:15:00.000000,0613,0613,025-098,III/1
2023-06-24_09:15:00.000000,0915,0919,025-180,III/2
2023-06-24_12:15:00.000000,1212,1221,025-180,III/2
2023-06-24_12:15:00.000000,1212,1221,025-180,V/2
2023-06-24_13:30:00.000000,1331,1334,025-180,III/1
2023-06-24_15:00:00.000000,1501,1501,025-083,III/1
2023-06-24_15:45:00.000000,1545,1549,025-180,III/2
2023-06-24_23:30:00.000000,2323,2323,025-153,III/1
2023-06-25_01:30:00.000000,0135,0135,025-144,III/1
2023-06-25_02:00:00.000000,0206,0216,025-180,III/2
2023-06-25_02:45:00.000000,0249,0250,104-171,III/1
2023-06-25_05:15:00.000000,0517,0518,025-154,III/1
2023-06-25_15:15:00.000000,1520,1528,025-084,III/2
2023-06-25_16:15:00.000000,1617,1618,025-055,III/1
2023-06-25_20:00:00.000000,2006,2007,111-180,III/1
2023-06-25_20:15:00.000000,2021,2025,025-180,III/1
2023-06-25_21:00:00.000000,2105,2208,110-180,II/1    346
2023-06-25_21:30:00.000000,2135,2201,025-180,III/2
2023-06-25_22:00:00.000000,2158,2200,030-180,III/2
2023-06-26_01:00:00.000000,0054,0059,025-180,III/2
2023-06-26_01:30:00.000000,0137,0138,025-074,III/1
2023-06-26_02:30:00.000000,0233,0234,025-180,III/1
2023-06-26_03:15:00.000000,0313,0315,025-180,III/3
2023-06-26_03:45:00.000000,0346,0346,025-180,III/2
2023-06-26_05:00:00.000000,0458,0459,025-180,III/2
2023-06-26_05:15:00.000000,0513,0514,025-114,III/1
2023-06-26_07:00:00.000000,0657,0657,025-114,III/1
2023-06-26_07:45:00.000000,0746,0746,025-168,III/1
2023-06-26_23:30:00.000000,2335,2336,025-060,III/1
2023-06-27_01:45:00.000000,0152,0154,025-180,III/2
2023-06-27_02:30:00.000000,0226,0235,025-131,III/2
2023-06-27_05:45:00.000000,0547,0547,025-155,III/1
2023-06-27_07:15:00.000000,0712,0713,113-180,III/1
2023-06-27_08:15:00.000000,0820,0821,025-081,III/1
2023-06-27_14:15:00.000000,1411,1412,025-061,III/1
2023-06-27_17:45:00.000000,1744,1748,025-180,III/2
2023-06-27_17:45:00.000000,1744,1745,025-180,III/2
2023-06-27_19:45:00.000000,1944,1945,025-180,III/2
2023-06-27_20:15:00.000000,2016,2017,025-180,III/2
2023-06-27_20:45:00.000000,2045,2049,025-148,III/1
2023-06-28_02:30:00.000000,0223,0232,076-180,II/1    508
2023-06-28_03:15:00.000000,0318,0318,025-180,III/2
2023-06-28_04:15:00.000000,0421,0425,025-068,III/2
2023-07-06_01:45:00.000000,0141,0141,134-180,III/1
2023-07-06_04:15:00.000000,0409,0409,025-180,III/2
2023-07-06_04:15:00.000000,0410,0410,025-180,III/2
2023-07-08_18:45:00.000000,1852,1854,025-180,III/2
2023-07-08_20:00:00.000000,2005,2007,025-180,III/3
2023-07-08_20:00:00.000000,2005,2007,025-180,V/3
2023-07-08_22:45:00.000000,2252,2254,025-180,III/2
2023-07-09_00:15:00.000000,0016,0023,025-180,III/2
2023-07-09_03:30:00.000000,0324,0331,025-180,III/2
2023-07-09_03:30:00.000000,0332,0334,025-180,III/2
2023-07-09_21:30:00.000000,2137,2138,025-180,III/3
2023-07-10_00:30:00.000000,0026,0033,025-180,III/3
2023-07-10_01:30:00.000000,0125,0125,025-041,III/1
2023-07-10_03:45:00.000000,0341,0357,025-153,II/1    1062
2023-07-11_09:30:00.000000,0932,0932,025-158,III/2
2023-07-11_11:15:00.000000,1117,1120,025-180,III/2
2023-07-11_19:45:00.000000,1942,1957,114-180,II/2    122
2023-07-11_23:15:00.000000,2317,2319,025-049,II/2    4583
2023-07-12_00:00:00.000000,0000,0013,025-049,IV/2
2023-07-12_17:45:00.000000,1746,1746,025-068,III/1
2023-07-13_05:15:00.000000,0509,0512,025-088,III/2
2023-07-13_11:15:00.000000,1108,1117,025-052,III/1
2023-07-14_00:30:00.000000,0035,0035,025-047,III/2
2023-07-14_03:15:00.000000,0311,0312,120-180,III/1
2023-07-14_04:00:00.000000,0404,0404,025-075,III/1
2023-07-14_05:00:00.000000,0457,0458,079-080,III/1
2023-07-14_07:00:00.000000,0707,0709,025-146,III/1
2023-07-14_08:15:00.000000,0813,0819,025-159,III/2
2023-07-14_09:30:00.000000,0923,0930,025-180,III/2
2023-07-14_11:15:00.000000,1119,1119,025-084,III/2
2023-07-14_12:45:00.000000,1248,1251,025-138,V/3
2023-07-14_16:45:00.000000,1644,1657,025-083,II/1    374
2023-07-14_17:45:00.000000,1741,1741,025-082,III/1
2023-07-18_04:45:00.000000,0445,0447,140-180,III/1
2023-07-20_08:15:00.000000,0810,0811,025-051,III/1
2023-07-20_10:45:00.000000,1040,1040,025-149,III/2
2023-07-20_11:15:00.000000,1120,1120,036-154,III/1
2023-07-20_15:00:00.000000,1456,1456,036-065,III/1
2023-07-20_15:45:00.000000,1538,1539,025-180,III/1
2023-07-20_15:45:00.000000,1552,1552,025-045,III/1
2023-07-20_16:45:00.000000,1646,1651,025-180,III/2
2023-07-28_18:00:00.000000,1804,1811,025-046,III/1
2023-08-02_08:00:00.000000,0758,0815,072-180,II/2    286
2023-08-02_08:15:00.000000,0814,1600,025-180,IV/2
2023-08-02_10:00:00.000000,0959,1051,113-180,IV/1
2023-08-02_12:00:00.000000,1203,1203,025-084,III/1
2023-08-02_13:15:00.000000,1314,1317,025-072,III/1
2023-08-02_15:00:00.000000,1505,1507,025-084,III/1
2023-08-07_17:45:00.000000,1745,1745,025-063,III/1
2023-08-08_09:30:00.000000,0927,0930,025-180,V/2
2023-08-08_09:30:00.000000,0927,0929,025-180,III/2
2023-08-08_10:45:00.000000,1052,1053,025-180,III/1
2023-08-08_11:45:00.000000,1140,1141,025-056,III/1
2023-08-08_17:15:00.000000,1720,1722,025-086,III/1
2023-08-09_07:00:00.000000,0658,0658,062-180,III/1
2023-08-09_12:45:00.000000,1239,1246,025-138,III/2
2023-08-09_14:30:00.000000,1437,1441,046-145,III/1
2023-08-09_16:00:00.000000,1602,1606,025-180,III/1
2023-08-09_17:45:00.000000,1745,1751,025-053,III/1
2023-08-15_05:15:00.000000,0513,0514,075-180,III/1
2023-08-30_06:45:00.000000,0641,0642,025-112,III/1
2023-08-30_10:00:00.000000,0957,0958,025-045,III/1
2023-08-30_12:45:00.000000,1246,1248,025-180,III/2
2023-08-30_16:15:00.000000,1610,1611,044-086,III/1
2023-09-01_05:45:00.000000,0545,0548,025-180,III/2
2023-09-04_05:45:00.000000,0550,0551,038-084,III/1
2023-09-08_16:45:00.000000,1645,1646,025-058,III/1
2023-09-15_07:30:00.000000,0724,0725,025-180,III/1
2023-09-15_08:45:00.000000,0840,0840,025-084,III/1
2023-09-15_09:00:00.000000,0856,0859,025-180,III/3
2023-09-15_10:30:00.000000,1026,1027,025-180,III/2
2023-09-15_11:15:00.000000,1108,1109,025-180,III/2
2023-09-16_06:00:00.000000,0607,0608,025-180,III/2
2023-09-16_16:15:00.000000,1619,1619,114-180,III/1
2023-09-17_16:15:00.000000,1612,1621,025-075,II/1    344
2023-09-26_06:30:00.000000,0634,0634,025-180,III/1
2023-09-30_15:45:00.000000,1542,1546,025-180,III/3
2023-10-04_06:30:00.000000,0636,0637,025-104,III/2
2023-10-05_07:15:00.000000,0713,0714,025-108,III/2
2023-10-05_08:00:00.000000,0804,0810,025-067,III/2
2023-10-05_09:15:00.000000,0912,0917,025-083,III/2
2023-10-05_14:30:00.000000,1436,1437,025-180,III/2
2023-10-05_15:15:00.000000,1521,1523,113-180,III/1
2023-11-04_07:45:00.000000,0739,0740,025-100,III/1
2023-11-17_15:30:00.000000,1525,1526,164-180,III/1
2023-11-17_18:15:00.000000,1818,1819,025-043,III/1
2023-11-18_11:15:00.000000,1116,1116,025-067,III/1
2023-11-19_00:00:00.000000,0000,0000,025-180,III/1
2023-11-19_01:00:00.000000,0059,0106,025-124,III/1
2023-11-19_03:00:00.000000,0305,0312,025-051,III/1
2023-11-19_07:45:00.000000,0742,0742,025-082,III/1
2023-11-19_15:30:00.000000,1523,1525,051-180,III/2
2023-11-19_21:15:00.000000,2119,2124,025-045,III/1
2023-11-19_22:45:00.000000,2244,2244,025-087,III/1
2023-11-21_01:15:00.000000,0110,0111,025-056,III/2
2023-11-23_08:30:00.000000,0830,0832,025-180,III/2
2023-11-26_09:15:00.000000,0910,0911,025-180,III/2
2023-11-26_09:30:00.000000,0932,0932,025-083,III/1
2023-11-26_10:15:00.000000,1014,1016,047-082,III/1
2023-11-26_17:15:00.000000,1710,1711,025-038,III/1
2023-11-26_19:00:00.000000,1906,1906,025-180,III/1
2023-11-26_22:45:00.000000,2245,2253,025-084,III/1
2023-11-26_23:30:00.000000,2337,2337,025-135,III/2
2023-11-27_00:30:00.000000,0028,0029,025-180,III/2
2023-11-27_01:30:00.000000,0124,0125,025-076,III/2
2023-11-27_02:00:00.000000,0200,0200,049-090,III/1
2023-11-27_03:45:00.000000,0340,0341,025-150,III/2
2023-11-27_13:15:00.000000,1317,1318,122-168,III/1
2023-11-27_15:45:00.000000,1550,1556,111-180,III/1
2023-11-27_22:15:00.000000,2212,2212,080-180,III/1
2023-11-28_00:15:00.000000,0013,0014,025-180,III/2
2023-11-28_02:00:00.000000,0154,0155,108-180,III/1
2023-11-28_05:45:00.000000,0551,0551,025-180,III/1
2023-11-28_06:45:00.000000,0646,0646,025-180,III/2
2023-11-28_08:30:00.000000,0834,0835,025-180,III/1
2023-12-01_09:45:00.000000,0939,0939,025-180,III/2
2023-12-01_12:00:00.000000,1153,1157,025-180,III/2
2023-12-01_13:00:00.000000,1302,1303,025-084,III/1
2023-12-03_20:45:00.000000,2038,2046,025-180,III/2
2023-12-03_23:15:00.000000,2317,2329,025-180,III/2
2023-12-04_01:15:00.000000,0114,0119,025-180,III/2
2023-12-04_02:30:00.000000,0236,0236,025-045,III/1
2023-12-08_23:00:00.000000,2256,2256,025-085,III/3
2023-12-08_23:30:00.000000,2329,2344,025-180,V/3
2023-12-09_00:00:00.000000,0000,0006,025-180,III/3
2023-12-09_01:00:00.000000,0102,0103,025-180,III/2
2023-12-09_02:30:00.000000,0232,0242,025-180,III/2
2023-12-09_05:15:00.000000,0522,0524,025-100,III/1
2023-12-09_07:30:00.000000,0730,0730,025-040,III/1
2023-12-09_08:00:00.000000,0802,0803,025-180,III/2
2023-12-14_01:00:00.000000,0105,0105,025-062,III/1
2023-12-15_09:15:00.000000,0912,0912,025-062,III/1
2023-12-21_00:00:00.000000,0004,0008,025-180,V/3
2023-12-21_00:00:00.000000,0004,0007,025-180,III/3
2023-12-21_01:15:00.000000,0121,0122,025-157,III/2
2023-12-21_20:30:00.000000,2029,2037,025-180,III/2
2023-12-21_22:30:00.000000,2228,2228,025-051,III/1
2023-12-22_09:15:00.000000,0920,0920,025-090,III/1
2023-12-29_07:45:00.000000,0746,0747,025-047,III/1
2023-12-30_13:30:00.000000,1336,1337,113-180,III/1
2023-12-30_18:15:00.000000,1809,1809,110-148,III/1
2023-12-30_19:00:00.000000,1858,1858,025-180,III/1
2023-12-31_00:15:00.000000,0012,0012,090-180,III/1
2023-12-31_01:45:00.000000,0139,0140,025-118,III/1
2023-12-31_02:00:00.000000,0206,0210,125-180,III/1
2023-12-31_21:45:00.000000,2142,2249,025-180,IV/2
2023-12-31_21:45:00.000000,2145,2153,025-180,V/3
2024-01-01_23:15:00.000000,2320,2321,025-180,III/1
2024-01-02_02:45:00.000000,0248,0248,025-063,III/1
2024-01-02_09:00:00.000000,0901,0901,025-106,III/1
2024-01-02_10:15:00.000000,1021,1022,025-180,III/2
2024-01-02_10:15:00.000000,1021,1022,025-180,III/2
2024-01-03_00:45:00.000000,0048,0048,025-137,III/1
2024-01-03_01:45:00.000000,0147,0147,025-110,III/1
2024-01-03_03:30:00.000000,0323,0328,025-142,III/1
2024-01-03_07:45:00.000000,0738,0738,025-107,III/1
2024-01-03_08:45:00.000000,0841,0841,132-157,III/1
2024-01-03_10:30:00.000000,1035,1035,025-143,III/1
2024-01-03_22:15:00.000000,2209,2210,025-180,III/1
2024-01-03_22:45:00.000000,2245,2245,090-180,III/1
2024-01-04_00:45:00.000000,0047,0059,025-180,III/2
2024-01-04_03:45:00.000000,0352,0352,025-114,III/1
2024-01-04_06:45:00.000000,0643,0643,113-180,III/1
2024-01-04_08:00:00.000000,0800,0800,025-140,III/1
2024-01-04_09:30:00.000000,0924,0925,025-180,III/1
2024-01-05_00:30:00.000000,0037,0038,115-180,III/1
2024-01-05_07:30:00.000000,0728,0728,025-073,III/1
2024-01-05_08:45:00.000000,0840,0841,025-180,III/2
2024-01-07_17:15:00.000000,1720,1721,025-180,III/1
2024-01-08_00:30:00.000000,0032,0035,025-180,III/2
2024-01-09_14:00:00.000000,1356,1357,025-180,III/2
2024-01-10_10:00:00.000000,1004,1007,063-128,III/1
2024-01-10_12:45:00.000000,1243,1245,025-180,III/2
2024-01-19_09:30:00.000000,0928,0929,025-095,III/1
2024-01-22_15:00:00.000000,1502,1503,025-042,III/1
2024-01-22_20:00:00.000000,2007,2359,025-075,III/2
2024-01-23_03:15:00.000000,0318,0334,025-180,III/3
2024-01-23_07:45:00.000000,0752,0754,025-124,III/2
2024-02-20_15:15:00.000000,1508,1517,064-132,III/1
2024-02-23_10:45:00.000000,1049,1050,113-180,III/2
2024-02-23_15:15:00.000000,1519,1519,025-062,III/1
2024-02-23_17:45:00.000000,1739,1739,025-065,III/2
2024-02-23_20:30:00.000000,2024,2031,025-180,III/1
2024-02-23_23:15:00.000000,2312,2313,025-180,III/2
2024-02-24_07:30:00.000000,0729,0731,025-180,III/1
2024-02-24_08:15:00.000000,0808,0809,053-180,III/2
2024-02-24_08:15:00.000000,0822,0824,025-069,III/2
2024-02-24_12:00:00.000000,1206,1206,025-180,III/2
2024-02-24_15:30:00.000000,1526,1531,025-180,III/2
2024-02-25_22:45:00.000000,2245,2246,025-110,III/2
2024-02-26_06:00:00.000000,0604,0609,025-180,III/1
2024-02-27_09:45:00.000000,0947,0947,025-117,III/1
2024-02-27_13:15:00.000000,1311,1311,025-150,III/1
2024-03-02_22:45:00.000000,2252,2252,025-180,III/2
2024-03-02_23:45:00.000000,2347,2348,051-093,III/1
2024-03-03_00:45:00.000000,0041,0041,071-180,III/1
2024-03-03_03:15:00.000000,0320,0320,025-052,III/1
2024-03-06_08:15:00.000000,0810,0810,025-039,III/1
2024-03-06_14:15:00.000000,1410,1413,025-180,III/2
2024-03-07_16:00:00.000000,1606,1606,025-062,III/1
2024-03-11_08:45:00.000000,0843,0846,025-180,III/1
2024-03-11_09:00:00.000000,0853,0858,075-135,II/1    489
2024-03-12_09:45:00.000000,0942,0943,025-180,III/2
2024-03-16_09:30:00.000000,0927,0927,025-131,III/1
2024-03-16_11:15:00.000000,1116,1117,075-123,III/1
2024-03-18_03:30:00.000000,0329,0330,025-180,III/1
2024-03-21_11:45:00.000000,1141,1141,077-167,III/1
2024-03-21_12:45:00.000000,1239,1239,113-180,III/1
2024-03-25_06:30:00.000000,0632,0633,060-180,III/2
2024-03-25_06:30:00.000000,0637,0639,025-180,III/1
2024-03-25_06:45:00.000000,0643,0644,050-180,V/3
2024-03-25_08:45:00.000000,0845,0846,025-061,III/1
2024-03-25_12:00:00.000000,1202,1202,076-176,III/1
2024-03-25_14:45:00.000000,1449,1455,053-180,III/2
2024-03-25_15:15:00.000000,1517,1518,056-180,III/2
2024-03-25_16:00:00.000000,1606,1607,113-180,III/1
2024-03-29_00:45:00.000000,0052,0055,025-180,V/3
2024-03-29_02:15:00.000000,0218,0222,025-180,III/3
2024-03-30_06:15:00.000000,0620,0622,025-082,III/1
2024-04-02_15:15:00.000000,1520,1520,025-075,III/1
2024-04-02_16:00:00.000000,1603,1603,025-065,III/1
2024-04-11_00:00:00.000000,0003,0009,025-105,III/1
2024-04-11_02:00:00.000000,0157,0157,034-107,III/1
2024-04-11_14:00:00.000000,1353,1357,025-049,III/2
2024-04-11_15:30:00.000000,1534,1540,025-082,III/2
2024-04-11_17:00:00.000000,1659,1707,025-180,III/2
2024-04-11_17:00:00.000000,1659,1720,025-180,IV/1
2024-04-13_17:45:00.000000,1748,1748,025-050,III/1
2024-04-13_18:45:00.000000,1841,1842,025-130,III/2
2024-04-13_19:15:00.000000,1915,1923,025-049,III/1
2024-04-13_22:00:00.000000,2154,2154,025-057,III/2
2024-04-13_23:00:00.000000,2256,2301,025-141,III/2
2024-04-13_23:30:00.000000,2333,2334,025-159,III/1
2024-04-14_01:30:00.000000,0136,0138,025-180,III/2
2024-04-14_02:30:00.000000,0226,0233,025-180,III/3
2024-04-14_04:00:00.000000,0404,0404,025-180,III/2
2024-04-14_05:30:00.000000,0532,0535,025-180,III/2
2024-04-15_08:00:00.000000,0802,0807,025-180,III/1
2024-04-15_08:30:00.000000,0836,0843,025-180,III/2
2024-04-15_14:00:00.000000,1403,1405,025-180,III/1
2024-04-16_05:30:00.000000,0523,0523,025-084,III/1
2024-04-17_07:30:00.000000,0729,0732,025-180,III/2
2024-04-17_08:30:00.000000,0834,0834,025-086,III/2
2024-04-17_09:30:00.000000,0932,0932,025-082,III/1
2024-04-17_11:00:00.000000,1104,1104,025-166,III/2
2024-04-17_16:45:00.000000,1645,1649,025-180,III/2
2024-04-17_17:15:00.000000,1716,1720,025-066,III/1
2024-04-18_19:30:00.000000,1937,1937,025-067,III/1
2024-04-18_22:30:00.000000,2228,2230,025-180,III/1
2024-04-18_23:00:00.000000,2254,2258,025-180,III/2
2024-04-18_23:30:00.000000,2331,2332,025-180,III/2
2024-04-18_23:30:00.000000,2335,2359,025-180,III/2
2024-04-19_03:15:00.000000,0322,0333,025-180,III/2
2024-04-19_04:30:00.000000,0425,0426,025-142,III/1
2024-05-01_07:45:00.000000,0748,0748,025-180,III/1
2024-05-01_10:45:00.000000,1047,1054,025-180,III/2
2024-05-01_12:30:00.000000,1231,1231,025-083,III/1
2024-05-01_14:30:00.000000,1430,1430,025-155,III/1
2024-05-01_16:45:00.000000,1649,1657,025-180,III/2
2024-05-01_20:00:00.000000,2004,2012,025-180,III/2
2024-05-01_22:30:00.000000,2229,2234,025-180,V/3
2024-05-01_22:30:00.000000,2229,2233,025-180,III/2
2024-05-03_06:45:00.000000,0639,0645,025-083,III/2
2024-05-03_08:15:00.000000,0809,0817,025-180,III/1
2024-05-03_11:30:00.000000,1133,1134,025-038,III/1
2024-05-07_02:15:00.000000,0215,0216,025-180,III/1
2024-05-07_02:30:00.000000,0224,0229,025-180,III/1
2024-05-09_17:45:00.000000,1738,2247,025-180,IV/2
2024-05-10_06:00:00.000000,0554,0555,025-180,III/2
2024-05-10_06:30:00.000000,0631,0636,025-180,III/2
2024-05-10_06:45:00.000000,0650,0657,115-180,II/3    489
2024-05-10_06:45:00.000000,0651,0912,025-180,IV/2
2024-05-10_11:15:00.000000,1108,1108,025-046,III/1
2024-05-11_04:45:00.000000,0446,0941,129-180,IV/1
2024-05-12_04:45:00.000000,0449,0449,046-155,III/1
2024-05-13_05:30:00.000000,0528,0528,025-055,III/1
2024-05-13_09:00:00.000000,0906,0915,025-137,II/2    683
2024-05-13_09:15:00.000000,0916,1003,025-180,IV/2
2024-05-13_09:45:00.000000,0952,0952,025-034,III/2
2024-05-13_10:45:00.000000,1045,1045,025-037,III/2
2024-05-13_13:30:00.000000,1334,1335,113-180,III/1
2024-05-19_18:00:00.000000,1754,1759,025-180,III/3
2024-05-21_05:00:00.000000,0459,0459,025-041,III/2
2024-05-21_06:15:00.000000,0610,0615,025-088,III/2
2024-05-21_08:00:00.000000,0804,0806,025-154,III/2
2024-05-21_08:45:00.000000,0846,0847,025-060,III/2
2024-05-21_11:15:00.000000,1118,1118,025-061,III/1
2024-05-27_04:30:00.000000,0432,0432,036-075,III/1
2024-05-31_22:00:00.000000,2200,2201,025-180,III/1
2024-06-03_19:15:00.000000,1922,1924,025-156,III/1
2024-06-03_19:30:00.000000,1923,1924,025-180,III/1
2024-06-04_10:30:00.000000,1033,1033,025-051,III/1
2024-06-04_12:15:00.000000,1222,1222,025-077,III/1
2024-06-04_16:00:00.000000,1605,1605,039-084,III/1
2024-06-04_17:00:00.000000,1656,1656,065-083,III/1
2024-06-06_19:45:00.000000,1947,1948,025-066,III/1
2024-06-06_21:00:00.000000,2054,2103,025-090,III/1
2024-06-06_21:30:00.000000,2137,2137,025-180,III/2
2024-06-07_07:15:00.000000,0716,0716,121-171,III/1
2024-06-07_08:45:00.000000,0840,0842,025-060,III/1
2024-06-07_09:45:00.000000,0952,0952,123-180,III/1
2024-06-07_11:15:00.000000,1111,1111,025-080,III/1
2024-06-10_18:15:00.000000,1821,1825,025-075,III/1
2024-06-13_09:00:00.000000,0904,0904,112-156,III/2
2024-06-18_12:15:00.000000,1212,1218,025-060,III/1
2024-06-18_13:15:00.000000,1311,1312,025-052,III/1
2024-06-18_22:15:00.000000,2219,2220,025-036,III/1
2024-06-18_23:15:00.000000,2316,2316,025-056,III/1
2024-06-21_04:15:00.000000,0419,0425,025-159,III/1
2024-06-23_06:00:00.000000,0554,0554,041-062,III/1
2024-06-23_07:00:00.000000,0657,0658,025-113,III/2
2024-06-23_13:15:00.000000,1319,1320,031-082,III/1
2024-06-23_16:30:00.000000,1632,1635,025-089,III/2
2024-06-23_17:45:00.000000,1738,1738,025-053,III/1
2024-06-23_18:15:00.000000,1814,1815,025-073,III/1
2024-06-23_18:30:00.000000,1831,1831,025-062,III/1
2024-06-23_21:30:00.000000,2123,2129,025-092,III/2
2024-06-24_04:45:00.000000,0445,0446,025-130,III/1
2024-06-24_06:15:00.000000,0608,0612,025-065,III/1
2024-06-24_07:00:00.000000,0658,0659,025-148,III/1
2024-06-24_13:00:00.000000,1307,1309,025-167,III/1
2024-06-24_16:30:00.000000,1634,1634,025-154,III/2
2024-06-28_06:30:00.000000,0634,0638,025-156,III/2
2024-06-28_07:00:00.000000,0659,0702,025-155,III/1
2024-06-28_07:45:00.000000,0741,0741,025-083,III/1
2024-06-28_09:00:00.000000,0853,0854,025-152,III/1
2024-06-28_14:15:00.000000,1410,1411,025-057,III/1
2024-06-29_04:30:00.000000,0433,0434,030-082,III/1
2024-07-02_20:30:00.000000,2037,2038,025-062,III/1
2024-07-03_07:30:00.000000,0735,0738,025-080,III/1
2024-07-03_07:45:00.000000,0742,0804,025-115,II/3    1254
2024-07-03_11:00:00.000000,1054,1056,025-059,III/2
2024-07-03_14:15:00.000000,1419,1426,025-085,III/1
2024-07-03_16:15:00.000000,1619,1621,025-180,V/1
2024-07-03_18:15:00.000000,1820,1820,025-053,III/1
2024-07-12_07:15:00.000000,0711,0712,025-051,III/1
2024-07-12_12:45:00.000000,1241,1242,025-081,III/2
2024-07-12_17:45:00.000000,1738,1739,126-180,III/2
2024-07-12_18:00:00.000000,1802,1803,025-063,III/2
2024-07-16_07:30:00.000000,0733,0734,082-180,III/1
2024-07-17_04:45:00.000000,0451,0451,025-139,III/1
2024-07-22_18:15:00.000000,1812,1814,025-137,III/1
2024-07-23_00:30:00.000000,0037,0038,025-180,III/1
2024-07-23_04:45:00.000000,0448,0451,025-180,III/2
2024-07-23_05:00:00.000000,0455,0457,025-180,III/2
2024-07-23_06:00:00.000000,0559,0601,025-083,III/2
2024-07-23_08:00:00.000000,0806,0809,025-082,III/1
2024-07-23_14:00:00.000000,1403,1408,025-180,III/2
2024-07-23_14:15:00.000000,1410,1444,025-150,II/2    359
2024-07-24_18:15:00.000000,1816,1824,025-072,II/1    687
2024-07-24_21:45:00.000000,2148,2148,025-085,III/1
2024-07-24_23:15:00.000000,2319,2319,025-153,III/1
2024-07-25_11:15:00.000000,1112,1122,025-180,III/2
2024-07-25_11:30:00.000000,1127,1131,025-180,III/2
2024-07-25_12:30:00.000000,1234,1235,065-180,II/2    973
2024-07-25_15:30:00.000000,1531,1539,025-180,V/3
2024-07-25_15:30:00.000000,1535,1552,025-180,II/3    563
2024-07-25_16:00:00.000000,1605,1606,025-047,III/1
2024-07-25_16:45:00.000000,1642,1800,025-180,III/2
2024-07-25_16:45:00.000000,1644,1645,025-075,III/1
2024-07-25_22:30:00.000000,2236,2240,025-180,III/1
2024-07-27_18:00:00.000000,1800,1802,025-180,III/2
2024-07-30_05:15:00.000000,0515,0522,025-180,III/1
2024-07-30_16:00:00.000000,1602,1602,025-132,III/1
2024-07-30_18:15:00.000000,1811,1813,025-180,III/1
2024-07-30_19:30:00.000000,1930,1935,025-180,V/3
2024-07-31_03:15:00.000000,0310,0311,025-180,III/2
2024-07-31_04:30:00.000000,0433,0434,137-180,III/1
2024-07-31_06:45:00.000000,0638,0644,025-180,V/3
2024-07-31_06:45:00.000000,0638,0641,025-180,III/3
2024-07-31_09:00:00.000000,0859,0901,025-180,III/2
2024-07-31_09:45:00.000000,0946,0947,025-083,III/1
2024-07-31_13:00:00.000000,1256,1300,025-180,III/2
2024-08-11_09:45:00.000000,0946,0947,025-114,III/1
2024-08-13_22:45:00.000000,2243,2244,025-073,III/1
2024-08-13_23:00:00.000000,2257,2257,025-065,III/1
2024-08-13_23:30:00.000000,2331,2336,025-180,III/2
2024-08-25_17:15:00.000000,1712,1712,025-067,III/1
2024-08-27_17:45:00.000000,1745,1745,111-180,III/1
2024-08-27_20:15:00.000000,2015,2020,025-069,III/1
2024-08-28_00:45:00.000000,0052,0053,077-174,III/2
2024-08-28_03:15:00.000000,0309,0310,075-180,III/1
2024-08-28_04:30:00.000000,0430,0431,025-065,III/1
2024-08-31_18:00:00.000000,1800,1802,025-180,III/2
2024-08-31_19:15:00.000000,1918,1919,025-075,III/1
