timestamp,label
859728_2022-05-12_13:00:00.000000,1
859728_2022-05-12_13:30:00.000000,1
859728_2022-05-12_12:00:00.000000,2
859728_2022-05-12_07:00:00.000000,1
859728_2022-05-12_07:30:00.000000,1
859728_2022-05-12_14:00:00.000000,1
859728_2022-05-12_12:30:00.000000,1
859728_2022-05-12_11:00:00.000000,1
859728_2022-05-12_09:30:00.000000,1
859728_2022-05-12_09:00:00.000000,1
859728_2022-05-12_11:30:00.000000,1
859728_2022-05-12_08:30:00.000000,1
859728_2022-05-12_10:00:00.000000,1
859728_2022-05-12_10:30:00.000000,1
859728_2022-05-12_08:00:00.000000,1
863014_2022-06-02_07:00:00.000000,3
863014_2022-06-02_12:30:00.000000,3
863014_2022-06-02_13:00:00.000000,3
863014_2022-06-02_09:00:00.000000,3
863014_2022-06-02_10:30:00.000000,3
863014_2022-06-02_11:00:00.000000,3
863014_2022-06-02_08:30:00.000000,3
863014_2022-06-02_10:00:00.000000,3
863014_2022-06-02_09:30:00.000000,3
863014_2022-06-02_08:00:00.000000,3
863014_2022-06-02_11:30:00.000000,3
863014_2022-06-02_12:00:00.000000,3
863014_2022-06-02_07:30:00.000000,3
863016_2022-06-02_07:00:00.000000,3
863016_2022-06-02_12:00:00.000000,3
863016_2022-06-02_12:30:00.000000,3
863016_2022-06-02_07:30:00.000000,3
863016_2022-06-02_13:00:00.000000,3
863016_2022-06-02_08:30:00.000000,3
863016_2022-06-02_10:00:00.000000,3
863016_2022-06-02_10:30:00.000000,3
863016_2022-06-02_08:00:00.000000,3
863016_2022-06-02_11:00:00.000000,3
863016_2022-06-02_09:30:00.000000,3
863016_2022-06-02_09:00:00.000000,3
863016_2022-06-02_11:30:00.000000,3
859726_2022-05-12_13:00:00.000000,1
859726_2022-05-12_12:30:00.000000,1
859726_2022-05-12_07:00:00.000000,1
859726_2022-05-12_14:00:00.000000,1
859726_2022-05-12_08:30:00.000000,1
859726_2022-05-12_11:00:00.000000,1
859726_2022-05-12_10:30:00.000000,1
859726_2022-05-12_09:00:00.000000,1
859726_2022-05-12_11:30:00.000000,1
859726_2022-05-12_08:00:00.000000,1
859726_2022-05-12_09:30:00.000000,1
859726_2022-05-12_10:00:00.000000,1
859726_2022-05-12_13:30:00.000000,1
859726_2022-05-12_07:30:00.000000,1
859726_2022-05-12_12:00:00.000000,2
858918_2022-05-02_16:00:00.000000,3
858918_2022-05-02_11:45:00.000000,3
858918_2022-05-02_10:00:00.000000,3
858918_2022-05-02_08:15:00.000000,3
858918_2022-05-02_13:30:00.000000,3
858918_2022-05-02_15:30:00.000000,3
858918_2022-05-02_12:15:00.000000,3
858918_2022-05-02_14:15:00.000000,3
858918_2022-05-02_07:45:00.000000,3
858918_2022-05-02_09:30:00.000000,3
858918_2022-05-02_10:45:00.000000,3
858918_2022-05-02_09:15:00.000000,3
858918_2022-05-02_11:00:00.000000,3
858918_2022-05-02_12:30:00.000000,3
858918_2022-05-02_14:30:00.000000,3
858918_2022-05-02_13:15:00.000000,3
858918_2022-05-02_15:15:00.000000,3
858918_2022-05-02_06:45:00.000000,3
858918_2022-05-02_07:00:00.000000,3
858918_2022-05-02_08:30:00.000000,3
858918_2022-05-02_15:45:00.000000,3
858918_2022-05-02_12:00:00.000000,3
858918_2022-05-02_14:00:00.000000,3
858918_2022-05-02_13:45:00.000000,3
858918_2022-05-02_11:30:00.000000,3
858918_2022-05-02_09:45:00.000000,3
858918_2022-05-02_08:00:00.000000,3
858918_2022-05-02_10:15:00.000000,3
858918_2022-05-02_07:30:00.000000,3
858918_2022-05-02_13:00:00.000000,3
858918_2022-05-02_14:45:00.000000,3
858918_2022-05-02_12:45:00.000000,3
858918_2022-05-02_15:00:00.000000,3
858918_2022-05-02_10:30:00.000000,3
858918_2022-05-02_07:15:00.000000,3
858918_2022-05-02_08:45:00.000000,3
858918_2022-05-02_11:15:00.000000,3
858918_2022-05-02_09:00:00.000000,3
858918_2022-05-02_06:30:00.000000,3
859140_2022-05-04_10:45:00.000000,3
859140_2022-05-04_11:00:00.000000,3
859140_2022-05-04_09:15:00.000000,3
859140_2022-05-04_12:30:00.000000,3
859140_2022-05-04_14:30:00.000000,3
859140_2022-05-04_13:15:00.000000,3
859140_2022-05-04_15:15:00.000000,3
859140_2022-05-04_06:45:00.000000,3
859140_2022-05-04_08:30:00.000000,3
859140_2022-05-04_07:00:00.000000,3
859140_2022-05-04_16:00:00.000000,3
859140_2022-05-04_11:45:00.000000,3
859140_2022-05-04_08:15:00.000000,3
859140_2022-05-04_10:00:00.000000,3
859140_2022-05-04_13:30:00.000000,3
859140_2022-05-04_15:30:00.000000,3
859140_2022-05-04_12:15:00.000000,3
859140_2022-05-04_14:15:00.000000,3
859140_2022-05-04_07:45:00.000000,3
859140_2022-05-04_09:30:00.000000,3
859140_2022-05-04_13:00:00.000000,3
859140_2022-05-04_14:45:00.000000,3
859140_2022-05-04_12:45:00.000000,3
859140_2022-05-04_15:00:00.000000,3
859140_2022-05-04_07:15:00.000000,3
859140_2022-05-04_10:30:00.000000,3
859140_2022-05-04_08:45:00.000000,3
859140_2022-05-04_06:30:00.000000,3
859140_2022-05-04_09:00:00.000000,3
859140_2022-05-04_11:15:00.000000,3
859140_2022-05-04_15:45:00.000000,3
859140_2022-05-04_12:00:00.000000,3
859140_2022-05-04_14:00:00.000000,3
859140_2022-05-04_13:45:00.000000,3
859140_2022-05-04_11:30:00.000000,3
859140_2022-05-04_09:45:00.000000,3
859140_2022-05-04_07:30:00.000000,3
859140_2022-05-04_10:15:00.000000,3
859140_2022-05-04_08:00:00.000000,3
859340_2022-05-06_07:30:00.000000,3
859340_2022-05-06_10:15:00.000000,3
859340_2022-05-06_08:00:00.000000,3
859340_2022-05-06_09:45:00.000000,3
859340_2022-05-06_13:45:00.000000,3
859340_2022-05-06_14:00:00.000000,3
859340_2022-05-06_12:00:00.000000,3
859340_2022-05-06_15:45:00.000000,3
859340_2022-05-06_11:30:00.000000,3
859340_2022-05-06_06:30:00.000000,3
859340_2022-05-06_09:00:00.000000,3
859340_2022-05-06_11:15:00.000000,3
859340_2022-05-06_08:45:00.000000,3
859340_2022-05-06_15:00:00.000000,3
859340_2022-05-06_12:45:00.000000,3
859340_2022-05-06_14:45:00.000000,3
859340_2022-05-06_13:00:00.000000,3
859340_2022-05-06_07:15:00.000000,3
859340_2022-05-06_10:30:00.000000,3
859340_2022-05-06_14:15:00.000000,3
859340_2022-05-06_12:15:00.000000,3
859340_2022-05-06_09:30:00.000000,3
859340_2022-05-06_07:45:00.000000,3
859340_2022-05-06_08:15:00.000000,3
859340_2022-05-06_10:00:00.000000,3
859340_2022-05-06_11:45:00.000000,3
859340_2022-05-06_16:00:00.000000,3
859340_2022-05-06_15:30:00.000000,3
859340_2022-05-06_13:30:00.000000,3
859340_2022-05-06_15:15:00.000000,3
859340_2022-05-06_13:15:00.000000,3
859340_2022-05-06_08:30:00.000000,3
859340_2022-05-06_07:00:00.000000,3
859340_2022-05-06_06:45:00.000000,3
859340_2022-05-06_11:00:00.000000,3
859340_2022-05-06_09:15:00.000000,3
859340_2022-05-06_10:45:00.000000,3
859340_2022-05-06_14:30:00.000000,3
859340_2022-05-06_12:30:00.000000,3
859336_2022-05-07_08:45:00.000000,3
859336_2022-05-07_06:30:00.000000,3
859336_2022-05-07_11:15:00.000000,1
859336_2022-05-07_09:00:00.000000,3
859336_2022-05-07_14:45:00.000000,3
859336_2022-05-07_13:00:00.000000,3
859336_2022-05-07_15:00:00.000000,3
859336_2022-05-07_12:45:00.000000,3
859336_2022-05-07_07:15:00.000000,3
859336_2022-05-07_10:30:00.000000,3
859336_2022-05-07_09:45:00.000000,1
859336_2022-05-07_07:30:00.000000,3
859336_2022-05-07_08:00:00.000000,3
859336_2022-05-07_10:15:00.000000,3
859336_2022-05-07_12:00:00.000000,3
859336_2022-05-07_15:45:00.000000,3
859336_2022-05-07_13:45:00.000000,3
859336_2022-05-07_14:00:00.000000,3
859336_2022-05-07_11:30:00.000000,3
859336_2022-05-07_13:15:00.000000,3
859336_2022-05-07_15:15:00.000000,3
859336_2022-05-07_06:45:00.000000,3
859336_2022-05-07_08:30:00.000000,3
859336_2022-05-07_07:00:00.000000,3
859336_2022-05-07_10:45:00.000000,1
859336_2022-05-07_09:15:00.000000,3
859336_2022-05-07_11:00:00.000000,3
859336_2022-05-07_12:30:00.000000,3
859336_2022-05-07_14:30:00.000000,3
859336_2022-05-07_12:15:00.000000,3
859336_2022-05-07_14:15:00.000000,3
859336_2022-05-07_07:45:00.000000,3
859336_2022-05-07_09:30:00.000000,3
859336_2022-05-07_11:45:00.000000,3
859336_2022-05-07_16:00:00.000000,3
859336_2022-05-07_10:00:00.000000,3
859336_2022-05-07_08:15:00.000000,3
859336_2022-05-07_13:30:00.000000,3
859336_2022-05-07_15:30:00.000000,3
859690_2022-05-11_14:00:00.000000,3
859690_2022-05-11_14:45:00.000000,3
859690_2022-05-11_12:00:00.000000,3
859690_2022-05-11_12:45:00.000000,3
859690_2022-05-11_11:30:00.000000,3
859690_2022-05-11_09:15:00.000000,3
859690_2022-05-11_08:00:00.000000,3
859690_2022-05-11_08:45:00.000000,3
859690_2022-05-11_15:15:00.000000,1
859690_2022-05-11_13:15:00.000000,3
859690_2022-05-11_15:00:00.000000,3
859690_2022-05-11_15:45:00.000000,3
859690_2022-05-11_13:00:00.000000,3
859690_2022-05-11_13:45:00.000000,3
859690_2022-05-11_08:15:00.000000,3
859690_2022-05-11_10:30:00.000000,1
859690_2022-05-11_16:30:00.000000,3
859690_2022-05-11_09:00:00.000000,2
859690_2022-05-11_09:45:00.000000,3
859690_2022-05-11_14:15:00.000000,3
859690_2022-05-11_12:15:00.000000,3
859690_2022-05-11_10:45:00.000000,1
859690_2022-05-11_10:00:00.000000,1
859690_2022-05-11_16:45:00.000000,3
859690_2022-05-11_16:00:00.000000,3
859690_2022-05-11_15:30:00.000000,5
859690_2022-05-11_13:30:00.000000,3
859690_2022-05-11_09:30:00.000000,3
859690_2022-05-11_11:15:00.000000,3
859690_2022-05-11_17:15:00.000000,3
859690_2022-05-11_11:45:00.000000,1
859690_2022-05-11_11:00:00.000000,1
859690_2022-05-11_17:00:00.000000,3
859690_2022-05-11_14:30:00.000000,3
859690_2022-05-11_12:30:00.000000,1
859690_2022-05-11_10:15:00.000000,1
859690_2022-05-11_07:45:00.000000,3
859690_2022-05-11_08:30:00.000000,1
859690_2022-05-11_16:15:00.000000,3
859062_2022-05-03_11:30:00.000000,3
859062_2022-05-03_13:45:00.000000,3
859062_2022-05-03_14:00:00.000000,3
859062_2022-05-03_12:00:00.000000,3
859062_2022-05-03_15:45:00.000000,3
859062_2022-05-03_07:30:00.000000,3
859062_2022-05-03_08:00:00.000000,3
859062_2022-05-03_10:15:00.000000,3
859062_2022-05-03_09:45:00.000000,3
859062_2022-05-03_07:15:00.000000,3
859062_2022-05-03_10:30:00.000000,3
859062_2022-05-03_15:00:00.000000,3
859062_2022-05-03_12:45:00.000000,3
859062_2022-05-03_14:45:00.000000,3
859062_2022-05-03_13:00:00.000000,3
859062_2022-05-03_06:30:00.000000,3
859062_2022-05-03_11:15:00.000000,3
859062_2022-05-03_09:00:00.000000,3
859062_2022-05-03_08:45:00.000000,3
859062_2022-05-03_15:30:00.000000,3
859062_2022-05-03_13:30:00.000000,5
859062_2022-05-03_10:00:00.000000,3
859062_2022-05-03_08:15:00.000000,3
859062_2022-05-03_11:45:00.000000,3
859062_2022-05-03_16:00:00.000000,3
859062_2022-05-03_09:30:00.000000,3
859062_2022-05-03_07:45:00.000000,3
859062_2022-05-03_14:15:00.000000,3
859062_2022-05-03_12:15:00.000000,3
859062_2022-05-03_14:30:00.000000,3
859062_2022-05-03_12:30:00.000000,3
859062_2022-05-03_09:15:00.000000,3
859062_2022-05-03_11:00:00.000000,3
859062_2022-05-03_10:45:00.000000,3
859062_2022-05-03_08:30:00.000000,3
859062_2022-05-03_07:00:00.000000,3
859062_2022-05-03_06:45:00.000000,3
859062_2022-05-03_15:15:00.000000,3
859062_2022-05-03_13:15:00.000000,3
859344_2022-05-05_11:00:00.000000,3
859344_2022-05-05_09:15:00.000000,3
859344_2022-05-05_10:45:00.000000,3
859344_2022-05-05_14:30:00.000000,3
859344_2022-05-05_12:30:00.000000,3
859344_2022-05-05_15:15:00.000000,3
859344_2022-05-05_13:15:00.000000,3
859344_2022-05-05_08:30:00.000000,3
859344_2022-05-05_07:00:00.000000,3
859344_2022-05-05_06:45:00.000000,3
859344_2022-05-05_08:15:00.000000,3
859344_2022-05-05_10:00:00.000000,3
859344_2022-05-05_11:45:00.000000,3
859344_2022-05-05_16:00:00.000000,3
859344_2022-05-05_15:30:00.000000,3
859344_2022-05-05_13:30:00.000000,3
859344_2022-05-05_14:15:00.000000,3
859344_2022-05-05_12:15:00.000000,3
859344_2022-05-05_09:30:00.000000,3
859344_2022-05-05_07:45:00.000000,3
859344_2022-05-05_15:00:00.000000,3
859344_2022-05-05_12:45:00.000000,3
859344_2022-05-05_14:45:00.000000,3
859344_2022-05-05_13:00:00.000000,3
859344_2022-05-05_07:15:00.000000,3
859344_2022-05-05_10:30:00.000000,3
859344_2022-05-05_06:30:00.000000,3
859344_2022-05-05_09:00:00.000000,3
859344_2022-05-05_11:15:00.000000,3
859344_2022-05-05_08:45:00.000000,3
859344_2022-05-05_13:45:00.000000,3
859344_2022-05-05_14:00:00.000000,3
859344_2022-05-05_12:00:00.000000,3
859344_2022-05-05_15:45:00.000000,3
859344_2022-05-05_11:30:00.000000,3
859344_2022-05-05_07:30:00.000000,3
859344_2022-05-05_10:15:00.000000,3
859344_2022-05-05_08:00:00.000000,3
859344_2022-05-05_09:45:00.000000,3
859364_2022-05-05_13:00:00.000000,3
863014_2022-06-02_10:45:00.000000,1
863014_2022-06-02_09:15:00.000000,3
863014_2022-06-02_13:15:00.000000,3
863014_2022-06-02_11:45:00.000000,3
863014_2022-06-02_08:15:00.000000,3
863014_2022-06-02_13:30:00.000000,3
863014_2022-06-02_12:15:00.000000,1
863014_2022-06-02_07:45:00.000000,3
863014_2022-06-02_12:45:00.000000,3
863014_2022-06-02_07:15:00.000000,3
863014_2022-06-02_08:45:00.000000,3
863014_2022-06-02_11:15:00.000000,3
863014_2022-06-02_09:45:00.000000,3
863014_2022-06-02_10:15:00.000000,1
859728_2022-05-12_11:15:00.000000,1
859728_2022-05-12_08:45:00.000000,1
859728_2022-05-12_12:45:00.000000,1
859728_2022-05-12_10:15:00.000000,1
859728_2022-05-12_14:30:00.000000,1
859728_2022-05-12_07:15:00.000000,1
859728_2022-05-12_13:45:00.000000,1
859728_2022-05-12_09:45:00.000000,1
859728_2022-05-12_13:15:00.000000,1
859728_2022-05-12_09:15:00.000000,1
859728_2022-05-12_07:45:00.000000,1
859728_2022-05-12_10:45:00.000000,1
859728_2022-05-12_08:15:00.000000,1
859728_2022-05-12_12:15:00.000000,1
859728_2022-05-12_11:45:00.000000,1
859728_2022-05-12_14:15:00.000000,1
859328_2022-05-09_09:30:00.000000,1
859328_2022-05-09_07:45:00.000000,1
859328_2022-05-09_14:15:00.000000,3
859328_2022-05-09_12:15:00.000000,3
859328_2022-05-09_15:30:00.000000,3
859328_2022-05-09_13:30:00.000000,3
859328_2022-05-09_10:00:00.000000,3
859328_2022-05-09_08:15:00.000000,3
859328_2022-05-09_16:00:00.000000,5
859328_2022-05-09_11:45:00.000000,3
859328_2022-05-09_08:30:00.000000,3
859328_2022-05-09_07:00:00.000000,3
859328_2022-05-09_06:45:00.000000,3
859328_2022-05-09_15:15:00.000000,3
859328_2022-05-09_13:15:00.000000,3
859328_2022-05-09_14:30:00.000000,1
859328_2022-05-09_12:30:00.000000,3
859328_2022-05-09_09:15:00.000000,5
859328_2022-05-09_11:00:00.000000,3
859328_2022-05-09_10:45:00.000000,3
859328_2022-05-09_07:30:00.000000,3
859328_2022-05-09_08:00:00.000000,1
859328_2022-05-09_10:15:00.000000,1
859328_2022-05-09_09:45:00.000000,1
859328_2022-05-09_11:30:00.000000,1
859328_2022-05-09_14:00:00.000000,3
859328_2022-05-09_13:45:00.000000,3
859328_2022-05-09_15:45:00.000000,3
859328_2022-05-09_12:00:00.000000,3
859328_2022-05-09_06:30:00.000000,3
859328_2022-05-09_11:15:00.000000,3
859328_2022-05-09_09:00:00.000000,3
859328_2022-05-09_08:45:00.000000,3
859328_2022-05-09_07:15:00.000000,3
859328_2022-05-09_10:30:00.000000,3
859328_2022-05-09_12:45:00.000000,3
859328_2022-05-09_15:00:00.000000,3
859328_2022-05-09_13:00:00.000000,3
859328_2022-05-09_14:45:00.000000,3
861452_2022-05-23_13:00:00.000000,6
861452_2022-05-23_14:45:00.000000,6
861452_2022-05-23_12:45:00.000000,6
861452_2022-05-23_15:00:00.000000,6
861452_2022-05-23_19:00:00.000000,6
861452_2022-05-23_16:30:00.000000,6
861452_2022-05-23_07:15:00.000000,3
861452_2022-05-23_10:30:00.000000,1
861452_2022-05-23_18:45:00.000000,6
861452_2022-05-23_17:15:00.000000,6
861452_2022-05-23_08:45:00.000000,1
861452_2022-05-23_06:30:00.000000,3
861452_2022-05-23_11:15:00.000000,6
861452_2022-05-23_09:00:00.000000,1
861452_2022-05-23_15:45:00.000000,6
861452_2022-05-23_12:00:00.000000,6
861452_2022-05-23_14:00:00.000000,6
861452_2022-05-23_13:45:00.000000,6
861452_2022-05-23_18:00:00.000000,6
861452_2022-05-23_17:30:00.000000,6
861452_2022-05-23_11:30:00.000000,6
861452_2022-05-23_09:45:00.000000,1
861452_2022-05-23_16:15:00.000000,6
861452_2022-05-23_07:30:00.000000,1
861452_2022-05-23_08:00:00.000000,1
861452_2022-05-23_10:15:00.000000,1
861452_2022-05-23_10:45:00.000000,6
861452_2022-05-23_17:00:00.000000,6
861452_2022-05-23_18:30:00.000000,6
861452_2022-05-23_09:15:00.000000,1
861452_2022-05-23_11:00:00.000000,6
861452_2022-05-23_16:45:00.000000,6
861452_2022-05-23_12:30:00.000000,6
861452_2022-05-23_14:30:00.000000,6
861452_2022-05-23_13:15:00.000000,6
861452_2022-05-23_15:15:00.000000,6
861452_2022-05-23_06:45:00.000000,6
861452_2022-05-23_08:30:00.000000,1
861452_2022-05-23_07:00:00.000000,3
861452_2022-05-23_16:00:00.000000,6
861452_2022-05-23_11:45:00.000000,6
861452_2022-05-23_17:45:00.000000,6
861452_2022-05-23_10:00:00.000000,1
861452_2022-05-23_08:15:00.000000,1
861452_2022-05-23_13:30:00.000000,6
861452_2022-05-23_15:30:00.000000,6
861452_2022-05-23_12:15:00.000000,6
861452_2022-05-23_14:15:00.000000,6
861452_2022-05-23_07:45:00.000000,3
861452_2022-05-23_18:15:00.000000,6
861452_2022-05-23_09:30:00.000000,1
859332_2022-05-08_12:15:00.000000,3
859332_2022-05-08_14:15:00.000000,3
859332_2022-05-08_07:45:00.000000,3
859332_2022-05-08_09:30:00.000000,3
859332_2022-05-08_16:00:00.000000,3
859332_2022-05-08_11:45:00.000000,3
859332_2022-05-08_10:00:00.000000,3
859332_2022-05-08_08:15:00.000000,3
859332_2022-05-08_13:30:00.000000,3
859332_2022-05-08_15:30:00.000000,3
859332_2022-05-08_13:15:00.000000,3
859332_2022-05-08_15:15:00.000000,3
859332_2022-05-08_06:45:00.000000,3
859332_2022-05-08_07:00:00.000000,3
859332_2022-05-08_08:30:00.000000,3
859332_2022-05-08_10:45:00.000000,3
859332_2022-05-08_09:15:00.000000,1
859332_2022-05-08_11:00:00.000000,1
859332_2022-05-08_12:30:00.000000,1
859332_2022-05-08_14:30:00.000000,3
859332_2022-05-08_09:45:00.000000,3
859332_2022-05-08_08:00:00.000000,3
859332_2022-05-08_10:15:00.000000,5
859332_2022-05-08_07:30:00.000000,3
859332_2022-05-08_15:45:00.000000,3
859332_2022-05-08_12:00:00.000000,3
859332_2022-05-08_14:00:00.000000,3
859332_2022-05-08_13:45:00.000000,1
859332_2022-05-08_11:30:00.000000,1
859332_2022-05-08_08:45:00.000000,1
859332_2022-05-08_11:15:00.000000,1
859332_2022-05-08_09:00:00.000000,1
859332_2022-05-08_06:30:00.000000,1
859332_2022-05-08_13:00:00.000000,1
859332_2022-05-08_14:45:00.000000,1
859332_2022-05-08_12:45:00.000000,1
859332_2022-05-08_15:00:00.000000,1
859332_2022-05-08_10:30:00.000000,1
859332_2022-05-08_07:15:00.000000,1
859736_2022-05-13_15:30:00.000000,1
859736_2022-05-13_13:30:00.000000,1
859736_2022-05-13_10:00:00.000000,1
859736_2022-05-13_08:15:00.000000,1
859736_2022-05-13_16:00:00.000000,1
859736_2022-05-13_11:45:00.000000,1
859736_2022-05-13_09:30:00.000000,3
859736_2022-05-13_07:45:00.000000,3
859736_2022-05-13_14:15:00.000000,3
859736_2022-05-13_12:15:00.000000,3
859736_2022-05-13_14:30:00.000000,3
859736_2022-05-13_12:30:00.000000,3
859736_2022-05-13_09:15:00.000000,3
859736_2022-05-13_11:00:00.000000,3
859736_2022-05-13_10:45:00.000000,3
859736_2022-05-13_08:30:00.000000,1
859736_2022-05-13_07:00:00.000000,3
859736_2022-05-13_06:45:00.000000,3
859736_2022-05-13_15:15:00.000000,3
859736_2022-05-13_13:15:00.000000,3
859736_2022-05-13_11:30:00.000000,3
859736_2022-05-13_14:00:00.000000,3
859736_2022-05-13_13:45:00.000000,3
859736_2022-05-13_15:45:00.000000,3
859736_2022-05-13_12:00:00.000000,1
859736_2022-05-13_07:30:00.000000,3
859736_2022-05-13_08:00:00.000000,3
859736_2022-05-13_10:15:00.000000,3
859736_2022-05-13_09:45:00.000000,3
859736_2022-05-13_07:15:00.000000,3
859736_2022-05-13_10:30:00.000000,3
859736_2022-05-13_12:45:00.000000,3
859736_2022-05-13_15:00:00.000000,1
859736_2022-05-13_13:00:00.000000,1
859736_2022-05-13_14:45:00.000000,3
859736_2022-05-13_06:30:00.000000,3
859736_2022-05-13_11:15:00.000000,3
859736_2022-05-13_09:00:00.000000,3
859736_2022-05-13_08:45:00.000000,3
860282_2022-05-16_08:45:00.000000,3
860282_2022-05-16_06:30:00.000000,1
860282_2022-05-16_09:00:00.000000,3
860282_2022-05-16_11:15:00.000000,3
860282_2022-05-16_07:15:00.000000,5
860282_2022-05-16_10:30:00.000000,3
860282_2022-05-16_13:00:00.000000,3
860282_2022-05-16_14:45:00.000000,3
860282_2022-05-16_12:45:00.000000,3
860282_2022-05-16_15:00:00.000000,3
860282_2022-05-16_09:45:00.000000,3
860282_2022-05-16_07:30:00.000000,5
860282_2022-05-16_10:15:00.000000,3
860282_2022-05-16_08:00:00.000000,5
860282_2022-05-16_11:30:00.000000,3
860282_2022-05-16_15:45:00.000000,3
860282_2022-05-16_12:00:00.000000,3
860282_2022-05-16_14:00:00.000000,3
860282_2022-05-16_13:45:00.000000,1
860282_2022-05-16_06:45:00.000000,5
860282_2022-05-16_08:30:00.000000,5
860282_2022-05-16_07:00:00.000000,5
860282_2022-05-16_13:15:00.000000,3
860282_2022-05-16_15:15:00.000000,3
860282_2022-05-16_12:30:00.000000,3
860282_2022-05-16_14:30:00.000000,3
860282_2022-05-16_10:45:00.000000,3
860282_2022-05-16_11:00:00.000000,3
860282_2022-05-16_09:15:00.000000,3
860282_2022-05-16_07:45:00.000000,5
860282_2022-05-16_09:30:00.000000,3
860282_2022-05-16_12:15:00.000000,3
860282_2022-05-16_14:15:00.000000,3
860282_2022-05-16_13:30:00.000000,3
860282_2022-05-16_15:30:00.000000,3
860282_2022-05-16_16:00:00.000000,3
860282_2022-05-16_11:45:00.000000,3
860282_2022-05-16_08:15:00.000000,5
860282_2022-05-16_10:00:00.000000,3
859702_2022-05-12_10:30:00.000000,1
859702_2022-05-12_07:15:00.000000,1
859702_2022-05-12_12:45:00.000000,1
859702_2022-05-12_15:00:00.000000,3
859702_2022-05-12_13:00:00.000000,1
859702_2022-05-12_14:45:00.000000,1
859702_2022-05-12_09:00:00.000000,1
859702_2022-05-12_11:15:00.000000,1
859702_2022-05-12_06:30:00.000000,3
859702_2022-05-12_08:45:00.000000,1
859702_2022-05-12_11:30:00.000000,1
859702_2022-05-12_14:00:00.000000,1
859702_2022-05-12_13:45:00.000000,1
859702_2022-05-12_15:45:00.000000,1
859702_2022-05-12_12:00:00.000000,2
859702_2022-05-12_10:15:00.000000,1
859702_2022-05-12_08:00:00.000000,1
859702_2022-05-12_07:30:00.000000,1
859702_2022-05-12_09:45:00.000000,1
859702_2022-05-12_14:30:00.000000,1
859702_2022-05-12_12:30:00.000000,1
859702_2022-05-12_11:00:00.000000,1
859702_2022-05-12_09:15:00.000000,1
859702_2022-05-12_10:45:00.000000,1
859702_2022-05-12_07:00:00.000000,1
859702_2022-05-12_08:30:00.000000,1
859702_2022-05-12_06:45:00.000000,3
859702_2022-05-12_15:15:00.000000,1
859702_2022-05-12_13:15:00.000000,1
859702_2022-05-12_15:30:00.000000,1
859702_2022-05-12_13:30:00.000000,1
859702_2022-05-12_08:15:00.000000,1
859702_2022-05-12_10:00:00.000000,1
859702_2022-05-12_16:00:00.000000,1
859702_2022-05-12_11:45:00.000000,1
859702_2022-05-12_09:30:00.000000,1
859702_2022-05-12_07:45:00.000000,1
859702_2022-05-12_14:15:00.000000,1
859702_2022-05-12_12:15:00.000000,1
861456_2022-05-22_15:15:00.000000,6
861456_2022-05-22_13:15:00.000000,1
861456_2022-05-22_08:30:00.000000,3
861456_2022-05-22_07:00:00.000000,3
861456_2022-05-22_06:45:00.000000,3
861456_2022-05-22_16:45:00.000000,3
861456_2022-05-22_09:15:00.000000,3
861456_2022-05-22_11:00:00.000000,3
861456_2022-05-22_17:00:00.000000,6
861456_2022-05-22_18:30:00.000000,6
861456_2022-05-22_10:45:00.000000,3
861456_2022-05-22_14:30:00.000000,1
861456_2022-05-22_12:30:00.000000,6
861456_2022-05-22_14:15:00.000000,3
861456_2022-05-22_12:15:00.000000,3
861456_2022-05-22_09:30:00.000000,3
861456_2022-05-22_18:15:00.000000,6
861456_2022-05-22_07:45:00.000000,3
861456_2022-05-22_10:00:00.000000,3
861456_2022-05-22_08:15:00.000000,6
861456_2022-05-22_17:45:00.000000,6
861456_2022-05-22_11:45:00.000000,1
861456_2022-05-22_16:00:00.000000,3
861456_2022-05-22_15:30:00.000000,3
861456_2022-05-22_13:30:00.000000,3
861456_2022-05-22_06:30:00.000000,3
861456_2022-05-22_11:15:00.000000,3
861456_2022-05-22_09:00:00.000000,6
861456_2022-05-22_08:45:00.000000,3
861456_2022-05-22_17:15:00.000000,6
861456_2022-05-22_15:00:00.000000,3
861456_2022-05-22_12:45:00.000000,3
861456_2022-05-22_14:45:00.000000,3
861456_2022-05-22_13:00:00.000000,6
861456_2022-05-22_18:45:00.000000,3
861456_2022-05-22_07:15:00.000000,3
861456_2022-05-22_10:30:00.000000,3
861456_2022-05-22_19:00:00.000000,3
861456_2022-05-22_16:30:00.000000,6
861456_2022-05-22_07:30:00.000000,3
861456_2022-05-22_08:00:00.000000,3
861456_2022-05-22_10:15:00.000000,3
861456_2022-05-22_16:15:00.000000,6
861456_2022-05-22_09:45:00.000000,3
861456_2022-05-22_13:45:00.000000,6
861456_2022-05-22_14:00:00.000000,3
861456_2022-05-22_12:00:00.000000,3
861456_2022-05-22_15:45:00.000000,6
861456_2022-05-22_11:30:00.000000,3
861456_2022-05-22_18:00:00.000000,3
861456_2022-05-22_17:30:00.000000,6
860142_2022-05-14_09:30:00.000000,3
860142_2022-05-14_07:45:00.000000,3
860142_2022-05-14_14:15:00.000000,3
860142_2022-05-14_12:15:00.000000,3
860142_2022-05-14_15:30:00.000000,3
860142_2022-05-14_13:30:00.000000,3
860142_2022-05-14_08:15:00.000000,3
860142_2022-05-14_10:00:00.000000,1
860142_2022-05-14_16:00:00.000000,3
860142_2022-05-14_11:45:00.000000,3
860142_2022-05-14_08:30:00.000000,3
860142_2022-05-14_07:00:00.000000,3
860142_2022-05-14_06:45:00.000000,3
860142_2022-05-14_15:15:00.000000,3
860142_2022-05-14_13:15:00.000000,3
860142_2022-05-14_14:30:00.000000,3
860142_2022-05-14_12:30:00.000000,3
860142_2022-05-14_11:00:00.000000,3
860142_2022-05-14_09:15:00.000000,3
860142_2022-05-14_10:45:00.000000,3
860142_2022-05-14_07:30:00.000000,3
860142_2022-05-14_10:15:00.000000,3
860142_2022-05-14_08:00:00.000000,3
860142_2022-05-14_09:45:00.000000,3
860142_2022-05-14_11:30:00.000000,3
860142_2022-05-14_14:00:00.000000,3
860142_2022-05-14_13:45:00.000000,3
860142_2022-05-14_15:45:00.000000,3
860142_2022-05-14_12:00:00.000000,3
860142_2022-05-14_06:30:00.000000,3
860142_2022-05-14_09:00:00.000000,3
860142_2022-05-14_11:15:00.000000,3
860142_2022-05-14_08:45:00.000000,3
860142_2022-05-14_07:15:00.000000,3
860142_2022-05-14_10:30:00.000000,3
860142_2022-05-14_12:45:00.000000,3
860142_2022-05-14_15:00:00.000000,3
860142_2022-05-14_13:00:00.000000,3
860142_2022-05-14_14:45:00.000000,3
861374_2022-05-20_17:00:00.000000,3
861374_2022-05-20_18:30:00.000000,6
861374_2022-05-20_10:45:00.000000,6
861374_2022-05-20_16:45:00.000000,3
861374_2022-05-20_09:15:00.000000,6
861374_2022-05-20_11:00:00.000000,6
861374_2022-05-20_12:30:00.000000,1
861374_2022-05-20_14:30:00.000000,6
861374_2022-05-20_13:15:00.000000,6
861374_2022-05-20_15:15:00.000000,6
861374_2022-05-20_06:45:00.000000,3
861374_2022-05-20_08:30:00.000000,3
861374_2022-05-20_07:00:00.000000,6
861374_2022-05-20_11:45:00.000000,3
861374_2022-05-20_16:00:00.000000,3
861374_2022-05-20_10:00:00.000000,6
861374_2022-05-20_08:15:00.000000,6
861374_2022-05-20_17:45:00.000000,6
861374_2022-05-20_13:30:00.000000,6
861374_2022-05-20_15:30:00.000000,3
861374_2022-05-20_12:15:00.000000,3
861374_2022-05-20_14:15:00.000000,3
861374_2022-05-20_18:15:00.000000,3
861374_2022-05-20_07:45:00.000000,3
861374_2022-05-20_09:30:00.000000,6
861374_2022-05-20_14:45:00.000000,6
861374_2022-05-20_13:00:00.000000,6
861374_2022-05-20_15:00:00.000000,3
861374_2022-05-20_12:45:00.000000,1
861374_2022-05-20_19:00:00.000000,6
861374_2022-05-20_16:30:00.000000,1
861374_2022-05-20_18:45:00.000000,3
861374_2022-05-20_07:15:00.000000,6
861374_2022-05-20_10:30:00.000000,6
861374_2022-05-20_08:45:00.000000,6
861374_2022-05-20_17:15:00.000000,6
861374_2022-05-20_06:30:00.000000,5
861374_2022-05-20_11:15:00.000000,3
861374_2022-05-20_09:00:00.000000,3
861374_2022-05-20_12:00:00.000000,3
861374_2022-05-20_15:45:00.000000,3
861374_2022-05-20_13:45:00.000000,3
861374_2022-05-20_14:00:00.000000,3
861374_2022-05-20_18:00:00.000000,3
861374_2022-05-20_17:30:00.000000,6
861374_2022-05-20_11:30:00.000000,3
861374_2022-05-20_16:15:00.000000,3
861374_2022-05-20_09:45:00.000000,3
861374_2022-05-20_07:30:00.000000,3
861374_2022-05-20_08:00:00.000000,3
861374_2022-05-20_10:15:00.000000,6
862114_2022-05-24_11:30:00.000000,3
862114_2022-05-24_17:30:00.000000,3
862114_2022-05-24_18:00:00.000000,3
862114_2022-05-24_13:45:00.000000,3
862114_2022-05-24_14:00:00.000000,3
862114_2022-05-24_12:00:00.000000,3
862114_2022-05-24_15:45:00.000000,3
862114_2022-05-24_10:15:00.000000,3
862114_2022-05-24_08:00:00.000000,1
862114_2022-05-24_07:30:00.000000,1
862114_2022-05-24_16:15:00.000000,3
862114_2022-05-24_09:45:00.000000,3
862114_2022-05-24_18:45:00.000000,6
862114_2022-05-24_10:30:00.000000,3
862114_2022-05-24_07:15:00.000000,1
862114_2022-05-24_16:30:00.000000,1
862114_2022-05-24_19:00:00.000000,6
862114_2022-05-24_15:00:00.000000,3
862114_2022-05-24_12:45:00.000000,3
862114_2022-05-24_14:45:00.000000,3
862114_2022-05-24_13:00:00.000000,3
862114_2022-05-24_09:00:00.000000,6
862114_2022-05-24_11:15:00.000000,3
862114_2022-05-24_06:30:00.000000,1
862114_2022-05-24_08:45:00.000000,6
862114_2022-05-24_17:15:00.000000,3
862114_2022-05-24_15:30:00.000000,3
862114_2022-05-24_13:30:00.000000,3
862114_2022-05-24_08:15:00.000000,6
862114_2022-05-24_10:00:00.000000,3
862114_2022-05-24_17:45:00.000000,1
862114_2022-05-24_11:45:00.000000,3
862114_2022-05-24_16:00:00.000000,3
862114_2022-05-24_09:30:00.000000,6
862114_2022-05-24_18:15:00.000000,6
862114_2022-05-24_07:45:00.000000,3
862114_2022-05-24_14:15:00.000000,1
862114_2022-05-24_12:15:00.000000,3
862114_2022-05-24_14:30:00.000000,1
862114_2022-05-24_12:30:00.000000,3
862114_2022-05-24_16:45:00.000000,1
862114_2022-05-24_11:00:00.000000,3
862114_2022-05-24_09:15:00.000000,6
862114_2022-05-24_18:30:00.000000,3
862114_2022-05-24_17:00:00.000000,1
862114_2022-05-24_10:45:00.000000,6
862114_2022-05-24_07:00:00.000000,6
862114_2022-05-24_08:30:00.000000,6
862114_2022-05-24_06:45:00.000000,6
862114_2022-05-24_15:15:00.000000,3
862114_2022-05-24_13:15:00.000000,1
860524_2022-05-18_11:30:00.000000,3
860524_2022-05-18_14:00:00.000000,3
860524_2022-05-18_13:45:00.000000,3
860524_2022-05-18_15:45:00.000000,3
860524_2022-05-18_12:00:00.000000,3
860524_2022-05-18_10:15:00.000000,3
860524_2022-05-18_08:00:00.000000,3
860524_2022-05-18_07:30:00.000000,3
860524_2022-05-18_09:45:00.000000,3
860524_2022-05-18_10:30:00.000000,3
860524_2022-05-18_07:15:00.000000,3
860524_2022-05-18_12:45:00.000000,3
860524_2022-05-18_15:00:00.000000,3
860524_2022-05-18_13:00:00.000000,3
860524_2022-05-18_14:45:00.000000,3
860524_2022-05-18_09:00:00.000000,3
860524_2022-05-18_11:15:00.000000,3
860524_2022-05-18_06:30:00.000000,3
860524_2022-05-18_08:45:00.000000,3
860524_2022-05-18_15:30:00.000000,3
860524_2022-05-18_13:30:00.000000,3
860524_2022-05-18_08:15:00.000000,3
860524_2022-05-18_10:00:00.000000,3
860524_2022-05-18_16:00:00.000000,3
860524_2022-05-18_11:45:00.000000,3
860524_2022-05-18_09:30:00.000000,3
860524_2022-05-18_07:45:00.000000,3
860524_2022-05-18_14:15:00.000000,1
860524_2022-05-18_12:15:00.000000,3
860524_2022-05-18_14:30:00.000000,3
860524_2022-05-18_12:30:00.000000,3
860524_2022-05-18_11:00:00.000000,3
860524_2022-05-18_09:15:00.000000,3
860524_2022-05-18_10:45:00.000000,3
860524_2022-05-18_07:00:00.000000,3
860524_2022-05-18_08:30:00.000000,3
860524_2022-05-18_06:45:00.000000,3
860524_2022-05-18_15:15:00.000000,3
860524_2022-05-18_13:15:00.000000,3
860286_2022-05-15_06:30:00.000000,3
860286_2022-05-15_11:15:00.000000,3
860286_2022-05-15_09:00:00.000000,3
860286_2022-05-15_08:45:00.000000,3
860286_2022-05-15_07:15:00.000000,3
860286_2022-05-15_10:30:00.000000,3
860286_2022-05-15_12:45:00.000000,3
860286_2022-05-15_15:00:00.000000,1
860286_2022-05-15_13:00:00.000000,3
860286_2022-05-15_14:45:00.000000,3
860286_2022-05-15_07:30:00.000000,3
860286_2022-05-15_08:00:00.000000,3
860286_2022-05-15_10:15:00.000000,5
860286_2022-05-15_09:45:00.000000,3
860286_2022-05-15_11:30:00.000000,3
860286_2022-05-15_14:00:00.000000,3
860286_2022-05-15_13:45:00.000000,3
860286_2022-05-15_15:45:00.000000,1
860286_2022-05-15_12:00:00.000000,3
860286_2022-05-15_08:30:00.000000,3
860286_2022-05-15_07:00:00.000000,3
860286_2022-05-15_06:45:00.000000,3
860286_2022-05-15_15:15:00.000000,1
860286_2022-05-15_13:15:00.000000,3
860286_2022-05-15_14:30:00.000000,3
860286_2022-05-15_12:30:00.000000,5
860286_2022-05-15_09:15:00.000000,3
860286_2022-05-15_11:00:00.000000,5
860286_2022-05-15_10:45:00.000000,3
860286_2022-05-15_09:30:00.000000,3
860286_2022-05-15_07:45:00.000000,3
860286_2022-05-15_14:15:00.000000,3
860286_2022-05-15_12:15:00.000000,5
860286_2022-05-15_15:30:00.000000,3
860286_2022-05-15_13:30:00.000000,3
860286_2022-05-15_10:00:00.000000,5
860286_2022-05-15_08:15:00.000000,3
860286_2022-05-15_16:00:00.000000,5
860286_2022-05-15_11:45:00.000000,3
860528_2022-05-17_11:30:00.000000,3
860528_2022-05-17_14:00:00.000000,3
860528_2022-05-17_13:45:00.000000,3
860528_2022-05-17_15:45:00.000000,3
860528_2022-05-17_12:00:00.000000,3
860528_2022-05-17_07:30:00.000000,3
860528_2022-05-17_08:00:00.000000,5
860528_2022-05-17_10:15:00.000000,1
860528_2022-05-17_09:45:00.000000,1
860528_2022-05-17_07:15:00.000000,3
860528_2022-05-17_10:30:00.000000,3
860528_2022-05-17_12:45:00.000000,3
860528_2022-05-17_15:00:00.000000,3
860528_2022-05-17_13:00:00.000000,3
860528_2022-05-17_14:45:00.000000,3
860528_2022-05-17_06:30:00.000000,3
860528_2022-05-17_11:15:00.000000,3
860528_2022-05-17_09:00:00.000000,1
860528_2022-05-17_08:45:00.000000,1
860528_2022-05-17_15:30:00.000000,3
860528_2022-05-17_13:30:00.000000,3
860528_2022-05-17_10:00:00.000000,1
860528_2022-05-17_08:15:00.000000,3
860528_2022-05-17_16:00:00.000000,3
860528_2022-05-17_11:45:00.000000,3
860528_2022-05-17_09:30:00.000000,1
860528_2022-05-17_07:45:00.000000,3
860528_2022-05-17_14:15:00.000000,3
860528_2022-05-17_12:15:00.000000,3
860528_2022-05-17_14:30:00.000000,3
860528_2022-05-17_12:30:00.000000,3
860528_2022-05-17_09:15:00.000000,1
860528_2022-05-17_11:00:00.000000,3
860528_2022-05-17_10:45:00.000000,3
860528_2022-05-17_08:30:00.000000,3
860528_2022-05-17_07:00:00.000000,3
860528_2022-05-17_06:45:00.000000,5
860528_2022-05-17_15:15:00.000000,3
860528_2022-05-17_13:15:00.000000,3
861460_2022-05-21_18:45:00.000000,3
861460_2022-05-21_10:30:00.000000,3
861460_2022-05-21_07:15:00.000000,1
861460_2022-05-21_16:30:00.000000,3
861460_2022-05-21_19:00:00.000000,6
861460_2022-05-21_15:00:00.000000,1
861460_2022-05-21_12:45:00.000000,3
861460_2022-05-21_14:45:00.000000,3
861460_2022-05-21_13:00:00.000000,3
861460_2022-05-21_11:15:00.000000,3
861460_2022-05-21_09:00:00.000000,3
861460_2022-05-21_06:30:00.000000,1
861460_2022-05-21_08:45:00.000000,3
861460_2022-05-21_17:15:00.000000,1
861460_2022-05-21_11:30:00.000000,3
861460_2022-05-21_17:30:00.000000,1
861460_2022-05-21_18:00:00.000000,1
861460_2022-05-21_13:45:00.000000,1
861460_2022-05-21_14:00:00.000000,3
861460_2022-05-21_12:00:00.000000,1
861460_2022-05-21_15:45:00.000000,3
861460_2022-05-21_08:00:00.000000,6
861460_2022-05-21_10:15:00.000000,6
861460_2022-05-21_07:30:00.000000,3
861460_2022-05-21_16:15:00.000000,3
861460_2022-05-21_09:45:00.000000,3
861460_2022-05-21_14:30:00.000000,3
861460_2022-05-21_12:30:00.000000,1
861460_2022-05-21_16:45:00.000000,3
861460_2022-05-21_09:15:00.000000,6
861460_2022-05-21_11:00:00.000000,1
861460_2022-05-21_18:30:00.000000,6
861460_2022-05-21_17:00:00.000000,1
861460_2022-05-21_10:45:00.000000,3
861460_2022-05-21_07:00:00.000000,1
861460_2022-05-21_08:30:00.000000,3
861460_2022-05-21_06:45:00.000000,1
861460_2022-05-21_15:15:00.000000,6
861460_2022-05-21_13:15:00.000000,3
861460_2022-05-21_15:30:00.000000,1
861460_2022-05-21_13:30:00.000000,3
861460_2022-05-21_10:00:00.000000,3
861460_2022-05-21_08:15:00.000000,3
861460_2022-05-21_17:45:00.000000,6
861460_2022-05-21_11:45:00.000000,1
861460_2022-05-21_16:00:00.000000,1
861460_2022-05-21_09:30:00.000000,3
861460_2022-05-21_18:15:00.000000,6
861460_2022-05-21_07:45:00.000000,3
861460_2022-05-21_14:15:00.000000,3
861460_2022-05-21_12:15:00.000000,1
862348_2022-05-29_14:30:00.000000,3
862348_2022-05-29_12:30:00.000000,3
862348_2022-05-29_16:45:00.000000,3
862348_2022-05-29_11:00:00.000000,3
862348_2022-05-29_09:15:00.000000,3
862348_2022-05-29_17:00:00.000000,3
862348_2022-05-29_18:30:00.000000,3
862348_2022-05-29_10:45:00.000000,3
862348_2022-05-29_08:30:00.000000,3
862348_2022-05-29_07:00:00.000000,3
862348_2022-05-29_06:45:00.000000,3
862348_2022-05-29_15:15:00.000000,3
862348_2022-05-29_13:15:00.000000,3
862348_2022-05-29_15:30:00.000000,3
862348_2022-05-29_13:30:00.000000,3
862348_2022-05-29_08:15:00.000000,3
862348_2022-05-29_10:00:00.000000,3
862348_2022-05-29_17:45:00.000000,3
862348_2022-05-29_11:45:00.000000,3
862348_2022-05-29_16:00:00.000000,3
862348_2022-05-29_09:30:00.000000,3
862348_2022-05-29_18:15:00.000000,1
862348_2022-05-29_07:45:00.000000,1
862348_2022-05-29_14:15:00.000000,3
862348_2022-05-29_12:15:00.000000,3
862348_2022-05-29_18:45:00.000000,3
862348_2022-05-29_07:15:00.000000,1
862348_2022-05-29_10:30:00.000000,1
862348_2022-05-29_19:00:00.000000,3
862348_2022-05-29_16:30:00.000000,3
862348_2022-05-29_15:00:00.000000,3
862348_2022-05-29_12:45:00.000000,3
862348_2022-05-29_14:45:00.000000,3
862348_2022-05-29_13:00:00.000000,3
862348_2022-05-29_06:30:00.000000,3
862348_2022-05-29_09:00:00.000000,3
862348_2022-05-29_11:15:00.000000,3
862348_2022-05-29_08:45:00.000000,1
862348_2022-05-29_17:15:00.000000,3
862348_2022-05-29_11:30:00.000000,3
862348_2022-05-29_18:00:00.000000,3
862348_2022-05-29_17:30:00.000000,3
862348_2022-05-29_13:45:00.000000,3
862348_2022-05-29_14:00:00.000000,3
862348_2022-05-29_12:00:00.000000,3
862348_2022-05-29_15:45:00.000000,3
862348_2022-05-29_07:30:00.000000,1
862348_2022-05-29_10:15:00.000000,3
862348_2022-05-29_08:00:00.000000,1
862348_2022-05-29_16:15:00.000000,3
862348_2022-05-29_09:45:00.000000,3
862356_2022-05-27_08:00:00.000000,3
862356_2022-05-27_10:15:00.000000,3
862356_2022-05-27_07:30:00.000000,3
862356_2022-05-27_16:15:00.000000,3
862356_2022-05-27_09:45:00.000000,3
862356_2022-05-27_11:30:00.000000,3
862356_2022-05-27_17:30:00.000000,3
862356_2022-05-27_18:00:00.000000,3
862356_2022-05-27_13:45:00.000000,3
862356_2022-05-27_14:00:00.000000,3
862356_2022-05-27_12:00:00.000000,3
862356_2022-05-27_15:45:00.000000,3
862356_2022-05-27_11:15:00.000000,3
862356_2022-05-27_09:00:00.000000,3
862356_2022-05-27_06:30:00.000000,1
862356_2022-05-27_08:45:00.000000,3
862356_2022-05-27_17:15:00.000000,1
862356_2022-05-27_18:45:00.000000,3
862356_2022-05-27_10:30:00.000000,3
862356_2022-05-27_07:15:00.000000,1
862356_2022-05-27_16:30:00.000000,3
862356_2022-05-27_19:00:00.000000,3
862356_2022-05-27_15:00:00.000000,3
862356_2022-05-27_12:45:00.000000,3
862356_2022-05-27_14:45:00.000000,6
862356_2022-05-27_13:00:00.000000,1
862356_2022-05-27_09:30:00.000000,3
862356_2022-05-27_18:15:00.000000,3
862356_2022-05-27_07:45:00.000000,3
862356_2022-05-27_14:15:00.000000,3
862356_2022-05-27_12:15:00.000000,3
862356_2022-05-27_15:30:00.000000,1
862356_2022-05-27_13:30:00.000000,3
862356_2022-05-27_10:00:00.000000,3
862356_2022-05-27_08:15:00.000000,1
862356_2022-05-27_17:45:00.000000,3
862356_2022-05-27_11:45:00.000000,1
862356_2022-05-27_16:00:00.000000,3
862356_2022-05-27_07:00:00.000000,6
862356_2022-05-27_08:30:00.000000,3
862356_2022-05-27_06:45:00.000000,6
862356_2022-05-27_15:15:00.000000,3
862356_2022-05-27_13:15:00.000000,3
862356_2022-05-27_14:30:00.000000,3
862356_2022-05-27_12:30:00.000000,3
862356_2022-05-27_16:45:00.000000,3
862356_2022-05-27_09:15:00.000000,3
862356_2022-05-27_11:00:00.000000,3
862356_2022-05-27_18:30:00.000000,3
862356_2022-05-27_17:00:00.000000,1
862356_2022-05-27_10:45:00.000000,3
862352_2022-05-28_08:45:00.000000,1
862352_2022-05-28_17:15:00.000000,1
862352_2022-05-28_06:30:00.000000,1
862352_2022-05-28_11:15:00.000000,1
862352_2022-05-28_09:00:00.000000,1
862352_2022-05-28_19:00:00.000000,3
862352_2022-05-28_16:30:00.000000,4
862352_2022-05-28_18:45:00.000000,3
862352_2022-05-28_07:15:00.000000,1
862352_2022-05-28_10:30:00.000000,3
862352_2022-05-28_14:45:00.000000,3
862352_2022-05-28_13:00:00.000000,3
862352_2022-05-28_15:00:00.000000,1
862352_2022-05-28_12:45:00.000000,1
862352_2022-05-28_16:15:00.000000,1
862352_2022-05-28_09:45:00.000000,3
862352_2022-05-28_07:30:00.000000,1
862352_2022-05-28_08:00:00.000000,1
862352_2022-05-28_10:15:00.000000,1
862352_2022-05-28_18:00:00.000000,3
862352_2022-05-28_17:30:00.000000,3
862352_2022-05-28_11:30:00.000000,1
862352_2022-05-28_12:00:00.000000,3
862352_2022-05-28_15:45:00.000000,2
862352_2022-05-28_13:45:00.000000,3
862352_2022-05-28_14:00:00.000000,3
862352_2022-05-28_06:45:00.000000,1
862352_2022-05-28_08:30:00.000000,3
862352_2022-05-28_07:00:00.000000,1
862352_2022-05-28_13:15:00.000000,1
862352_2022-05-28_15:15:00.000000,1
862352_2022-05-28_12:30:00.000000,1
862352_2022-05-28_14:30:00.000000,1
862352_2022-05-28_17:00:00.000000,1
862352_2022-05-28_18:30:00.000000,3
862352_2022-05-28_10:45:00.000000,1
862352_2022-05-28_16:45:00.000000,3
862352_2022-05-28_09:15:00.000000,1
862352_2022-05-28_11:00:00.000000,3
862352_2022-05-28_18:15:00.000000,3
862352_2022-05-28_07:45:00.000000,3
862352_2022-05-28_09:30:00.000000,3
862352_2022-05-28_12:15:00.000000,3
862352_2022-05-28_14:15:00.000000,3
862352_2022-05-28_13:30:00.000000,3
862352_2022-05-28_15:30:00.000000,1
862352_2022-05-28_11:45:00.000000,3
862352_2022-05-28_16:00:00.000000,2
862352_2022-05-28_10:00:00.000000,3
862352_2022-05-28_08:15:00.000000,1
862352_2022-05-28_17:45:00.000000,3
862344_2022-05-26_15:30:00.000000,3
862344_2022-05-26_13:30:00.000000,3
862344_2022-05-26_17:45:00.000000,6
862344_2022-05-26_08:15:00.000000,1
862344_2022-05-26_10:00:00.000000,3
862344_2022-05-26_16:00:00.000000,1
862344_2022-05-26_11:45:00.000000,1
862344_2022-05-26_09:30:00.000000,1
862344_2022-05-26_07:45:00.000000,3
862344_2022-05-26_18:15:00.000000,6
862344_2022-05-26_14:15:00.000000,3
862344_2022-05-26_12:15:00.000000,1
862344_2022-05-26_14:30:00.000000,3
862344_2022-05-26_12:30:00.000000,1
862344_2022-05-26_11:00:00.000000,3
862344_2022-05-26_09:15:00.000000,3
862344_2022-05-26_16:45:00.000000,3
862344_2022-05-26_10:45:00.000000,3
862344_2022-05-26_17:00:00.000000,1
862344_2022-05-26_18:30:00.000000,3
862344_2022-05-26_08:30:00.000000,3
862344_2022-05-26_07:00:00.000000,1
862344_2022-05-26_06:45:00.000000,3
862344_2022-05-26_15:15:00.000000,1
862344_2022-05-26_13:15:00.000000,3
862344_2022-05-26_11:30:00.000000,1
862344_2022-05-26_18:00:00.000000,3
862344_2022-05-26_17:30:00.000000,3
862344_2022-05-26_14:00:00.000000,3
862344_2022-05-26_13:45:00.000000,1
862344_2022-05-26_15:45:00.000000,1
862344_2022-05-26_12:00:00.000000,1
862344_2022-05-26_07:30:00.000000,1
862344_2022-05-26_10:15:00.000000,3
862344_2022-05-26_08:00:00.000000,3
862344_2022-05-26_09:45:00.000000,3
862344_2022-05-26_16:15:00.000000,1
862344_2022-05-26_07:15:00.000000,1
862344_2022-05-26_10:30:00.000000,3
862344_2022-05-26_18:45:00.000000,6
862344_2022-05-26_19:00:00.000000,3
862344_2022-05-26_16:30:00.000000,1
862344_2022-05-26_12:45:00.000000,3
862344_2022-05-26_15:00:00.000000,1
862344_2022-05-26_13:00:00.000000,3
862344_2022-05-26_14:45:00.000000,3
862344_2022-05-26_06:30:00.000000,3
862344_2022-05-26_09:00:00.000000,3
862344_2022-05-26_11:15:00.000000,3
862344_2022-05-26_17:15:00.000000,1
862344_2022-05-26_08:45:00.000000,3
874298_2022-10-25_06:30:00.000000,6
874298_2022-10-25_11:15:00.000000,3
874298_2022-10-25_09:00:00.000000,3
874298_2022-10-25_08:45:00.000000,3
874298_2022-10-25_15:00:00.000000,3
874298_2022-10-25_12:45:00.000000,3
874298_2022-10-25_14:45:00.000000,3
874298_2022-10-25_13:00:00.000000,3
874298_2022-10-25_07:15:00.000000,3
874298_2022-10-25_10:30:00.000000,3
874298_2022-10-25_07:30:00.000000,3
874298_2022-10-25_08:00:00.000000,3
874298_2022-10-25_10:15:00.000000,3
874298_2022-10-25_09:45:00.000000,3
874298_2022-10-25_13:45:00.000000,3
874298_2022-10-25_14:00:00.000000,3
874298_2022-10-25_12:00:00.000000,3
874298_2022-10-25_11:30:00.000000,3
874298_2022-10-25_13:15:00.000000,3
874298_2022-10-25_08:30:00.000000,3
874298_2022-10-25_07:00:00.000000,1
874298_2022-10-25_06:45:00.000000,1
874298_2022-10-25_09:15:00.000000,3
874298_2022-10-25_11:00:00.000000,1
874298_2022-10-25_10:45:00.000000,3
874298_2022-10-25_14:30:00.000000,3
874298_2022-10-25_12:30:00.000000,3
874298_2022-10-25_14:15:00.000000,3
874298_2022-10-25_12:15:00.000000,3
874298_2022-10-25_09:30:00.000000,3
874298_2022-10-25_07:45:00.000000,3
874298_2022-10-25_10:00:00.000000,1
874298_2022-10-25_08:15:00.000000,1
874298_2022-10-25_11:45:00.000000,3
874298_2022-10-25_13:30:00.000000,3
874764_2022-11-10_08:00:00.000000,1
874764_2022-11-10_10:15:00.000000,6
874764_2022-11-10_07:30:00.000000,6
874764_2022-11-10_09:45:00.000000,6
874764_2022-11-10_11:30:00.000000,3
874764_2022-11-10_14:00:00.000000,1
874764_2022-11-10_13:45:00.000000,3
874764_2022-11-10_12:00:00.000000,3
874764_2022-11-10_11:15:00.000000,3
874764_2022-11-10_09:00:00.000000,1
874764_2022-11-10_06:30:00.000000,6
874764_2022-11-10_08:45:00.000000,1
874764_2022-11-10_10:30:00.000000,6
874764_2022-11-10_07:15:00.000000,6
874764_2022-11-10_12:45:00.000000,1
874764_2022-11-10_15:00:00.000000,6
874764_2022-11-10_13:00:00.000000,6
874764_2022-11-10_14:45:00.000000,6
874764_2022-11-10_09:30:00.000000,1
874764_2022-11-10_07:45:00.000000,1
874764_2022-11-10_14:15:00.000000,3
874764_2022-11-10_12:15:00.000000,1
874764_2022-11-10_13:30:00.000000,1
874764_2022-11-10_10:00:00.000000,1
874764_2022-11-10_08:15:00.000000,1
874764_2022-11-10_11:45:00.000000,1
874764_2022-11-10_07:00:00.000000,1
874764_2022-11-10_08:30:00.000000,6
874764_2022-11-10_06:45:00.000000,6
874764_2022-11-10_13:15:00.000000,6
874764_2022-11-10_14:30:00.000000,1
874764_2022-11-10_12:30:00.000000,1
874764_2022-11-10_09:15:00.000000,1
874764_2022-11-10_11:00:00.000000,1
874764_2022-11-10_10:45:00.000000,1
876460_2022-11-26_09:30:00.000000,5
876460_2022-11-26_13:00:00.000000,5
876460_2022-11-26_13:45:00.000000,5
876460_2022-11-26_15:00:00.000000,5
876460_2022-11-26_13:30:00.000000,5
876460_2022-11-26_10:15:00.000000,5
876460_2022-11-26_09:00:00.000000,5
876460_2022-11-26_09:45:00.000000,5
876460_2022-11-26_07:15:00.000000,5
876460_2022-11-26_08:30:00.000000,5
876460_2022-11-26_14:00:00.000000,5
876460_2022-11-26_12:45:00.000000,5
876460_2022-11-26_14:45:00.000000,5
876460_2022-11-26_12:30:00.000000,5
876460_2022-11-26_14:30:00.000000,5
876460_2022-11-26_11:15:00.000000,5
876460_2022-11-26_10:00:00.000000,5
876460_2022-11-26_08:45:00.000000,5
876460_2022-11-26_08:15:00.000000,5
876460_2022-11-26_11:45:00.000000,5
876460_2022-11-26_07:30:00.000000,5
876460_2022-11-26_11:00:00.000000,5
876460_2022-11-26_11:30:00.000000,5
876460_2022-11-26_07:00:00.000000,5
876460_2022-11-26_07:45:00.000000,5
876460_2022-11-26_14:15:00.000000,5
876460_2022-11-26_12:15:00.000000,5
876460_2022-11-26_09:15:00.000000,5
876460_2022-11-26_10:45:00.000000,5
876460_2022-11-26_06:30:00.000000,5
876460_2022-11-26_12:00:00.000000,5
876460_2022-11-26_10:30:00.000000,5
876460_2022-11-26_08:00:00.000000,5
876460_2022-11-26_06:45:00.000000,5
876460_2022-11-26_15:15:00.000000,5
876460_2022-11-26_13:15:00.000000,5
876464_2022-11-25_13:15:00.000000,5
876464_2022-11-25_15:15:00.000000,5
876464_2022-11-25_08:00:00.000000,5
876464_2022-11-25_10:30:00.000000,5
876464_2022-11-25_06:45:00.000000,5
876464_2022-11-25_10:45:00.000000,5
876464_2022-11-25_12:00:00.000000,5
876464_2022-11-25_06:30:00.000000,5
876464_2022-11-25_09:15:00.000000,5
876464_2022-11-25_12:15:00.000000,5
876464_2022-11-25_14:15:00.000000,5
876464_2022-11-25_07:00:00.000000,5
876464_2022-11-25_11:30:00.000000,5
876464_2022-11-25_07:45:00.000000,5
876464_2022-11-25_11:45:00.000000,5
876464_2022-11-25_11:00:00.000000,5
876464_2022-11-25_07:30:00.000000,5
876464_2022-11-25_08:15:00.000000,5
876464_2022-11-25_10:00:00.000000,5
876464_2022-11-25_08:45:00.000000,5
876464_2022-11-25_11:15:00.000000,5
876464_2022-11-25_14:30:00.000000,5
876464_2022-11-25_12:30:00.000000,5
876464_2022-11-25_14:45:00.000000,5
876464_2022-11-25_14:00:00.000000,5
876464_2022-11-25_12:45:00.000000,5
876464_2022-11-25_08:30:00.000000,5
876464_2022-11-25_07:15:00.000000,5
876464_2022-11-25_09:00:00.000000,5
876464_2022-11-25_09:45:00.000000,5
876464_2022-11-25_10:15:00.000000,5
876464_2022-11-25_13:30:00.000000,5
876464_2022-11-25_15:00:00.000000,5
876464_2022-11-25_13:00:00.000000,5
876464_2022-11-25_13:45:00.000000,5
876464_2022-11-25_09:30:00.000000,5
883430_2023-03-12_14:00:00.000000,5
883430_2023-03-12_12:45:00.000000,1
883430_2023-03-12_08:45:00.000000,1
883430_2023-03-12_15:30:00.000000,1
883430_2023-03-12_13:30:00.000000,1
883430_2023-03-12_09:30:00.000000,1
883430_2023-03-12_08:00:00.000000,6
883430_2023-03-12_14:45:00.000000,1
883430_2023-03-12_11:15:00.000000,1
883430_2023-03-12_12:00:00.000000,1
883430_2023-03-12_09:45:00.000000,1
883430_2023-03-12_15:00:00.000000,1
883430_2023-03-12_13:45:00.000000,1
883430_2023-03-12_14:30:00.000000,1
883430_2023-03-12_08:30:00.000000,1
883430_2023-03-12_12:30:00.000000,1
883430_2023-03-12_13:00:00.000000,1
883430_2023-03-12_10:15:00.000000,1
883430_2023-03-12_09:00:00.000000,1
883430_2023-03-12_10:45:00.000000,1
883430_2023-03-12_15:15:00.000000,1
883430_2023-03-12_09:15:00.000000,1
883430_2023-03-12_13:15:00.000000,1
883430_2023-03-12_10:00:00.000000,1
883430_2023-03-12_11:30:00.000000,1
883430_2023-03-12_11:45:00.000000,1
883430_2023-03-12_14:15:00.000000,1
883430_2023-03-12_11:00:00.000000,1
883430_2023-03-12_12:15:00.000000,1
883430_2023-03-12_08:15:00.000000,6
883430_2023-03-12_10:30:00.000000,1
865080_2022-07-01_19:00:00.000000,6
865080_2022-07-01_16:30:00.000000,3
865080_2022-07-01_07:15:00.000000,3
865080_2022-07-01_10:30:00.000000,3
865080_2022-07-01_18:45:00.000000,3
865080_2022-07-01_13:00:00.000000,3
865080_2022-07-01_14:45:00.000000,3
865080_2022-07-01_12:45:00.000000,3
865080_2022-07-01_15:00:00.000000,3
865080_2022-07-01_17:15:00.000000,3
865080_2022-07-01_08:45:00.000000,3
865080_2022-07-01_06:30:00.000000,3
865080_2022-07-01_11:15:00.000000,3
865080_2022-07-01_09:00:00.000000,3
865080_2022-07-01_18:00:00.000000,6
865080_2022-07-01_17:30:00.000000,1
865080_2022-07-01_11:30:00.000000,3
865080_2022-07-01_15:45:00.000000,3
865080_2022-07-01_12:00:00.000000,1
865080_2022-07-01_14:00:00.000000,1
865080_2022-07-01_13:45:00.000000,3
865080_2022-07-01_09:45:00.000000,3
865080_2022-07-01_16:15:00.000000,3
865080_2022-07-01_07:30:00.000000,1
865080_2022-07-01_08:00:00.000000,1
865080_2022-07-01_10:15:00.000000,3
865080_2022-07-01_12:30:00.000000,3
865080_2022-07-01_14:30:00.000000,6
865080_2022-07-01_10:45:00.000000,3
865080_2022-07-01_17:00:00.000000,3
865080_2022-07-01_18:30:00.000000,3
865080_2022-07-01_09:15:00.000000,3
865080_2022-07-01_11:00:00.000000,3
865080_2022-07-01_16:45:00.000000,1
865080_2022-07-01_06:45:00.000000,3
865080_2022-07-01_08:30:00.000000,3
865080_2022-07-01_07:00:00.000000,3
865080_2022-07-01_13:15:00.000000,1
865080_2022-07-01_15:15:00.000000,3
865080_2022-07-01_13:30:00.000000,1
865080_2022-07-01_15:30:00.000000,1
865080_2022-07-01_16:00:00.000000,6
865080_2022-07-01_11:45:00.000000,1
865080_2022-07-01_17:45:00.000000,6
865080_2022-07-01_10:00:00.000000,1
865080_2022-07-01_08:15:00.000000,1
865080_2022-07-01_07:45:00.000000,3
865080_2022-07-01_18:15:00.000000,6
865080_2022-07-01_09:30:00.000000,3
865080_2022-07-01_12:15:00.000000,1
865080_2022-07-01_14:15:00.000000,1
862622_2022-06-01_10:00:00.000000,3
862622_2022-06-01_08:15:00.000000,3
862622_2022-06-01_17:45:00.000000,6
862622_2022-06-01_11:45:00.000000,3
862622_2022-06-01_16:00:00.000000,3
862622_2022-06-01_15:30:00.000000,1
862622_2022-06-01_13:30:00.000000,3
862622_2022-06-01_14:15:00.000000,1
862622_2022-06-01_12:15:00.000000,3
862622_2022-06-01_09:30:00.000000,3
862622_2022-06-01_18:15:00.000000,3
862622_2022-06-01_07:45:00.000000,3
862622_2022-06-01_16:45:00.000000,3
862622_2022-06-01_09:15:00.000000,3
862622_2022-06-01_11:00:00.000000,3
862622_2022-06-01_17:00:00.000000,3
862622_2022-06-01_18:30:00.000000,3
862622_2022-06-01_10:45:00.000000,3
862622_2022-06-01_14:30:00.000000,3
862622_2022-06-01_12:30:00.000000,3
862622_2022-06-01_15:15:00.000000,3
862622_2022-06-01_13:15:00.000000,3
862622_2022-06-01_08:30:00.000000,3
862622_2022-06-01_07:00:00.000000,3
862622_2022-06-01_06:45:00.000000,3
862622_2022-06-01_13:45:00.000000,3
862622_2022-06-01_14:00:00.000000,3
862622_2022-06-01_12:00:00.000000,3
862622_2022-06-01_15:45:00.000000,3
862622_2022-06-01_11:30:00.000000,3
862622_2022-06-01_18:00:00.000000,6
862622_2022-06-01_17:30:00.000000,6
862622_2022-06-01_07:30:00.000000,3
862622_2022-06-01_08:00:00.000000,3
862622_2022-06-01_10:15:00.000000,3
862622_2022-06-01_16:15:00.000000,3
862622_2022-06-01_09:45:00.000000,3
862622_2022-06-01_15:00:00.000000,6
862622_2022-06-01_12:45:00.000000,3
862622_2022-06-01_14:45:00.000000,3
862622_2022-06-01_13:00:00.000000,3
862622_2022-06-01_18:45:00.000000,3
862622_2022-06-01_07:15:00.000000,3
862622_2022-06-01_10:30:00.000000,3
862622_2022-06-01_19:00:00.000000,3
862622_2022-06-01_16:30:00.000000,3
862622_2022-06-01_06:30:00.000000,3
862622_2022-06-01_11:15:00.000000,3
862622_2022-06-01_09:00:00.000000,3
862622_2022-06-01_08:45:00.000000,3
862622_2022-06-01_17:15:00.000000,3
864036_2022-06-10_15:15:00.000000,6
864036_2022-06-10_13:15:00.000000,6
864036_2022-06-10_08:30:00.000000,5
864036_2022-06-10_07:00:00.000000,5
864036_2022-06-10_06:45:00.000000,5
864036_2022-06-10_16:45:00.000000,6
864036_2022-06-10_11:00:00.000000,6
864036_2022-06-10_09:15:00.000000,5
864036_2022-06-10_17:00:00.000000,6
864036_2022-06-10_18:30:00.000000,6
864036_2022-06-10_10:45:00.000000,6
864036_2022-06-10_14:30:00.000000,6
864036_2022-06-10_12:30:00.000000,6
864036_2022-06-10_14:15:00.000000,6
864036_2022-06-10_12:15:00.000000,6
864036_2022-06-10_09:30:00.000000,5
864036_2022-06-10_18:15:00.000000,6
864036_2022-06-10_07:45:00.000000,5
864036_2022-06-10_08:15:00.000000,6
864036_2022-06-10_10:00:00.000000,6
864036_2022-06-10_17:45:00.000000,6
864036_2022-06-10_11:45:00.000000,6
864036_2022-06-10_16:00:00.000000,6
864036_2022-06-10_15:30:00.000000,6
864036_2022-06-10_13:30:00.000000,6
864036_2022-06-10_06:30:00.000000,6
864036_2022-06-10_09:00:00.000000,5
864036_2022-06-10_11:15:00.000000,6
864036_2022-06-10_08:45:00.000000,6
864036_2022-06-10_17:15:00.000000,5
864036_2022-06-10_15:00:00.000000,6
864036_2022-06-10_12:45:00.000000,6
864036_2022-06-10_14:45:00.000000,6
864036_2022-06-10_13:00:00.000000,6
864036_2022-06-10_18:45:00.000000,6
864036_2022-06-10_07:15:00.000000,5
864036_2022-06-10_10:30:00.000000,5
864036_2022-06-10_19:00:00.000000,5
864036_2022-06-10_16:30:00.000000,5
864036_2022-06-10_07:30:00.000000,5
864036_2022-06-10_10:15:00.000000,1
864036_2022-06-10_08:00:00.000000,5
864036_2022-06-10_16:15:00.000000,6
864036_2022-06-10_09:45:00.000000,5
864036_2022-06-10_13:45:00.000000,3
864036_2022-06-10_14:00:00.000000,6
864036_2022-06-10_12:00:00.000000,3
864036_2022-06-10_15:45:00.000000,5
864036_2022-06-10_11:30:00.000000,5
864036_2022-06-10_18:00:00.000000,6
864036_2022-06-10_17:30:00.000000,3
864636_2022-06-19_15:45:00.000000,3
864636_2022-06-19_12:00:00.000000,3
864636_2022-06-19_14:00:00.000000,3
864636_2022-06-19_13:45:00.000000,1
864636_2022-06-19_18:00:00.000000,3
864636_2022-06-19_17:30:00.000000,3
864636_2022-06-19_11:30:00.000000,3
864636_2022-06-19_09:45:00.000000,1
864636_2022-06-19_16:15:00.000000,3
864636_2022-06-19_07:30:00.000000,3
864636_2022-06-19_10:15:00.000000,3
864636_2022-06-19_08:00:00.000000,1
864636_2022-06-19_13:00:00.000000,3
864636_2022-06-19_14:45:00.000000,1
864636_2022-06-19_12:45:00.000000,3
864636_2022-06-19_15:00:00.000000,2
864636_2022-06-19_19:00:00.000000,1
864636_2022-06-19_16:30:00.000000,3
864636_2022-06-19_07:15:00.000000,3
864636_2022-06-19_10:30:00.000000,1
864636_2022-06-19_18:45:00.000000,2
864636_2022-06-19_17:15:00.000000,1
864636_2022-06-19_08:45:00.000000,1
864636_2022-06-19_06:30:00.000000,3
864636_2022-06-19_09:00:00.000000,1
864636_2022-06-19_11:15:00.000000,3
864636_2022-06-19_16:00:00.000000,1
864636_2022-06-19_11:45:00.000000,1
864636_2022-06-19_17:45:00.000000,1
864636_2022-06-19_08:15:00.000000,1
864636_2022-06-19_10:00:00.000000,3
864636_2022-06-19_13:30:00.000000,3
864636_2022-06-19_15:30:00.000000,1
864636_2022-06-19_12:15:00.000000,1
864636_2022-06-19_14:15:00.000000,1
864636_2022-06-19_07:45:00.000000,3
864636_2022-06-19_18:15:00.000000,2
864636_2022-06-19_09:30:00.000000,3
864636_2022-06-19_10:45:00.000000,1
864636_2022-06-19_17:00:00.000000,1
864636_2022-06-19_18:30:00.000000,5
864636_2022-06-19_11:00:00.000000,3
864636_2022-06-19_09:15:00.000000,1
864636_2022-06-19_16:45:00.000000,1
864636_2022-06-19_12:30:00.000000,1
864636_2022-06-19_14:30:00.000000,3
864636_2022-06-19_13:15:00.000000,3
864636_2022-06-19_15:15:00.000000,1
864636_2022-06-19_06:45:00.000000,3
864636_2022-06-19_08:30:00.000000,3
864636_2022-06-19_07:00:00.000000,3
864896_2022-06-26_08:00:00.000000,2
864896_2022-06-26_10:15:00.000000,3
864896_2022-06-26_07:30:00.000000,1
864896_2022-06-26_09:45:00.000000,3
864896_2022-06-26_16:15:00.000000,3
864896_2022-06-26_11:30:00.000000,3
864896_2022-06-26_17:30:00.000000,3
864896_2022-06-26_18:00:00.000000,3
864896_2022-06-26_14:00:00.000000,3
864896_2022-06-26_13:45:00.000000,3
864896_2022-06-26_15:45:00.000000,3
864896_2022-06-26_12:00:00.000000,3
864896_2022-06-26_11:15:00.000000,3
864896_2022-06-26_09:00:00.000000,1
864896_2022-06-26_06:30:00.000000,1
864896_2022-06-26_17:15:00.000000,3
864896_2022-06-26_08:45:00.000000,1
864896_2022-06-26_10:30:00.000000,3
864896_2022-06-26_07:15:00.000000,1
864896_2022-06-26_18:45:00.000000,6
864896_2022-06-26_16:30:00.000000,1
864896_2022-06-26_19:00:00.000000,6
864896_2022-06-26_12:45:00.000000,3
864896_2022-06-26_15:00:00.000000,3
864896_2022-06-26_13:00:00.000000,3
864896_2022-06-26_14:45:00.000000,3
864896_2022-06-26_09:30:00.000000,3
864896_2022-06-26_07:45:00.000000,1
864896_2022-06-26_18:15:00.000000,3
864896_2022-06-26_14:15:00.000000,3
864896_2022-06-26_12:15:00.000000,3
864896_2022-06-26_15:30:00.000000,3
864896_2022-06-26_13:30:00.000000,3
864896_2022-06-26_17:45:00.000000,1
864896_2022-06-26_10:00:00.000000,3
864896_2022-06-26_08:15:00.000000,2
864896_2022-06-26_16:00:00.000000,3
864896_2022-06-26_11:45:00.000000,3
864896_2022-06-26_07:00:00.000000,1
864896_2022-06-26_08:30:00.000000,1
864896_2022-06-26_06:45:00.000000,1
864896_2022-06-26_15:15:00.000000,3
864896_2022-06-26_13:15:00.000000,3
864896_2022-06-26_14:30:00.000000,3
864896_2022-06-26_12:30:00.000000,3
864896_2022-06-26_09:15:00.000000,3
864896_2022-06-26_11:00:00.000000,3
864896_2022-06-26_16:45:00.000000,3
864896_2022-06-26_10:45:00.000000,3
864896_2022-06-26_18:30:00.000000,3
864896_2022-06-26_17:00:00.000000,6
864586_2022-06-15_12:15:00.000000,3
864586_2022-06-15_14:15:00.000000,3
864586_2022-06-15_07:45:00.000000,3
864586_2022-06-15_18:15:00.000000,2
864586_2022-06-15_09:30:00.000000,3
864586_2022-06-15_16:00:00.000000,3
864586_2022-06-15_11:45:00.000000,3
864586_2022-06-15_17:45:00.000000,3
864586_2022-06-15_10:00:00.000000,3
864586_2022-06-15_08:15:00.000000,3
864586_2022-06-15_13:30:00.000000,3
864586_2022-06-15_15:30:00.000000,3
864586_2022-06-15_13:15:00.000000,3
864586_2022-06-15_15:15:00.000000,3
864586_2022-06-15_06:45:00.000000,3
864586_2022-06-15_07:00:00.000000,3
864586_2022-06-15_08:30:00.000000,3
864586_2022-06-15_10:45:00.000000,5
864586_2022-06-15_18:30:00.000000,3
864586_2022-06-15_17:00:00.000000,3
864586_2022-06-15_09:15:00.000000,3
864586_2022-06-15_11:00:00.000000,5
864586_2022-06-15_16:45:00.000000,3
864586_2022-06-15_12:30:00.000000,3
864586_2022-06-15_14:30:00.000000,3
864586_2022-06-15_09:45:00.000000,3
864586_2022-06-15_16:15:00.000000,3
864586_2022-06-15_08:00:00.000000,3
864586_2022-06-15_10:15:00.000000,3
864586_2022-06-15_07:30:00.000000,3
864586_2022-06-15_15:45:00.000000,3
864586_2022-06-15_12:00:00.000000,3
864586_2022-06-15_14:00:00.000000,3
864586_2022-06-15_13:45:00.000000,3
864586_2022-06-15_17:30:00.000000,3
864586_2022-06-15_18:00:00.000000,3
864586_2022-06-15_11:30:00.000000,1
864586_2022-06-15_17:15:00.000000,3
864586_2022-06-15_08:45:00.000000,3
864586_2022-06-15_11:15:00.000000,1
864586_2022-06-15_09:00:00.000000,3
864586_2022-06-15_06:30:00.000000,3
864586_2022-06-15_13:00:00.000000,3
864586_2022-06-15_14:45:00.000000,3
864586_2022-06-15_12:45:00.000000,3
864586_2022-06-15_15:00:00.000000,3
864586_2022-06-15_16:30:00.000000,3
864586_2022-06-15_19:00:00.000000,1
864586_2022-06-15_10:30:00.000000,3
864586_2022-06-15_07:15:00.000000,3
864586_2022-06-15_18:45:00.000000,1
866776_2022-07-25_17:30:00.000000,6
866776_2022-07-25_18:15:00.000000,6
866776_2022-07-25_07:00:00.000000,3
866776_2022-07-25_11:30:00.000000,3
866776_2022-07-25_07:45:00.000000,3
866776_2022-07-25_14:15:00.000000,6
866776_2022-07-25_12:15:00.000000,6
866776_2022-07-25_08:15:00.000000,3
866776_2022-07-25_17:45:00.000000,6
866776_2022-07-25_17:00:00.000000,6
866776_2022-07-25_11:45:00.000000,6
866776_2022-07-25_11:00:00.000000,6
866776_2022-07-25_07:30:00.000000,3
866776_2022-07-25_16:30:00.000000,6
866776_2022-07-25_08:00:00.000000,3
866776_2022-07-25_10:30:00.000000,6
866776_2022-07-25_06:45:00.000000,6
866776_2022-07-25_19:15:00.000000,6
866776_2022-07-25_15:15:00.000000,6
866776_2022-07-25_13:15:00.000000,3
866776_2022-07-25_16:45:00.000000,6
866776_2022-07-25_18:00:00.000000,6
866776_2022-07-25_09:15:00.000000,3
866776_2022-07-25_10:45:00.000000,3
866776_2022-07-25_12:00:00.000000,3
866776_2022-07-25_06:30:00.000000,6
866776_2022-07-25_13:30:00.000000,6
866776_2022-07-25_15:30:00.000000,3
866776_2022-07-25_10:15:00.000000,3
866776_2022-07-25_16:15:00.000000,6
866776_2022-07-25_09:00:00.000000,3
866776_2022-07-25_09:45:00.000000,3
866776_2022-07-25_19:00:00.000000,6
866776_2022-07-25_09:30:00.000000,1
866776_2022-07-25_13:00:00.000000,6
866776_2022-07-25_13:45:00.000000,6
866776_2022-07-25_15:00:00.000000,6
866776_2022-07-25_15:45:00.000000,6
866776_2022-07-25_12:30:00.000000,3
866776_2022-07-25_14:30:00.000000,6
866776_2022-07-25_11:15:00.000000,6
866776_2022-07-25_18:30:00.000000,6
866776_2022-07-25_10:00:00.000000,3
866776_2022-07-25_08:45:00.000000,3
866776_2022-07-25_17:15:00.000000,6
866776_2022-07-25_18:45:00.000000,6
866776_2022-07-25_07:15:00.000000,6
866776_2022-07-25_08:30:00.000000,3
866776_2022-07-25_14:00:00.000000,3
866776_2022-07-25_12:45:00.000000,3
866776_2022-07-25_16:00:00.000000,6
866776_2022-07-25_14:45:00.000000,6
862222_2022-05-25_14:30:00.000000,3
862222_2022-05-25_12:30:00.000000,3
862222_2022-05-25_16:45:00.000000,3
862222_2022-05-25_09:15:00.000000,3
862222_2022-05-25_11:00:00.000000,3
862222_2022-05-25_18:30:00.000000,1
862222_2022-05-25_17:00:00.000000,3
862222_2022-05-25_10:45:00.000000,3
862222_2022-05-25_07:00:00.000000,3
862222_2022-05-25_08:30:00.000000,3
862222_2022-05-25_06:45:00.000000,3
862222_2022-05-25_15:15:00.000000,1
862222_2022-05-25_13:15:00.000000,3
862222_2022-05-25_15:30:00.000000,3
862222_2022-05-25_13:30:00.000000,1
862222_2022-05-25_10:00:00.000000,3
862222_2022-05-25_08:15:00.000000,3
862222_2022-05-25_17:45:00.000000,1
862222_2022-05-25_11:45:00.000000,3
862222_2022-05-25_16:00:00.000000,6
862222_2022-05-25_09:30:00.000000,3
862222_2022-05-25_18:15:00.000000,2
862222_2022-05-25_07:45:00.000000,3
862222_2022-05-25_14:15:00.000000,3
862222_2022-05-25_12:15:00.000000,3
862222_2022-05-25_18:45:00.000000,2
862222_2022-05-25_10:30:00.000000,3
862222_2022-05-25_07:15:00.000000,3
862222_2022-05-25_16:30:00.000000,1
862222_2022-05-25_19:00:00.000000,6
862222_2022-05-25_15:00:00.000000,6
862222_2022-05-25_12:45:00.000000,3
862222_2022-05-25_14:45:00.000000,3
862222_2022-05-25_13:00:00.000000,3
862222_2022-05-25_11:15:00.000000,3
862222_2022-05-25_09:00:00.000000,3
862222_2022-05-25_06:30:00.000000,6
862222_2022-05-25_08:45:00.000000,3
862222_2022-05-25_17:15:00.000000,6
862222_2022-05-25_11:30:00.000000,3
862222_2022-05-25_17:30:00.000000,3
862222_2022-05-25_18:00:00.000000,3
862222_2022-05-25_13:45:00.000000,3
862222_2022-05-25_14:00:00.000000,1
862222_2022-05-25_12:00:00.000000,3
862222_2022-05-25_15:45:00.000000,3
862222_2022-05-25_08:00:00.000000,3
862222_2022-05-25_10:15:00.000000,3
862222_2022-05-25_07:30:00.000000,3
862222_2022-05-25_16:15:00.000000,3
862222_2022-05-25_09:45:00.000000,3
866076_2022-07-15_08:45:00.000000,6
866076_2022-07-15_17:15:00.000000,6
866076_2022-07-15_09:00:00.000000,6
866076_2022-07-15_11:15:00.000000,6
866076_2022-07-15_06:30:00.000000,6
866076_2022-07-15_16:30:00.000000,6
866076_2022-07-15_19:00:00.000000,6
866076_2022-07-15_18:45:00.000000,6
866076_2022-07-15_10:30:00.000000,6
866076_2022-07-15_07:15:00.000000,6
866076_2022-07-15_14:45:00.000000,6
866076_2022-07-15_13:00:00.000000,6
866076_2022-07-15_15:00:00.000000,6
866076_2022-07-15_12:45:00.000000,6
866076_2022-07-15_16:15:00.000000,6
866076_2022-07-15_09:45:00.000000,6
866076_2022-07-15_10:15:00.000000,6
866076_2022-07-15_08:00:00.000000,6
866076_2022-07-15_07:30:00.000000,6
866076_2022-07-15_17:30:00.000000,6
866076_2022-07-15_18:00:00.000000,6
866076_2022-07-15_11:30:00.000000,6
866076_2022-07-15_12:00:00.000000,6
866076_2022-07-15_15:45:00.000000,6
866076_2022-07-15_13:45:00.000000,6
866076_2022-07-15_14:00:00.000000,6
866076_2022-07-15_06:45:00.000000,6
866076_2022-07-15_07:00:00.000000,6
866076_2022-07-15_08:30:00.000000,6
866076_2022-07-15_13:15:00.000000,6
866076_2022-07-15_15:15:00.000000,6
866076_2022-07-15_12:30:00.000000,6
866076_2022-07-15_14:30:00.000000,6
866076_2022-07-15_18:30:00.000000,6
866076_2022-07-15_17:00:00.000000,6
866076_2022-07-15_10:45:00.000000,6
866076_2022-07-15_16:45:00.000000,6
866076_2022-07-15_11:00:00.000000,6
866076_2022-07-15_09:15:00.000000,6
866076_2022-07-15_18:15:00.000000,6
866076_2022-07-15_07:45:00.000000,6
866076_2022-07-15_09:30:00.000000,6
866076_2022-07-15_12:15:00.000000,6
866076_2022-07-15_14:15:00.000000,6
866076_2022-07-15_13:30:00.000000,6
866076_2022-07-15_15:30:00.000000,6
866076_2022-07-15_11:45:00.000000,6
866076_2022-07-15_16:00:00.000000,6
866076_2022-07-15_08:15:00.000000,6
866076_2022-07-15_10:00:00.000000,6
866076_2022-07-15_17:45:00.000000,6
867888_2022-08-10_15:30:00.000000,6
867888_2022-08-10_13:30:00.000000,6
867888_2022-08-10_08:15:00.000000,3
867888_2022-08-10_10:00:00.000000,6
867888_2022-08-10_17:45:00.000000,6
867888_2022-08-10_11:45:00.000000,6
867888_2022-08-10_16:00:00.000000,6
867888_2022-08-10_09:30:00.000000,6
867888_2022-08-10_18:15:00.000000,6
867888_2022-08-10_07:45:00.000000,6
867888_2022-08-10_14:15:00.000000,6
867888_2022-08-10_12:15:00.000000,6
867888_2022-08-10_14:30:00.000000,3
867888_2022-08-10_12:30:00.000000,6
867888_2022-08-10_16:45:00.000000,6
867888_2022-08-10_11:00:00.000000,6
867888_2022-08-10_09:15:00.000000,6
867888_2022-08-10_17:00:00.000000,6
867888_2022-08-10_18:30:00.000000,6
867888_2022-08-10_10:45:00.000000,6
867888_2022-08-10_08:30:00.000000,6
867888_2022-08-10_07:00:00.000000,3
867888_2022-08-10_06:45:00.000000,6
867888_2022-08-10_15:15:00.000000,3
867888_2022-08-10_13:15:00.000000,6
867888_2022-08-10_11:30:00.000000,6
867888_2022-08-10_18:00:00.000000,6
867888_2022-08-10_17:30:00.000000,6
867888_2022-08-10_13:45:00.000000,6
867888_2022-08-10_14:00:00.000000,6
867888_2022-08-10_12:00:00.000000,6
867888_2022-08-10_15:45:00.000000,6
867888_2022-08-10_07:30:00.000000,6
867888_2022-08-10_10:15:00.000000,6
867888_2022-08-10_08:00:00.000000,3
867888_2022-08-10_16:15:00.000000,6
867888_2022-08-10_09:45:00.000000,6
867888_2022-08-10_18:45:00.000000,6
867888_2022-08-10_07:15:00.000000,6
867888_2022-08-10_10:30:00.000000,6
867888_2022-08-10_19:00:00.000000,6
867888_2022-08-10_16:30:00.000000,6
867888_2022-08-10_15:00:00.000000,3
867888_2022-08-10_12:45:00.000000,6
867888_2022-08-10_14:45:00.000000,3
867888_2022-08-10_13:00:00.000000,6
867888_2022-08-10_06:30:00.000000,6
867888_2022-08-10_09:00:00.000000,6
867888_2022-08-10_11:15:00.000000,6
867888_2022-08-10_08:45:00.000000,6
867888_2022-08-10_17:15:00.000000,5
870626_2022-09-08_08:45:00.000000,3
870626_2022-09-08_10:00:00.000000,3
870626_2022-09-08_11:15:00.000000,6
870626_2022-09-08_14:30:00.000000,6
870626_2022-09-08_12:30:00.000000,3
870626_2022-09-08_14:45:00.000000,3
870626_2022-09-08_12:45:00.000000,3
870626_2022-09-08_14:00:00.000000,3
870626_2022-09-08_08:30:00.000000,1
870626_2022-09-08_07:15:00.000000,6
870626_2022-09-08_09:45:00.000000,6
870626_2022-09-08_09:00:00.000000,6
870626_2022-09-08_10:15:00.000000,6
870626_2022-09-08_13:30:00.000000,3
870626_2022-09-08_15:00:00.000000,3
870626_2022-09-08_13:45:00.000000,3
870626_2022-09-08_13:00:00.000000,6
870626_2022-09-08_09:30:00.000000,6
870626_2022-09-08_13:15:00.000000,6
870626_2022-09-08_15:15:00.000000,1
870626_2022-09-08_06:45:00.000000,3
870626_2022-09-08_10:30:00.000000,6
870626_2022-09-08_08:00:00.000000,6
870626_2022-09-08_06:30:00.000000,3
870626_2022-09-08_12:00:00.000000,6
870626_2022-09-08_10:45:00.000000,6
870626_2022-09-08_09:15:00.000000,3
870626_2022-09-08_12:15:00.000000,6
870626_2022-09-08_14:15:00.000000,6
870626_2022-09-08_07:45:00.000000,3
870626_2022-09-08_11:30:00.000000,6
870626_2022-09-08_07:00:00.000000,6
870626_2022-09-08_07:30:00.000000,6
870626_2022-09-08_11:00:00.000000,6
870626_2022-09-08_11:45:00.000000,6
870626_2022-09-08_08:15:00.000000,1
871960_2022-09-12_13:30:00.000000,3
871960_2022-09-12_09:45:00.000000,3
871960_2022-09-12_09:00:00.000000,3
871960_2022-09-12_10:15:00.000000,3
871960_2022-09-12_09:30:00.000000,1
871960_2022-09-12_15:00:00.000000,1
871960_2022-09-12_13:45:00.000000,1
871960_2022-09-12_13:00:00.000000,1
871960_2022-09-12_14:30:00.000000,1
871960_2022-09-12_12:30:00.000000,3
871960_2022-09-12_08:45:00.000000,3
871960_2022-09-12_10:00:00.000000,1
871960_2022-09-12_11:15:00.000000,1
871960_2022-09-12_08:30:00.000000,3
871960_2022-09-12_07:15:00.000000,1
871960_2022-09-12_14:45:00.000000,1
871960_2022-09-12_12:45:00.000000,1
871960_2022-09-12_14:00:00.000000,3
871960_2022-09-12_07:45:00.000000,3
871960_2022-09-12_07:00:00.000000,1
871960_2022-09-12_11:30:00.000000,1
871960_2022-09-12_12:15:00.000000,3
871960_2022-09-12_14:15:00.000000,3
871960_2022-09-12_11:00:00.000000,1
871960_2022-09-12_07:30:00.000000,2
871960_2022-09-12_11:45:00.000000,1
871960_2022-09-12_08:15:00.000000,3
871960_2022-09-12_06:45:00.000000,1
871960_2022-09-12_08:00:00.000000,3
871960_2022-09-12_10:30:00.000000,1
871960_2022-09-12_13:15:00.000000,6
871960_2022-09-12_15:15:00.000000,1
871960_2022-09-12_12:00:00.000000,3
871960_2022-09-12_06:30:00.000000,3
871960_2022-09-12_10:45:00.000000,1
871960_2022-09-12_09:15:00.000000,1
865492_2022-07-08_09:30:00.000000,1
865492_2022-07-08_08:15:00.000000,1
865492_2022-07-08_15:45:00.000000,3
865492_2022-07-08_13:45:00.000000,3
865492_2022-07-08_15:30:00.000000,3
865492_2022-07-08_14:15:00.000000,3
865492_2022-07-08_13:30:00.000000,3
865492_2022-07-08_12:15:00.000000,1
865492_2022-07-08_09:45:00.000000,3
865492_2022-07-08_10:00:00.000000,3
865492_2022-07-08_16:00:00.000000,1
865492_2022-07-08_18:15:00.000000,1
865492_2022-07-08_08:30:00.000000,1
865492_2022-07-08_07:00:00.000000,1
865492_2022-07-08_09:15:00.000000,1
865492_2022-07-08_18:45:00.000000,3
865492_2022-07-08_14:45:00.000000,3
865492_2022-07-08_12:45:00.000000,3
865492_2022-07-08_14:30:00.000000,3
865492_2022-07-08_15:15:00.000000,3
865492_2022-07-08_12:30:00.000000,3
865492_2022-07-08_13:15:00.000000,3
865492_2022-07-08_11:00:00.000000,3
865492_2022-07-08_08:45:00.000000,1
865492_2022-07-08_17:00:00.000000,1
865492_2022-07-08_18:30:00.000000,1
865492_2022-07-08_07:30:00.000000,3
865492_2022-07-08_11:45:00.000000,3
865492_2022-07-08_08:00:00.000000,1
865492_2022-07-08_17:45:00.000000,3
865492_2022-07-08_10:15:00.000000,3
865492_2022-07-08_07:45:00.000000,3
865492_2022-07-08_11:30:00.000000,3
865492_2022-07-08_18:00:00.000000,3
865492_2022-07-08_16:15:00.000000,3
865492_2022-07-08_17:30:00.000000,3
865492_2022-07-08_14:00:00.000000,3
865492_2022-07-08_12:00:00.000000,3
865492_2022-07-08_06:30:00.000000,3
865492_2022-07-08_09:00:00.000000,3
865492_2022-07-08_07:15:00.000000,3
865492_2022-07-08_10:45:00.000000,1
865492_2022-07-08_16:45:00.000000,3
865492_2022-07-08_11:15:00.000000,3
865492_2022-07-08_06:45:00.000000,3
865492_2022-07-08_10:30:00.000000,3
865492_2022-07-08_17:15:00.000000,3
865492_2022-07-08_19:00:00.000000,3
865492_2022-07-08_16:30:00.000000,3
865492_2022-07-08_15:00:00.000000,3
865492_2022-07-08_13:00:00.000000,6
874724_2022-10-31_13:15:00.000000,6
874724_2022-10-31_06:45:00.000000,6
874724_2022-10-31_07:00:00.000000,6
874724_2022-10-31_08:30:00.000000,6
874724_2022-10-31_10:45:00.000000,6
874724_2022-10-31_11:00:00.000000,4
874724_2022-10-31_09:15:00.000000,6
874724_2022-10-31_12:30:00.000000,6
874724_2022-10-31_14:30:00.000000,6
874724_2022-10-31_12:15:00.000000,6
874724_2022-10-31_14:15:00.000000,6
874724_2022-10-31_07:45:00.000000,6
874724_2022-10-31_09:30:00.000000,6
874724_2022-10-31_11:45:00.000000,6
874724_2022-10-31_08:15:00.000000,6
874724_2022-10-31_10:00:00.000000,6
874724_2022-10-31_13:30:00.000000,6
874724_2022-10-31_08:45:00.000000,6
874724_2022-10-31_09:00:00.000000,6
874724_2022-10-31_11:15:00.000000,6
874724_2022-10-31_06:30:00.000000,6
874724_2022-10-31_13:00:00.000000,6
874724_2022-10-31_14:45:00.000000,3
874724_2022-10-31_12:45:00.000000,6
874724_2022-10-31_15:00:00.000000,6
874724_2022-10-31_10:30:00.000000,3
874724_2022-10-31_07:15:00.000000,3
874724_2022-10-31_09:45:00.000000,6
874724_2022-10-31_10:15:00.000000,3
874724_2022-10-31_08:00:00.000000,6
874724_2022-10-31_07:30:00.000000,3
874724_2022-10-31_12:00:00.000000,6
874724_2022-10-31_14:00:00.000000,3
874724_2022-10-31_13:45:00.000000,6
874724_2022-10-31_11:30:00.000000,6
876494_2022-11-18_07:45:00.000000,3
876494_2022-11-18_11:30:00.000000,6
876494_2022-11-18_07:00:00.000000,6
876494_2022-11-18_14:15:00.000000,6
876494_2022-11-18_12:15:00.000000,6
876494_2022-11-18_08:15:00.000000,3
876494_2022-11-18_07:30:00.000000,6
876494_2022-11-18_11:00:00.000000,6
876494_2022-11-18_11:45:00.000000,6
876494_2022-11-18_06:45:00.000000,6
876494_2022-11-18_10:30:00.000000,6
876494_2022-11-18_08:00:00.000000,6
876494_2022-11-18_15:15:00.000000,6
876494_2022-11-18_13:15:00.000000,6
876494_2022-11-18_09:15:00.000000,6
876494_2022-11-18_06:30:00.000000,6
876494_2022-11-18_12:00:00.000000,6
876494_2022-11-18_10:45:00.000000,6
876494_2022-11-18_13:30:00.000000,3
876494_2022-11-18_10:15:00.000000,6
876494_2022-11-18_09:45:00.000000,6
876494_2022-11-18_09:00:00.000000,6
876494_2022-11-18_09:30:00.000000,6
876494_2022-11-18_13:45:00.000000,6
876494_2022-11-18_13:00:00.000000,6
876494_2022-11-18_15:00:00.000000,6
876494_2022-11-18_12:30:00.000000,6
876494_2022-11-18_14:30:00.000000,3
876494_2022-11-18_11:15:00.000000,6
876494_2022-11-18_08:45:00.000000,1
876494_2022-11-18_10:00:00.000000,6
876494_2022-11-18_07:15:00.000000,1
876494_2022-11-18_08:30:00.000000,3
876494_2022-11-18_12:45:00.000000,6
876494_2022-11-18_14:00:00.000000,6
876494_2022-11-18_14:45:00.000000,3
862616_2022-05-31_12:00:00.000000,3
862616_2022-05-31_15:45:00.000000,3
862616_2022-05-31_13:45:00.000000,3
862616_2022-05-31_14:00:00.000000,3
862616_2022-05-31_18:00:00.000000,3
862616_2022-05-31_17:30:00.000000,3
862616_2022-05-31_11:30:00.000000,3
862616_2022-05-31_16:15:00.000000,3
862616_2022-05-31_09:45:00.000000,3
862616_2022-05-31_07:30:00.000000,3
862616_2022-05-31_10:15:00.000000,3
862616_2022-05-31_08:00:00.000000,3
862616_2022-05-31_14:45:00.000000,3
862616_2022-05-31_13:00:00.000000,3
862616_2022-05-31_15:00:00.000000,3
862616_2022-05-31_12:45:00.000000,6
862616_2022-05-31_19:00:00.000000,3
862616_2022-05-31_16:30:00.000000,3
862616_2022-05-31_18:45:00.000000,3
862616_2022-05-31_07:15:00.000000,3
862616_2022-05-31_10:30:00.000000,1
862616_2022-05-31_08:45:00.000000,3
862616_2022-05-31_17:15:00.000000,3
862616_2022-05-31_06:30:00.000000,3
862616_2022-05-31_09:00:00.000000,3
862616_2022-05-31_11:15:00.000000,3
862616_2022-05-31_11:45:00.000000,3
862616_2022-05-31_16:00:00.000000,3
862616_2022-05-31_08:15:00.000000,3
862616_2022-05-31_10:00:00.000000,3
862616_2022-05-31_17:45:00.000000,3
862616_2022-05-31_13:30:00.000000,3
862616_2022-05-31_15:30:00.000000,3
862616_2022-05-31_12:15:00.000000,3
862616_2022-05-31_14:15:00.000000,3
862616_2022-05-31_18:15:00.000000,3
862616_2022-05-31_07:45:00.000000,3
862616_2022-05-31_09:30:00.000000,3
862616_2022-05-31_17:00:00.000000,3
862616_2022-05-31_18:30:00.000000,3
862616_2022-05-31_10:45:00.000000,3
862616_2022-05-31_16:45:00.000000,5
862616_2022-05-31_11:00:00.000000,3
862616_2022-05-31_09:15:00.000000,3
862616_2022-05-31_12:30:00.000000,3
862616_2022-05-31_14:30:00.000000,5
862616_2022-05-31_13:15:00.000000,3
862616_2022-05-31_15:15:00.000000,3
862616_2022-05-31_06:45:00.000000,3
862616_2022-05-31_08:30:00.000000,3
862616_2022-05-31_07:00:00.000000,3
874788_2022-11-16_08:45:00.000000,6
874788_2022-11-16_06:30:00.000000,3
874788_2022-11-16_09:00:00.000000,6
874788_2022-11-16_11:15:00.000000,6
874788_2022-11-16_13:00:00.000000,6
874788_2022-11-16_14:45:00.000000,3
874788_2022-11-16_12:45:00.000000,6
874788_2022-11-16_15:00:00.000000,6
874788_2022-11-16_07:15:00.000000,6
874788_2022-11-16_10:30:00.000000,6
874788_2022-11-16_09:45:00.000000,6
874788_2022-11-16_07:30:00.000000,3
874788_2022-11-16_10:15:00.000000,5
874788_2022-11-16_08:00:00.000000,6
874788_2022-11-16_12:00:00.000000,3
874788_2022-11-16_14:00:00.000000,1
874788_2022-11-16_13:45:00.000000,1
874788_2022-11-16_11:30:00.000000,1
874788_2022-11-16_13:15:00.000000,6
874788_2022-11-16_06:45:00.000000,6
874788_2022-11-16_08:30:00.000000,6
874788_2022-11-16_07:00:00.000000,6
874788_2022-11-16_10:45:00.000000,3
874788_2022-11-16_11:00:00.000000,6
874788_2022-11-16_09:15:00.000000,3
874788_2022-11-16_12:30:00.000000,6
874788_2022-11-16_14:30:00.000000,6
874788_2022-11-16_12:15:00.000000,3
874788_2022-11-16_14:15:00.000000,6
874788_2022-11-16_07:45:00.000000,6
874788_2022-11-16_09:30:00.000000,3
874788_2022-11-16_11:45:00.000000,3
874788_2022-11-16_08:15:00.000000,6
874788_2022-11-16_10:00:00.000000,6
874788_2022-11-16_13:30:00.000000,6
866080_2022-07-16_15:30:00.000000,3
866080_2022-07-16_13:30:00.000000,3
866080_2022-07-16_10:00:00.000000,3
866080_2022-07-16_08:15:00.000000,3
866080_2022-07-16_17:45:00.000000,1
866080_2022-07-16_11:45:00.000000,3
866080_2022-07-16_16:00:00.000000,3
866080_2022-07-16_09:30:00.000000,3
866080_2022-07-16_18:15:00.000000,3
866080_2022-07-16_07:45:00.000000,3
866080_2022-07-16_14:15:00.000000,3
866080_2022-07-16_12:15:00.000000,3
866080_2022-07-16_14:30:00.000000,3
866080_2022-07-16_12:30:00.000000,5
866080_2022-07-16_16:45:00.000000,1
866080_2022-07-16_09:15:00.000000,3
866080_2022-07-16_11:00:00.000000,3
866080_2022-07-16_17:00:00.000000,1
866080_2022-07-16_18:30:00.000000,3
866080_2022-07-16_10:45:00.000000,3
866080_2022-07-16_08:30:00.000000,3
866080_2022-07-16_07:00:00.000000,3
866080_2022-07-16_06:45:00.000000,3
866080_2022-07-16_15:15:00.000000,3
866080_2022-07-16_13:15:00.000000,3
866080_2022-07-16_11:30:00.000000,3
866080_2022-07-16_18:00:00.000000,1
866080_2022-07-16_17:30:00.000000,1
866080_2022-07-16_13:45:00.000000,3
866080_2022-07-16_14:00:00.000000,3
866080_2022-07-16_12:00:00.000000,3
866080_2022-07-16_15:45:00.000000,3
866080_2022-07-16_07:30:00.000000,3
866080_2022-07-16_08:00:00.000000,3
866080_2022-07-16_10:15:00.000000,3
866080_2022-07-16_16:15:00.000000,1
866080_2022-07-16_09:45:00.000000,3
866080_2022-07-16_18:45:00.000000,6
866080_2022-07-16_07:15:00.000000,3
866080_2022-07-16_10:30:00.000000,3
866080_2022-07-16_19:00:00.000000,3
866080_2022-07-16_16:30:00.000000,1
866080_2022-07-16_15:00:00.000000,3
866080_2022-07-16_12:45:00.000000,3
866080_2022-07-16_14:45:00.000000,3
866080_2022-07-16_13:00:00.000000,3
866080_2022-07-16_06:30:00.000000,1
866080_2022-07-16_11:15:00.000000,3
866080_2022-07-16_09:00:00.000000,3
866080_2022-07-16_08:45:00.000000,3
866080_2022-07-16_17:15:00.000000,1
864836_2022-06-17_15:15:00.000000,3
864836_2022-06-17_13:15:00.000000,1
864836_2022-06-17_07:00:00.000000,3
864836_2022-06-17_08:30:00.000000,3
864836_2022-06-17_06:45:00.000000,3
864836_2022-06-17_16:45:00.000000,3
864836_2022-06-17_11:00:00.000000,3
864836_2022-06-17_09:15:00.000000,3
864836_2022-06-17_18:30:00.000000,6
864836_2022-06-17_17:00:00.000000,3
864836_2022-06-17_10:45:00.000000,3
864836_2022-06-17_14:30:00.000000,3
864836_2022-06-17_12:30:00.000000,3
864836_2022-06-17_14:15:00.000000,3
864836_2022-06-17_12:15:00.000000,3
864836_2022-06-17_09:30:00.000000,3
864836_2022-06-17_18:15:00.000000,1
864836_2022-06-17_07:45:00.000000,3
864836_2022-06-17_08:15:00.000000,1
864836_2022-06-17_10:00:00.000000,3
864836_2022-06-17_17:45:00.000000,3
864836_2022-06-17_11:45:00.000000,3
864836_2022-06-17_16:00:00.000000,3
864836_2022-06-17_15:30:00.000000,3
864836_2022-06-17_13:30:00.000000,3
864836_2022-06-17_09:00:00.000000,1
864836_2022-06-17_11:15:00.000000,3
864836_2022-06-17_06:30:00.000000,3
864836_2022-06-17_08:45:00.000000,3
864836_2022-06-17_17:15:00.000000,3
864836_2022-06-17_15:00:00.000000,3
864836_2022-06-17_12:45:00.000000,3
864836_2022-06-17_14:45:00.000000,3
864836_2022-06-17_13:00:00.000000,3
864836_2022-06-17_18:45:00.000000,1
864836_2022-06-17_10:30:00.000000,3
864836_2022-06-17_07:15:00.000000,1
864836_2022-06-17_16:30:00.000000,3
864836_2022-06-17_19:00:00.000000,6
864836_2022-06-17_10:15:00.000000,3
864836_2022-06-17_08:00:00.000000,1
864836_2022-06-17_07:30:00.000000,3
864836_2022-06-17_16:15:00.000000,3
864836_2022-06-17_09:45:00.000000,3
864836_2022-06-17_13:45:00.000000,3
864836_2022-06-17_14:00:00.000000,3
864836_2022-06-17_12:00:00.000000,3
864836_2022-06-17_15:45:00.000000,1
864836_2022-06-17_11:30:00.000000,1
864836_2022-06-17_17:30:00.000000,1
864836_2022-06-17_18:00:00.000000,3
867632_2022-08-03_11:30:00.000000,1
867632_2022-08-03_18:00:00.000000,1
867632_2022-08-03_17:30:00.000000,1
867632_2022-08-03_13:45:00.000000,1
867632_2022-08-03_14:00:00.000000,1
867632_2022-08-03_12:00:00.000000,1
867632_2022-08-03_15:45:00.000000,6
867632_2022-08-03_07:30:00.000000,3
867632_2022-08-03_10:15:00.000000,3
867632_2022-08-03_08:00:00.000000,3
867632_2022-08-03_16:15:00.000000,3
867632_2022-08-03_09:45:00.000000,6
867632_2022-08-03_18:45:00.000000,6
867632_2022-08-03_07:15:00.000000,1
867632_2022-08-03_10:30:00.000000,6
867632_2022-08-03_19:00:00.000000,3
867632_2022-08-03_16:30:00.000000,6
867632_2022-08-03_15:00:00.000000,3
867632_2022-08-03_12:45:00.000000,6
867632_2022-08-03_14:45:00.000000,3
867632_2022-08-03_13:00:00.000000,3
867632_2022-08-03_06:30:00.000000,3
867632_2022-08-03_09:00:00.000000,1
867632_2022-08-03_11:15:00.000000,3
867632_2022-08-03_08:45:00.000000,2
867632_2022-08-03_17:15:00.000000,2
867632_2022-08-03_15:30:00.000000,3
867632_2022-08-03_13:30:00.000000,3
867632_2022-08-03_08:15:00.000000,3
867632_2022-08-03_10:00:00.000000,3
867632_2022-08-03_17:45:00.000000,3
867632_2022-08-03_11:45:00.000000,6
867632_2022-08-03_16:00:00.000000,3
867632_2022-08-03_09:30:00.000000,6
867632_2022-08-03_18:15:00.000000,3
867632_2022-08-03_07:45:00.000000,6
867632_2022-08-03_14:15:00.000000,3
867632_2022-08-03_12:15:00.000000,6
867632_2022-08-03_14:30:00.000000,3
867632_2022-08-03_12:30:00.000000,3
867632_2022-08-03_16:45:00.000000,6
867632_2022-08-03_11:00:00.000000,3
867632_2022-08-03_09:15:00.000000,3
867632_2022-08-03_17:00:00.000000,2
867632_2022-08-03_18:30:00.000000,6
867632_2022-08-03_10:45:00.000000,3
867632_2022-08-03_08:30:00.000000,3
867632_2022-08-03_07:00:00.000000,6
867632_2022-08-03_06:45:00.000000,3
867632_2022-08-03_15:15:00.000000,3
867632_2022-08-03_13:15:00.000000,6
863824_2022-06-08_07:00:00.000000,6
863824_2022-06-08_08:30:00.000000,6
863824_2022-06-08_06:45:00.000000,6
863824_2022-06-08_15:15:00.000000,6
863824_2022-06-08_13:15:00.000000,6
863824_2022-06-08_14:30:00.000000,6
863824_2022-06-08_12:30:00.000000,6
863824_2022-06-08_09:15:00.000000,6
863824_2022-06-08_11:00:00.000000,3
863824_2022-06-08_16:45:00.000000,6
863824_2022-06-08_10:45:00.000000,6
863824_2022-06-08_18:30:00.000000,6
863824_2022-06-08_17:00:00.000000,6
863824_2022-06-08_09:30:00.000000,3
863824_2022-06-08_07:45:00.000000,6
863824_2022-06-08_18:15:00.000000,6
863824_2022-06-08_14:15:00.000000,3
863824_2022-06-08_12:15:00.000000,6
863824_2022-06-08_15:30:00.000000,6
863824_2022-06-08_13:30:00.000000,6
863824_2022-06-08_17:45:00.000000,3
863824_2022-06-08_10:00:00.000000,3
863824_2022-06-08_08:15:00.000000,6
863824_2022-06-08_16:00:00.000000,6
863824_2022-06-08_11:45:00.000000,6
863824_2022-06-08_11:15:00.000000,6
863824_2022-06-08_09:00:00.000000,6
863824_2022-06-08_06:30:00.000000,6
863824_2022-06-08_17:15:00.000000,6
863824_2022-06-08_08:45:00.000000,6
863824_2022-06-08_10:30:00.000000,6
863824_2022-06-08_07:15:00.000000,6
863824_2022-06-08_18:45:00.000000,6
863824_2022-06-08_16:30:00.000000,6
863824_2022-06-08_19:00:00.000000,6
863824_2022-06-08_12:45:00.000000,6
863824_2022-06-08_15:00:00.000000,6
863824_2022-06-08_13:00:00.000000,6
863824_2022-06-08_14:45:00.000000,6
863824_2022-06-08_08:00:00.000000,6
863824_2022-06-08_10:15:00.000000,3
863824_2022-06-08_07:30:00.000000,6
863824_2022-06-08_09:45:00.000000,3
863824_2022-06-08_16:15:00.000000,6
863824_2022-06-08_11:30:00.000000,6
863824_2022-06-08_17:30:00.000000,6
863824_2022-06-08_18:00:00.000000,6
863824_2022-06-08_14:00:00.000000,6
863824_2022-06-08_13:45:00.000000,3
863824_2022-06-08_15:45:00.000000,6
863824_2022-06-08_12:00:00.000000,6
867892_2022-08-11_08:45:00.000000,1
867892_2022-08-11_17:15:00.000000,1
867892_2022-08-11_06:30:00.000000,6
867892_2022-08-11_11:15:00.000000,6
867892_2022-08-11_09:00:00.000000,6
867892_2022-08-11_14:45:00.000000,6
867892_2022-08-11_13:00:00.000000,3
867892_2022-08-11_15:00:00.000000,6
867892_2022-08-11_12:45:00.000000,6
867892_2022-08-11_19:00:00.000000,3
867892_2022-08-11_16:30:00.000000,6
867892_2022-08-11_18:45:00.000000,6
867892_2022-08-11_07:15:00.000000,6
867892_2022-08-11_10:30:00.000000,3
867892_2022-08-11_16:15:00.000000,6
867892_2022-08-11_09:45:00.000000,1
867892_2022-08-11_07:30:00.000000,1
867892_2022-08-11_08:00:00.000000,6
867892_2022-08-11_10:15:00.000000,6
867892_2022-08-11_12:00:00.000000,6
867892_2022-08-11_15:45:00.000000,6
867892_2022-08-11_13:45:00.000000,6
867892_2022-08-11_14:00:00.000000,6
867892_2022-08-11_18:00:00.000000,6
867892_2022-08-11_17:30:00.000000,6
867892_2022-08-11_11:30:00.000000,6
867892_2022-08-11_13:15:00.000000,6
867892_2022-08-11_15:15:00.000000,6
867892_2022-08-11_06:45:00.000000,3
867892_2022-08-11_08:30:00.000000,6
867892_2022-08-11_07:00:00.000000,6
867892_2022-08-11_17:00:00.000000,6
867892_2022-08-11_18:30:00.000000,3
867892_2022-08-11_10:45:00.000000,3
867892_2022-08-11_16:45:00.000000,6
867892_2022-08-11_09:15:00.000000,3
867892_2022-08-11_11:00:00.000000,6
867892_2022-08-11_12:30:00.000000,6
867892_2022-08-11_14:30:00.000000,6
867892_2022-08-11_12:15:00.000000,6
867892_2022-08-11_14:15:00.000000,6
867892_2022-08-11_18:15:00.000000,1
867892_2022-08-11_07:45:00.000000,6
867892_2022-08-11_09:30:00.000000,6
867892_2022-08-11_11:45:00.000000,3
867892_2022-08-11_16:00:00.000000,6
867892_2022-08-11_10:00:00.000000,1
867892_2022-08-11_08:15:00.000000,6
867892_2022-08-11_17:45:00.000000,6
867892_2022-08-11_13:30:00.000000,6
867892_2022-08-11_15:30:00.000000,3
871996_2022-09-21_13:30:00.000000,3
871996_2022-09-21_11:45:00.000000,3
871996_2022-09-21_08:15:00.000000,3
871996_2022-09-21_10:00:00.000000,3
871996_2022-09-21_07:45:00.000000,1
871996_2022-09-21_09:30:00.000000,1
871996_2022-09-21_12:15:00.000000,3
871996_2022-09-21_14:15:00.000000,1
871996_2022-09-21_12:30:00.000000,1
871996_2022-09-21_14:30:00.000000,1
871996_2022-09-21_10:45:00.000000,1
871996_2022-09-21_11:00:00.000000,1
871996_2022-09-21_09:15:00.000000,1
871996_2022-09-21_06:45:00.000000,1
871996_2022-09-21_07:00:00.000000,1
871996_2022-09-21_08:30:00.000000,3
871996_2022-09-21_13:15:00.000000,1
871996_2022-09-21_11:30:00.000000,1
871996_2022-09-21_12:00:00.000000,6
871996_2022-09-21_14:00:00.000000,3
871996_2022-09-21_13:45:00.000000,1
871996_2022-09-21_09:45:00.000000,1
871996_2022-09-21_10:15:00.000000,1
871996_2022-09-21_08:00:00.000000,1
871996_2022-09-21_07:30:00.000000,1
871996_2022-09-21_10:30:00.000000,1
871996_2022-09-21_07:15:00.000000,1
871996_2022-09-21_13:00:00.000000,3
871996_2022-09-21_14:45:00.000000,1
871996_2022-09-21_12:45:00.000000,3
871996_2022-09-21_15:00:00.000000,1
871996_2022-09-21_08:45:00.000000,1
871996_2022-09-21_09:00:00.000000,3
871996_2022-09-21_11:15:00.000000,1
871996_2022-09-21_06:30:00.000000,1
873260_2022-09-30_12:00:00.000000,3
873260_2022-09-30_06:30:00.000000,3
873260_2022-09-30_10:45:00.000000,3
873260_2022-09-30_09:15:00.000000,3
873260_2022-09-30_13:15:00.000000,3
873260_2022-09-30_15:15:00.000000,3
873260_2022-09-30_06:45:00.000000,1
873260_2022-09-30_08:00:00.000000,1
873260_2022-09-30_10:30:00.000000,1
873260_2022-09-30_11:00:00.000000,1
873260_2022-09-30_07:30:00.000000,1
873260_2022-09-30_11:45:00.000000,3
873260_2022-09-30_08:15:00.000000,1
873260_2022-09-30_12:15:00.000000,3
873260_2022-09-30_14:15:00.000000,3
873260_2022-09-30_07:45:00.000000,1
873260_2022-09-30_07:00:00.000000,1
873260_2022-09-30_11:30:00.000000,3
873260_2022-09-30_14:45:00.000000,3
873260_2022-09-30_12:45:00.000000,1
873260_2022-09-30_14:00:00.000000,3
873260_2022-09-30_08:30:00.000000,1
873260_2022-09-30_07:15:00.000000,3
873260_2022-09-30_08:45:00.000000,1
873260_2022-09-30_10:00:00.000000,3
873260_2022-09-30_11:15:00.000000,3
873260_2022-09-30_14:30:00.000000,6
873260_2022-09-30_12:30:00.000000,1
873260_2022-09-30_15:00:00.000000,3
873260_2022-09-30_13:45:00.000000,1
873260_2022-09-30_13:00:00.000000,3
873260_2022-09-30_09:30:00.000000,3
873260_2022-09-30_09:45:00.000000,3
873260_2022-09-30_09:00:00.000000,1
873260_2022-09-30_10:15:00.000000,1
873260_2022-09-30_13:30:00.000000,1
874262_2022-10-16_13:15:00.000000,6
874262_2022-10-16_06:45:00.000000,6
874262_2022-10-16_08:30:00.000000,6
874262_2022-10-16_07:00:00.000000,3
874262_2022-10-16_10:45:00.000000,3
874262_2022-10-16_09:15:00.000000,3
874262_2022-10-16_11:00:00.000000,3
874262_2022-10-16_12:30:00.000000,3
874262_2022-10-16_14:30:00.000000,3
874262_2022-10-16_12:15:00.000000,3
874262_2022-10-16_14:15:00.000000,3
874262_2022-10-16_07:45:00.000000,3
874262_2022-10-16_09:30:00.000000,3
874262_2022-10-16_11:45:00.000000,3
874262_2022-10-16_10:00:00.000000,3
874262_2022-10-16_08:15:00.000000,3
874262_2022-10-16_13:30:00.000000,3
874262_2022-10-16_08:45:00.000000,3
874262_2022-10-16_06:30:00.000000,6
874262_2022-10-16_11:15:00.000000,3
874262_2022-10-16_09:00:00.000000,3
874262_2022-10-16_14:45:00.000000,3
874262_2022-10-16_13:00:00.000000,6
874262_2022-10-16_15:00:00.000000,3
874262_2022-10-16_12:45:00.000000,3
874262_2022-10-16_07:15:00.000000,3
874262_2022-10-16_10:30:00.000000,3
874262_2022-10-16_09:45:00.000000,3
874262_2022-10-16_07:30:00.000000,3
874262_2022-10-16_08:00:00.000000,3
874262_2022-10-16_10:15:00.000000,3
874262_2022-10-16_12:00:00.000000,3
874262_2022-10-16_13:45:00.000000,3
874262_2022-10-16_14:00:00.000000,3
874262_2022-10-16_11:30:00.000000,3
873288_2022-10-08_08:45:00.000000,3
873288_2022-10-08_11:15:00.000000,3
873288_2022-10-08_09:00:00.000000,3
873288_2022-10-08_06:30:00.000000,3
873288_2022-10-08_10:30:00.000000,3
873288_2022-10-08_07:15:00.000000,3
873288_2022-10-08_14:45:00.000000,3
873288_2022-10-08_13:00:00.000000,3
873288_2022-10-08_15:00:00.000000,3
873288_2022-10-08_12:45:00.000000,3
873288_2022-10-08_09:45:00.000000,3
873288_2022-10-08_08:00:00.000000,3
873288_2022-10-08_10:15:00.000000,3
873288_2022-10-08_07:30:00.000000,3
873288_2022-10-08_11:30:00.000000,3
873288_2022-10-08_12:00:00.000000,3
873288_2022-10-08_13:45:00.000000,3
873288_2022-10-08_14:00:00.000000,3
873288_2022-10-08_06:45:00.000000,3
873288_2022-10-08_07:00:00.000000,3
873288_2022-10-08_08:30:00.000000,3
873288_2022-10-08_13:15:00.000000,3
873288_2022-10-08_12:30:00.000000,3
873288_2022-10-08_14:30:00.000000,3
873288_2022-10-08_10:45:00.000000,3
873288_2022-10-08_09:15:00.000000,3
873288_2022-10-08_11:00:00.000000,3
873288_2022-10-08_07:45:00.000000,3
873288_2022-10-08_09:30:00.000000,1
873288_2022-10-08_12:15:00.000000,3
873288_2022-10-08_14:15:00.000000,3
873288_2022-10-08_13:30:00.000000,3
873288_2022-10-08_11:45:00.000000,3
873288_2022-10-08_10:00:00.000000,3
873288_2022-10-08_08:15:00.000000,1
876456_2022-11-27_09:30:00.000000,6
876456_2022-11-27_15:00:00.000000,6
876456_2022-11-27_13:00:00.000000,6
876456_2022-11-27_13:45:00.000000,6
876456_2022-11-27_13:30:00.000000,6
876456_2022-11-27_09:00:00.000000,3
876456_2022-11-27_09:45:00.000000,3
876456_2022-11-27_10:15:00.000000,1
876456_2022-11-27_08:30:00.000000,6
876456_2022-11-27_07:15:00.000000,6
876456_2022-11-27_14:45:00.000000,6
876456_2022-11-27_14:00:00.000000,6
876456_2022-11-27_12:45:00.000000,6
876456_2022-11-27_14:30:00.000000,6
876456_2022-11-27_12:30:00.000000,6
876456_2022-11-27_10:00:00.000000,6
876456_2022-11-27_08:45:00.000000,6
876456_2022-11-27_11:15:00.000000,6
876456_2022-11-27_11:45:00.000000,6
876456_2022-11-27_11:00:00.000000,6
876456_2022-11-27_07:30:00.000000,6
876456_2022-11-27_08:15:00.000000,6
876456_2022-11-27_07:00:00.000000,6
876456_2022-11-27_11:30:00.000000,6
876456_2022-11-27_07:45:00.000000,6
876456_2022-11-27_12:15:00.000000,6
876456_2022-11-27_14:15:00.000000,6
876456_2022-11-27_10:45:00.000000,6
876456_2022-11-27_12:00:00.000000,6
876456_2022-11-27_06:30:00.000000,6
876456_2022-11-27_09:15:00.000000,6
876456_2022-11-27_08:00:00.000000,6
876456_2022-11-27_10:30:00.000000,1
876456_2022-11-27_06:45:00.000000,6
876456_2022-11-27_13:15:00.000000,6
876456_2022-11-27_15:15:00.000000,6
874294_2022-10-24_09:45:00.000000,3
874294_2022-10-24_10:15:00.000000,3
874294_2022-10-24_08:00:00.000000,1
874294_2022-10-24_07:30:00.000000,1
874294_2022-10-24_11:30:00.000000,3
874294_2022-10-24_12:00:00.000000,3
874294_2022-10-24_13:45:00.000000,3
874294_2022-10-24_14:00:00.000000,3
874294_2022-10-24_08:45:00.000000,1
874294_2022-10-24_09:00:00.000000,3
874294_2022-10-24_11:15:00.000000,1
874294_2022-10-24_06:30:00.000000,6
874294_2022-10-24_10:30:00.000000,3
874294_2022-10-24_07:15:00.000000,3
874294_2022-10-24_14:45:00.000000,3
874294_2022-10-24_13:00:00.000000,3
874294_2022-10-24_15:00:00.000000,3
874294_2022-10-24_12:45:00.000000,3
874294_2022-10-24_07:45:00.000000,3
874294_2022-10-24_09:30:00.000000,3
874294_2022-10-24_12:15:00.000000,3
874294_2022-10-24_14:15:00.000000,3
874294_2022-10-24_13:30:00.000000,3
874294_2022-10-24_11:45:00.000000,3
874294_2022-10-24_08:15:00.000000,1
874294_2022-10-24_10:00:00.000000,1
874294_2022-10-24_06:45:00.000000,1
874294_2022-10-24_07:00:00.000000,1
874294_2022-10-24_08:30:00.000000,1
874294_2022-10-24_13:15:00.000000,1
874294_2022-10-24_12:30:00.000000,3
874294_2022-10-24_14:30:00.000000,3
874294_2022-10-24_10:45:00.000000,3
874294_2022-10-24_11:00:00.000000,3
874294_2022-10-24_09:15:00.000000,3
868146_2022-08-19_07:30:00.000000,1
868146_2022-08-19_08:00:00.000000,6
868146_2022-08-19_10:15:00.000000,6
868146_2022-08-19_09:45:00.000000,6
868146_2022-08-19_16:15:00.000000,6
868146_2022-08-19_11:30:00.000000,6
868146_2022-08-19_18:00:00.000000,6
868146_2022-08-19_17:30:00.000000,6
868146_2022-08-19_14:00:00.000000,6
868146_2022-08-19_13:45:00.000000,6
868146_2022-08-19_15:45:00.000000,6
868146_2022-08-19_12:00:00.000000,6
868146_2022-08-19_06:30:00.000000,1
868146_2022-08-19_11:15:00.000000,6
868146_2022-08-19_09:00:00.000000,6
868146_2022-08-19_17:15:00.000000,6
868146_2022-08-19_08:45:00.000000,6
868146_2022-08-19_07:15:00.000000,1
868146_2022-08-19_10:30:00.000000,6
868146_2022-08-19_18:45:00.000000,6
868146_2022-08-19_19:00:00.000000,6
868146_2022-08-19_16:30:00.000000,6
868146_2022-08-19_12:45:00.000000,6
868146_2022-08-19_15:00:00.000000,6
868146_2022-08-19_13:00:00.000000,6
868146_2022-08-19_14:45:00.000000,6
868146_2022-08-19_09:30:00.000000,6
868146_2022-08-19_07:45:00.000000,6
868146_2022-08-19_18:15:00.000000,6
868146_2022-08-19_14:15:00.000000,6
868146_2022-08-19_12:15:00.000000,6
868146_2022-08-19_15:30:00.000000,6
868146_2022-08-19_13:30:00.000000,6
868146_2022-08-19_17:45:00.000000,6
868146_2022-08-19_10:00:00.000000,6
868146_2022-08-19_08:15:00.000000,6
868146_2022-08-19_16:00:00.000000,6
868146_2022-08-19_11:45:00.000000,6
868146_2022-08-19_08:30:00.000000,6
868146_2022-08-19_07:00:00.000000,3
868146_2022-08-19_06:45:00.000000,1
868146_2022-08-19_15:15:00.000000,6
868146_2022-08-19_13:15:00.000000,6
868146_2022-08-19_14:30:00.000000,6
868146_2022-08-19_12:30:00.000000,6
868146_2022-08-19_09:15:00.000000,6
868146_2022-08-19_11:00:00.000000,6
868146_2022-08-19_16:45:00.000000,6
868146_2022-08-19_10:45:00.000000,6
868146_2022-08-19_17:00:00.000000,6
868146_2022-08-19_18:30:00.000000,6
874728_2022-11-01_09:45:00.000000,6
874728_2022-11-01_10:15:00.000000,6
874728_2022-11-01_08:00:00.000000,6
874728_2022-11-01_07:30:00.000000,6
874728_2022-11-01_12:00:00.000000,6
874728_2022-11-01_13:45:00.000000,6
874728_2022-11-01_14:00:00.000000,6
874728_2022-11-01_11:30:00.000000,6
874728_2022-11-01_08:45:00.000000,6
874728_2022-11-01_09:00:00.000000,6
874728_2022-11-01_11:15:00.000000,6
874728_2022-11-01_06:30:00.000000,6
874728_2022-11-01_14:45:00.000000,6
874728_2022-11-01_13:00:00.000000,6
874728_2022-11-01_15:00:00.000000,6
874728_2022-11-01_12:45:00.000000,6
874728_2022-11-01_10:30:00.000000,6
874728_2022-11-01_07:15:00.000000,6
874728_2022-11-01_12:15:00.000000,6
874728_2022-11-01_14:15:00.000000,6
874728_2022-11-01_07:45:00.000000,6
874728_2022-11-01_09:30:00.000000,6
874728_2022-11-01_11:45:00.000000,6
874728_2022-11-01_08:15:00.000000,6
874728_2022-11-01_10:00:00.000000,6
874728_2022-11-01_13:30:00.000000,6
874728_2022-11-01_13:15:00.000000,6
874728_2022-11-01_06:45:00.000000,6
874728_2022-11-01_07:00:00.000000,6
874728_2022-11-01_08:30:00.000000,6
874728_2022-11-01_10:45:00.000000,6
874728_2022-11-01_11:00:00.000000,6
874728_2022-11-01_09:15:00.000000,6
874728_2022-11-01_12:30:00.000000,6
874728_2022-11-01_14:30:00.000000,6
874792_2022-11-17_12:00:00.000000,1
874792_2022-11-17_14:00:00.000000,1
874792_2022-11-17_13:45:00.000000,1
874792_2022-11-17_11:30:00.000000,1
874792_2022-11-17_09:45:00.000000,1
874792_2022-11-17_10:15:00.000000,1
874792_2022-11-17_08:00:00.000000,1
874792_2022-11-17_07:30:00.000000,1
874792_2022-11-17_13:00:00.000000,1
874792_2022-11-17_14:45:00.000000,6
874792_2022-11-17_12:45:00.000000,1
874792_2022-11-17_15:00:00.000000,1
874792_2022-11-17_10:30:00.000000,1
874792_2022-11-17_07:15:00.000000,6
874792_2022-11-17_08:45:00.000000,1
874792_2022-11-17_09:00:00.000000,3
874792_2022-11-17_11:15:00.000000,1
874792_2022-11-17_06:30:00.000000,6
874792_2022-11-17_11:45:00.000000,6
874792_2022-11-17_08:15:00.000000,1
874792_2022-11-17_10:00:00.000000,1
874792_2022-11-17_13:30:00.000000,1
874792_2022-11-17_12:15:00.000000,1
874792_2022-11-17_14:15:00.000000,1
874792_2022-11-17_07:45:00.000000,1
874792_2022-11-17_09:30:00.000000,1
874792_2022-11-17_10:45:00.000000,1
874792_2022-11-17_11:00:00.000000,1
874792_2022-11-17_09:15:00.000000,1
874792_2022-11-17_12:30:00.000000,1
874792_2022-11-17_14:30:00.000000,6
874792_2022-11-17_13:15:00.000000,6
874792_2022-11-17_06:45:00.000000,6
874792_2022-11-17_07:00:00.000000,6
874792_2022-11-17_08:30:00.000000,1
865396_2022-07-06_16:15:00.000000,3
865396_2022-07-06_09:45:00.000000,3
865396_2022-07-06_08:00:00.000000,3
865396_2022-07-06_10:15:00.000000,3
865396_2022-07-06_07:30:00.000000,3
865396_2022-07-06_17:30:00.000000,3
865396_2022-07-06_18:00:00.000000,3
865396_2022-07-06_11:30:00.000000,3
865396_2022-07-06_12:00:00.000000,3
865396_2022-07-06_15:45:00.000000,3
865396_2022-07-06_13:45:00.000000,3
865396_2022-07-06_14:00:00.000000,3
865396_2022-07-06_08:45:00.000000,3
865396_2022-07-06_17:15:00.000000,3
865396_2022-07-06_11:15:00.000000,3
865396_2022-07-06_09:00:00.000000,3
865396_2022-07-06_06:30:00.000000,3
865396_2022-07-06_16:30:00.000000,3
865396_2022-07-06_19:00:00.000000,1
865396_2022-07-06_18:45:00.000000,1
865396_2022-07-06_10:30:00.000000,3
865396_2022-07-06_07:15:00.000000,3
865396_2022-07-06_14:45:00.000000,3
865396_2022-07-06_13:00:00.000000,3
865396_2022-07-06_15:00:00.000000,3
865396_2022-07-06_12:45:00.000000,3
865396_2022-07-06_18:15:00.000000,3
865396_2022-07-06_07:45:00.000000,3
865396_2022-07-06_09:30:00.000000,3
865396_2022-07-06_12:15:00.000000,3
865396_2022-07-06_14:15:00.000000,3
865396_2022-07-06_13:30:00.000000,3
865396_2022-07-06_15:30:00.000000,3
865396_2022-07-06_11:45:00.000000,3
865396_2022-07-06_16:00:00.000000,3
865396_2022-07-06_10:00:00.000000,3
865396_2022-07-06_08:15:00.000000,3
865396_2022-07-06_17:45:00.000000,3
865396_2022-07-06_06:45:00.000000,3
865396_2022-07-06_07:00:00.000000,3
865396_2022-07-06_08:30:00.000000,3
865396_2022-07-06_13:15:00.000000,3
865396_2022-07-06_15:15:00.000000,3
865396_2022-07-06_12:30:00.000000,3
865396_2022-07-06_14:30:00.000000,3
865396_2022-07-06_18:30:00.000000,3
865396_2022-07-06_17:00:00.000000,3
865396_2022-07-06_10:45:00.000000,3
865396_2022-07-06_16:45:00.000000,3
865396_2022-07-06_09:15:00.000000,3
865396_2022-07-06_11:00:00.000000,3
865504_2022-07-11_11:15:00.000000,3
865504_2022-07-11_09:00:00.000000,3
865504_2022-07-11_06:30:00.000000,3
865504_2022-07-11_17:15:00.000000,1
865504_2022-07-11_08:45:00.000000,3
865504_2022-07-11_12:45:00.000000,3
865504_2022-07-11_15:00:00.000000,3
865504_2022-07-11_13:00:00.000000,1
865504_2022-07-11_14:45:00.000000,3
865504_2022-07-11_10:30:00.000000,3
865504_2022-07-11_07:15:00.000000,1
865504_2022-07-11_18:45:00.000000,1
865504_2022-07-11_16:30:00.000000,3
865504_2022-07-11_19:00:00.000000,1
865504_2022-07-11_08:00:00.000000,1
865504_2022-07-11_10:15:00.000000,3
865504_2022-07-11_07:30:00.000000,3
865504_2022-07-11_09:45:00.000000,1
865504_2022-07-11_16:15:00.000000,2
865504_2022-07-11_14:00:00.000000,3
865504_2022-07-11_13:45:00.000000,3
865504_2022-07-11_15:45:00.000000,3
865504_2022-07-11_12:00:00.000000,1
865504_2022-07-11_11:30:00.000000,1
865504_2022-07-11_17:30:00.000000,1
865504_2022-07-11_18:00:00.000000,1
865504_2022-07-11_15:15:00.000000,3
865504_2022-07-11_13:15:00.000000,1
865504_2022-07-11_07:00:00.000000,1
865504_2022-07-11_08:30:00.000000,1
865504_2022-07-11_06:45:00.000000,1
865504_2022-07-11_09:15:00.000000,1
865504_2022-07-11_11:00:00.000000,1
865504_2022-07-11_16:45:00.000000,1
865504_2022-07-11_10:45:00.000000,1
865504_2022-07-11_18:30:00.000000,1
865504_2022-07-11_17:00:00.000000,1
865504_2022-07-11_14:30:00.000000,1
865504_2022-07-11_12:30:00.000000,1
865504_2022-07-11_14:15:00.000000,1
865504_2022-07-11_12:15:00.000000,1
865504_2022-07-11_09:30:00.000000,1
865504_2022-07-11_07:45:00.000000,1
865504_2022-07-11_18:15:00.000000,1
865504_2022-07-11_17:45:00.000000,1
865504_2022-07-11_10:00:00.000000,1
865504_2022-07-11_08:15:00.000000,1
865504_2022-07-11_16:00:00.000000,1
865504_2022-07-11_11:45:00.000000,1
865504_2022-07-11_15:30:00.000000,1
865504_2022-07-11_13:30:00.000000,1
865500_2022-07-10_09:30:00.000000,1
865500_2022-07-10_18:15:00.000000,1
865500_2022-07-10_07:45:00.000000,1
865500_2022-07-10_14:15:00.000000,3
865500_2022-07-10_12:15:00.000000,1
865500_2022-07-10_15:30:00.000000,3
865500_2022-07-10_13:30:00.000000,3
865500_2022-07-10_10:00:00.000000,1
865500_2022-07-10_08:15:00.000000,1
865500_2022-07-10_17:45:00.000000,3
865500_2022-07-10_11:45:00.000000,1
865500_2022-07-10_16:00:00.000000,3
865500_2022-07-10_08:30:00.000000,1
865500_2022-07-10_07:00:00.000000,1
865500_2022-07-10_06:45:00.000000,1
865500_2022-07-10_15:15:00.000000,3
865500_2022-07-10_13:15:00.000000,3
865500_2022-07-10_14:30:00.000000,3
865500_2022-07-10_12:30:00.000000,3
865500_2022-07-10_16:45:00.000000,1
865500_2022-07-10_09:15:00.000000,1
865500_2022-07-10_11:00:00.000000,1
865500_2022-07-10_17:00:00.000000,1
865500_2022-07-10_18:30:00.000000,1
865500_2022-07-10_10:45:00.000000,1
865500_2022-07-10_07:30:00.000000,1
865500_2022-07-10_08:00:00.000000,1
865500_2022-07-10_10:15:00.000000,1
865500_2022-07-10_16:15:00.000000,3
865500_2022-07-10_09:45:00.000000,1
862112_2022-05-23_18:15:00.000000,6
862112_2022-05-23_16:00:00.000000,6
862112_2022-05-23_17:45:00.000000,6
862112_2022-05-23_15:30:00.000000,6
862112_2022-05-23_15:15:00.000000,6
862112_2022-05-23_17:00:00.000000,6
862112_2022-05-23_18:30:00.000000,6
862112_2022-05-23_16:45:00.000000,6
862112_2022-05-23_16:15:00.000000,6
862112_2022-05-23_15:45:00.000000,6
862112_2022-05-23_18:00:00.000000,6
862112_2022-05-23_17:30:00.000000,6
862112_2022-05-23_17:15:00.000000,6
862112_2022-05-23_15:00:00.000000,6
862112_2022-05-23_19:00:00.000000,6
862112_2022-05-23_16:30:00.000000,6
862112_2022-05-23_18:45:00.000000,6
883428_2023-03-12_10:30:00.000000,1
883428_2023-03-12_13:00:00.000000,1
883428_2023-03-12_14:45:00.000000,1
883428_2023-03-12_12:45:00.000000,1
883428_2023-03-12_15:00:00.000000,1
883428_2023-03-12_08:45:00.000000,1
883428_2023-03-12_09:00:00.000000,1
883428_2023-03-12_11:15:00.000000,1
883428_2023-03-12_11:30:00.000000,1
883428_2023-03-12_12:00:00.000000,1
883428_2023-03-12_14:00:00.000000,5
883428_2023-03-12_13:45:00.000000,1
883428_2023-03-12_09:45:00.000000,1
883428_2023-03-12_10:15:00.000000,1
883428_2023-03-12_08:00:00.000000,6
883428_2023-03-12_12:30:00.000000,1
883428_2023-03-12_14:30:00.000000,1
883428_2023-03-12_10:45:00.000000,1
883428_2023-03-12_11:00:00.000000,1
883428_2023-03-12_09:15:00.000000,1
883428_2023-03-12_08:30:00.000000,1
883428_2023-03-12_13:15:00.000000,1
883428_2023-03-12_15:15:00.000000,1
883428_2023-03-12_13:30:00.000000,1
883428_2023-03-12_15:30:00.000000,1
883428_2023-03-12_11:45:00.000000,1
883428_2023-03-12_08:15:00.000000,6
883428_2023-03-12_10:00:00.000000,1
883428_2023-03-12_09:30:00.000000,1
883428_2023-03-12_12:15:00.000000,1
883428_2023-03-12_14:15:00.000000,1
875316_2022-10-25_11:30:00.000000,3
875316_2022-10-25_12:00:00.000000,3
875316_2022-10-25_11:15:00.000000,3
875316_2022-10-25_10:30:00.000000,3
875316_2022-10-25_13:00:00.000000,3
875316_2022-10-25_12:45:00.000000,3
875316_2022-10-25_12:15:00.000000,3
875316_2022-10-25_11:45:00.000000,3
875316_2022-10-25_12:30:00.000000,3
875316_2022-10-25_10:45:00.000000,3
875316_2022-10-25_11:00:00.000000,1
875318_2022-10-25_10:30:00.000000,3
875318_2022-10-25_12:15:00.000000,3
875318_2022-10-25_11:00:00.000000,1
875318_2022-10-25_11:45:00.000000,3
875318_2022-10-25_11:30:00.000000,3
875318_2022-10-25_10:45:00.000000,3
875318_2022-10-25_13:00:00.000000,3
875318_2022-10-25_12:30:00.000000,3
875318_2022-10-25_12:00:00.000000,3
875318_2022-10-25_11:15:00.000000,3
875318_2022-10-25_12:45:00.000000,3
869198_2022-08-19_07:30:00.000000,1
869198_2022-08-19_11:45:00.000000,6
869198_2022-08-19_14:15:00.000000,6
869198_2022-08-19_08:15:00.000000,6
869198_2022-08-19_11:00:00.000000,6
869198_2022-08-19_12:15:00.000000,6
869198_2022-08-19_10:30:00.000000,6
869198_2022-08-19_10:45:00.000000,6
869198_2022-08-19_07:00:00.000000,3
869198_2022-08-19_07:45:00.000000,6
869198_2022-08-19_13:15:00.000000,6
869198_2022-08-19_10:00:00.000000,6
869198_2022-08-19_09:15:00.000000,6
869198_2022-08-19_11:30:00.000000,6
869198_2022-08-19_13:45:00.000000,6
869198_2022-08-19_09:45:00.000000,6
869198_2022-08-19_07:15:00.000000,1
869198_2022-08-19_14:30:00.000000,6
869198_2022-08-19_12:30:00.000000,6
869198_2022-08-19_08:30:00.000000,6
869198_2022-08-19_09:00:00.000000,6
869198_2022-08-19_13:00:00.000000,6
869198_2022-08-19_10:15:00.000000,6
869198_2022-08-19_08:45:00.000000,6
869198_2022-08-19_14:00:00.000000,6
869198_2022-08-19_12:45:00.000000,6
869198_2022-08-19_09:30:00.000000,6
869198_2022-08-19_13:30:00.000000,6
869198_2022-08-19_11:15:00.000000,6
869198_2022-08-19_12:00:00.000000,6
869198_2022-08-19_08:00:00.000000,6
869196_2022-08-19_08:30:00.000000,6
869196_2022-08-19_07:00:00.000000,3
869196_2022-08-19_13:15:00.000000,6
869196_2022-08-19_14:30:00.000000,6
869196_2022-08-19_12:30:00.000000,6
869196_2022-08-19_09:15:00.000000,6
869196_2022-08-19_11:00:00.000000,6
869196_2022-08-19_10:45:00.000000,6
869196_2022-08-19_09:30:00.000000,6
869196_2022-08-19_07:45:00.000000,6
869196_2022-08-19_14:15:00.000000,6
869196_2022-08-19_12:15:00.000000,6
869196_2022-08-19_13:30:00.000000,6
869196_2022-08-19_10:00:00.000000,6
869196_2022-08-19_08:15:00.000000,6
869196_2022-08-19_11:45:00.000000,6
869196_2022-08-19_11:15:00.000000,6
869196_2022-08-19_09:00:00.000000,6
869196_2022-08-19_08:45:00.000000,6
869196_2022-08-19_07:15:00.000000,1
869196_2022-08-19_10:30:00.000000,6
869196_2022-08-19_12:45:00.000000,6
869196_2022-08-19_13:00:00.000000,6
869196_2022-08-19_07:30:00.000000,1
869196_2022-08-19_08:00:00.000000,6
869196_2022-08-19_10:15:00.000000,6
869196_2022-08-19_09:45:00.000000,6
869196_2022-08-19_11:30:00.000000,6
869196_2022-08-19_13:45:00.000000,6
869196_2022-08-19_14:00:00.000000,6
869196_2022-08-19_12:00:00.000000,6
862198_2022-05-28_09:30:00.000000,3
862198_2022-05-28_07:45:00.000000,3
862198_2022-05-28_14:15:00.000000,3
862198_2022-05-28_12:15:00.000000,3
862198_2022-05-28_13:30:00.000000,3
862198_2022-05-28_08:15:00.000000,1
862198_2022-05-28_10:00:00.000000,3
862198_2022-05-28_11:45:00.000000,3
862198_2022-05-28_08:30:00.000000,3
862198_2022-05-28_07:00:00.000000,1
862198_2022-05-28_13:15:00.000000,1
862198_2022-05-28_14:30:00.000000,1
862198_2022-05-28_12:30:00.000000,1
862198_2022-05-28_11:00:00.000000,3
862198_2022-05-28_09:15:00.000000,1
862198_2022-05-28_10:45:00.000000,1
862198_2022-05-28_07:30:00.000000,1
862198_2022-05-28_10:15:00.000000,1
862198_2022-05-28_08:00:00.000000,1
862198_2022-05-28_09:45:00.000000,3
862198_2022-05-28_11:30:00.000000,1
862198_2022-05-28_13:45:00.000000,3
862198_2022-05-28_14:00:00.000000,3
862198_2022-05-28_12:00:00.000000,3
862198_2022-05-28_09:00:00.000000,1
862198_2022-05-28_11:15:00.000000,1
862198_2022-05-28_08:45:00.000000,1
862198_2022-05-28_07:15:00.000000,1
862198_2022-05-28_10:30:00.000000,3
862198_2022-05-28_12:45:00.000000,1
862198_2022-05-28_13:00:00.000000,3
861416_2022-05-22_11:30:00.000000,3
861416_2022-05-22_07:45:00.000000,3
861416_2022-05-22_10:00:00.000000,3
861416_2022-05-22_13:15:00.000000,1
861416_2022-05-22_09:15:00.000000,3
861416_2022-05-22_10:45:00.000000,3
861416_2022-05-22_07:00:00.000000,3
861416_2022-05-22_10:30:00.000000,3
861416_2022-05-22_08:15:00.000000,6
861416_2022-05-22_12:15:00.000000,3
861416_2022-05-22_11:00:00.000000,3
861416_2022-05-22_11:45:00.000000,1
861416_2022-05-22_14:15:00.000000,3
861416_2022-05-22_07:30:00.000000,3
861416_2022-05-22_12:00:00.000000,3
861416_2022-05-22_11:15:00.000000,3
861416_2022-05-22_08:00:00.000000,3
861416_2022-05-22_09:30:00.000000,3
861416_2022-05-22_13:30:00.000000,3
861416_2022-05-22_08:45:00.000000,3
861416_2022-05-22_14:00:00.000000,3
861416_2022-05-22_12:45:00.000000,3
861416_2022-05-22_09:00:00.000000,6
861416_2022-05-22_10:15:00.000000,3
861416_2022-05-22_13:00:00.000000,6
861416_2022-05-22_12:30:00.000000,6
861416_2022-05-22_08:30:00.000000,3
861416_2022-05-22_14:30:00.000000,1
861416_2022-05-22_13:45:00.000000,6
861416_2022-05-22_09:45:00.000000,3
861416_2022-05-22_07:15:00.000000,3
862188_2022-05-27_14:30:00.000000,3
862188_2022-05-27_07:15:00.000000,1
862188_2022-05-27_13:45:00.000000,3
862188_2022-05-27_09:45:00.000000,3
862188_2022-05-27_09:00:00.000000,3
862188_2022-05-27_13:00:00.000000,1
862188_2022-05-27_10:15:00.000000,3
862188_2022-05-27_12:30:00.000000,3
862188_2022-05-27_08:30:00.000000,3
862188_2022-05-27_08:45:00.000000,3
862188_2022-05-27_14:00:00.000000,3
862188_2022-05-27_12:45:00.000000,3
862188_2022-05-27_11:15:00.000000,3
862188_2022-05-27_12:00:00.000000,3
862188_2022-05-27_08:00:00.000000,3
862188_2022-05-27_09:30:00.000000,3
862188_2022-05-27_13:30:00.000000,3
862188_2022-05-27_11:45:00.000000,1
862188_2022-05-27_14:15:00.000000,3
862188_2022-05-27_07:30:00.000000,3
862188_2022-05-27_10:30:00.000000,3
862188_2022-05-27_08:15:00.000000,1
862188_2022-05-27_11:00:00.000000,3
862188_2022-05-27_12:15:00.000000,3
862188_2022-05-27_07:00:00.000000,6
862188_2022-05-27_10:45:00.000000,3
862188_2022-05-27_11:30:00.000000,3
862188_2022-05-27_13:15:00.000000,3
862188_2022-05-27_10:00:00.000000,3
862188_2022-05-27_09:15:00.000000,3
862188_2022-05-27_07:45:00.000000,3
862176_2022-05-26_09:00:00.000000,3
862176_2022-05-26_10:15:00.000000,3
862176_2022-05-26_13:00:00.000000,3
862176_2022-05-26_12:30:00.000000,1
862176_2022-05-26_08:30:00.000000,3
862176_2022-05-26_14:30:00.000000,3
862176_2022-05-26_13:45:00.000000,1
862176_2022-05-26_09:45:00.000000,3
862176_2022-05-26_07:15:00.000000,1
862176_2022-05-26_12:00:00.000000,1
862176_2022-05-26_11:15:00.000000,3
862176_2022-05-26_08:00:00.000000,3
862176_2022-05-26_09:30:00.000000,1
862176_2022-05-26_13:30:00.000000,3
862176_2022-05-26_08:45:00.000000,3
862176_2022-05-26_14:00:00.000000,3
862176_2022-05-26_12:45:00.000000,3
862176_2022-05-26_10:30:00.000000,3
862176_2022-05-26_08:15:00.000000,1
862176_2022-05-26_12:15:00.000000,1
862176_2022-05-26_11:00:00.000000,3
862176_2022-05-26_11:45:00.000000,1
862176_2022-05-26_14:15:00.000000,3
862176_2022-05-26_07:30:00.000000,1
862176_2022-05-26_11:30:00.000000,1
862176_2022-05-26_07:45:00.000000,3
862176_2022-05-26_10:00:00.000000,3
862176_2022-05-26_13:15:00.000000,3
862176_2022-05-26_09:15:00.000000,3
862176_2022-05-26_10:45:00.000000,3
862176_2022-05-26_07:00:00.000000,1
862162_2022-05-25_09:45:00.000000,3
862162_2022-05-25_07:30:00.000000,3
862162_2022-05-25_08:00:00.000000,3
862162_2022-05-25_10:15:00.000000,3
862162_2022-05-25_11:30:00.000000,3
862162_2022-05-25_12:00:00.000000,3
862162_2022-05-25_13:45:00.000000,3
862162_2022-05-25_14:00:00.000000,1
862162_2022-05-25_08:45:00.000000,3
862162_2022-05-25_11:15:00.000000,3
862162_2022-05-25_09:00:00.000000,3
862162_2022-05-25_07:15:00.000000,3
862162_2022-05-25_10:30:00.000000,3
862162_2022-05-25_13:00:00.000000,3
862162_2022-05-25_12:45:00.000000,3
862162_2022-05-25_07:45:00.000000,3
862162_2022-05-25_09:30:00.000000,3
862162_2022-05-25_12:15:00.000000,3
862162_2022-05-25_14:15:00.000000,3
862162_2022-05-25_13:30:00.000000,1
862162_2022-05-25_11:45:00.000000,3
862162_2022-05-25_10:00:00.000000,3
862162_2022-05-25_08:15:00.000000,3
862162_2022-05-25_08:30:00.000000,3
862162_2022-05-25_07:00:00.000000,3
862162_2022-05-25_13:15:00.000000,3
862162_2022-05-25_12:30:00.000000,3
862162_2022-05-25_14:30:00.000000,3
862162_2022-05-25_10:45:00.000000,3
862162_2022-05-25_09:15:00.000000,3
862162_2022-05-25_11:00:00.000000,3
862164_2022-05-25_12:45:00.000000,3
862164_2022-05-25_14:00:00.000000,1
862164_2022-05-25_08:45:00.000000,3
862164_2022-05-25_08:00:00.000000,3
862164_2022-05-25_11:15:00.000000,3
862164_2022-05-25_12:00:00.000000,3
862164_2022-05-25_13:30:00.000000,1
862164_2022-05-25_09:30:00.000000,3
862164_2022-05-25_14:30:00.000000,3
862164_2022-05-25_07:15:00.000000,3
862164_2022-05-25_09:45:00.000000,3
862164_2022-05-25_13:45:00.000000,3
862164_2022-05-25_13:00:00.000000,3
862164_2022-05-25_10:15:00.000000,3
862164_2022-05-25_09:00:00.000000,3
862164_2022-05-25_08:30:00.000000,3
862164_2022-05-25_12:30:00.000000,3
862164_2022-05-25_07:00:00.000000,3
862164_2022-05-25_10:45:00.000000,3
862164_2022-05-25_11:30:00.000000,3
862164_2022-05-25_09:15:00.000000,3
862164_2022-05-25_13:15:00.000000,3
862164_2022-05-25_10:00:00.000000,3
862164_2022-05-25_07:45:00.000000,3
862164_2022-05-25_14:15:00.000000,3
862164_2022-05-25_11:45:00.000000,3
862164_2022-05-25_07:30:00.000000,3
862164_2022-05-25_10:30:00.000000,3
862164_2022-05-25_11:00:00.000000,3
862164_2022-05-25_12:15:00.000000,3
862164_2022-05-25_08:15:00.000000,3
861402_2022-05-23_08:45:00.000000,1
861402_2022-05-23_11:15:00.000000,6
861402_2022-05-23_09:00:00.000000,1
861402_2022-05-23_10:30:00.000000,1
861402_2022-05-23_07:15:00.000000,3
861402_2022-05-23_13:00:00.000000,6
861402_2022-05-23_12:45:00.000000,6
861402_2022-05-23_09:45:00.000000,1
861402_2022-05-23_08:00:00.000000,1
861402_2022-05-23_10:15:00.000000,1
861402_2022-05-23_07:30:00.000000,1
861402_2022-05-23_11:30:00.000000,6
861402_2022-05-23_12:00:00.000000,6
861402_2022-05-23_13:45:00.000000,6
861402_2022-05-23_14:00:00.000000,6
861402_2022-05-23_07:00:00.000000,3
861402_2022-05-23_08:30:00.000000,1
861402_2022-05-23_13:15:00.000000,6
861402_2022-05-23_12:30:00.000000,6
861402_2022-05-23_14:30:00.000000,6
861402_2022-05-23_10:45:00.000000,6
861402_2022-05-23_09:15:00.000000,1
861402_2022-05-23_11:00:00.000000,6
861402_2022-05-23_07:45:00.000000,3
861402_2022-05-23_09:30:00.000000,1
861402_2022-05-23_12:15:00.000000,6
861402_2022-05-23_14:15:00.000000,6
861402_2022-05-23_13:30:00.000000,6
861402_2022-05-23_11:45:00.000000,6
861402_2022-05-23_10:00:00.000000,1
861402_2022-05-23_08:15:00.000000,1
861414_2022-05-22_13:15:00.000000,1
861414_2022-05-22_08:30:00.000000,3
861414_2022-05-22_07:00:00.000000,3
861414_2022-05-22_10:45:00.000000,3
861414_2022-05-22_11:00:00.000000,3
861414_2022-05-22_09:15:00.000000,3
861414_2022-05-22_12:30:00.000000,6
861414_2022-05-22_14:30:00.000000,1
861414_2022-05-22_12:15:00.000000,3
861414_2022-05-22_14:15:00.000000,3
861414_2022-05-22_07:45:00.000000,3
861414_2022-05-22_09:30:00.000000,3
861414_2022-05-22_11:45:00.000000,1
861414_2022-05-22_08:15:00.000000,6
861414_2022-05-22_10:00:00.000000,3
861414_2022-05-22_13:30:00.000000,3
861414_2022-05-22_08:45:00.000000,3
861414_2022-05-22_09:00:00.000000,6
861414_2022-05-22_11:15:00.000000,3
861414_2022-05-22_13:00:00.000000,6
861414_2022-05-22_12:45:00.000000,3
861414_2022-05-22_07:15:00.000000,3
861414_2022-05-22_10:30:00.000000,3
861414_2022-05-22_09:45:00.000000,3
861414_2022-05-22_07:30:00.000000,3
861414_2022-05-22_10:15:00.000000,3
861414_2022-05-22_08:00:00.000000,3
861414_2022-05-22_12:00:00.000000,3
861414_2022-05-22_14:00:00.000000,3
861414_2022-05-22_13:45:00.000000,6
861414_2022-05-22_11:30:00.000000,3
861426_2022-05-21_13:15:00.000000,3
861426_2022-05-21_07:00:00.000000,1
861426_2022-05-21_08:30:00.000000,3
861426_2022-05-21_11:00:00.000000,1
861426_2022-05-21_09:15:00.000000,6
861426_2022-05-21_10:45:00.000000,3
861426_2022-05-21_14:30:00.000000,3
861426_2022-05-21_12:30:00.000000,1
861426_2022-05-21_14:15:00.000000,3
861426_2022-05-21_12:15:00.000000,1
861426_2022-05-21_09:30:00.000000,3
861426_2022-05-21_07:45:00.000000,3
861426_2022-05-21_08:15:00.000000,3
861426_2022-05-21_10:00:00.000000,3
861426_2022-05-21_11:45:00.000000,1
861426_2022-05-21_13:30:00.000000,3
861426_2022-05-21_09:00:00.000000,3
861426_2022-05-21_11:15:00.000000,3
861426_2022-05-21_08:45:00.000000,3
861426_2022-05-21_12:45:00.000000,3
861426_2022-05-21_13:00:00.000000,3
861426_2022-05-21_10:30:00.000000,3
861426_2022-05-21_07:15:00.000000,1
861426_2022-05-21_10:15:00.000000,6
861426_2022-05-21_08:00:00.000000,6
861426_2022-05-21_07:30:00.000000,3
861426_2022-05-21_09:45:00.000000,3
861426_2022-05-21_13:45:00.000000,1
861426_2022-05-21_14:00:00.000000,3
861426_2022-05-21_12:00:00.000000,1
861426_2022-05-21_11:30:00.000000,3
862240_2022-05-24_07:00:00.000000,6
862240_2022-05-24_10:45:00.000000,6
862240_2022-05-24_11:30:00.000000,3
862240_2022-05-24_09:15:00.000000,6
862240_2022-05-24_10:00:00.000000,3
862240_2022-05-24_13:15:00.000000,1
862240_2022-05-24_07:45:00.000000,3
862240_2022-05-24_11:45:00.000000,3
862240_2022-05-24_14:15:00.000000,1
862240_2022-05-24_07:30:00.000000,1
862240_2022-05-24_10:30:00.000000,3
862240_2022-05-24_12:15:00.000000,3
862240_2022-05-24_11:00:00.000000,3
862240_2022-05-24_08:15:00.000000,6
862240_2022-05-24_14:00:00.000000,3
862240_2022-05-24_12:45:00.000000,3
862240_2022-05-24_08:45:00.000000,6
862240_2022-05-24_08:00:00.000000,1
862240_2022-05-24_12:00:00.000000,3
862240_2022-05-24_11:15:00.000000,3
862240_2022-05-24_13:30:00.000000,3
862240_2022-05-24_09:30:00.000000,6
862240_2022-05-24_14:30:00.000000,1
862240_2022-05-24_07:15:00.000000,1
862240_2022-05-24_09:45:00.000000,3
862240_2022-05-24_13:45:00.000000,3
862240_2022-05-24_10:15:00.000000,3
862240_2022-05-24_13:00:00.000000,3
862240_2022-05-24_09:00:00.000000,6
862240_2022-05-24_08:30:00.000000,6
862240_2022-05-24_12:30:00.000000,3
861404_2022-05-23_14:30:00.000000,6
861404_2022-05-23_07:15:00.000000,3
861404_2022-05-23_09:45:00.000000,1
861404_2022-05-23_13:45:00.000000,6
861404_2022-05-23_10:15:00.000000,1
861404_2022-05-23_13:00:00.000000,6
861404_2022-05-23_09:00:00.000000,1
861404_2022-05-23_08:30:00.000000,1
861404_2022-05-23_12:30:00.000000,6
861404_2022-05-23_14:00:00.000000,6
861404_2022-05-23_12:45:00.000000,6
861404_2022-05-23_08:45:00.000000,1
861404_2022-05-23_08:00:00.000000,1
861404_2022-05-23_12:00:00.000000,6
861404_2022-05-23_11:15:00.000000,6
861404_2022-05-23_13:30:00.000000,6
861404_2022-05-23_09:30:00.000000,1
861404_2022-05-23_11:45:00.000000,6
861404_2022-05-23_14:15:00.000000,6
861404_2022-05-23_07:30:00.000000,1
861404_2022-05-23_10:30:00.000000,1
861404_2022-05-23_12:15:00.000000,6
861404_2022-05-23_11:00:00.000000,6
861404_2022-05-23_08:15:00.000000,1
861404_2022-05-23_07:00:00.000000,3
861404_2022-05-23_10:45:00.000000,6
861404_2022-05-23_11:30:00.000000,6
861404_2022-05-23_09:15:00.000000,1
861404_2022-05-23_10:00:00.000000,1
861404_2022-05-23_13:15:00.000000,6
861404_2022-05-23_07:45:00.000000,3
862174_2022-05-26_10:30:00.000000,3
862174_2022-05-26_07:15:00.000000,1
862174_2022-05-26_12:45:00.000000,3
862174_2022-05-26_13:00:00.000000,3
862174_2022-05-26_09:00:00.000000,3
862174_2022-05-26_11:15:00.000000,3
862174_2022-05-26_08:45:00.000000,3
862174_2022-05-26_11:30:00.000000,1
862174_2022-05-26_14:00:00.000000,3
862174_2022-05-26_13:45:00.000000,1
862174_2022-05-26_12:00:00.000000,1
862174_2022-05-26_10:15:00.000000,3
862174_2022-05-26_08:00:00.000000,3
862174_2022-05-26_07:30:00.000000,1
862174_2022-05-26_09:45:00.000000,3
862174_2022-05-26_14:30:00.000000,3
862174_2022-05-26_12:30:00.000000,1
862174_2022-05-26_11:00:00.000000,3
862174_2022-05-26_09:15:00.000000,3
862174_2022-05-26_10:45:00.000000,3
862174_2022-05-26_07:00:00.000000,1
862174_2022-05-26_08:30:00.000000,3
862174_2022-05-26_13:15:00.000000,3
862174_2022-05-26_13:30:00.000000,3
862174_2022-05-26_08:15:00.000000,1
862174_2022-05-26_10:00:00.000000,3
862174_2022-05-26_11:45:00.000000,1
862174_2022-05-26_09:30:00.000000,1
862174_2022-05-26_07:45:00.000000,3
862174_2022-05-26_14:15:00.000000,3
862174_2022-05-26_12:15:00.000000,1
863016_2022-06-02_08:15:00.000000,3
863016_2022-06-02_12:15:00.000000,1
863016_2022-06-02_11:45:00.000000,3
863016_2022-06-02_07:45:00.000000,3
863016_2022-06-02_13:15:00.000000,3
863016_2022-06-02_09:15:00.000000,3
863016_2022-06-02_10:45:00.000000,1
863016_2022-06-02_10:15:00.000000,1
863016_2022-06-02_09:45:00.000000,3
863016_2022-06-02_07:15:00.000000,3
863016_2022-06-02_11:15:00.000000,3
863016_2022-06-02_13:30:00.000000,3
863016_2022-06-02_08:45:00.000000,3
863016_2022-06-02_12:45:00.000000,3
861428_2022-05-21_11:30:00.000000,3
861428_2022-05-21_07:45:00.000000,3
861428_2022-05-21_10:00:00.000000,3
861428_2022-05-21_13:15:00.000000,3
861428_2022-05-21_09:15:00.000000,6
861428_2022-05-21_10:45:00.000000,3
861428_2022-05-21_07:00:00.000000,1
861428_2022-05-21_10:30:00.000000,3
861428_2022-05-21_08:15:00.000000,3
861428_2022-05-21_12:15:00.000000,1
861428_2022-05-21_11:00:00.000000,1
861428_2022-05-21_14:15:00.000000,3
861428_2022-05-21_11:45:00.000000,1
861428_2022-05-21_07:30:00.000000,3
861428_2022-05-21_12:00:00.000000,1
861428_2022-05-21_11:15:00.000000,3
861428_2022-05-21_08:00:00.000000,6
861428_2022-05-21_09:30:00.000000,3
861428_2022-05-21_13:30:00.000000,3
861428_2022-05-21_08:45:00.000000,3
861428_2022-05-21_12:45:00.000000,3
861428_2022-05-21_14:00:00.000000,3
861428_2022-05-21_09:00:00.000000,3
861428_2022-05-21_10:15:00.000000,6
861428_2022-05-21_13:00:00.000000,3
861428_2022-05-21_12:30:00.000000,1
861428_2022-05-21_08:30:00.000000,3
861428_2022-05-21_14:30:00.000000,3
861428_2022-05-21_13:45:00.000000,1
861428_2022-05-21_09:45:00.000000,3
861428_2022-05-21_07:15:00.000000,1
862200_2022-05-28_14:15:00.000000,3
862200_2022-05-28_11:45:00.000000,3
862200_2022-05-28_07:30:00.000000,1
862200_2022-05-28_10:30:00.000000,3
862200_2022-05-28_12:15:00.000000,3
862200_2022-05-28_11:00:00.000000,3
862200_2022-05-28_08:15:00.000000,1
862200_2022-05-28_10:45:00.000000,1
862200_2022-05-28_07:00:00.000000,1
862200_2022-05-28_11:30:00.000000,1
862200_2022-05-28_07:45:00.000000,3
862200_2022-05-28_09:15:00.000000,1
862200_2022-05-28_10:00:00.000000,3
862200_2022-05-28_13:15:00.000000,1
862200_2022-05-28_14:30:00.000000,1
862200_2022-05-28_09:45:00.000000,3
862200_2022-05-28_13:45:00.000000,3
862200_2022-05-28_07:15:00.000000,1
862200_2022-05-28_10:15:00.000000,1
862200_2022-05-28_13:00:00.000000,3
862200_2022-05-28_09:00:00.000000,1
862200_2022-05-28_08:30:00.000000,3
862200_2022-05-28_12:30:00.000000,1
862200_2022-05-28_12:45:00.000000,1
862200_2022-05-28_14:00:00.000000,3
862200_2022-05-28_08:45:00.000000,1
862200_2022-05-28_08:00:00.000000,1
862200_2022-05-28_12:00:00.000000,3
862200_2022-05-28_11:15:00.000000,1
862200_2022-05-28_13:30:00.000000,3
862200_2022-05-28_09:30:00.000000,3
862186_2022-05-27_10:00:00.000000,3
862186_2022-05-27_08:15:00.000000,1
862186_2022-05-27_11:45:00.000000,1
862186_2022-05-27_13:30:00.000000,3
862186_2022-05-27_14:15:00.000000,3
862186_2022-05-27_12:15:00.000000,3
862186_2022-05-27_09:30:00.000000,3
862186_2022-05-27_07:45:00.000000,3
862186_2022-05-27_09:15:00.000000,3
862186_2022-05-27_11:00:00.000000,3
862186_2022-05-27_10:45:00.000000,3
862186_2022-05-27_14:30:00.000000,3
862186_2022-05-27_12:30:00.000000,3
862186_2022-05-27_13:15:00.000000,3
862186_2022-05-27_08:30:00.000000,3
862186_2022-05-27_07:00:00.000000,6
862186_2022-05-27_13:45:00.000000,3
862186_2022-05-27_14:00:00.000000,3
862186_2022-05-27_12:00:00.000000,3
862186_2022-05-27_11:30:00.000000,3
862186_2022-05-27_07:30:00.000000,3
862186_2022-05-27_08:00:00.000000,3
862186_2022-05-27_10:15:00.000000,3
862186_2022-05-27_09:45:00.000000,3
862186_2022-05-27_12:45:00.000000,3
862186_2022-05-27_13:00:00.000000,1
862186_2022-05-27_07:15:00.000000,1
862186_2022-05-27_10:30:00.000000,3
862186_2022-05-27_11:15:00.000000,3
862186_2022-05-27_09:00:00.000000,3
862186_2022-05-27_08:45:00.000000,3
862238_2022-05-24_12:15:00.000000,3
862238_2022-05-24_14:15:00.000000,1
862238_2022-05-24_07:45:00.000000,3
862238_2022-05-24_09:30:00.000000,6
862238_2022-05-24_11:45:00.000000,3
862238_2022-05-24_08:15:00.000000,6
862238_2022-05-24_10:00:00.000000,3
862238_2022-05-24_13:30:00.000000,3
862238_2022-05-24_13:15:00.000000,1
862238_2022-05-24_08:30:00.000000,6
862238_2022-05-24_07:00:00.000000,6
862238_2022-05-24_10:45:00.000000,6
862238_2022-05-24_11:00:00.000000,3
862238_2022-05-24_09:15:00.000000,6
862238_2022-05-24_12:30:00.000000,3
862238_2022-05-24_14:30:00.000000,1
862238_2022-05-24_09:45:00.000000,3
862238_2022-05-24_07:30:00.000000,1
862238_2022-05-24_10:15:00.000000,3
862238_2022-05-24_08:00:00.000000,1
862238_2022-05-24_12:00:00.000000,3
862238_2022-05-24_14:00:00.000000,3
862238_2022-05-24_13:45:00.000000,3
862238_2022-05-24_11:30:00.000000,3
862238_2022-05-24_08:45:00.000000,6
862238_2022-05-24_09:00:00.000000,6
862238_2022-05-24_11:15:00.000000,3
862238_2022-05-24_13:00:00.000000,3
862238_2022-05-24_12:45:00.000000,3
862238_2022-05-24_07:15:00.000000,1
862238_2022-05-24_10:30:00.000000,3
876498_2022-11-19_12:45:00.000000,2
876498_2022-11-19_13:00:00.000000,2
867640_2022-08-05_07:00:00.000000,2
867640_2022-08-05_06:45:00.000000,2
872004_2022-09-23_14:00:00.000000,2
872004_2022-09-23_13:45:00.000000,2
873300_2022-10-11_11:00:00.000000,2
873300_2022-10-11_08:45:00.000000,2
873300_2022-10-11_09:00:00.000000,2
868448_2022-08-18_11:00:00.000000,2
868448_2022-08-18_10:45:00.000000,2
868448_2022-08-18_12:00:00.000000,2
880334_2023-01-14_12:45:00.000000,2
880330_2023-01-13_14:15:00.000000,2
880330_2023-01-13_10:15:00.000000,2
877600_2022-12-14_08:30:00.000000,2
881218_2023-02-09_07:15:00.000000,2
881218_2023-02-09_09:00:00.000000,2
881218_2023-02-09_07:30:00.000000,2
888140_2023-05-04_08:45:00.000000,2
888140_2023-05-04_08:30:00.000000,2
888144_2023-05-05_07:45:00.000000,2
888144_2023-05-05_07:00:00.000000,2
888144_2023-05-05_08:00:00.000000,2
888144_2023-05-05_07:15:00.000000,2
888168_2023-05-11_09:00:00.000000,2
888464_2023-05-17_15:15:00.000000,2
888484_2023-05-22_13:45:00.000000,2
888484_2023-05-22_13:30:00.000000,2
2022421_2023-07-15_09:45:00.000000,2
2022421_2023-07-15_16:30:00.000000,2
2022421_2023-07-15_10:00:00.000000,2
2022421_2023-07-15_10:15:00.000000,2
2022421_2023-07-15_16:15:00.000000,2
2021338_2023-07-10_11:45:00.000000,2
2021311_2023-07-07_10:15:00.000000,2
2021311_2023-07-07_10:00:00.000000,2
2022445_2023-07-19_17:15:00.000000,2
2022445_2023-07-19_17:30:00.000000,2
2022572_2023-07-24_17:30:00.000000,2
2022572_2023-07-24_18:00:00.000000,2
2022572_2023-07-24_17:45:00.000000,2
2022596_2023-07-28_15:45:00.000000,2
2022596_2023-07-28_16:00:00.000000,2
2022602_2023-07-29_07:15:00.000000,2
2022602_2023-07-29_07:30:00.000000,2
2022439_2023-07-18_17:45:00.000000,2
2022644_2023-08-05_07:15:00.000000,2
2022644_2023-08-05_07:00:00.000000,2
2025187_2023-09-17_16:00:00.000000,2
2025205_2023-09-20_14:30:00.000000,2
2025229_2023-09-24_15:00:00.000000,2
2024373_2023-08-17_12:45:00.000000,2
2024373_2023-08-17_12:30:00.000000,2
2024391_2023-08-20_06:15:00.000000,2
2024760_2023-08-26_12:45:00.000000,2
2028255_2023-11-02_12:30:00.000000,2
2028693_2024-01-14_11:45:00.000000,2
2028807_2024-02-02_11:00:00.000000,2
2028843_2024-02-08_11:45:00.000000,2
2028963_2024-02-28_09:15:00.000000,2
2028963_2024-02-28_09:00:00.000000,2
2028897_2024-02-17_13:30:00.000000,2
2028897_2024-02-17_13:45:00.000000,2
2028885_2024-02-15_09:00:00.000000,2
2028885_2024-02-15_09:15:00.000000,2
2028783_2024-01-29_10:30:00.000000,2
2028783_2024-01-29_10:15:00.000000,2
2029029_2024-03-10_12:30:00.000000,2
2029029_2024-03-10_12:15:00.000000,2
2029029_2024-03-10_12:00:00.000000,2
2029299_2024-04-24_14:30:00.000000,2
2029299_2024-04-24_14:15:00.000000,2
2029359_2024-05-04_06:30:00.000000,2
2029359_2024-05-04_06:15:00.000000,2
2040132_2024-05-14_16:45:00.000000,2
2040132_2024-05-14_17:00:00.000000,2
2040132_2024-05-14_17:45:00.000000,2
2040132_2024-05-14_17:30:00.000000,2
2040132_2024-05-14_12:45:00.000000,2
2040132_2024-05-14_17:15:00.000000,2
2040132_2024-05-14_13:00:00.000000,2
2040281_2024-05-27_07:00:00.000000,2
2040281_2024-05-27_07:15:00.000000,2
2040281_2024-05-27_07:30:00.000000,2
2040812_2024-05-29_14:45:00.000000,2
2040812_2024-05-29_14:15:00.000000,2
2040812_2024-05-29_14:30:00.000000,2
2041027_2024-06-17_11:00:00.000000,2
2041027_2024-06-17_10:45:00.000000,2
2041027_2024-06-17_10:30:00.000000,2
2042274_2024-07-13_12:45:00.000000,2
2042274_2024-07-13_12:30:00.000000,2
2042956_2024-07-16_13:15:00.000000,2
2042956_2024-07-16_13:30:00.000000,2
2042956_2024-07-16_13:45:00.000000,2
2042220_2024-07-04_14:30:00.000000,2
2042220_2024-07-04_14:45:00.000000,2
2042322_2024-07-21_16:30:00.000000,2
2042328_2024-07-22_09:30:00.000000,2
2042328_2024-07-22_09:15:00.000000,2
2042298_2024-07-17_06:45:00.000000,2
2042298_2024-07-17_07:00:00.000000,2
2042298_2024-07-17_06:30:00.000000,2
2042298_2024-07-17_07:15:00.000000,2
2042370_2024-07-29_12:45:00.000000,2
2042370_2024-07-29_13:00:00.000000,2
2042358_2024-07-27_05:30:00.000000,2
2042358_2024-07-27_05:45:00.000000,2
2042340_2024-07-24_07:45:00.000000,2
2042340_2024-07-24_17:30:00.000000,2
2042340_2024-07-24_17:15:00.000000,2
2043569_2024-08-05_05:30:00.000000,2
2043569_2024-08-05_13:30:00.000000,2
2043569_2024-08-05_05:15:00.000000,2
2043850_2024-08-09_12:00:00.000000,2
2044342_2024-08-14_06:45:00.000000,2
2044342_2024-08-14_07:00:00.000000,2
2043545_2024-08-01_07:15:00.000000,2
859728_2022-05-12_13:00:00.000000,3
859728_2022-05-12_09:30:00.000000,3
859728_2022-05-12_10:30:00.000000,3
863014_2022-06-02_13:00:00.000000,3
863016_2022-06-02_13:00:00.000000,3
859726_2022-05-12_13:00:00.000000,3
859726_2022-05-12_10:30:00.000000,3
859726_2022-05-12_09:30:00.000000,3
858918_2022-05-02_09:30:00.000000,3
858918_2022-05-02_06:45:00.000000,3
858918_2022-05-02_10:15:00.000000,3
859140_2022-05-04_10:45:00.000000,3
859140_2022-05-04_15:15:00.000000,4
859140_2022-05-04_10:00:00.000000,4
859340_2022-05-06_12:15:00.000000,3
859336_2022-05-07_15:00:00.000000,3
859336_2022-05-07_10:15:00.000000,3
859336_2022-05-07_14:15:00.000000,3
859336_2022-05-07_11:45:00.000000,3
859690_2022-05-11_17:15:00.000000,3
859690_2022-05-11_12:30:00.000000,3
859062_2022-05-03_11:30:00.000000,3
859062_2022-05-03_13:45:00.000000,3
859062_2022-05-03_14:00:00.000000,3
859062_2022-05-03_15:45:00.000000,3
859062_2022-05-03_08:00:00.000000,3
859062_2022-05-03_10:00:00.000000,3
859062_2022-05-03_09:30:00.000000,3
859062_2022-05-03_12:30:00.000000,3
859062_2022-05-03_07:00:00.000000,3
859344_2022-05-05_07:00:00.000000,3
859344_2022-05-05_11:45:00.000000,3
859344_2022-05-05_13:45:00.000000,3
863014_2022-06-02_09:45:00.000000,3
859728_2022-05-12_07:45:00.000000,3
859728_2022-05-12_11:45:00.000000,3
859328_2022-05-09_06:45:00.000000,3
859328_2022-05-09_11:00:00.000000,3
859328_2022-05-09_12:45:00.000000,3
861452_2022-05-23_11:45:00.000000,3
859332_2022-05-08_07:45:00.000000,3
859332_2022-05-08_16:00:00.000000,3
859332_2022-05-08_15:30:00.000000,3
859332_2022-05-08_14:30:00.000000,3
859332_2022-05-08_09:45:00.000000,3
859332_2022-05-08_10:15:00.000000,3
859332_2022-05-08_14:00:00.000000,3
859332_2022-05-08_15:00:00.000000,3
859736_2022-05-13_15:30:00.000000,3
859736_2022-05-13_06:45:00.000000,3
859736_2022-05-13_11:30:00.000000,3
859736_2022-05-13_08:00:00.000000,3
859736_2022-05-13_12:45:00.000000,3
859736_2022-05-13_15:00:00.000000,3
859702_2022-05-12_10:30:00.000000,3
859702_2022-05-12_13:00:00.000000,3
859702_2022-05-12_11:45:00.000000,3
859702_2022-05-12_09:30:00.000000,3
859702_2022-05-12_07:45:00.000000,3
861456_2022-05-22_17:00:00.000000,3
861456_2022-05-22_14:15:00.000000,3
861456_2022-05-22_07:45:00.000000,3
861456_2022-05-22_15:30:00.000000,3
861456_2022-05-22_09:45:00.000000,3
860142_2022-05-14_11:45:00.000000,3
860142_2022-05-14_14:30:00.000000,3
860142_2022-05-14_12:30:00.000000,3
861374_2022-05-20_17:00:00.000000,3
861374_2022-05-20_16:45:00.000000,3
861374_2022-05-20_14:30:00.000000,3
861374_2022-05-20_11:45:00.000000,3
861374_2022-05-20_12:45:00.000000,3
862114_2022-05-24_16:30:00.000000,3
862114_2022-05-24_06:30:00.000000,3
862114_2022-05-24_16:00:00.000000,3
862114_2022-05-24_14:30:00.000000,3
860524_2022-05-18_10:30:00.000000,3
860524_2022-05-18_15:30:00.000000,3
860524_2022-05-18_12:15:00.000000,3
861460_2022-05-21_16:30:00.000000,3
861460_2022-05-21_14:30:00.000000,3
861460_2022-05-21_17:00:00.000000,3
862348_2022-05-29_11:00:00.000000,3
862348_2022-05-29_07:00:00.000000,3
862348_2022-05-29_14:15:00.000000,3
862348_2022-05-29_14:45:00.000000,3
862348_2022-05-29_13:00:00.000000,3
862356_2022-05-27_18:45:00.000000,3
862356_2022-05-27_12:45:00.000000,3
862356_2022-05-27_14:30:00.000000,3
862356_2022-05-27_11:00:00.000000,3
862352_2022-05-28_19:00:00.000000,3
862352_2022-05-28_13:00:00.000000,3
862352_2022-05-28_15:00:00.000000,3
862352_2022-05-28_12:00:00.000000,3
862352_2022-05-28_13:45:00.000000,3
862352_2022-05-28_17:00:00.000000,3
862352_2022-05-28_09:30:00.000000,3
862352_2022-05-28_16:00:00.000000,2
862344_2022-05-26_06:45:00.000000,3
862344_2022-05-26_15:00:00.000000,3
874298_2022-10-25_14:45:00.000000,3
874298_2022-10-25_12:30:00.000000,3
874764_2022-11-10_09:45:00.000000,3
874764_2022-11-10_11:30:00.000000,3
874764_2022-11-10_14:00:00.000000,3
874764_2022-11-10_13:00:00.000000,3
874764_2022-11-10_07:00:00.000000,3
874764_2022-11-10_10:45:00.000000,3
865080_2022-07-01_16:30:00.000000,3
865080_2022-07-01_13:00:00.000000,3
865080_2022-07-01_11:30:00.000000,3
865080_2022-07-01_15:45:00.000000,3
865080_2022-07-01_11:45:00.000000,3
865080_2022-07-01_07:45:00.000000,3
862622_2022-06-01_12:30:00.000000,3
862622_2022-06-01_13:15:00.000000,3
862622_2022-06-01_12:00:00.000000,3
864636_2022-06-19_11:00:00.000000,3
864636_2022-06-19_07:00:00.000000,3
864896_2022-06-26_08:00:00.000000,3
864896_2022-06-26_07:30:00.000000,3
864896_2022-06-26_11:30:00.000000,3
864896_2022-06-26_17:30:00.000000,3
864896_2022-06-26_13:45:00.000000,3
864896_2022-06-26_10:00:00.000000,3
864896_2022-06-26_16:00:00.000000,3
864896_2022-06-26_18:30:00.000000,3
864586_2022-06-15_11:00:00.000000,3
864586_2022-06-15_07:30:00.000000,3
864586_2022-06-15_09:00:00.000000,3
866776_2022-07-25_07:30:00.000000,3
862222_2022-05-25_12:30:00.000000,3
862222_2022-05-25_18:30:00.000000,4
862222_2022-05-25_17:00:00.000000,3
862222_2022-05-25_10:45:00.000000,3
862222_2022-05-25_18:15:00.000000,2
862222_2022-05-25_17:30:00.000000,3
862222_2022-05-25_09:45:00.000000,3
866076_2022-07-15_12:45:00.000000,3
866076_2022-07-15_10:15:00.000000,3
866076_2022-07-15_07:30:00.000000,3
866076_2022-07-15_12:00:00.000000,3
866076_2022-07-15_13:15:00.000000,3
866076_2022-07-15_11:00:00.000000,3
866076_2022-07-15_09:30:00.000000,3
866076_2022-07-15_14:15:00.000000,3
866076_2022-07-15_16:00:00.000000,3
866076_2022-07-15_10:00:00.000000,3
867888_2022-08-10_14:30:00.000000,3
870626_2022-09-08_08:45:00.000000,3
870626_2022-09-08_13:45:00.000000,3
871960_2022-09-12_14:30:00.000000,3
871960_2022-09-12_10:00:00.000000,3
871960_2022-09-12_07:45:00.000000,3
865492_2022-07-08_13:30:00.000000,3
865492_2022-07-08_12:15:00.000000,3
865492_2022-07-08_09:45:00.000000,3
865492_2022-07-08_11:45:00.000000,3
865492_2022-07-08_07:45:00.000000,3
865492_2022-07-08_11:30:00.000000,3
865492_2022-07-08_10:45:00.000000,3
865492_2022-07-08_06:45:00.000000,3
876494_2022-11-18_11:30:00.000000,3
876494_2022-11-18_07:00:00.000000,3
876494_2022-11-18_07:30:00.000000,3
876494_2022-11-18_10:15:00.000000,3
876494_2022-11-18_14:00:00.000000,3
862616_2022-05-31_09:45:00.000000,3
862616_2022-05-31_07:30:00.000000,3
862616_2022-05-31_08:00:00.000000,3
862616_2022-05-31_14:45:00.000000,3
862616_2022-05-31_11:45:00.000000,3
862616_2022-05-31_10:45:00.000000,3
862616_2022-05-31_09:15:00.000000,3
862616_2022-05-31_12:30:00.000000,3
862616_2022-05-31_13:15:00.000000,3
874788_2022-11-16_13:15:00.000000,3
866080_2022-07-16_10:00:00.000000,3
866080_2022-07-16_18:30:00.000000,3
866080_2022-07-16_12:00:00.000000,3
864836_2022-06-17_13:00:00.000000,3
864836_2022-06-17_07:15:00.000000,3
864836_2022-06-17_07:30:00.000000,3
864836_2022-06-17_09:45:00.000000,3
864836_2022-06-17_13:45:00.000000,3
867632_2022-08-03_18:00:00.000000,3
867632_2022-08-03_10:15:00.000000,3
867632_2022-08-03_09:45:00.000000,3
867632_2022-08-03_16:30:00.000000,3
867632_2022-08-03_17:15:00.000000,2
867632_2022-08-03_16:45:00.000000,3
867632_2022-08-03_17:00:00.000000,2
867892_2022-08-11_18:45:00.000000,3
871996_2022-09-21_13:30:00.000000,3
871996_2022-09-21_10:00:00.000000,3
871996_2022-09-21_11:30:00.000000,3
871996_2022-09-21_13:45:00.000000,3
871996_2022-09-21_12:45:00.000000,3
871996_2022-09-21_08:45:00.000000,3
873260_2022-09-30_13:15:00.000000,3
873260_2022-09-30_15:15:00.000000,3
873260_2022-09-30_07:00:00.000000,3
873260_2022-09-30_10:00:00.000000,3
873260_2022-09-30_14:30:00.000000,3
874262_2022-10-16_08:00:00.000000,3
873288_2022-10-08_13:30:00.000000,3
874294_2022-10-24_07:45:00.000000,3
868146_2022-08-19_09:00:00.000000,3
868146_2022-08-19_19:00:00.000000,3
868146_2022-08-19_14:30:00.000000,3
865396_2022-07-06_07:15:00.000000,3
865396_2022-07-06_18:15:00.000000,3
865396_2022-07-06_06:45:00.000000,3
865504_2022-07-11_08:45:00.000000,3
876498_2022-11-19_12:45:00.000000,3
876498_2022-11-19_13:00:00.000000,2
876498_2022-11-19_14:15:00.000000,3
872000_2022-09-22_14:45:00.000000,3
872000_2022-09-22_07:15:00.000000,3
867896_2022-08-12_11:15:00.000000,3
866846_2022-07-27_14:30:00.000000,3
874266_2022-10-17_12:45:00.000000,3
867636_2022-08-04_13:15:00.000000,3
866088_2022-07-18_16:45:00.000000,3
866088_2022-07-18_14:30:00.000000,3
866088_2022-07-18_17:45:00.000000,3
866088_2022-07-18_08:15:00.000000,3
866088_2022-07-18_06:30:00.000000,3
866088_2022-07-18_15:45:00.000000,3
873264_2022-10-01_09:30:00.000000,3
873264_2022-10-01_08:45:00.000000,3
873264_2022-10-01_07:45:00.000000,3
873264_2022-10-01_10:45:00.000000,3
873264_2022-10-01_06:45:00.000000,3
867640_2022-08-05_06:30:00.000000,3
867640_2022-08-05_13:00:00.000000,3
867640_2022-08-05_16:30:00.000000,3
867640_2022-08-05_18:00:00.000000,3
867640_2022-08-05_07:00:00.000000,2
867640_2022-08-05_10:45:00.000000,3
867640_2022-08-05_10:00:00.000000,3
867640_2022-08-05_11:45:00.000000,3
872004_2022-09-23_14:00:00.000000,2
872004_2022-09-23_13:45:00.000000,2
872004_2022-09-23_08:00:00.000000,3
872004_2022-09-23_11:45:00.000000,3
872004_2022-09-23_09:30:00.000000,3
872004_2022-09-23_12:30:00.000000,3
872004_2022-09-23_10:45:00.000000,3
872004_2022-09-23_06:45:00.000000,3
873268_2022-10-02_14:00:00.000000,3
873268_2022-10-02_11:45:00.000000,3
873296_2022-10-10_09:15:00.000000,3
873296_2022-10-10_12:45:00.000000,3
868332_2022-08-21_08:00:00.000000,3
874270_2022-10-18_09:45:00.000000,3
874704_2022-10-26_07:45:00.000000,3
874704_2022-10-26_12:30:00.000000,3
876468_2022-11-24_07:00:00.000000,3
877564_2022-12-02_08:00:00.000000,3
862918_2022-06-03_10:00:00.000000,3
862918_2022-06-03_08:30:00.000000,3
862918_2022-06-03_07:15:00.000000,3
862918_2022-06-03_09:00:00.000000,3
864640_2022-06-20_13:30:00.000000,3
866594_2022-07-23_15:00:00.000000,3
866594_2022-07-23_18:45:00.000000,3
866594_2022-07-23_06:30:00.000000,3
866594_2022-07-23_08:45:00.000000,3
866594_2022-07-23_09:45:00.000000,3
866594_2022-07-23_16:15:00.000000,3
866594_2022-07-23_14:15:00.000000,3
864892_2022-06-25_14:00:00.000000,3
864892_2022-06-25_09:45:00.000000,3
864892_2022-06-25_16:30:00.000000,3
864892_2022-06-25_17:15:00.000000,3
864892_2022-06-25_08:15:00.000000,3
867644_2022-08-06_07:30:00.000000,3
867644_2022-08-06_08:00:00.000000,3
867644_2022-08-06_07:00:00.000000,3
867644_2022-08-06_15:15:00.000000,3
864032_2022-06-11_12:15:00.000000,3
864032_2022-06-11_18:30:00.000000,3
868368_2022-09-06_10:00:00.000000,3
868368_2022-09-06_11:45:00.000000,3
868368_2022-09-06_10:45:00.000000,3
872008_2022-09-24_07:00:00.000000,3
872008_2022-09-24_14:30:00.000000,3
872008_2022-09-24_08:45:00.000000,3
872008_2022-09-24_13:00:00.000000,3
872008_2022-09-24_15:00:00.000000,3
874768_2022-11-11_11:30:00.000000,3
874768_2022-11-11_13:45:00.000000,3
874768_2022-11-11_12:00:00.000000,4
874768_2022-11-11_07:15:00.000000,4
874768_2022-11-11_10:30:00.000000,3
874768_2022-11-11_13:30:00.000000,3
874768_2022-11-11_09:30:00.000000,3
874768_2022-11-11_08:30:00.000000,3
874274_2022-10-19_12:30:00.000000,3
873300_2022-10-11_09:30:00.000000,3
873300_2022-10-11_14:15:00.000000,3
873300_2022-10-11_08:15:00.000000,3
873300_2022-10-11_13:15:00.000000,3
873300_2022-10-11_10:45:00.000000,3
873300_2022-10-11_11:00:00.000000,2
873300_2022-10-11_07:30:00.000000,3
873300_2022-10-11_12:00:00.000000,3
873300_2022-10-11_08:45:00.000000,2
873300_2022-10-11_07:15:00.000000,3
874708_2022-10-27_07:15:00.000000,3
868336_2022-08-22_18:45:00.000000,3
874772_2022-11-12_12:45:00.000000,3
874772_2022-11-12_14:45:00.000000,3
874772_2022-11-12_07:30:00.000000,3
874772_2022-11-12_14:30:00.000000,3
874772_2022-11-12_11:45:00.000000,3
873272_2022-10-04_13:00:00.000000,4
864028_2022-06-12_12:00:00.000000,3
864028_2022-06-12_14:30:00.000000,3
864028_2022-06-12_11:00:00.000000,3
864648_2022-06-22_13:30:00.000000,3
864648_2022-06-22_17:15:00.000000,3
864648_2022-06-22_10:30:00.000000,3
864648_2022-06-22_19:00:00.000000,3
864648_2022-06-22_16:30:00.000000,3
874740_2022-11-04_07:45:00.000000,3
874740_2022-11-04_14:30:00.000000,3
874740_2022-11-04_12:00:00.000000,3
874740_2022-11-04_13:45:00.000000,3
862914_2022-06-04_06:45:00.000000,3
862914_2022-06-04_10:30:00.000000,3
866590_2022-07-22_07:00:00.000000,3
866590_2022-07-22_08:45:00.000000,3
866590_2022-07-22_19:00:00.000000,3
867908_2022-08-15_09:30:00.000000,3
867908_2022-08-15_16:00:00.000000,3
867908_2022-08-15_13:15:00.000000,3
867908_2022-08-15_16:45:00.000000,3
867908_2022-08-15_14:30:00.000000,3
867908_2022-08-15_09:45:00.000000,3
867908_2022-08-15_10:15:00.000000,3
867908_2022-08-15_08:00:00.000000,3
867908_2022-08-15_08:45:00.000000,3
867908_2022-08-15_17:15:00.000000,3
867908_2022-08-15_07:15:00.000000,3
865384_2022-07-03_16:15:00.000000,3
865384_2022-07-03_06:30:00.000000,3
865384_2022-07-03_09:00:00.000000,3
865384_2022-07-03_12:15:00.000000,3
865384_2022-07-03_08:15:00.000000,3
865384_2022-07-03_16:00:00.000000,3
865384_2022-07-03_08:30:00.000000,3
865384_2022-07-03_06:45:00.000000,3
865384_2022-07-03_13:15:00.000000,3
868372_2022-09-05_11:45:00.000000,3
868372_2022-09-05_10:30:00.000000,3
868372_2022-09-05_13:30:00.000000,3
866858_2022-07-30_13:15:00.000000,3
873304_2022-10-12_07:15:00.000000,3
873304_2022-10-12_10:30:00.000000,3
873304_2022-10-12_09:45:00.000000,3
873304_2022-10-12_14:30:00.000000,2
873304_2022-10-12_14:15:00.000000,3
873276_2022-10-05_09:30:00.000000,3
873276_2022-10-05_09:15:00.000000,3
874278_2022-10-20_07:45:00.000000,3
874278_2022-10-20_12:15:00.000000,3
874278_2022-10-20_06:30:00.000000,3
871980_2022-09-17_14:15:00.000000,3
871980_2022-09-17_12:30:00.000000,3
874776_2022-11-13_10:30:00.000000,3
874776_2022-11-13_13:00:00.000000,3
876476_2022-11-22_12:45:00.000000,3
876476_2022-11-22_12:30:00.000000,3
877572_2022-12-04_08:45:00.000000,3
877572_2022-12-04_06:45:00.000000,3
874712_2022-10-28_09:15:00.000000,3
864024_2022-06-13_17:30:00.000000,3
864024_2022-06-13_15:15:00.000000,3
864024_2022-06-13_16:00:00.000000,3
864024_2022-06-13_18:15:00.000000,3
864024_2022-06-13_09:30:00.000000,3
865380_2022-07-02_08:30:00.000000,3
865380_2022-07-02_13:15:00.000000,3
865380_2022-07-02_18:30:00.000000,3
865380_2022-07-02_16:45:00.000000,5
865380_2022-07-02_18:15:00.000000,3
865380_2022-07-02_06:30:00.000000,3
865380_2022-07-02_11:15:00.000000,3
865380_2022-07-02_16:30:00.000000,3
865380_2022-07-02_15:00:00.000000,5
871984_2022-09-18_11:30:00.000000,3
871984_2022-09-18_08:00:00.000000,3
871984_2022-09-18_07:15:00.000000,3
871984_2022-09-18_15:00:00.000000,3
871984_2022-09-18_11:15:00.000000,3
871984_2022-09-18_09:30:00.000000,3
871984_2022-09-18_12:30:00.000000,3
871984_2022-09-18_10:45:00.000000,3
871984_2022-09-18_06:45:00.000000,3
871984_2022-09-18_13:15:00.000000,3
874716_2022-10-29_06:30:00.000000,3
874716_2022-10-29_08:30:00.000000,3
874716_2022-10-29_07:45:00.000000,3
874748_2022-11-06_07:00:00.000000,3
874748_2022-11-06_07:45:00.000000,3
876448_2022-11-30_11:00:00.000000,3
876448_2022-11-30_08:00:00.000000,3
876448_2022-11-30_06:30:00.000000,3
874780_2022-11-14_14:15:00.000000,3
874780_2022-11-14_08:15:00.000000,3
865908_2022-07-19_11:00:00.000000,3
865908_2022-07-19_16:15:00.000000,3
865908_2022-07-19_15:45:00.000000,3
865908_2022-07-19_18:00:00.000000,3
865908_2022-07-19_11:15:00.000000,3
865908_2022-07-19_18:45:00.000000,3
866638_2022-07-24_08:30:00.000000,3
866638_2022-07-24_13:15:00.000000,3
866638_2022-07-24_12:30:00.000000,3
866638_2022-07-24_11:15:00.000000,3
866638_2022-07-24_07:15:00.000000,3
862906_2022-06-06_12:45:00.000000,3
862906_2022-06-06_16:30:00.000000,3
862906_2022-06-06_10:30:00.000000,3
871956_2022-09-11_07:30:00.000000,3
871956_2022-09-11_07:00:00.000000,3
871956_2022-09-11_11:30:00.000000,3
871956_2022-09-11_13:45:00.000000,3
871956_2022-09-11_15:00:00.000000,3
874286_2022-10-22_11:30:00.000000,3
874286_2022-10-22_10:45:00.000000,3
874752_2022-11-07_14:45:00.000000,3
874720_2022-10-30_13:30:00.000000,3
868138_2022-08-17_08:45:00.000000,3
868138_2022-08-17_09:00:00.000000,3
868138_2022-08-17_13:45:00.000000,3
868138_2022-08-17_14:30:00.000000,3
868138_2022-08-17_08:30:00.000000,3
873252_2022-09-28_14:45:00.000000,3
874784_2022-11-15_10:15:00.000000,3
874784_2022-11-15_07:30:00.000000,3
874784_2022-11-15_14:00:00.000000,3
874784_2022-11-15_15:00:00.000000,3
874784_2022-11-15_11:00:00.000000,3
883472_2023-03-13_08:15:00.000000,3
883474_2023-03-13_08:15:00.000000,3
883834_2023-03-15_15:30:00.000000,3
883836_2023-03-15_15:30:00.000000,3
875316_2022-10-25_12:30:00.000000,3
875318_2022-10-25_12:30:00.000000,3
869118_2022-08-23_13:00:00.000000,3
869118_2022-08-23_13:30:00.000000,3
871152_2022-09-06_10:45:00.000000,3
871152_2022-09-06_10:00:00.000000,3
871152_2022-09-06_11:45:00.000000,3
869158_2022-08-21_08:00:00.000000,3
871150_2022-09-06_10:45:00.000000,3
871150_2022-09-06_11:45:00.000000,3
871150_2022-09-06_10:00:00.000000,3
869198_2022-08-19_14:30:00.000000,3
869198_2022-08-19_09:00:00.000000,3
869196_2022-08-19_14:30:00.000000,3
869196_2022-08-19_09:00:00.000000,3
869116_2022-08-23_13:00:00.000000,3
869116_2022-08-23_13:30:00.000000,3
869156_2022-08-21_08:00:00.000000,3
868448_2022-08-18_10:45:00.000000,2
868448_2022-08-18_10:30:00.000000,4
868448_2022-08-18_12:00:00.000000,2
868448_2022-08-18_10:15:00.000000,3
884166_2023-03-18_11:30:00.000000,3
884166_2023-03-18_10:45:00.000000,3
884166_2023-03-18_15:15:00.000000,3
884166_2023-03-18_14:15:00.000000,3
884134_2023-03-17_13:00:00.000000,5
884134_2023-03-17_09:15:00.000000,3
884134_2023-03-17_13:15:00.000000,3
884204_2023-03-19_09:30:00.000000,3
884164_2023-03-18_11:30:00.000000,3
884164_2023-03-18_14:15:00.000000,3
884164_2023-03-18_15:15:00.000000,3
884164_2023-03-18_10:45:00.000000,3
884202_2023-03-19_09:30:00.000000,3
884132_2023-03-17_09:15:00.000000,3
884132_2023-03-17_13:15:00.000000,3
884132_2023-03-17_13:00:00.000000,5
884230_2023-03-20_15:00:00.000000,3
884230_2023-03-20_09:30:00.000000,3
884232_2023-03-20_15:00:00.000000,3
884232_2023-03-20_09:30:00.000000,3
884258_2023-03-21_14:15:00.000000,3
884258_2023-03-21_08:45:00.000000,3
884260_2023-03-21_08:45:00.000000,3
884260_2023-03-21_14:15:00.000000,3
862198_2022-05-28_09:30:00.000000,3
862198_2022-05-28_13:45:00.000000,3
862198_2022-05-28_12:00:00.000000,3
862198_2022-05-28_13:00:00.000000,3
861416_2022-05-22_07:45:00.000000,3
861416_2022-05-22_14:15:00.000000,3
861416_2022-05-22_09:45:00.000000,3
885540_2023-03-23_09:00:00.000000,3
885540_2023-03-23_13:30:00.000000,3
862188_2022-05-27_14:30:00.000000,3
862188_2022-05-27_12:45:00.000000,3
862188_2022-05-27_11:00:00.000000,3
862162_2022-05-25_09:45:00.000000,3
862162_2022-05-25_12:30:00.000000,3
862162_2022-05-25_10:45:00.000000,3
862164_2022-05-25_09:45:00.000000,3
862164_2022-05-25_12:30:00.000000,3
862164_2022-05-25_10:45:00.000000,3
861402_2022-05-23_11:45:00.000000,3
861414_2022-05-22_14:15:00.000000,3
861414_2022-05-22_07:45:00.000000,3
861414_2022-05-22_09:45:00.000000,3
885538_2023-03-23_09:00:00.000000,3
885538_2023-03-23_13:30:00.000000,3
871992_2022-09-20_11:15:00.000000,3
871992_2022-09-20_10:30:00.000000,3
871992_2022-09-20_07:15:00.000000,3
871992_2022-09-20_13:15:00.000000,3
871992_2022-09-20_09:15:00.000000,3
871992_2022-09-20_12:30:00.000000,3
871992_2022-09-20_08:15:00.000000,3
861426_2022-05-21_14:30:00.000000,3
862240_2022-05-24_14:30:00.000000,3
861404_2022-05-23_11:45:00.000000,3
863016_2022-06-02_09:45:00.000000,3
861428_2022-05-21_14:30:00.000000,3
862200_2022-05-28_13:45:00.000000,3
862200_2022-05-28_13:00:00.000000,3
862200_2022-05-28_12:00:00.000000,3
862200_2022-05-28_09:30:00.000000,3
862186_2022-05-27_11:00:00.000000,3
862186_2022-05-27_14:30:00.000000,3
862186_2022-05-27_12:45:00.000000,3
862238_2022-05-24_14:30:00.000000,3
885572_2023-03-24_09:45:00.000000,3
885608_2023-03-25_11:30:00.000000,3
885606_2023-03-25_11:30:00.000000,3
885570_2023-03-24_09:45:00.000000,3
885644_2023-03-26_12:00:00.000000,3
885644_2023-03-26_12:30:00.000000,3
885644_2023-03-26_13:00:00.000000,3
885904_2023-03-27_08:15:00.000000,3
885902_2023-03-27_08:15:00.000000,3
885934_2023-03-29_10:45:00.000000,3
885934_2023-03-29_13:30:00.000000,3
885934_2023-03-29_11:45:00.000000,3
885934_2023-03-29_13:00:00.000000,3
885934_2023-03-29_13:45:00.000000,3
885642_2023-03-26_12:00:00.000000,3
885642_2023-03-26_13:00:00.000000,3
885642_2023-03-26_12:30:00.000000,3
885936_2023-03-29_13:00:00.000000,3
885936_2023-03-29_13:45:00.000000,3
885936_2023-03-29_13:30:00.000000,3
885936_2023-03-29_11:45:00.000000,3
885936_2023-03-29_10:45:00.000000,3
886180_2023-03-30_09:00:00.000000,3
886180_2023-03-30_08:15:00.000000,3
886180_2023-03-30_11:00:00.000000,3
886206_2023-03-31_11:00:00.000000,3
886206_2023-03-31_13:45:00.000000,3
886206_2023-03-31_11:15:00.000000,3
886206_2023-03-31_09:00:00.000000,3
886178_2023-03-30_08:15:00.000000,3
886178_2023-03-30_11:00:00.000000,3
886178_2023-03-30_09:00:00.000000,3
886234_2023-04-01_14:30:00.000000,3
886208_2023-03-31_11:00:00.000000,3
886208_2023-03-31_11:15:00.000000,3
886208_2023-03-31_09:00:00.000000,3
886208_2023-03-31_13:45:00.000000,3
886236_2023-04-01_14:30:00.000000,3
886618_2023-04-05_10:00:00.000000,3
886618_2023-04-05_10:30:00.000000,3
886620_2023-04-05_10:30:00.000000,3
886620_2023-04-05_10:00:00.000000,3
886716_2023-04-08_14:15:00.000000,3
886716_2023-04-08_13:15:00.000000,3
886716_2023-04-08_13:30:00.000000,3
886658_2023-04-06_08:45:00.000000,3
886658_2023-04-06_15:30:00.000000,3
886658_2023-04-06_09:30:00.000000,3
886660_2023-04-06_09:30:00.000000,3
886660_2023-04-06_15:30:00.000000,3
886660_2023-04-06_08:45:00.000000,3
886714_2023-04-08_13:30:00.000000,3
886714_2023-04-08_14:15:00.000000,3
886714_2023-04-08_13:15:00.000000,3
887048_2023-04-10_14:45:00.000000,3
887046_2023-04-10_14:45:00.000000,3
887352_2023-04-19_10:30:00.000000,3
887352_2023-04-19_07:30:00.000000,3
887352_2023-04-19_12:30:00.000000,3
887922_2023-04-28_11:30:00.000000,3
887922_2023-04-28_11:00:00.000000,3
887922_2023-04-28_09:00:00.000000,3
887922_2023-04-28_15:00:00.000000,3
887910_2023-04-25_10:00:00.000000,3
887906_2023-04-24_11:15:00.000000,3
887902_2023-04-23_16:15:00.000000,3
887902_2023-04-23_16:30:00.000000,3
887898_2023-04-22_08:15:00.000000,3
887898_2023-04-22_13:15:00.000000,3
887898_2023-04-22_08:00:00.000000,3
887898_2023-04-22_10:45:00.000000,3
887862_2023-04-29_14:45:00.000000,3
887862_2023-04-29_08:45:00.000000,3
887862_2023-04-29_10:45:00.000000,3
887862_2023-04-29_13:15:00.000000,3
887862_2023-04-29_08:15:00.000000,3
887862_2023-04-29_11:30:00.000000,3
887376_2023-04-13_06:30:00.000000,3
887376_2023-04-13_12:00:00.000000,3
887376_2023-04-13_10:45:00.000000,3
887376_2023-04-13_14:15:00.000000,3
887376_2023-04-13_11:30:00.000000,3
887376_2023-04-13_16:00:00.000000,3
888128_2023-04-30_11:30:00.000000,3
888128_2023-04-30_08:15:00.000000,3
888128_2023-04-30_06:45:00.000000,3
888128_2023-04-30_16:45:00.000000,3
888128_2023-04-30_14:00:00.000000,3
888128_2023-04-30_08:30:00.000000,3
887344_2023-04-21_12:45:00.000000,3
887344_2023-04-21_14:45:00.000000,3
887344_2023-04-21_06:30:00.000000,3
887344_2023-04-21_08:00:00.000000,3
887344_2023-04-21_11:00:00.000000,3
887344_2023-04-21_07:45:00.000000,3
887356_2023-04-18_11:15:00.000000,3
887356_2023-04-18_10:00:00.000000,3
887356_2023-04-18_15:15:00.000000,3
887356_2023-04-18_17:00:00.000000,3
887356_2023-04-18_14:15:00.000000,3
887360_2023-04-17_16:15:00.000000,3
887360_2023-04-17_14:30:00.000000,3
887360_2023-04-17_12:15:00.000000,3
887360_2023-04-17_07:00:00.000000,3
887360_2023-04-17_13:15:00.000000,3
887360_2023-04-17_10:45:00.000000,3
887360_2023-04-17_06:30:00.000000,3
887372_2023-04-14_16:15:00.000000,3
887372_2023-04-14_10:15:00.000000,3
887372_2023-04-14_15:45:00.000000,3
887372_2023-04-14_14:00:00.000000,3
887372_2023-04-14_09:15:00.000000,3
886538_2023-04-04_11:45:00.000000,3
886538_2023-04-04_07:45:00.000000,3
882408_2023-03-06_09:00:00.000000,3
882412_2023-03-05_07:45:00.000000,3
882412_2023-03-05_09:45:00.000000,3
882416_2023-03-04_13:00:00.000000,3
882416_2023-03-04_14:30:00.000000,3
882416_2023-03-04_07:15:00.000000,3
882416_2023-03-04_07:30:00.000000,3
882416_2023-03-04_12:00:00.000000,3
882424_2023-03-02_06:30:00.000000,3
882424_2023-03-02_07:00:00.000000,3
882428_2023-03-01_11:45:00.000000,3
882428_2023-03-01_13:15:00.000000,3
882428_2023-03-01_13:45:00.000000,3
887348_2023-04-20_10:45:00.000000,3
887348_2023-04-20_10:30:00.000000,3
887348_2023-04-20_12:15:00.000000,3
887348_2023-04-20_14:00:00.000000,3
887348_2023-04-20_17:15:00.000000,3
882420_2023-03-03_14:45:00.000000,3
882420_2023-03-03_14:30:00.000000,3
882420_2023-03-03_13:00:00.000000,3
882420_2023-03-03_12:00:00.000000,3
882420_2023-03-03_06:30:00.000000,3
882420_2023-03-03_15:15:00.000000,3
882420_2023-03-03_11:30:00.000000,3
880326_2023-01-12_07:15:00.000000,3
880326_2023-01-12_14:45:00.000000,3
880326_2023-01-12_12:30:00.000000,3
880326_2023-01-12_10:00:00.000000,3
880326_2023-01-12_13:30:00.000000,3
880326_2023-01-12_09:15:00.000000,3
880322_2023-01-11_12:00:00.000000,3
880322_2023-01-11_15:15:00.000000,3
880322_2023-01-11_13:45:00.000000,3
880322_2023-01-11_12:45:00.000000,3
880314_2023-01-09_06:30:00.000000,3
880314_2023-01-09_08:45:00.000000,3
880294_2023-01-04_09:30:00.000000,3
880294_2023-01-04_15:00:00.000000,3
880294_2023-01-04_14:00:00.000000,3
880294_2023-01-04_11:30:00.000000,3
880294_2023-01-04_13:15:00.000000,3
880310_2023-01-08_12:45:00.000000,5
880310_2023-01-08_07:15:00.000000,3
880310_2023-01-08_10:30:00.000000,3
880310_2023-01-08_12:00:00.000000,3
879660_2022-12-30_13:45:00.000000,3
879660_2022-12-30_07:45:00.000000,3
880318_2023-01-10_09:00:00.000000,3
880318_2023-01-10_12:30:00.000000,3
880318_2023-01-10_08:30:00.000000,3
880318_2023-01-10_14:45:00.000000,3
880302_2023-01-06_06:30:00.000000,3
880302_2023-01-06_08:00:00.000000,3
880302_2023-01-06_08:30:00.000000,3
879652_2022-12-26_13:45:00.000000,3
879652_2022-12-26_07:30:00.000000,3
879652_2022-12-26_08:15:00.000000,3
879652_2022-12-26_06:45:00.000000,3
879652_2022-12-26_10:30:00.000000,3
879648_2022-12-25_07:15:00.000000,2
879648_2022-12-25_07:00:00.000000,3
879656_2022-12-31_11:45:00.000000,3
879656_2022-12-31_13:15:00.000000,3
879656_2022-12-31_10:30:00.000000,3
879656_2022-12-31_12:30:00.000000,3
879668_2022-12-28_08:15:00.000000,3
879668_2022-12-28_07:00:00.000000,3
879668_2022-12-28_09:15:00.000000,3
879644_2022-12-24_09:15:00.000000,3
879644_2022-12-24_08:00:00.000000,3
879372_2022-12-19_08:15:00.000000,3
879372_2022-12-19_07:30:00.000000,3
879372_2022-12-19_11:00:00.000000,3
879372_2022-12-19_06:30:00.000000,3
879372_2022-12-19_09:30:00.000000,3
879372_2022-12-19_13:00:00.000000,3
877596_2022-12-15_06:45:00.000000,3
877596_2022-12-15_11:15:00.000000,3
880290_2023-01-03_14:15:00.000000,3
880290_2023-01-03_06:30:00.000000,3
880290_2023-01-03_13:45:00.000000,3
877604_2022-12-13_13:15:00.000000,3
877604_2022-12-13_08:00:00.000000,3
877604_2022-12-13_10:30:00.000000,3
877604_2022-12-13_11:45:00.000000,3
877604_2022-12-13_07:30:00.000000,3
877604_2022-12-13_12:15:00.000000,3
877604_2022-12-13_14:45:00.000000,3
877604_2022-12-13_13:45:00.000000,3
877604_2022-12-13_09:00:00.000000,3
877612_2022-12-11_12:30:00.000000,3
877612_2022-12-11_14:30:00.000000,3
877612_2022-12-11_13:30:00.000000,3
877612_2022-12-11_13:45:00.000000,3
879210_2022-12-17_09:30:00.000000,3
879210_2022-12-17_10:15:00.000000,3
877628_2022-12-07_11:30:00.000000,3
877628_2022-12-07_11:15:00.000000,3
877628_2022-12-07_15:15:00.000000,3
877628_2022-12-07_13:15:00.000000,3
877628_2022-12-07_14:15:00.000000,3
879628_2022-12-20_10:00:00.000000,3
879628_2022-12-20_14:00:00.000000,3
879628_2022-12-20_12:45:00.000000,3
879628_2022-12-20_08:30:00.000000,3
879628_2022-12-20_07:15:00.000000,3
877620_2022-12-09_13:00:00.000000,3
877624_2022-12-08_15:15:00.000000,3
877624_2022-12-08_09:15:00.000000,3
877624_2022-12-08_09:30:00.000000,3
882612_2023-03-10_13:15:00.000000,3
880350_2023-01-18_12:00:00.000000,3
880342_2023-01-16_09:00:00.000000,3
880342_2023-01-16_13:00:00.000000,3
880342_2023-01-16_11:15:00.000000,3
880342_2023-01-16_07:15:00.000000,3
880334_2023-01-14_10:15:00.000000,3
880334_2023-01-14_12:45:00.000000,2
880346_2023-01-17_12:00:00.000000,3
880346_2023-01-17_13:15:00.000000,3
880354_2023-01-19_10:30:00.000000,3
880354_2023-01-19_14:15:00.000000,3
880354_2023-01-19_10:15:00.000000,3
880330_2023-01-13_13:15:00.000000,3
880330_2023-01-13_14:15:00.000000,2
880330_2023-01-13_09:30:00.000000,3
880330_2023-01-13_10:15:00.000000,2
881848_2023-02-25_13:15:00.000000,3
881848_2023-02-25_15:15:00.000000,3
881848_2023-02-25_06:45:00.000000,3
881848_2023-02-25_07:45:00.000000,3
880338_2023-01-15_08:15:00.000000,3
877616_2022-12-10_14:15:00.000000,3
877600_2022-12-14_13:00:00.000000,3
877600_2022-12-14_13:45:00.000000,3
877600_2022-12-14_12:30:00.000000,3
877600_2022-12-14_08:30:00.000000,2
877600_2022-12-14_07:00:00.000000,3
877600_2022-12-14_10:45:00.000000,3
881194_2023-02-24_07:15:00.000000,3
881194_2023-02-24_06:30:00.000000,3
881194_2023-02-24_10:30:00.000000,3
881194_2023-02-24_07:45:00.000000,3
881190_2023-02-23_08:15:00.000000,3
881190_2023-02-23_11:00:00.000000,3
881190_2023-02-23_07:45:00.000000,3
881190_2023-02-23_06:30:00.000000,3
881190_2023-02-23_10:45:00.000000,3
881190_2023-02-23_15:15:00.000000,3
881190_2023-02-23_07:15:00.000000,3
881190_2023-02-23_12:30:00.000000,3
881182_2023-02-21_14:30:00.000000,3
881182_2023-02-21_06:45:00.000000,3
881182_2023-02-21_11:30:00.000000,3
881174_2023-02-19_13:00:00.000000,3
881174_2023-02-19_10:00:00.000000,3
881170_2023-02-18_09:00:00.000000,3
881170_2023-02-18_07:30:00.000000,3
881166_2023-02-17_11:45:00.000000,3
881166_2023-02-17_15:15:00.000000,3
881162_2023-02-16_06:45:00.000000,3
881162_2023-02-16_07:45:00.000000,3
881162_2023-02-16_07:15:00.000000,3
881162_2023-02-16_12:45:00.000000,3
881162_2023-02-16_10:15:00.000000,3
881158_2023-02-15_14:30:00.000000,3
881158_2023-02-15_15:00:00.000000,3
881198_2023-02-14_09:15:00.000000,3
881198_2023-02-14_09:00:00.000000,3
881202_2023-02-13_14:15:00.000000,3
881202_2023-02-13_10:45:00.000000,3
881202_2023-02-13_09:15:00.000000,3
881202_2023-02-13_15:15:00.000000,3
881202_2023-02-13_13:00:00.000000,3
881202_2023-02-13_10:15:00.000000,3
881202_2023-02-13_12:45:00.000000,3
881206_2023-02-12_09:30:00.000000,3
881206_2023-02-12_12:45:00.000000,3
881210_2023-02-11_14:15:00.000000,3
881210_2023-02-11_07:30:00.000000,3
881210_2023-02-11_10:15:00.000000,3
881210_2023-02-11_14:45:00.000000,3
881214_2023-02-10_15:15:00.000000,3
881214_2023-02-10_14:00:00.000000,3
881214_2023-02-10_11:15:00.000000,3
881214_2023-02-10_09:30:00.000000,3
881214_2023-02-10_09:00:00.000000,3
881218_2023-02-09_07:15:00.000000,3
881218_2023-02-09_11:15:00.000000,3
881218_2023-02-09_15:00:00.000000,3
881218_2023-02-09_09:45:00.000000,3
881218_2023-02-09_09:00:00.000000,2
881218_2023-02-09_13:30:00.000000,3
881218_2023-02-09_09:15:00.000000,3
881218_2023-02-09_10:45:00.000000,3
881218_2023-02-09_07:30:00.000000,4
881218_2023-02-09_12:15:00.000000,3
881222_2023-02-08_06:30:00.000000,3
881222_2023-02-08_07:45:00.000000,3
881222_2023-02-08_11:00:00.000000,3
881226_2023-02-07_08:00:00.000000,3
881226_2023-02-07_14:15:00.000000,3
881226_2023-02-07_15:00:00.000000,3
881234_2023-02-05_13:15:00.000000,3
881234_2023-02-05_10:45:00.000000,3
881234_2023-02-05_08:45:00.000000,3
881238_2023-02-04_09:30:00.000000,3
881238_2023-02-04_06:45:00.000000,3
881238_2023-02-04_07:30:00.000000,3
881242_2023-02-03_12:30:00.000000,3
881242_2023-02-03_14:45:00.000000,3
881016_2023-02-01_08:00:00.000000,3
881008_2023-01-29_15:00:00.000000,3
881008_2023-01-29_13:45:00.000000,3
881008_2023-01-29_14:00:00.000000,3
881004_2023-01-28_13:45:00.000000,3
881020_2023-01-24_10:30:00.000000,3
881020_2023-01-24_13:45:00.000000,3
881020_2023-01-24_11:15:00.000000,3
881020_2023-01-24_12:45:00.000000,3
881024_2023-01-23_14:15:00.000000,3
880992_2023-01-31_09:00:00.000000,3
880992_2023-01-31_07:00:00.000000,3
881000_2023-01-27_06:45:00.000000,3
881028_2023-01-22_10:15:00.000000,3
881028_2023-01-22_07:15:00.000000,3
881028_2023-01-22_06:30:00.000000,3
880362_2023-01-21_12:30:00.000000,3
880362_2023-01-21_09:45:00.000000,3
888140_2023-05-04_08:45:00.000000,4
888140_2023-05-04_08:30:00.000000,2
888140_2023-05-04_09:45:00.000000,4
888140_2023-05-04_09:15:00.000000,3
888140_2023-05-04_08:15:00.000000,3
888144_2023-05-05_07:45:00.000000,4
888144_2023-05-05_07:00:00.000000,2
888144_2023-05-05_08:00:00.000000,2
888144_2023-05-05_15:45:00.000000,3
888144_2023-05-05_10:00:00.000000,4
888148_2023-05-06_06:45:00.000000,3
888148_2023-05-06_15:15:00.000000,3
888148_2023-05-06_17:00:00.000000,3
888148_2023-05-06_11:45:00.000000,3
888148_2023-05-06_08:30:00.000000,3
888148_2023-05-06_12:30:00.000000,3
888148_2023-05-06_09:00:00.000000,3
888132_2023-05-02_14:00:00.000000,3
888132_2023-05-02_15:00:00.000000,3
888132_2023-05-02_06:30:00.000000,3
888132_2023-05-02_10:45:00.000000,3
888132_2023-05-02_16:30:00.000000,3
888132_2023-05-02_11:30:00.000000,3
888152_2023-05-07_06:30:00.000000,3
888152_2023-05-07_08:00:00.000000,3
888152_2023-05-07_06:45:00.000000,3
888152_2023-05-07_11:15:00.000000,3
888152_2023-05-07_09:45:00.000000,3
888156_2023-05-08_06:45:00.000000,3
888156_2023-05-08_11:00:00.000000,3
888156_2023-05-08_08:15:00.000000,3
888156_2023-05-08_07:00:00.000000,3
888156_2023-05-08_14:15:00.000000,3
888156_2023-05-08_08:30:00.000000,2
888156_2023-05-08_17:15:00.000000,3
888156_2023-05-08_09:45:00.000000,3
888136_2023-05-03_16:00:00.000000,3
888136_2023-05-03_12:15:00.000000,3
888136_2023-05-03_07:30:00.000000,3
881012_2023-01-30_11:30:00.000000,3
881012_2023-01-30_08:15:00.000000,3
881012_2023-01-30_13:00:00.000000,3
881012_2023-01-30_15:00:00.000000,3
881012_2023-01-30_11:15:00.000000,3
881012_2023-01-30_10:00:00.000000,3
881012_2023-01-30_12:30:00.000000,3
888160_2023-05-09_14:00:00.000000,3
888160_2023-05-09_07:45:00.000000,3
888160_2023-05-09_10:45:00.000000,3
888160_2023-05-09_12:00:00.000000,3
888130_2023-05-01_07:00:00.000000,3
888130_2023-05-01_07:45:00.000000,3
888130_2023-05-01_16:45:00.000000,3
888130_2023-05-01_13:00:00.000000,3
888130_2023-05-01_15:45:00.000000,3
888130_2023-05-01_09:30:00.000000,3
888130_2023-05-01_14:30:00.000000,3
880306_2023-01-07_15:00:00.000000,3
880306_2023-01-07_10:00:00.000000,3
880306_2023-01-07_07:30:00.000000,3
880306_2023-01-07_13:15:00.000000,3
877592_2022-12-18_14:15:00.000000,3
877592_2022-12-18_07:00:00.000000,3
877592_2022-12-18_13:30:00.000000,3
881178_2023-02-20_12:15:00.000000,3
881178_2023-02-20_06:45:00.000000,3
881178_2023-02-20_10:30:00.000000,3
881178_2023-02-20_09:00:00.000000,3
881178_2023-02-20_09:30:00.000000,3
881178_2023-02-20_15:00:00.000000,3
881178_2023-02-20_07:15:00.000000,3
881178_2023-02-20_12:45:00.000000,3
888164_2023-05-10_15:45:00.000000,3
888164_2023-05-10_15:00:00.000000,3
888164_2023-05-10_09:30:00.000000,3
888164_2023-05-10_14:30:00.000000,3
888164_2023-05-10_07:15:00.000000,3
888164_2023-05-10_14:15:00.000000,3
888164_2023-05-10_07:00:00.000000,3
888164_2023-05-10_08:00:00.000000,3
888168_2023-05-11_13:00:00.000000,3
888168_2023-05-11_09:00:00.000000,2
888180_2023-05-14_15:00:00.000000,3
888180_2023-05-14_11:30:00.000000,3
888176_2023-05-13_08:30:00.000000,3
888176_2023-05-13_14:45:00.000000,3
888176_2023-05-13_10:15:00.000000,3
888172_2023-05-12_14:00:00.000000,3
888172_2023-05-12_12:45:00.000000,3
888172_2023-05-12_16:30:00.000000,3
888172_2023-05-12_07:30:00.000000,3
888184_2023-05-15_12:00:00.000000,3
888184_2023-05-15_07:00:00.000000,3
888184_2023-05-15_14:45:00.000000,3
888184_2023-05-15_08:30:00.000000,3
888184_2023-05-15_10:00:00.000000,3
888184_2023-05-15_08:45:00.000000,3
888184_2023-05-15_13:00:00.000000,3
888188_2023-05-16_11:15:00.000000,3
888188_2023-05-16_07:15:00.000000,3
888188_2023-05-16_07:00:00.000000,3
888188_2023-05-16_10:30:00.000000,3
888464_2023-05-17_15:00:00.000000,3
888464_2023-05-17_15:15:00.000000,2
888468_2023-05-18_16:45:00.000000,3
888468_2023-05-18_14:00:00.000000,3
888468_2023-05-18_12:45:00.000000,3
888468_2023-05-18_16:00:00.000000,3
888468_2023-05-18_14:45:00.000000,3
888468_2023-05-18_08:30:00.000000,3
888472_2023-05-19_09:15:00.000000,3
888472_2023-05-19_08:00:00.000000,3
888472_2023-05-19_08:30:00.000000,3
888472_2023-05-19_07:15:00.000000,3
888472_2023-05-19_17:15:00.000000,3
888472_2023-05-19_16:15:00.000000,3
888472_2023-05-19_10:15:00.000000,3
888476_2023-05-20_07:15:00.000000,3
888476_2023-05-20_12:30:00.000000,3
888476_2023-05-20_11:30:00.000000,3
888476_2023-05-20_07:45:00.000000,3
888476_2023-05-20_09:15:00.000000,3
888476_2023-05-20_06:30:00.000000,3
888476_2023-05-20_10:30:00.000000,3
888480_2023-05-21_13:45:00.000000,3
888480_2023-05-21_10:00:00.000000,3
888480_2023-05-21_07:15:00.000000,3
888484_2023-05-22_09:30:00.000000,3
888484_2023-05-22_13:45:00.000000,2
888484_2023-05-22_13:30:00.000000,3
888504_2023-05-23_09:00:00.000000,3
888504_2023-05-23_11:15:00.000000,4
888504_2023-05-23_11:00:00.000000,4
888504_2023-05-23_12:00:00.000000,3
888508_2023-05-24_13:00:00.000000,3
888508_2023-05-24_09:30:00.000000,4
888508_2023-05-24_15:15:00.000000,3
888512_2023-05-25_16:30:00.000000,3
888512_2023-05-25_07:00:00.000000,3
888512_2023-05-25_07:45:00.000000,3
888512_2023-05-25_14:30:00.000000,3
888512_2023-05-25_09:30:00.000000,3
888512_2023-05-25_13:00:00.000000,3
888528_2023-05-29_11:15:00.000000,3
888528_2023-05-29_12:45:00.000000,3
888528_2023-05-29_13:30:00.000000,3
888528_2023-05-29_09:15:00.000000,3
888528_2023-05-29_12:15:00.000000,3
888528_2023-05-29_07:00:00.000000,3
888524_2023-05-28_07:30:00.000000,3
888524_2023-05-28_16:30:00.000000,3
888524_2023-05-28_08:00:00.000000,3
888524_2023-05-28_10:30:00.000000,3
888524_2023-05-28_12:00:00.000000,3
888524_2023-05-28_13:30:00.000000,3
888524_2023-05-28_08:30:00.000000,3
888520_2023-05-27_13:00:00.000000,3
888520_2023-05-27_10:15:00.000000,3
888520_2023-05-27_09:45:00.000000,3
888520_2023-05-27_12:45:00.000000,3
888520_2023-05-27_08:15:00.000000,3
888520_2023-05-27_13:15:00.000000,3
888516_2023-05-26_14:45:00.000000,3
873280_2022-10-06_11:00:00.000000,3
873280_2022-10-06_10:45:00.000000,3
873280_2022-10-06_13:00:00.000000,3
873280_2022-10-06_13:45:00.000000,3
2019743_2023-06-28_15:15:00.000000,3
2019743_2023-06-28_18:00:00.000000,3
2019743_2023-06-28_06:00:00.000000,3
2019743_2023-06-28_16:00:00.000000,3
2019743_2023-06-28_16:45:00.000000,3
2019743_2023-06-28_15:30:00.000000,3
2019743_2023-06-28_14:30:00.000000,3
2021014_2023-07-02_07:30:00.000000,3
2021014_2023-07-02_12:30:00.000000,3
2020021_2023-06-29_08:45:00.000000,3
2020021_2023-06-29_14:15:00.000000,5
2021008_2023-07-01_10:30:00.000000,3
2021008_2023-07-01_05:15:00.000000,3
2021008_2023-07-01_11:30:00.000000,3
2021008_2023-07-01_07:30:00.000000,3
2021008_2023-07-01_11:00:00.000000,3
2021008_2023-07-01_13:45:00.000000,3
2021008_2023-07-01_13:00:00.000000,3
2020402_2023-06-30_08:45:00.000000,3
2022427_2023-07-16_12:15:00.000000,3
2022427_2023-07-16_05:45:00.000000,3
2022427_2023-07-16_15:00:00.000000,5
2022427_2023-07-16_08:15:00.000000,3
2022427_2023-07-16_07:30:00.000000,3
2022427_2023-07-16_15:15:00.000000,4
2022427_2023-07-16_18:00:00.000000,3
2022427_2023-07-16_08:30:00.000000,3
2022427_2023-07-16_16:15:00.000000,3
2022427_2023-07-16_17:45:00.000000,3
2022427_2023-07-16_06:00:00.000000,3
2022427_2023-07-16_10:45:00.000000,3
2022427_2023-07-16_13:30:00.000000,3
2021757_2023-07-12_22:30:00.000000,3
2022430_2023-07-16_20:15:00.000000,3
2022430_2023-07-17_00:15:00.000000,3
2022430_2023-07-16_19:00:00.000000,3
2022430_2023-07-16_19:15:00.000000,2
2022430_2023-07-17_00:00:00.000000,4
2022430_2023-07-16_22:30:00.000000,3
2022430_2023-07-16_19:30:00.000000,4
2022430_2023-07-17_04:00:00.000000,3
2022218_2023-07-14_18:30:00.000000,3
2022218_2023-07-15_00:30:00.000000,2
2022218_2023-07-15_01:45:00.000000,3
2022218_2023-07-15_00:45:00.000000,3
2022424_2023-07-16_01:45:00.000000,3
2022424_2023-07-15_20:00:00.000000,4
2022424_2023-07-16_04:00:00.000000,3
2022424_2023-07-16_01:30:00.000000,3
2022421_2023-07-15_04:45:00.000000,3
2022421_2023-07-15_13:15:00.000000,3
2022421_2023-07-15_07:30:00.000000,3
2022421_2023-07-15_09:45:00.000000,3
2022421_2023-07-15_16:30:00.000000,2
2022421_2023-07-15_15:00:00.000000,3
2022421_2023-07-15_13:45:00.000000,3
2022421_2023-07-15_09:30:00.000000,3
2022421_2023-07-15_10:00:00.000000,3
2022421_2023-07-15_10:15:00.000000,2
2022421_2023-07-15_08:30:00.000000,3
2021335_2023-07-11_01:00:00.000000,3
2021317_2023-07-09_08:30:00.000000,3
2021317_2023-07-09_09:45:00.000000,3
2021338_2023-07-10_16:45:00.000000,3
2021338_2023-07-10_08:15:00.000000,3
2021338_2023-07-10_11:45:00.000000,2
2021338_2023-07-10_17:30:00.000000,3
2021314_2023-07-08_07:00:00.000000,3
2021314_2023-07-08_11:30:00.000000,3
2021314_2023-07-08_16:30:00.000000,3
2021314_2023-07-08_17:45:00.000000,3
2021314_2023-07-08_08:15:00.000000,3
2021354_2023-07-08_00:45:00.000000,3
2021354_2023-07-07_22:30:00.000000,2
2021354_2023-07-08_01:30:00.000000,3
2021311_2023-07-07_06:30:00.000000,3
2021311_2023-07-07_04:45:00.000000,3
2021311_2023-07-07_07:00:00.000000,3
2021311_2023-07-07_14:00:00.000000,3
2021311_2023-07-07_14:30:00.000000,3
2021311_2023-07-07_06:00:00.000000,3
2021311_2023-07-07_10:00:00.000000,2
2021311_2023-07-07_05:30:00.000000,3
2021285_2023-07-07_01:00:00.000000,3
2021285_2023-07-06_19:15:00.000000,3
2021285_2023-07-07_01:30:00.000000,3
2021282_2023-07-06_05:30:00.000000,3
2021282_2023-07-06_16:30:00.000000,3
2021282_2023-07-06_11:30:00.000000,3
2021282_2023-07-06_17:30:00.000000,3
2021282_2023-07-06_07:15:00.000000,3
2020420_2023-07-05_11:30:00.000000,3
2020420_2023-07-05_08:15:00.000000,3
2020420_2023-07-05_12:30:00.000000,3
2020420_2023-07-05_09:00:00.000000,3
2020420_2023-07-05_10:15:00.000000,3
2020420_2023-07-05_13:45:00.000000,3
2020417_2023-07-05_01:15:00.000000,3
2020417_2023-07-05_00:45:00.000000,3
2020414_2023-07-04_07:30:00.000000,3
2020414_2023-07-04_06:30:00.000000,3
2020414_2023-07-04_14:00:00.000000,3
2020414_2023-07-04_14:30:00.000000,3
2021023_2023-07-03_19:15:00.000000,3
2021023_2023-07-04_03:15:00.000000,3
2021023_2023-07-04_04:00:00.000000,3
2021023_2023-07-04_02:45:00.000000,3
2021023_2023-07-04_00:30:00.000000,3
2021023_2023-07-03_21:30:00.000000,2
2021023_2023-07-03_21:00:00.000000,5
2021023_2023-07-03_21:15:00.000000,2
2021023_2023-07-03_18:30:00.000000,3
2021023_2023-07-04_02:30:00.000000,3
2021020_2023-07-03_17:30:00.000000,3
2021020_2023-07-03_12:30:00.000000,3
2021017_2023-07-02_23:45:00.000000,3
2021011_2023-07-02_00:15:00.000000,3
2021011_2023-07-02_02:30:00.000000,2
2021011_2023-07-01_22:15:00.000000,3
2020027_2023-06-28_19:00:00.000000,3
2020024_2023-06-29_22:15:00.000000,3
2022433_2023-07-17_10:45:00.000000,3
2022433_2023-07-17_16:00:00.000000,3
2022433_2023-07-17_11:45:00.000000,3
2022433_2023-07-17_08:15:00.000000,3
2022433_2023-07-17_10:30:00.000000,3
2022436_2023-07-17_18:45:00.000000,3
2022436_2023-07-18_00:45:00.000000,3
2022436_2023-07-17_20:45:00.000000,3
2022442_2023-07-19_04:00:00.000000,3
2022442_2023-07-19_00:00:00.000000,3
2022442_2023-07-19_03:30:00.000000,3
2022442_2023-07-19_02:45:00.000000,3
2022448_2023-07-20_02:45:00.000000,3
2022448_2023-07-19_19:30:00.000000,3
2022448_2023-07-19_23:15:00.000000,3
2022448_2023-07-19_21:45:00.000000,3
2022448_2023-07-19_22:15:00.000000,3
2022445_2023-07-19_17:15:00.000000,2
2022445_2023-07-19_13:15:00.000000,3
2022445_2023-07-19_07:00:00.000000,3
2022445_2023-07-19_07:30:00.000000,3
2022445_2023-07-19_07:45:00.000000,3
2022551_2023-07-21_01:30:00.000000,3
2022551_2023-07-21_00:30:00.000000,3
2022551_2023-07-21_00:00:00.000000,3
2022551_2023-07-20_23:15:00.000000,3
2022551_2023-07-20_22:15:00.000000,3
2022557_2023-07-22_04:00:00.000000,3
2022557_2023-07-21_23:15:00.000000,3
2022557_2023-07-22_00:30:00.000000,3
2022557_2023-07-21_19:00:00.000000,3
2022557_2023-07-22_01:15:00.000000,3
2022554_2023-07-21_05:30:00.000000,3
2022554_2023-07-21_13:30:00.000000,3
2022554_2023-07-21_11:15:00.000000,3
2022554_2023-07-21_08:00:00.000000,3
2022563_2023-07-22_18:45:00.000000,3
2022563_2023-07-22_18:30:00.000000,3
2022563_2023-07-22_18:15:00.000000,3
2022566_2023-07-23_14:15:00.000000,3
2022566_2023-07-23_09:15:00.000000,3
2022566_2023-07-23_06:45:00.000000,3
2022566_2023-07-23_13:15:00.000000,3
2022566_2023-07-23_14:30:00.000000,4
2022566_2023-07-23_05:30:00.000000,3
2022569_2023-07-24_04:30:00.000000,3
2022572_2023-07-24_06:30:00.000000,3
2022572_2023-07-24_16:30:00.000000,3
2022572_2023-07-24_10:15:00.000000,3
2022572_2023-07-24_17:30:00.000000,2
2022572_2023-07-24_12:00:00.000000,3
2022572_2023-07-24_12:30:00.000000,3
2022572_2023-07-24_17:45:00.000000,2
2022560_2023-07-22_07:15:00.000000,3
2022560_2023-07-22_08:45:00.000000,3
2022560_2023-07-22_17:00:00.000000,3
2022581_2023-07-25_20:30:00.000000,3
2022581_2023-07-26_00:15:00.000000,3
2022581_2023-07-26_03:15:00.000000,3
2022575_2023-07-24_18:15:00.000000,3
2022575_2023-07-25_00:45:00.000000,3
2022578_2023-07-25_15:15:00.000000,3
2022587_2023-07-27_00:30:00.000000,3
2022584_2023-07-26_08:30:00.000000,3
2022584_2023-07-26_15:15:00.000000,3
2022584_2023-07-26_05:00:00.000000,3
2022584_2023-07-26_17:15:00.000000,3
2022590_2023-07-27_06:00:00.000000,3
2022590_2023-07-27_09:15:00.000000,3
2022590_2023-07-27_17:30:00.000000,3
2022590_2023-07-27_10:15:00.000000,3
2022590_2023-07-27_16:15:00.000000,3
2022593_2023-07-28_01:45:00.000000,3
2022593_2023-07-28_02:45:00.000000,3
2022593_2023-07-27_22:00:00.000000,3
2022596_2023-07-28_15:45:00.000000,2
2022602_2023-07-29_08:45:00.000000,3
2022602_2023-07-29_07:30:00.000000,2
2022605_2023-07-30_02:30:00.000000,3
2022605_2023-07-30_01:00:00.000000,3
2022608_2023-07-30_15:15:00.000000,3
2022608_2023-07-30_05:00:00.000000,3
2022608_2023-07-30_16:00:00.000000,3
2022608_2023-07-30_06:15:00.000000,3
2022611_2023-07-31_04:30:00.000000,3
2022599_2023-07-29_04:45:00.000000,3
2022599_2023-07-28_19:00:00.000000,3
2022599_2023-07-29_04:00:00.000000,3
2022599_2023-07-29_01:45:00.000000,3
2022617_2023-07-31_23:30:00.000000,3
2022617_2023-08-01_00:00:00.000000,3
2022617_2023-07-31_19:00:00.000000,3
2022617_2023-08-01_02:30:00.000000,3
2022614_2023-07-31_06:45:00.000000,3
2022614_2023-07-31_14:15:00.000000,3
2022614_2023-07-31_11:45:00.000000,3
2022614_2023-07-31_14:45:00.000000,3
2022614_2023-07-31_13:30:00.000000,3
2022623_2023-08-02_03:15:00.000000,3
2022623_2023-08-01_22:45:00.000000,3
2022620_2023-08-01_10:45:00.000000,3
2022620_2023-08-01_06:45:00.000000,3
2022620_2023-08-01_16:15:00.000000,3
2022629_2023-08-03_00:00:00.000000,3
2022439_2023-07-18_17:45:00.000000,4
2022439_2023-07-18_13:30:00.000000,3
2022439_2023-07-18_15:15:00.000000,3
2022439_2023-07-18_16:45:00.000000,3
2022439_2023-07-18_14:00:00.000000,3
2022439_2023-07-18_16:15:00.000000,3
2022439_2023-07-18_07:30:00.000000,3
2022439_2023-07-18_17:30:00.000000,2
2022439_2023-07-18_06:15:00.000000,3
2022632_2023-08-03_17:30:00.000000,3
2022632_2023-08-03_06:15:00.000000,3
2022632_2023-08-03_09:00:00.000000,3
2022632_2023-08-03_09:15:00.000000,3
2022632_2023-08-03_11:45:00.000000,3
2022635_2023-08-04_04:00:00.000000,3
2022635_2023-08-03_23:45:00.000000,3
2022635_2023-08-04_03:15:00.000000,3
2022635_2023-08-03_19:15:00.000000,3
2022635_2023-08-03_22:45:00.000000,3
2022635_2023-08-04_00:15:00.000000,3
2022638_2023-08-04_06:00:00.000000,3
2022638_2023-08-04_14:30:00.000000,3
2022641_2023-08-05_04:45:00.000000,3
2022641_2023-08-04_20:00:00.000000,3
2022641_2023-08-05_03:15:00.000000,3
2022644_2023-08-05_14:45:00.000000,3
2022644_2023-08-05_13:45:00.000000,3
2022644_2023-08-05_12:30:00.000000,3
2022644_2023-08-05_07:00:00.000000,2
2022644_2023-08-05_13:15:00.000000,3
2022644_2023-08-05_11:45:00.000000,3
2022644_2023-08-05_05:30:00.000000,3
2022647_2023-08-05_20:45:00.000000,3
2022647_2023-08-06_01:45:00.000000,3
2022647_2023-08-05_22:15:00.000000,2
2022647_2023-08-06_00:15:00.000000,3
2022647_2023-08-05_19:00:00.000000,3
2022650_2023-08-06_08:45:00.000000,3
2022650_2023-08-06_07:45:00.000000,3
2022650_2023-08-06_06:45:00.000000,3
2022650_2023-08-06_15:15:00.000000,3
2022650_2023-08-06_09:15:00.000000,3
2022650_2023-08-06_17:00:00.000000,3
2022653_2023-08-07_04:45:00.000000,3
2022653_2023-08-06_22:30:00.000000,3
2022653_2023-08-07_00:15:00.000000,3
2022653_2023-08-06_22:15:00.000000,3
2022653_2023-08-06_18:15:00.000000,3
2022656_2023-08-07_13:30:00.000000,3
2022656_2023-08-07_08:15:00.000000,3
2022656_2023-08-07_05:30:00.000000,3
2022656_2023-08-07_08:30:00.000000,3
2022656_2023-08-07_16:30:00.000000,3
2022656_2023-08-07_06:30:00.000000,3
2022656_2023-08-07_11:15:00.000000,3
2022659_2023-08-07_21:45:00.000000,3
2022659_2023-08-07_21:30:00.000000,3
2022659_2023-08-07_20:45:00.000000,2
2022659_2023-08-07_19:30:00.000000,3
2022659_2023-08-08_00:00:00.000000,3
2022665_2023-08-08_20:45:00.000000,3
2024065_2023-08-10_02:45:00.000000,2
2024065_2023-08-10_04:45:00.000000,3
2024065_2023-08-10_02:30:00.000000,3
2024065_2023-08-09_21:30:00.000000,3
2024065_2023-08-09_19:15:00.000000,3
2024065_2023-08-09_21:15:00.000000,2
2024065_2023-08-10_00:30:00.000000,3
2024065_2023-08-09_18:30:00.000000,3
2024100_2023-08-10_15:45:00.000000,3
2024100_2023-08-10_09:15:00.000000,3
2024100_2023-08-10_12:00:00.000000,3
2024100_2023-08-10_08:45:00.000000,3
2024103_2023-08-11_05:00:00.000000,3
2024103_2023-08-10_22:30:00.000000,3
2024103_2023-08-11_02:45:00.000000,3
2024103_2023-08-10_20:45:00.000000,3
2024109_2023-08-11_23:00:00.000000,3
2024109_2023-08-11_20:00:00.000000,3
2024106_2023-08-11_10:45:00.000000,3
2024106_2023-08-11_06:45:00.000000,3
2024106_2023-08-11_07:30:00.000000,3
2024106_2023-08-11_08:30:00.000000,3
2024106_2023-08-11_10:15:00.000000,3
2024106_2023-08-11_09:00:00.000000,3
2024106_2023-08-11_13:30:00.000000,3
2024112_2023-08-12_09:45:00.000000,3
2024112_2023-08-12_07:15:00.000000,3
2024112_2023-08-12_08:30:00.000000,3
2024112_2023-08-12_10:45:00.000000,3
2024112_2023-08-12_09:00:00.000000,3
2024112_2023-08-12_15:15:00.000000,3
2024115_2023-08-13_04:30:00.000000,3
2024121_2023-08-14_01:15:00.000000,3
2024118_2023-08-13_10:30:00.000000,3
2024118_2023-08-13_06:30:00.000000,3
2024118_2023-08-13_09:30:00.000000,3
2024118_2023-08-13_14:30:00.000000,3
2024118_2023-08-13_07:45:00.000000,3
2024124_2023-08-14_06:30:00.000000,3
2024124_2023-08-14_09:30:00.000000,3
2024127_2023-08-15_03:45:00.000000,3
2024127_2023-08-15_05:00:00.000000,3
2024127_2023-08-15_04:30:00.000000,3
2024133_2023-08-15_21:00:00.000000,3
2024130_2023-08-15_09:45:00.000000,3
2024130_2023-08-15_12:15:00.000000,3
2024136_2023-08-16_14:15:00.000000,3
2024139_2023-08-16_21:45:00.000000,3
2024139_2023-08-16_23:30:00.000000,3
2024139_2023-08-16_20:45:00.000000,3
2024139_2023-08-16_17:45:00.000000,3
2024139_2023-08-16_23:00:00.000000,3
2024139_2023-08-17_02:30:00.000000,2
2024790_2023-08-31_11:45:00.000000,3
2024790_2023-08-31_07:45:00.000000,3
2024796_2023-09-01_06:30:00.000000,3
2024799_2023-09-01_22:15:00.000000,3
2024799_2023-09-02_03:45:00.000000,3
2024802_2023-09-02_10:45:00.000000,3
2024802_2023-09-02_15:15:00.000000,3
2024802_2023-09-02_14:15:00.000000,3
2024805_2023-09-02_20:00:00.000000,3
2024805_2023-09-02_18:30:00.000000,3
2024805_2023-09-03_03:15:00.000000,3
2024805_2023-09-03_04:00:00.000000,3
2024805_2023-09-02_20:45:00.000000,3
2024805_2023-09-03_01:45:00.000000,3
2024805_2023-09-02_21:00:00.000000,3
2024805_2023-09-03_00:15:00.000000,3
2024811_2023-09-03_17:45:00.000000,3
2024811_2023-09-04_01:00:00.000000,3
2024808_2023-09-03_09:00:00.000000,3
2024817_2023-09-04_20:45:00.000000,3
2024817_2023-09-04_17:00:00.000000,3
2024814_2023-09-04_07:00:00.000000,3
2024823_2023-09-05_20:15:00.000000,2
2024823_2023-09-05_22:15:00.000000,3
2024823_2023-09-05_20:30:00.000000,3
2024826_2023-09-06_15:00:00.000000,3
2024826_2023-09-06_13:00:00.000000,3
2024826_2023-09-06_12:00:00.000000,3
2024826_2023-09-06_11:00:00.000000,3
2024820_2023-09-05_13:15:00.000000,3
2024820_2023-09-05_08:15:00.000000,3
2024820_2023-09-05_08:45:00.000000,3
2025127_2023-09-07_12:00:00.000000,3
2025127_2023-09-07_15:45:00.000000,3
2025127_2023-09-07_08:15:00.000000,3
2025127_2023-09-07_11:00:00.000000,3
2024829_2023-09-07_01:00:00.000000,3
2024829_2023-09-07_05:00:00.000000,3
2025133_2023-09-08_14:45:00.000000,3
2025133_2023-09-08_07:45:00.000000,3
2025133_2023-09-08_12:30:00.000000,3
2025130_2023-09-08_00:45:00.000000,3
2025130_2023-09-08_04:00:00.000000,3
2025130_2023-09-07_19:00:00.000000,2
2025130_2023-09-07_18:30:00.000000,3
2025136_2023-09-08_22:00:00.000000,3
2025136_2023-09-08_18:00:00.000000,3
2025136_2023-09-09_03:00:00.000000,3
2025136_2023-09-09_05:00:00.000000,3
2025136_2023-09-08_21:15:00.000000,3
2025136_2023-09-08_23:00:00.000000,3
2025136_2023-09-09_04:00:00.000000,3
2025139_2023-09-09_08:30:00.000000,3
2025139_2023-09-09_06:45:00.000000,3
2025139_2023-09-09_11:45:00.000000,3
2025139_2023-09-09_09:00:00.000000,3
2025139_2023-09-09_07:15:00.000000,3
2025139_2023-09-09_08:00:00.000000,3
2025139_2023-09-09_07:30:00.000000,3
2025139_2023-09-09_06:15:00.000000,3
2025139_2023-09-09_09:45:00.000000,3
2025142_2023-09-09_21:00:00.000000,3
2025142_2023-09-09_17:30:00.000000,3
2025142_2023-09-09_22:45:00.000000,3
2025142_2023-09-10_00:00:00.000000,3
2025142_2023-09-10_01:15:00.000000,3
2025145_2023-09-10_10:00:00.000000,3
2025145_2023-09-10_12:15:00.000000,3
2025154_2023-09-11_20:45:00.000000,3
2025154_2023-09-11_17:15:00.000000,3
2025154_2023-09-11_21:15:00.000000,3
2025148_2023-09-11_01:45:00.000000,3
2025148_2023-09-11_01:15:00.000000,2
2025151_2023-09-11_14:30:00.000000,3
2025151_2023-09-11_10:15:00.000000,3
2025157_2023-09-12_10:45:00.000000,3
2025157_2023-09-12_07:30:00.000000,3
2025157_2023-09-12_08:45:00.000000,3
2025163_2023-09-13_11:15:00.000000,3
2025163_2023-09-13_11:00:00.000000,3
2025163_2023-09-13_14:15:00.000000,3
2025163_2023-09-13_09:30:00.000000,3
2025160_2023-09-12_20:00:00.000000,3
2025160_2023-09-13_04:45:00.000000,3
2025160_2023-09-13_05:45:00.000000,3
2025169_2023-09-14_07:15:00.000000,3
2025172_2023-09-15_05:45:00.000000,3
2025172_2023-09-14_17:00:00.000000,3
2025172_2023-09-14_19:30:00.000000,3
2025172_2023-09-15_05:15:00.000000,3
2025178_2023-09-15_23:45:00.000000,3
2025184_2023-09-17_05:00:00.000000,3
2025184_2023-09-17_00:15:00.000000,3
2025184_2023-09-16_19:30:00.000000,3
2025187_2023-09-17_11:00:00.000000,3
2025187_2023-09-17_06:45:00.000000,3
2025190_2023-09-17_17:00:00.000000,3
2025190_2023-09-18_02:15:00.000000,3
2025190_2023-09-18_00:15:00.000000,3
2025190_2023-09-17_18:45:00.000000,3
2025196_2023-09-18_20:30:00.000000,3
2025196_2023-09-19_03:45:00.000000,3
2025202_2023-09-20_02:15:00.000000,3
2025202_2023-09-20_00:00:00.000000,4
2025202_2023-09-20_04:30:00.000000,3
2025202_2023-09-20_02:00:00.000000,3
2025202_2023-09-19_22:45:00.000000,4
2025205_2023-09-20_14:30:00.000000,2
2025205_2023-09-20_07:00:00.000000,3
2025208_2023-09-21_00:00:00.000000,4
2025208_2023-09-21_06:00:00.000000,3
2025208_2023-09-20_23:15:00.000000,3
2025208_2023-09-21_01:00:00.000000,3
2025208_2023-09-20_20:30:00.000000,4
2025214_2023-09-21_23:15:00.000000,3
2025214_2023-09-22_06:00:00.000000,3
2025214_2023-09-21_18:30:00.000000,3
2025214_2023-09-22_04:45:00.000000,3
2025217_2023-09-22_07:30:00.000000,3
2025217_2023-09-22_15:15:00.000000,3
2025217_2023-09-22_11:45:00.000000,3
2025217_2023-09-22_15:00:00.000000,3
2025217_2023-09-22_14:45:00.000000,3
2025217_2023-09-22_08:45:00.000000,3
2025217_2023-09-22_15:30:00.000000,3
2025220_2023-09-22_22:45:00.000000,3
2025220_2023-09-22_17:15:00.000000,3
2025220_2023-09-22_19:30:00.000000,2
2025223_2023-09-23_11:00:00.000000,3
2025223_2023-09-23_08:00:00.000000,3
2025223_2023-09-23_07:15:00.000000,3
2025223_2023-09-23_14:45:00.000000,3
2025226_2023-09-23_19:15:00.000000,3
2025229_2023-09-24_15:45:00.000000,3
2025229_2023-09-24_15:30:00.000000,3
2025229_2023-09-24_15:00:00.000000,2
2025229_2023-09-24_10:30:00.000000,3
2025681_2023-09-15_15:45:00.000000,3
2025232_2023-09-25_03:00:00.000000,3
2025232_2023-09-24_22:45:00.000000,3
2025232_2023-09-25_02:00:00.000000,3
2025232_2023-09-24_17:45:00.000000,3
2025232_2023-09-25_00:00:00.000000,3
2024373_2023-08-17_17:00:00.000000,3
2024373_2023-08-17_12:30:00.000000,2
2024373_2023-08-17_14:15:00.000000,3
2024376_2023-08-17_23:45:00.000000,3
2024379_2023-08-18_16:45:00.000000,3
2024379_2023-08-18_15:45:00.000000,3
2024379_2023-08-18_14:30:00.000000,3
2024379_2023-08-18_08:45:00.000000,3
2024382_2023-08-19_05:00:00.000000,3
2024385_2023-08-19_06:45:00.000000,3
2024385_2023-08-19_09:30:00.000000,3
2024388_2023-08-20_01:45:00.000000,3
2024391_2023-08-20_16:00:00.000000,3
2024391_2023-08-20_16:45:00.000000,3
2024391_2023-08-20_06:15:00.000000,3
2024391_2023-08-20_12:30:00.000000,3
2024391_2023-08-20_14:45:00.000000,3
2024391_2023-08-20_13:45:00.000000,3
2024391_2023-08-20_06:30:00.000000,2
2024394_2023-08-20_22:15:00.000000,3
2024394_2023-08-20_17:45:00.000000,3
2024397_2023-08-21_08:30:00.000000,3
2024397_2023-08-21_06:00:00.000000,3
2024397_2023-08-21_12:30:00.000000,3
2024400_2023-08-22_05:15:00.000000,3
2024403_2023-08-22_11:00:00.000000,3
2024403_2023-08-22_08:00:00.000000,3
2024403_2023-08-22_10:15:00.000000,3
2024403_2023-08-22_09:00:00.000000,3
2024406_2023-08-22_23:45:00.000000,3
2024409_2023-08-23_15:30:00.000000,3
2024409_2023-08-23_14:00:00.000000,3
2024412_2023-08-24_05:00:00.000000,3
2024412_2023-08-23_23:30:00.000000,3
2024751_2023-08-25_04:45:00.000000,3
2024751_2023-08-25_01:00:00.000000,3
2024751_2023-08-25_03:30:00.000000,5
2024754_2023-08-25_17:00:00.000000,3
2024757_2023-08-25_17:45:00.000000,3
2024760_2023-08-26_13:00:00.000000,2
2024760_2023-08-26_07:00:00.000000,3
2024763_2023-08-27_00:15:00.000000,3
2024769_2023-08-28_00:45:00.000000,3
2024769_2023-08-28_02:45:00.000000,3
2024772_2023-08-28_09:00:00.000000,3
2024775_2023-08-28_23:30:00.000000,3
2024781_2023-08-30_04:30:00.000000,3
2024781_2023-08-30_03:00:00.000000,3
2024787_2023-08-31_02:15:00.000000,3
2024787_2023-08-30_23:15:00.000000,3
2024787_2023-08-30_20:30:00.000000,3
2024787_2023-08-30_23:45:00.000000,3
2024787_2023-08-30_17:15:00.000000,3
2024793_2023-08-31_17:15:00.000000,3
2024793_2023-09-01_02:30:00.000000,3
2024793_2023-08-31_23:00:00.000000,3
2024793_2023-08-31_22:30:00.000000,3
2024793_2023-09-01_03:00:00.000000,4
2024793_2023-09-01_03:15:00.000000,2
2025235_2023-09-25_14:00:00.000000,3
2025235_2023-09-25_07:15:00.000000,3
2025235_2023-09-25_09:30:00.000000,3
2025235_2023-09-25_15:30:00.000000,3
2025235_2023-09-25_15:15:00.000000,3
2025235_2023-09-25_12:30:00.000000,3
2025241_2023-09-26_10:30:00.000000,3
2025241_2023-09-26_11:15:00.000000,3
2025241_2023-09-26_14:45:00.000000,3
2025241_2023-09-26_07:30:00.000000,3
2025241_2023-09-26_12:30:00.000000,3
2025241_2023-09-26_08:30:00.000000,3
2025241_2023-09-26_14:00:00.000000,3
2025244_2023-09-26_17:15:00.000000,3
2025244_2023-09-27_06:00:00.000000,3
2025238_2023-09-25_19:15:00.000000,3
2025238_2023-09-25_18:15:00.000000,3
2025247_2023-09-27_06:45:00.000000,3
2025247_2023-09-27_15:00:00.000000,3
2025247_2023-09-27_13:00:00.000000,3
2025247_2023-09-27_14:00:00.000000,3
2025247_2023-09-27_09:45:00.000000,3
2025247_2023-09-27_08:00:00.000000,3
2025253_2023-09-28_14:00:00.000000,3
2025253_2023-09-28_09:00:00.000000,5
2025259_2023-09-29_13:30:00.000000,3
2025259_2023-09-29_15:30:00.000000,3
2025256_2023-09-29_03:00:00.000000,3
2025265_2023-09-30_13:15:00.000000,3
2025265_2023-09-30_11:45:00.000000,3
2025265_2023-09-30_07:15:00.000000,3
2025265_2023-09-30_15:00:00.000000,3
2025265_2023-09-30_09:45:00.000000,3
2025250_2023-09-28_04:00:00.000000,3
2025250_2023-09-28_00:15:00.000000,3
2025250_2023-09-28_06:15:00.000000,3
2025250_2023-09-27_21:30:00.000000,3
2025250_2023-09-28_06:30:00.000000,3
2025250_2023-09-27_19:45:00.000000,3
2025262_2023-09-29_20:15:00.000000,3
2025262_2023-09-29_21:30:00.000000,3
2025262_2023-09-29_19:00:00.000000,3
2025262_2023-09-30_06:00:00.000000,3
2025262_2023-09-29_23:00:00.000000,3
2025262_2023-09-30_01:15:00.000000,3
2025262_2023-09-29_20:45:00.000000,3
2025271_2023-10-01_12:45:00.000000,3
2025271_2023-10-01_14:45:00.000000,3
2025268_2023-10-01_00:30:00.000000,3
2025268_2023-10-01_01:15:00.000000,3
2025268_2023-10-01_01:45:00.000000,3
2025274_2023-10-01_21:30:00.000000,3
2025274_2023-10-01_22:00:00.000000,3
2025274_2023-10-01_18:30:00.000000,3
2025274_2023-10-01_23:15:00.000000,3
2025277_2023-10-02_09:30:00.000000,3
2025277_2023-10-02_12:30:00.000000,3
2025283_2023-10-03_13:45:00.000000,3
2025283_2023-10-03_08:15:00.000000,3
2025283_2023-10-03_09:30:00.000000,3
2025283_2023-10-03_14:45:00.000000,3
2025280_2023-10-02_21:30:00.000000,3
2025280_2023-10-03_05:45:00.000000,3
2025280_2023-10-02_21:00:00.000000,3
2025280_2023-10-02_17:00:00.000000,3
2025280_2023-10-02_20:00:00.000000,3
2025280_2023-10-02_23:15:00.000000,3
2025280_2023-10-03_03:00:00.000000,3
2025280_2023-10-03_00:45:00.000000,3
2025286_2023-10-03_19:00:00.000000,3
2025286_2023-10-04_05:45:00.000000,3
2025286_2023-10-03_16:00:00.000000,3
2025286_2023-10-03_23:30:00.000000,3
2025289_2023-10-04_09:00:00.000000,3
2025292_2023-10-04_20:15:00.000000,3
2025292_2023-10-05_05:15:00.000000,3
2025292_2023-10-05_05:45:00.000000,3
2027429_2023-10-06_00:30:00.000000,3
2027462_2023-10-11_07:30:00.000000,3
2027465_2023-10-12_00:30:00.000000,3
2027465_2023-10-12_04:00:00.000000,3
2027432_2023-10-06_08:15:00.000000,3
2027432_2023-10-06_09:00:00.000000,3
2027432_2023-10-06_11:00:00.000000,3
2027441_2023-10-08_05:30:00.000000,3
2027441_2023-10-08_04:00:00.000000,3
2027441_2023-10-07_19:30:00.000000,3
2027441_2023-10-08_02:45:00.000000,3
2027441_2023-10-07_18:00:00.000000,2
2027441_2023-10-08_03:45:00.000000,3
2027441_2023-10-07_22:00:00.000000,3
2027435_2023-10-07_05:15:00.000000,3
2027435_2023-10-07_01:45:00.000000,3
2027435_2023-10-06_17:45:00.000000,3
2027447_2023-10-09_05:15:00.000000,3
2027447_2023-10-08_17:45:00.000000,3
2027450_2023-10-09_13:45:00.000000,3
2027450_2023-10-09_07:15:00.000000,3
2027450_2023-10-09_09:30:00.000000,3
2027758_2023-10-13_05:45:00.000000,3
2027758_2023-10-13_06:15:00.000000,3
2027459_2023-10-10_20:30:00.000000,3
2027459_2023-10-11_04:30:00.000000,3
2027779_2023-10-16_14:15:00.000000,3
2027782_2023-10-16_18:30:00.000000,3
2027782_2023-10-16_16:15:00.000000,3
2027785_2023-10-17_08:45:00.000000,3
2027776_2023-10-16_02:00:00.000000,3
2028171_2023-10-19_14:45:00.000000,3
2028171_2023-10-19_13:45:00.000000,3
2028168_2023-10-19_02:30:00.000000,3
2028168_2023-10-19_06:00:00.000000,3
2028168_2023-10-19_04:45:00.000000,3
2028168_2023-10-18_16:30:00.000000,3
2028174_2023-10-20_04:15:00.000000,3
2028174_2023-10-20_02:30:00.000000,3
2028177_2023-10-20_11:45:00.000000,3
2028180_2023-10-20_15:45:00.000000,3
2028186_2023-10-21_22:45:00.000000,3
2028186_2023-10-21_19:30:00.000000,3
2028213_2023-10-26_13:30:00.000000,3
2028213_2023-10-26_08:30:00.000000,3
2028216_2023-10-26_23:00:00.000000,3
2028216_2023-10-26_23:15:00.000000,2
2028198_2023-10-23_19:15:00.000000,3
2028204_2023-10-24_16:30:00.000000,3
2028237_2023-10-30_11:15:00.000000,3
2028237_2023-10-30_14:00:00.000000,3
2028234_2023-10-30_02:45:00.000000,3
2028249_2023-11-01_08:45:00.000000,3
2028249_2023-11-01_09:30:00.000000,3
2028249_2023-11-01_10:00:00.000000,3
2028240_2023-10-30_15:15:00.000000,3
2028240_2023-10-31_06:30:00.000000,3
2028246_2023-10-31_16:00:00.000000,3
2028246_2023-10-31_23:30:00.000000,3
2028246_2023-10-31_21:15:00.000000,3
2028246_2023-10-31_20:15:00.000000,3
2028255_2023-11-02_12:15:00.000000,3
2028255_2023-11-02_12:30:00.000000,2
2028252_2023-11-02_00:00:00.000000,3
2028252_2023-11-02_05:15:00.000000,3
2028252_2023-11-01_22:15:00.000000,3
2028252_2023-11-02_07:00:00.000000,3
2028252_2023-11-02_06:15:00.000000,3
2028252_2023-11-02_01:30:00.000000,3
2028252_2023-11-02_07:15:00.000000,3
2028258_2023-11-02_19:15:00.000000,3
2028258_2023-11-03_07:30:00.000000,3
2028258_2023-11-02_22:15:00.000000,3
2028258_2023-11-02_20:15:00.000000,3
2028267_2023-11-04_12:15:00.000000,3
2028267_2023-11-04_10:45:00.000000,3
2028267_2023-11-04_11:15:00.000000,3
2028267_2023-11-04_10:30:00.000000,3
2028273_2023-11-05_09:45:00.000000,3
2028273_2023-11-05_09:15:00.000000,3
2028264_2023-11-04_05:30:00.000000,3
2028264_2023-11-04_06:45:00.000000,3
2028264_2023-11-03_23:30:00.000000,3
2028270_2023-11-04_20:15:00.000000,3
2028270_2023-11-04_22:45:00.000000,3
2028270_2023-11-04_21:00:00.000000,3
2028279_2023-11-06_11:15:00.000000,3
2028279_2023-11-06_09:15:00.000000,3
2028279_2023-11-06_13:00:00.000000,3
2028279_2023-11-06_09:00:00.000000,3
2028276_2023-11-06_03:00:00.000000,3
2028291_2023-11-08_11:15:00.000000,3
2028291_2023-11-08_11:45:00.000000,3
2028297_2023-11-09_10:45:00.000000,3
2028297_2023-11-09_08:15:00.000000,3
2028288_2023-11-08_06:00:00.000000,3
2028288_2023-11-08_04:15:00.000000,3
2028288_2023-11-08_05:00:00.000000,3
2028288_2023-11-08_02:45:00.000000,3
2028288_2023-11-08_07:30:00.000000,3
2028288_2023-11-07_23:45:00.000000,3
2028300_2023-11-09_14:30:00.000000,3
2028300_2023-11-10_00:00:00.000000,3
2028300_2023-11-10_04:15:00.000000,3
2028315_2023-11-12_11:15:00.000000,3
2028315_2023-11-12_13:30:00.000000,3
2028321_2023-11-13_13:45:00.000000,3
2028321_2023-11-13_09:45:00.000000,3
2028318_2023-11-12_21:45:00.000000,3
2028318_2023-11-12_16:30:00.000000,3
2028318_2023-11-13_02:00:00.000000,3
2028318_2023-11-12_14:15:00.000000,3
2028318_2023-11-12_17:30:00.000000,3
2028318_2023-11-12_14:45:00.000000,3
2028318_2023-11-12_15:45:00.000000,3
2028327_2023-11-14_10:00:00.000000,3
2028327_2023-11-14_12:45:00.000000,3
2028327_2023-11-14_12:00:00.000000,3
2028324_2023-11-14_00:00:00.000000,3
2028324_2023-11-14_03:30:00.000000,3
2028324_2023-11-13_23:15:00.000000,3
2028324_2023-11-14_04:15:00.000000,5
2028324_2023-11-14_02:00:00.000000,3
2028324_2023-11-14_00:45:00.000000,3
2028324_2023-11-14_06:30:00.000000,3
2028333_2023-11-15_12:15:00.000000,3
2028345_2023-11-17_09:45:00.000000,3
2028339_2023-11-16_08:30:00.000000,3
2028342_2023-11-17_02:45:00.000000,3
2028342_2023-11-16_21:30:00.000000,3
2028342_2023-11-16_16:15:00.000000,3
2028342_2023-11-16_15:45:00.000000,3
2028342_2023-11-17_00:15:00.000000,3
2028342_2023-11-17_06:45:00.000000,3
2028330_2023-11-14_23:00:00.000000,3
2028330_2023-11-14_14:45:00.000000,3
2028330_2023-11-14_14:00:00.000000,3
2028330_2023-11-14_19:15:00.000000,3
2028330_2023-11-15_01:15:00.000000,3
2028336_2023-11-16_01:00:00.000000,3
2028336_2023-11-16_02:30:00.000000,3
2028369_2023-11-21_13:15:00.000000,3
2028372_2023-11-21_22:00:00.000000,3
2028372_2023-11-22_05:15:00.000000,3
2028372_2023-11-21_18:30:00.000000,3
2028372_2023-11-22_01:45:00.000000,3
2028372_2023-11-21_21:15:00.000000,3
2028372_2023-11-21_16:00:00.000000,3
2028375_2023-11-22_08:45:00.000000,3
2028375_2023-11-22_13:00:00.000000,3
2028375_2023-11-22_12:15:00.000000,3
2028381_2023-11-23_12:45:00.000000,3
2028381_2023-11-23_09:00:00.000000,3
2028387_2023-11-24_09:30:00.000000,3
2028387_2023-11-24_11:30:00.000000,3
2028393_2023-11-25_10:30:00.000000,3
2028393_2023-11-25_10:45:00.000000,3
2028393_2023-11-25_11:45:00.000000,3
2028378_2023-11-22_17:00:00.000000,3
2028378_2023-11-23_01:00:00.000000,3
2028378_2023-11-23_04:30:00.000000,3
2028378_2023-11-22_18:45:00.000000,3
2028378_2023-11-22_23:00:00.000000,3
2028378_2023-11-22_23:45:00.000000,3
2028378_2023-11-23_03:15:00.000000,3
2028378_2023-11-23_01:30:00.000000,3
2028411_2023-11-28_12:00:00.000000,3
2028384_2023-11-23_22:45:00.000000,3
2028384_2023-11-23_20:30:00.000000,3
2028384_2023-11-23_22:00:00.000000,3
2028384_2023-11-24_07:45:00.000000,3
2028384_2023-11-23_14:30:00.000000,3
2028384_2023-11-24_01:00:00.000000,3
2028384_2023-11-23_15:15:00.000000,3
2028390_2023-11-24_22:00:00.000000,3
2028390_2023-11-24_18:15:00.000000,3
2028390_2023-11-24_16:45:00.000000,3
2028390_2023-11-25_04:00:00.000000,3
2028390_2023-11-24_19:45:00.000000,3
2028390_2023-11-24_20:15:00.000000,3
2028390_2023-11-25_04:45:00.000000,3
2028390_2023-11-24_22:30:00.000000,3
2028417_2023-11-29_09:00:00.000000,3
2028396_2023-11-26_07:45:00.000000,4
2028396_2023-11-25_21:00:00.000000,3
2028396_2023-11-26_01:30:00.000000,3
2028396_2023-11-25_22:00:00.000000,3
2028396_2023-11-25_17:00:00.000000,3
2028396_2023-11-26_05:45:00.000000,3
2028396_2023-11-25_20:00:00.000000,3
2028396_2023-11-26_05:00:00.000000,3
2028396_2023-11-25_20:15:00.000000,3
2028396_2023-11-25_18:45:00.000000,3
2028396_2023-11-25_14:45:00.000000,3
2028414_2023-11-28_19:45:00.000000,3
2028414_2023-11-29_07:30:00.000000,3
2028414_2023-11-28_17:15:00.000000,3
2028414_2023-11-28_22:30:00.000000,3
2028414_2023-11-28_15:30:00.000000,3
2028414_2023-11-29_08:15:00.000000,3
2028414_2023-11-28_19:30:00.000000,2
2028414_2023-11-28_20:00:00.000000,2
2028414_2023-11-29_02:30:00.000000,3
2028414_2023-11-28_18:30:00.000000,3
2028420_2023-11-29_21:00:00.000000,3
2028420_2023-11-29_19:30:00.000000,3
2028420_2023-11-29_13:30:00.000000,3
2028420_2023-11-29_18:15:00.000000,3
2028420_2023-11-30_07:15:00.000000,3
2028420_2023-11-29_19:00:00.000000,3
2028420_2023-11-30_06:00:00.000000,3
2028420_2023-11-29_21:30:00.000000,3
2028420_2023-11-30_00:45:00.000000,3
2028420_2023-11-29_22:15:00.000000,3
2028435_2023-12-02_13:15:00.000000,3
2028432_2023-12-02_02:30:00.000000,5
2028432_2023-12-02_03:45:00.000000,3
2028432_2023-12-02_08:00:00.000000,3
2028432_2023-12-01_18:00:00.000000,3
2028432_2023-12-01_22:45:00.000000,3
2028438_2023-12-02_20:45:00.000000,3
2028426_2023-11-30_18:15:00.000000,3
2028426_2023-11-30_15:45:00.000000,3
2028426_2023-12-01_06:00:00.000000,3
2028426_2023-11-30_22:30:00.000000,3
2028450_2023-12-04_20:45:00.000000,3
2028450_2023-12-05_06:45:00.000000,3
2028450_2023-12-04_23:30:00.000000,3
2028450_2023-12-05_07:15:00.000000,3
2028453_2023-12-05_11:30:00.000000,3
2028456_2023-12-06_05:30:00.000000,3
2028477_2023-12-09_09:45:00.000000,3
2028477_2023-12-09_12:45:00.000000,3
2028477_2023-12-09_13:00:00.000000,3
2028462_2023-12-07_03:00:00.000000,3
2028462_2023-12-07_04:30:00.000000,3
2028462_2023-12-06_20:45:00.000000,3
2028489_2023-12-11_13:00:00.000000,3
2028480_2023-12-10_00:00:00.000000,3
2028480_2023-12-09_18:30:00.000000,3
2028480_2023-12-10_01:45:00.000000,3
2028480_2023-12-09_23:15:00.000000,3
2028480_2023-12-10_05:45:00.000000,3
2028495_2023-12-12_10:00:00.000000,3
2028495_2023-12-12_11:15:00.000000,3
2028486_2023-12-11_02:00:00.000000,3
2028492_2023-12-11_22:00:00.000000,3
2028492_2023-12-12_03:30:00.000000,3
2028492_2023-12-12_01:45:00.000000,3
2028492_2023-12-12_01:00:00.000000,3
2031802_2023-12-07_18:15:00.000000,3
2031802_2023-12-07_13:30:00.000000,3
2031802_2023-12-07_14:00:00.000000,3
2031988_2023-12-13_14:15:00.000000,5
2031988_2023-12-13_14:45:00.000000,3
2028498_2023-12-12_13:30:00.000000,3
2028498_2023-12-12_14:30:00.000000,3
2028513_2023-12-15_12:00:00.000000,3
2028513_2023-12-15_10:45:00.000000,3
2028513_2023-12-15_09:30:00.000000,3
2028513_2023-12-15_10:00:00.000000,3
2028510_2023-12-14_17:00:00.000000,2
2028510_2023-12-15_00:15:00.000000,3
2028510_2023-12-15_07:30:00.000000,4
2028510_2023-12-15_02:00:00.000000,3
2028510_2023-12-14_17:15:00.000000,4
2028525_2023-12-17_10:00:00.000000,3
2028543_2023-12-20_13:00:00.000000,3
2028549_2023-12-21_10:45:00.000000,3
2028516_2023-12-15_18:30:00.000000,3
2028534_2023-12-18_14:15:00.000000,3
2028534_2023-12-19_03:00:00.000000,3
2028540_2023-12-20_03:15:00.000000,3
2028540_2023-12-19_23:30:00.000000,3
2028567_2023-12-24_11:15:00.000000,3
2028528_2023-12-18_03:45:00.000000,3
2028528_2023-12-18_00:30:00.000000,3
2028528_2023-12-17_21:00:00.000000,3
2028573_2023-12-25_12:45:00.000000,3
2028558_2023-12-23_06:15:00.000000,3
2028558_2023-12-22_22:30:00.000000,3
2028558_2023-12-23_03:45:00.000000,3
2028558_2023-12-23_08:45:00.000000,3
2028579_2023-12-26_10:45:00.000000,3
2028579_2023-12-26_11:45:00.000000,3
2028579_2023-12-26_09:45:00.000000,3
2028585_2023-12-27_11:30:00.000000,3
2028564_2023-12-24_01:00:00.000000,3
2028564_2023-12-24_08:15:00.000000,3
2028576_2023-12-25_23:45:00.000000,3
2028576_2023-12-26_09:30:00.000000,3
2028576_2023-12-25_21:45:00.000000,3
2028576_2023-12-25_23:30:00.000000,3
2028576_2023-12-26_03:15:00.000000,5
2028570_2023-12-25_01:15:00.000000,3
2028570_2023-12-25_03:15:00.000000,3
2028582_2023-12-27_09:00:00.000000,3
2028582_2023-12-26_14:45:00.000000,3
2028582_2023-12-26_23:15:00.000000,3
2028645_2024-01-06_13:00:00.000000,3
2028588_2023-12-28_03:30:00.000000,3
2028588_2023-12-28_04:00:00.000000,3
2028651_2024-01-07_09:45:00.000000,3
2028642_2024-01-06_08:00:00.000000,3
2028642_2024-01-06_04:45:00.000000,3
2028642_2024-01-06_02:30:00.000000,3
2028642_2024-01-06_01:15:00.000000,3
2028642_2024-01-05_15:30:00.000000,3
2028642_2024-01-05_19:00:00.000000,3
2028642_2024-01-06_05:45:00.000000,3
2028648_2024-01-07_08:45:00.000000,3
2028648_2024-01-06_19:30:00.000000,3
2028648_2024-01-07_06:30:00.000000,3
2028648_2024-01-06_21:30:00.000000,3
2028648_2024-01-07_07:30:00.000000,3
2028648_2024-01-07_04:15:00.000000,3
2028663_2024-01-09_11:15:00.000000,3
2028663_2024-01-09_12:15:00.000000,3
2028672_2024-01-10_23:30:00.000000,3
2028672_2024-01-10_21:15:00.000000,3
2028672_2024-01-10_16:00:00.000000,3
2028672_2024-01-10_19:00:00.000000,3
2028672_2024-01-10_22:00:00.000000,3
2028672_2024-01-11_03:00:00.000000,3
2028672_2024-01-10_15:15:00.000000,3
2028672_2024-01-11_01:30:00.000000,3
2028681_2024-01-12_11:30:00.000000,3
2028681_2024-01-12_13:15:00.000000,3
2028687_2024-01-13_12:00:00.000000,3
2028660_2024-01-08_19:15:00.000000,3
2028660_2024-01-08_15:15:00.000000,3
2028660_2024-01-08_16:30:00.000000,3
2028660_2024-01-09_06:15:00.000000,3
2028693_2024-01-14_11:45:00.000000,2
2028693_2024-01-14_12:15:00.000000,3
2028699_2024-01-15_12:30:00.000000,3
2028699_2024-01-15_11:15:00.000000,3
2028696_2024-01-15_00:30:00.000000,3
2028696_2024-01-15_06:45:00.000000,3
2028678_2024-01-12_03:00:00.000000,3
2028678_2024-01-11_21:30:00.000000,3
2028678_2024-01-11_16:45:00.000000,3
2031991_2023-12-14_06:15:00.000000,3
2032465_2023-12-20_17:45:00.000000,3
2032465_2023-12-20_21:00:00.000000,3
2032465_2023-12-20_22:30:00.000000,3
2032465_2023-12-20_22:00:00.000000,3
2032465_2023-12-20_21:30:00.000000,3
2032468_2023-12-21_05:45:00.000000,3
2032468_2023-12-21_07:15:00.000000,3
2028690_2024-01-13_14:45:00.000000,3
2028690_2024-01-13_15:45:00.000000,3
2028690_2024-01-14_06:30:00.000000,3
2028690_2024-01-14_00:15:00.000000,5
2028690_2024-01-13_14:00:00.000000,3
2028702_2024-01-15_14:00:00.000000,3
2028702_2024-01-16_02:00:00.000000,3
2028702_2024-01-16_08:15:00.000000,3
2028708_2024-01-17_06:30:00.000000,3
2033594_2024-01-10_05:45:00.000000,3
2033594_2024-01-10_07:00:00.000000,3
2033594_2024-01-09_18:00:00.000000,3
2033594_2024-01-10_03:30:00.000000,3
2033594_2024-01-10_05:30:00.000000,3
2033594_2024-01-09_15:30:00.000000,3
2033594_2024-01-10_09:00:00.000000,3
2033594_2024-01-10_05:15:00.000000,3
2028684_2024-01-12_17:30:00.000000,3
2028684_2024-01-13_00:45:00.000000,3
2028684_2024-01-13_09:15:00.000000,3
2028684_2024-01-13_02:00:00.000000,3
2028684_2024-01-13_03:45:00.000000,3
2028684_2024-01-13_08:45:00.000000,3
2028684_2024-01-13_07:15:00.000000,3
2028684_2024-01-12_14:45:00.000000,3
2028684_2024-01-12_23:45:00.000000,3
2028711_2024-01-17_12:45:00.000000,3
2028711_2024-01-17_12:00:00.000000,3
2028714_2024-01-18_01:30:00.000000,3
2028714_2024-01-18_08:15:00.000000,3
2028717_2024-01-18_11:45:00.000000,3
2028732_2024-01-21_00:00:00.000000,3
2028735_2024-01-21_10:30:00.000000,3
2028735_2024-01-21_11:00:00.000000,3
2028735_2024-01-21_12:30:00.000000,3
2028735_2024-01-21_10:00:00.000000,3
2028735_2024-01-21_09:15:00.000000,3
2028726_2024-01-20_08:45:00.000000,3
2028726_2024-01-19_23:30:00.000000,3
2028726_2024-01-20_03:00:00.000000,3
2028726_2024-01-20_06:00:00.000000,5
2028738_2024-01-22_01:00:00.000000,3
2028738_2024-01-21_14:30:00.000000,3
2028738_2024-01-22_07:30:00.000000,3
2028738_2024-01-22_06:15:00.000000,3
2028741_2024-01-22_13:30:00.000000,3
2028741_2024-01-22_12:30:00.000000,3
2028753_2024-01-24_11:00:00.000000,3
2028753_2024-01-24_09:00:00.000000,3
2028747_2024-01-23_11:00:00.000000,3
2028756_2024-01-25_07:30:00.000000,3
2028756_2024-01-25_02:45:00.000000,3
2028756_2024-01-25_00:00:00.000000,3
2028756_2024-01-24_23:00:00.000000,3
2028756_2024-01-25_01:45:00.000000,3
2028765_2024-01-26_12:15:00.000000,3
2028777_2024-01-28_10:00:00.000000,3
2028777_2024-01-28_09:00:00.000000,3
2028777_2024-01-28_10:15:00.000000,3
2028759_2024-01-25_09:45:00.000000,3
2028789_2024-01-30_12:00:00.000000,3
2028789_2024-01-30_09:45:00.000000,3
2028780_2024-01-28_20:45:00.000000,3
2028780_2024-01-28_16:00:00.000000,3
2028780_2024-01-29_02:15:00.000000,3
2028780_2024-01-28_19:00:00.000000,3
2028780_2024-01-28_19:45:00.000000,3
2028780_2024-01-29_01:30:00.000000,3
2028780_2024-01-29_07:30:00.000000,3
2028780_2024-01-29_04:00:00.000000,2
2028780_2024-01-28_22:15:00.000000,3
2028798_2024-01-31_15:30:00.000000,3
2028798_2024-02-01_02:00:00.000000,3
2028798_2024-02-01_00:15:00.000000,3
2028798_2024-01-31_16:15:00.000000,3
2028774_2024-01-28_05:00:00.000000,3
2028774_2024-01-28_00:30:00.000000,3
2028774_2024-01-28_06:30:00.000000,3
2028774_2024-01-28_08:30:00.000000,3
2028774_2024-01-28_02:30:00.000000,5
2028792_2024-01-30_15:30:00.000000,3
2028792_2024-01-30_19:00:00.000000,3
2028792_2024-01-30_23:00:00.000000,3
2028792_2024-01-30_20:00:00.000000,3
2028792_2024-01-31_07:45:00.000000,3
2028792_2024-01-31_04:15:00.000000,3
2028792_2024-01-31_00:45:00.000000,3
2028792_2024-01-31_06:30:00.000000,3
2028792_2024-01-31_05:15:00.000000,3
2028807_2024-02-02_13:00:00.000000,3
2028807_2024-02-02_13:30:00.000000,3
2028807_2024-02-02_11:00:00.000000,2
2028807_2024-02-02_10:15:00.000000,3
2028813_2024-02-03_12:00:00.000000,3
2028813_2024-02-03_11:15:00.000000,3
2028813_2024-02-03_10:00:00.000000,3
2028813_2024-02-03_09:15:00.000000,3
2028810_2024-02-02_16:30:00.000000,3
2028810_2024-02-02_16:45:00.000000,3
2028810_2024-02-02_17:45:00.000000,3
2028810_2024-02-02_15:30:00.000000,3
2028810_2024-02-03_08:15:00.000000,3
2028825_2024-02-05_08:45:00.000000,3
2028825_2024-02-05_11:15:00.000000,3
2028825_2024-02-05_12:45:00.000000,3
2028819_2024-02-04_14:00:00.000000,3
2028819_2024-02-04_13:15:00.000000,3
2028819_2024-02-04_11:00:00.000000,3
2028822_2024-02-05_06:15:00.000000,3
2028822_2024-02-05_07:30:00.000000,3
2028822_2024-02-04_21:00:00.000000,2
2028822_2024-02-04_15:15:00.000000,3
2028834_2024-02-07_08:00:00.000000,3
2028837_2024-02-07_14:00:00.000000,3
2028837_2024-02-07_11:30:00.000000,3
2028837_2024-02-07_08:45:00.000000,3
2028837_2024-02-07_10:00:00.000000,3
2028849_2024-02-09_12:30:00.000000,3
2028849_2024-02-09_13:00:00.000000,3
2028843_2024-02-08_11:45:00.000000,2
2028861_2024-02-11_13:45:00.000000,3
2028861_2024-02-11_08:30:00.000000,3
2028861_2024-02-11_13:15:00.000000,3
2028855_2024-02-10_14:45:00.000000,3
2028855_2024-02-10_14:15:00.000000,3
2037066_2024-02-25_10:15:00.000000,3
2028864_2024-02-12_05:30:00.000000,3
2028864_2024-02-12_02:00:00.000000,3
2028864_2024-02-12_06:30:00.000000,4
2036964_2024-02-24_14:30:00.000000,3
2036964_2024-02-24_13:30:00.000000,3
2036962_2024-02-24_13:30:00.000000,3
2036962_2024-02-24_14:30:00.000000,3
2036273_2024-02-11_13:15:00.000000,3
2036273_2024-02-11_13:45:00.000000,3
2036273_2024-02-11_08:30:00.000000,3
2028963_2024-02-28_08:30:00.000000,3
2028963_2024-02-28_14:15:00.000000,3
2028963_2024-02-28_09:00:00.000000,2
2028963_2024-02-28_12:00:00.000000,3
2028963_2024-02-28_11:00:00.000000,5
2028960_2024-02-27_17:15:00.000000,3
2028960_2024-02-28_07:15:00.000000,3
2028960_2024-02-28_06:00:00.000000,3
2028960_2024-02-28_05:45:00.000000,3
2028960_2024-02-28_02:45:00.000000,3
2028960_2024-02-28_02:00:00.000000,5
2028960_2024-02-28_04:00:00.000000,3
2028888_2024-02-16_02:45:00.000000,3
2028888_2024-02-16_02:30:00.000000,3
2028888_2024-02-16_07:00:00.000000,4
2028888_2024-02-16_06:45:00.000000,5
2028888_2024-02-15_21:45:00.000000,3
2028888_2024-02-16_07:45:00.000000,3
2028870_2024-02-12_15:15:00.000000,3
2028870_2024-02-13_07:45:00.000000,3
2028870_2024-02-12_19:30:00.000000,3
2028870_2024-02-13_04:45:00.000000,3
2028870_2024-02-12_23:45:00.000000,3
2028870_2024-02-13_05:30:00.000000,3
2028870_2024-02-12_18:30:00.000000,3
2028870_2024-02-12_21:15:00.000000,3
2028870_2024-02-12_23:30:00.000000,3
2028966_2024-02-29_01:00:00.000000,3
2028966_2024-02-28_23:30:00.000000,3
2028882_2024-02-15_04:00:00.000000,3
2028882_2024-02-14_20:15:00.000000,3
2028882_2024-02-14_18:45:00.000000,3
2028882_2024-02-15_02:30:00.000000,2
2028891_2024-02-16_08:45:00.000000,3
2028891_2024-02-16_14:00:00.000000,3
2028954_2024-02-27_01:00:00.000000,3
2028954_2024-02-27_06:45:00.000000,3
2028954_2024-02-26_17:45:00.000000,3
2028954_2024-02-27_07:15:00.000000,3
2028954_2024-02-27_04:00:00.000000,3
2028873_2024-02-13_12:00:00.000000,3
2028873_2024-02-13_14:00:00.000000,3
2028897_2024-02-17_13:30:00.000000,2
2028897_2024-02-17_14:30:00.000000,3
2028897_2024-02-17_14:00:00.000000,3
2028897_2024-02-17_13:15:00.000000,3
2028876_2024-02-13_19:00:00.000000,3
2028876_2024-02-14_07:30:00.000000,5
2028876_2024-02-14_02:00:00.000000,3
2028876_2024-02-14_04:00:00.000000,4
2028876_2024-02-14_00:15:00.000000,3
2028876_2024-02-13_17:00:00.000000,3
2028903_2024-02-18_15:00:00.000000,3
2028903_2024-02-18_10:45:00.000000,3
2028903_2024-02-18_12:00:00.000000,3
2028903_2024-02-18_14:00:00.000000,3
2028885_2024-02-15_12:45:00.000000,3
2028885_2024-02-15_11:45:00.000000,3
2028885_2024-02-15_09:15:00.000000,2
2028894_2024-02-16_18:45:00.000000,3
2028894_2024-02-17_03:30:00.000000,3
2028894_2024-02-17_00:45:00.000000,3
2028894_2024-02-16_23:15:00.000000,3
2028894_2024-02-17_01:30:00.000000,3
2028915_2024-02-20_13:00:00.000000,3
2028906_2024-02-18_15:30:00.000000,3
2028906_2024-02-19_03:45:00.000000,3
2028906_2024-02-19_06:15:00.000000,3
2028909_2024-02-19_11:15:00.000000,3
2028921_2024-02-21_14:45:00.000000,3
2028921_2024-02-21_11:30:00.000000,3
2028921_2024-02-21_15:15:00.000000,3
2028912_2024-02-19_15:30:00.000000,3
2028912_2024-02-20_05:45:00.000000,3
2028912_2024-02-20_00:00:00.000000,3
2028912_2024-02-19_23:15:00.000000,3
2028918_2024-02-21_02:00:00.000000,2
2028918_2024-02-21_00:30:00.000000,3
2028918_2024-02-20_21:00:00.000000,3
2028927_2024-02-22_12:00:00.000000,3
2028927_2024-02-22_09:00:00.000000,3
2028927_2024-02-22_09:45:00.000000,2
2028930_2024-02-22_22:30:00.000000,3
2028930_2024-02-22_19:45:00.000000,3
2028930_2024-02-22_16:30:00.000000,3
2028930_2024-02-22_18:00:00.000000,3
2028930_2024-02-22_20:15:00.000000,3
2028930_2024-02-22_17:15:00.000000,3
2028900_2024-02-18_07:15:00.000000,3
2028900_2024-02-18_00:00:00.000000,3
2028879_2024-02-14_08:15:00.000000,3
2028879_2024-02-14_14:45:00.000000,3
2028879_2024-02-14_13:30:00.000000,3
2028879_2024-02-14_10:00:00.000000,3
2028987_2024-03-03_08:15:00.000000,3
2028987_2024-03-03_15:30:00.000000,3
2028978_2024-03-01_20:30:00.000000,3
2028975_2024-03-01_12:15:00.000000,3
2028975_2024-03-01_14:30:00.000000,3
2028975_2024-03-01_10:15:00.000000,3
2028981_2024-03-02_09:00:00.000000,3
2028972_2024-03-01_06:00:00.000000,3
2028972_2024-03-01_01:15:00.000000,3
2028972_2024-03-01_00:45:00.000000,3
2028990_2024-03-04_06:45:00.000000,3
2028990_2024-03-04_02:30:00.000000,3
2028993_2024-03-04_08:15:00.000000,3
2028996_2024-03-05_00:00:00.000000,3
2028996_2024-03-05_02:15:00.000000,3
2028996_2024-03-05_01:00:00.000000,3
2028996_2024-03-04_19:00:00.000000,3
2028996_2024-03-04_23:45:00.000000,3
2028999_2024-03-05_12:45:00.000000,3
2028999_2024-03-05_10:30:00.000000,3
2028999_2024-03-05_13:30:00.000000,3
2028999_2024-03-05_15:00:00.000000,3
2028783_2024-01-29_10:15:00.000000,2
2029002_2024-03-06_02:00:00.000000,3
2029002_2024-03-05_23:45:00.000000,3
2029002_2024-03-06_00:00:00.000000,3
2029002_2024-03-06_03:30:00.000000,2
2029002_2024-03-05_22:30:00.000000,5
2029002_2024-03-05_18:30:00.000000,3
2028795_2024-01-31_12:30:00.000000,3
2028795_2024-01-31_09:15:00.000000,3
2028786_2024-01-30_01:00:00.000000,3
2028786_2024-01-29_20:45:00.000000,3
2028786_2024-01-29_15:00:00.000000,3
2028786_2024-01-30_08:00:00.000000,3
2028786_2024-01-30_02:30:00.000000,3
2028786_2024-01-30_04:00:00.000000,3
2028786_2024-01-29_16:15:00.000000,3
2028786_2024-01-30_00:45:00.000000,3
2028804_2024-02-02_06:30:00.000000,3
2028804_2024-02-02_03:00:00.000000,2
2028804_2024-02-01_20:45:00.000000,5
2028804_2024-02-01_15:00:00.000000,3
2028804_2024-02-01_14:45:00.000000,3
2028804_2024-02-01_19:30:00.000000,3
2028804_2024-02-01_17:15:00.000000,3
2028816_2024-02-03_19:30:00.000000,3
2028840_2024-02-07_23:45:00.000000,3
2028840_2024-02-07_19:30:00.000000,3
2028840_2024-02-07_16:00:00.000000,3
2028840_2024-02-07_20:15:00.000000,3
2028840_2024-02-08_06:45:00.000000,3
2028828_2024-02-05_18:45:00.000000,3
2028828_2024-02-05_22:45:00.000000,3
2028828_2024-02-06_03:15:00.000000,4
2028846_2024-02-08_18:00:00.000000,3
2028846_2024-02-08_19:00:00.000000,3
2028846_2024-02-09_00:00:00.000000,3
2028846_2024-02-08_23:30:00.000000,3
2028852_2024-02-10_06:15:00.000000,3
2028852_2024-02-10_02:30:00.000000,3
2028858_2024-02-10_20:30:00.000000,3
2028858_2024-02-11_06:45:00.000000,3
2028858_2024-02-11_05:00:00.000000,3
2028858_2024-02-11_07:15:00.000000,3
2028858_2024-02-10_23:00:00.000000,2
2028801_2024-02-01_10:45:00.000000,3
2028924_2024-02-21_17:30:00.000000,3
2028924_2024-02-21_20:30:00.000000,3
2028924_2024-02-21_23:30:00.000000,3
2028924_2024-02-21_22:45:00.000000,3
2028924_2024-02-22_00:00:00.000000,3
2028924_2024-02-22_03:45:00.000000,3
2028924_2024-02-21_19:30:00.000000,3
2028750_2024-01-23_21:00:00.000000,3
2028750_2024-01-24_00:00:00.000000,3
2028750_2024-01-23_22:30:00.000000,3
2028750_2024-01-23_17:15:00.000000,3
2028750_2024-01-23_19:00:00.000000,3
2028750_2024-01-23_16:30:00.000000,3
2028750_2024-01-24_08:15:00.000000,3
2029011_2024-03-07_07:30:00.000000,3
2029011_2024-03-07_12:45:00.000000,3
2029011_2024-03-07_10:00:00.000000,3
2029008_2024-03-07_05:15:00.000000,3
2029008_2024-03-07_06:00:00.000000,3
2029014_2024-03-07_19:15:00.000000,3
2029014_2024-03-07_22:30:00.000000,2
2029014_2024-03-08_03:30:00.000000,3
2029014_2024-03-08_03:45:00.000000,2
2029017_2024-03-08_13:15:00.000000,3
2029017_2024-03-08_11:45:00.000000,3
2029020_2024-03-09_01:00:00.000000,3
2029020_2024-03-08_23:45:00.000000,3
2029023_2024-03-09_12:15:00.000000,3
2029029_2024-03-10_12:15:00.000000,2
2029032_2024-03-10_22:45:00.000000,3
2029032_2024-03-11_00:30:00.000000,3
2029212_2024-04-10_00:15:00.000000,3
2029212_2024-04-09_19:30:00.000000,3
2029212_2024-04-09_21:45:00.000000,3
2029068_2024-03-17_00:30:00.000000,3
2029071_2024-03-17_11:00:00.000000,3
2029080_2024-03-18_22:15:00.000000,3
2029086_2024-03-20_02:00:00.000000,3
2029086_2024-03-19_21:30:00.000000,3
2029086_2024-03-20_01:00:00.000000,3
2029089_2024-03-20_15:15:00.000000,3
2029089_2024-03-20_08:00:00.000000,3
2029092_2024-03-21_04:30:00.000000,3
2029092_2024-03-21_01:45:00.000000,3
2029098_2024-03-21_22:15:00.000000,3
2029101_2024-03-22_12:15:00.000000,3
2029101_2024-03-22_14:30:00.000000,3
2029101_2024-03-22_09:45:00.000000,3
2029101_2024-03-22_08:00:00.000000,3
2029101_2024-03-22_10:30:00.000000,3
2029101_2024-03-22_08:45:00.000000,3
2029104_2024-03-23_01:15:00.000000,2
2029104_2024-03-22_22:45:00.000000,3
2029107_2024-03-23_13:45:00.000000,3
2029107_2024-03-23_16:00:00.000000,3
2029110_2024-03-23_21:45:00.000000,3
2029110_2024-03-23_19:15:00.000000,3
2029110_2024-03-23_18:30:00.000000,3
2029110_2024-03-23_20:00:00.000000,3
2029113_2024-03-24_07:45:00.000000,3
2029113_2024-03-24_15:30:00.000000,3
2029113_2024-03-24_07:15:00.000000,3
2029113_2024-03-24_14:15:00.000000,3
2029116_2024-03-24_22:45:00.000000,3
2029116_2024-03-24_19:45:00.000000,3
2029116_2024-03-25_06:15:00.000000,3
2029116_2024-03-24_18:00:00.000000,3
2029116_2024-03-24_21:45:00.000000,3
2029116_2024-03-25_03:15:00.000000,3
2029116_2024-03-25_00:00:00.000000,3
2029122_2024-03-26_05:30:00.000000,3
2029122_2024-03-25_22:30:00.000000,3
2029122_2024-03-26_03:00:00.000000,3
2029122_2024-03-25_20:15:00.000000,3
2029122_2024-03-26_00:15:00.000000,3
2029122_2024-03-25_23:00:00.000000,3
2029122_2024-03-25_23:30:00.000000,3
2029122_2024-03-25_21:15:00.000000,3
2029122_2024-03-25_21:45:00.000000,3
2029122_2024-03-25_22:15:00.000000,3
2029122_2024-03-26_00:30:00.000000,3
2029122_2024-03-26_02:15:00.000000,3
2029122_2024-03-25_20:45:00.000000,3
2029125_2024-03-26_09:30:00.000000,3
2029125_2024-03-26_07:45:00.000000,3
2029128_2024-03-27_06:00:00.000000,3
2029128_2024-03-26_16:45:00.000000,3
2029128_2024-03-26_23:00:00.000000,3
2029128_2024-03-26_22:15:00.000000,3
2029131_2024-03-27_09:15:00.000000,3
2029131_2024-03-27_06:30:00.000000,3
2029131_2024-03-27_08:45:00.000000,3
2029131_2024-03-27_15:00:00.000000,3
2029131_2024-03-27_09:45:00.000000,3
2029131_2024-03-27_11:30:00.000000,3
2029134_2024-03-28_04:00:00.000000,3
2029134_2024-03-27_17:15:00.000000,3
2029134_2024-03-28_06:00:00.000000,3
2029137_2024-03-28_11:30:00.000000,3
2029137_2024-03-28_16:15:00.000000,3
2029137_2024-03-28_09:45:00.000000,3
2029137_2024-03-28_10:30:00.000000,3
2029143_2024-03-29_10:30:00.000000,3
2029143_2024-03-29_06:30:00.000000,3
2029143_2024-03-29_11:15:00.000000,3
2029143_2024-03-29_10:00:00.000000,3
2029143_2024-03-29_15:30:00.000000,3
2029143_2024-03-29_15:00:00.000000,3
2029146_2024-03-29_23:30:00.000000,3
2029146_2024-03-29_20:00:00.000000,3
2029146_2024-03-30_05:00:00.000000,3
2029146_2024-03-29_22:30:00.000000,3
2029146_2024-03-30_04:15:00.000000,3
2029146_2024-03-30_03:15:00.000000,3
2029149_2024-03-30_08:00:00.000000,3
2029149_2024-03-30_11:15:00.000000,3
2029149_2024-03-30_13:45:00.000000,3
2029149_2024-03-30_16:00:00.000000,3
2029152_2024-03-30_23:30:00.000000,3
2029152_2024-03-30_18:30:00.000000,3
2029152_2024-03-31_00:00:00.000000,3
2029152_2024-03-30_22:30:00.000000,3
2029155_2024-03-31_08:30:00.000000,3
2029155_2024-03-31_07:30:00.000000,3
2029158_2024-03-31_18:45:00.000000,3
2029161_2024-04-01_07:45:00.000000,3
2029161_2024-04-01_10:00:00.000000,3
2029161_2024-04-01_07:00:00.000000,5
2029161_2024-04-01_13:45:00.000000,3
2029164_2024-04-01_20:00:00.000000,3
2029185_2024-04-05_16:30:00.000000,3
2029185_2024-04-05_11:30:00.000000,3
2029197_2024-04-07_10:15:00.000000,3
2029200_2024-04-07_18:30:00.000000,3
2029203_2024-04-08_09:30:00.000000,3
2037774_2024-03-15_05:15:00.000000,3
2038981_2024-03-28_20:30:00.000000,3
2038981_2024-03-28_17:30:00.000000,3
2038981_2024-03-28_22:15:00.000000,3
2038981_2024-03-28_22:30:00.000000,3
2038981_2024-03-28_17:00:00.000000,3
2038987_2024-03-29_03:45:00.000000,3
2038987_2024-03-29_05:00:00.000000,3
2038987_2024-03-29_03:00:00.000000,3
2039064_2024-04-04_03:15:00.000000,3
2029038_2024-03-12_06:15:00.000000,3
2029047_2024-03-13_12:00:00.000000,3
2029047_2024-03-13_14:15:00.000000,3
2029050_2024-03-14_02:15:00.000000,3
2029050_2024-03-14_06:00:00.000000,3
2029050_2024-03-13_16:30:00.000000,3
2029050_2024-03-13_23:00:00.000000,3
2029053_2024-03-14_15:15:00.000000,3
2029053_2024-03-14_11:30:00.000000,3
2029053_2024-03-14_12:45:00.000000,3
867624_2022-08-01_12:15:00.000000,3
2029227_2024-04-12_15:30:00.000000,3
2029227_2024-04-12_06:45:00.000000,3
2029230_2024-04-12_19:45:00.000000,3
2029230_2024-04-13_03:45:00.000000,3
2029230_2024-04-12_17:15:00.000000,3
2029230_2024-04-13_05:00:00.000000,3
2029230_2024-04-12_19:30:00.000000,3
2029230_2024-04-12_22:30:00.000000,3
2029230_2024-04-13_03:15:00.000000,3
2029230_2024-04-13_02:30:00.000000,3
2029233_2024-04-13_13:15:00.000000,3
2029233_2024-04-13_13:30:00.000000,3
2029242_2024-04-15_02:30:00.000000,3
2029242_2024-04-15_04:30:00.000000,3
2029242_2024-04-14_23:30:00.000000,3
2029242_2024-04-15_02:00:00.000000,3
2029242_2024-04-14_21:15:00.000000,3
2029242_2024-04-14_20:30:00.000000,3
2029248_2024-04-16_00:15:00.000000,3
2029248_2024-04-16_01:15:00.000000,3
2029248_2024-04-15_21:45:00.000000,3
2029248_2024-04-16_00:00:00.000000,3
2029248_2024-04-16_04:15:00.000000,3
2029248_2024-04-15_23:15:00.000000,3
2029248_2024-04-15_19:15:00.000000,3
2029251_2024-04-16_07:30:00.000000,3
2029251_2024-04-16_13:30:00.000000,3
2029254_2024-04-17_05:00:00.000000,3
2029254_2024-04-17_04:45:00.000000,3
2029263_2024-04-18_16:00:00.000000,3
2029263_2024-04-18_11:15:00.000000,3
2029263_2024-04-18_09:30:00.000000,3
2029263_2024-04-18_15:30:00.000000,3
2029263_2024-04-18_17:00:00.000000,3
2029269_2024-04-19_15:00:00.000000,3
2029269_2024-04-19_13:00:00.000000,3
2029269_2024-04-19_14:00:00.000000,3
2029269_2024-04-19_14:30:00.000000,3
2029269_2024-04-19_16:30:00.000000,3
2029269_2024-04-19_16:45:00.000000,3
2029275_2024-04-20_16:15:00.000000,3
2029275_2024-04-20_14:45:00.000000,3
2029275_2024-04-20_10:30:00.000000,3
2029275_2024-04-20_15:45:00.000000,3
2029278_2024-04-21_05:15:00.000000,5
2029278_2024-04-20_20:00:00.000000,3
2029278_2024-04-21_04:30:00.000000,3
2029278_2024-04-21_02:15:00.000000,3
2029278_2024-04-20_18:00:00.000000,3
2029281_2024-04-21_14:15:00.000000,3
2029281_2024-04-21_12:45:00.000000,3
2029281_2024-04-21_15:15:00.000000,3
2029281_2024-04-21_06:15:00.000000,3
2029287_2024-04-22_05:30:00.000000,3
2029287_2024-04-22_16:30:00.000000,3
2029287_2024-04-22_10:15:00.000000,3
2029287_2024-04-22_06:15:00.000000,3
2029287_2024-04-22_15:45:00.000000,3
2029239_2024-04-14_15:15:00.000000,3
2029284_2024-04-22_02:15:00.000000,3
2029284_2024-04-21_22:15:00.000000,2
2029284_2024-04-21_21:45:00.000000,3
2029290_2024-04-22_21:15:00.000000,2
2029290_2024-04-22_18:30:00.000000,3
2029290_2024-04-23_02:30:00.000000,3
2029290_2024-04-23_02:45:00.000000,3
2029290_2024-04-23_01:15:00.000000,3
2029290_2024-04-23_00:00:00.000000,3
2029290_2024-04-22_18:15:00.000000,3
2029290_2024-04-22_18:00:00.000000,3
2029290_2024-04-23_00:45:00.000000,3
2029290_2024-04-23_03:15:00.000000,3
2029293_2024-04-23_15:30:00.000000,3
2029293_2024-04-23_07:00:00.000000,3
2029293_2024-04-23_16:15:00.000000,3
2029293_2024-04-23_16:45:00.000000,3
2029293_2024-04-23_07:30:00.000000,3
2029293_2024-04-23_10:45:00.000000,5
2029293_2024-04-23_11:30:00.000000,3
2029296_2024-04-24_02:30:00.000000,5
2029296_2024-04-23_20:45:00.000000,3
2029296_2024-04-23_17:45:00.000000,2
2029296_2024-04-23_22:30:00.000000,3
2029296_2024-04-24_01:15:00.000000,5
2029296_2024-04-23_17:30:00.000000,3
2029296_2024-04-24_00:15:00.000000,3
2029299_2024-04-24_14:45:00.000000,4
2029299_2024-04-24_12:45:00.000000,3
2029299_2024-04-24_14:00:00.000000,3
2029299_2024-04-24_05:45:00.000000,3
2029299_2024-04-24_10:00:00.000000,3
2029299_2024-04-24_10:30:00.000000,3
2029299_2024-04-24_14:15:00.000000,2
2029305_2024-04-25_13:15:00.000000,3
2029305_2024-04-25_13:00:00.000000,5
2029305_2024-04-25_05:30:00.000000,3
2029305_2024-04-25_12:00:00.000000,3
2029305_2024-04-25_16:15:00.000000,3
2029305_2024-04-25_10:30:00.000000,3
2029305_2024-04-25_16:30:00.000000,3
2029305_2024-04-25_17:15:00.000000,3
2029317_2024-04-27_14:15:00.000000,3
2029317_2024-04-27_06:00:00.000000,3
2029317_2024-04-27_10:00:00.000000,3
2029317_2024-04-27_16:15:00.000000,3
2029317_2024-04-27_15:45:00.000000,3
2029317_2024-04-27_14:45:00.000000,3
2029320_2024-04-27_23:45:00.000000,3
2029320_2024-04-27_23:00:00.000000,3
2029320_2024-04-27_21:30:00.000000,3
2029323_2024-04-28_16:30:00.000000,3
2029323_2024-04-28_13:45:00.000000,3
2029323_2024-04-28_15:45:00.000000,3
2029326_2024-04-29_02:30:00.000000,3
2029326_2024-04-29_02:00:00.000000,3
2029326_2024-04-28_20:30:00.000000,3
2029329_2024-04-29_06:30:00.000000,3
2029329_2024-04-29_12:30:00.000000,3
2029329_2024-04-29_17:00:00.000000,3
2029329_2024-04-29_07:15:00.000000,3
2029329_2024-04-29_14:45:00.000000,3
2029332_2024-04-29_18:15:00.000000,3
2029335_2024-04-30_15:45:00.000000,3
2029335_2024-04-30_16:30:00.000000,3
2029335_2024-04-30_14:30:00.000000,3
2029338_2024-05-01_01:15:00.000000,3
2029338_2024-04-30_23:30:00.000000,3
2029308_2024-04-25_18:00:00.000000,3
2029308_2024-04-25_21:45:00.000000,3
2029308_2024-04-25_23:30:00.000000,3
2029308_2024-04-25_19:15:00.000000,3
2029311_2024-04-26_08:00:00.000000,3
2029311_2024-04-26_11:45:00.000000,3
2029311_2024-04-26_10:45:00.000000,3
2029311_2024-04-26_15:15:00.000000,3
2039168_2024-04-11_03:30:00.000000,3
2039168_2024-04-11_05:00:00.000000,3
2039168_2024-04-11_04:45:00.000000,3
2039194_2024-04-11_20:30:00.000000,3
2039194_2024-04-11_21:30:00.000000,3
2039194_2024-04-11_23:45:00.000000,3
2039194_2024-04-12_05:30:00.000000,3
2039194_2024-04-11_22:15:00.000000,3
2039194_2024-04-12_00:45:00.000000,3
2039459_2024-04-25_04:00:00.000000,3
2039177_2024-04-11_09:45:00.000000,3
2039177_2024-04-11_06:30:00.000000,3
2039177_2024-04-11_07:45:00.000000,3
2039177_2024-04-11_09:15:00.000000,3
2039462_2024-04-24_17:45:00.000000,3
2039462_2024-04-24_22:45:00.000000,3
2039165_2024-04-10_23:45:00.000000,3
2039165_2024-04-10_21:00:00.000000,3
2039165_2024-04-10_18:00:00.000000,3
2029260_2024-04-17_21:00:00.000000,3
2029260_2024-04-18_02:45:00.000000,5
2029260_2024-04-17_20:00:00.000000,5
2029260_2024-04-17_18:30:00.000000,3
2029260_2024-04-18_04:30:00.000000,3
2029389_2024-05-09_09:15:00.000000,4
2029389_2024-05-09_08:15:00.000000,3
2029389_2024-05-09_09:00:00.000000,2
2029389_2024-05-09_17:30:00.000000,2
2029389_2024-05-09_12:00:00.000000,3
2029389_2024-05-09_09:45:00.000000,4
2040025_2024-05-09_12:00:00.000000,3
888572_2023-05-21_13:45:00.000000,3
888572_2023-05-21_10:00:00.000000,3
2029347_2024-05-02_11:15:00.000000,3
2029347_2024-05-02_06:45:00.000000,3
2029347_2024-05-02_09:15:00.000000,3
2029347_2024-05-02_17:00:00.000000,3
2029350_2024-05-03_00:15:00.000000,3
2029350_2024-05-02_18:45:00.000000,3
2029350_2024-05-02_23:15:00.000000,3
2029350_2024-05-02_21:00:00.000000,3
2029350_2024-05-03_02:15:00.000000,2
2029350_2024-05-03_02:30:00.000000,4
2029356_2024-05-03_18:15:00.000000,3
2029356_2024-05-03_23:15:00.000000,3
2029356_2024-05-03_23:30:00.000000,3
2029356_2024-05-03_20:30:00.000000,4
2029356_2024-05-03_18:45:00.000000,3
2029356_2024-05-03_22:00:00.000000,3
2029356_2024-05-03_20:15:00.000000,2
2029359_2024-05-04_06:30:00.000000,4
2029359_2024-05-04_10:45:00.000000,3
2029359_2024-05-04_08:15:00.000000,3
2029359_2024-05-04_16:00:00.000000,3
2029359_2024-05-04_14:30:00.000000,3
2029359_2024-05-04_06:15:00.000000,3
888574_2023-05-21_10:00:00.000000,3
888574_2023-05-21_13:45:00.000000,3
2029368_2024-05-05_19:45:00.000000,3
2029368_2024-05-05_18:45:00.000000,3
2029371_2024-05-06_06:30:00.000000,3
2029371_2024-05-06_06:45:00.000000,3
2029371_2024-05-06_12:15:00.000000,3
2029380_2024-05-07_23:15:00.000000,3
2029380_2024-05-08_01:00:00.000000,3
2029380_2024-05-08_04:15:00.000000,3
2029380_2024-05-07_19:45:00.000000,3
2029380_2024-05-08_04:45:00.000000,3
2029380_2024-05-07_19:00:00.000000,3
2029380_2024-05-08_03:00:00.000000,3
2029380_2024-05-08_03:30:00.000000,3
2029362_2024-05-04_23:45:00.000000,3
2029362_2024-05-04_22:00:00.000000,3
2029365_2024-05-05_17:00:00.000000,3
2029365_2024-05-05_17:30:00.000000,3
2029365_2024-05-05_16:30:00.000000,3
2029365_2024-05-05_08:00:00.000000,3
2029365_2024-05-05_09:30:00.000000,3
2029365_2024-05-05_13:45:00.000000,3
2029365_2024-05-05_08:45:00.000000,3
2029365_2024-05-05_06:00:00.000000,3
2029365_2024-05-05_11:15:00.000000,3
2029386_2024-05-08_20:15:00.000000,3
2029386_2024-05-09_00:00:00.000000,4
2029386_2024-05-08_23:00:00.000000,4
2029386_2024-05-08_18:30:00.000000,3
2029398_2024-05-11_04:15:00.000000,4
2029398_2024-05-11_01:15:00.000000,2
2029383_2024-05-08_09:45:00.000000,4
2029383_2024-05-08_05:00:00.000000,2
2029383_2024-05-08_05:15:00.000000,4
2029383_2024-05-08_08:30:00.000000,3
2029383_2024-05-08_16:15:00.000000,4
2029383_2024-05-08_17:00:00.000000,3
2029401_2024-05-11_15:30:00.000000,3
2029401_2024-05-11_09:30:00.000000,4
2029401_2024-05-11_17:00:00.000000,4
2029401_2024-05-11_12:00:00.000000,3
2029401_2024-05-11_07:30:00.000000,3
2029401_2024-05-11_06:30:00.000000,3
2029401_2024-05-11_09:00:00.000000,3
2029404_2024-05-12_04:15:00.000000,3
2029404_2024-05-12_00:00:00.000000,4
2029407_2024-05-12_09:30:00.000000,3
2029407_2024-05-12_09:00:00.000000,3
2029407_2024-05-12_10:15:00.000000,3
2029407_2024-05-12_05:15:00.000000,3
2029407_2024-05-12_06:45:00.000000,3
2029407_2024-05-12_08:00:00.000000,3
2029377_2024-05-07_08:15:00.000000,3
2029377_2024-05-07_05:30:00.000000,3
2029377_2024-05-07_05:45:00.000000,3
2029377_2024-05-07_05:15:00.000000,3
2029377_2024-05-07_08:45:00.000000,3
2029377_2024-05-07_13:00:00.000000,3
2029410_2024-05-12_23:00:00.000000,3
2029410_2024-05-13_00:45:00.000000,3
2029410_2024-05-12_18:00:00.000000,3
2029410_2024-05-12_21:00:00.000000,3
2029410_2024-05-12_20:15:00.000000,3
2029410_2024-05-12_18:45:00.000000,3
2039858_2024-05-03_15:30:00.000000,3
2039897_2024-05-06_20:45:00.000000,3
2039897_2024-05-06_23:30:00.000000,3
2040168_2024-05-10_14:00:00.000000,3
2025949_2023-09-23_08:00:00.000000,3
2040129_2024-05-14_01:45:00.000000,3
2040129_2024-05-14_02:15:00.000000,4
2040129_2024-05-14_04:15:00.000000,3
2040129_2024-05-14_02:00:00.000000,2
2040129_2024-05-13_22:00:00.000000,3
2040132_2024-05-14_06:30:00.000000,3
2040132_2024-05-14_16:45:00.000000,2
2040132_2024-05-14_11:45:00.000000,3
2040132_2024-05-14_17:00:00.000000,3
2040132_2024-05-14_17:30:00.000000,2
2040132_2024-05-14_12:45:00.000000,2
2040132_2024-05-14_14:30:00.000000,3
2040132_2024-05-14_09:00:00.000000,3
2040132_2024-05-14_05:00:00.000000,3
2040135_2024-05-14_20:00:00.000000,3
2040135_2024-05-14_23:30:00.000000,3
2040135_2024-05-14_18:00:00.000000,3
2040138_2024-05-15_16:30:00.000000,3
2040138_2024-05-15_10:30:00.000000,3
2040138_2024-05-15_08:15:00.000000,3
2040138_2024-05-15_14:30:00.000000,2
2040138_2024-05-15_08:30:00.000000,4
2040141_2024-05-15_20:30:00.000000,3
2040141_2024-05-15_21:30:00.000000,3
2040141_2024-05-16_04:30:00.000000,3
2040141_2024-05-15_18:30:00.000000,3
2040147_2024-05-16_18:30:00.000000,3
2040147_2024-05-16_22:45:00.000000,3
2040150_2024-05-17_10:30:00.000000,3
2040150_2024-05-17_13:00:00.000000,3
2040153_2024-05-17_18:15:00.000000,3
2040153_2024-05-18_02:15:00.000000,3
2040153_2024-05-18_04:15:00.000000,3
2040153_2024-05-18_00:30:00.000000,3
2040153_2024-05-18_03:30:00.000000,3
2040153_2024-05-17_21:15:00.000000,4
2040153_2024-05-17_21:00:00.000000,2
2040153_2024-05-17_19:30:00.000000,3
2040153_2024-05-18_01:00:00.000000,3
2040153_2024-05-17_20:15:00.000000,3
2040156_2024-05-18_10:45:00.000000,3
2040156_2024-05-18_09:00:00.000000,3
2040156_2024-05-18_17:45:00.000000,3
2040156_2024-05-18_07:45:00.000000,3
2040156_2024-05-18_16:15:00.000000,3
2040156_2024-05-18_04:45:00.000000,3
2040156_2024-05-18_09:45:00.000000,3
2040159_2024-05-19_04:00:00.000000,3
2040159_2024-05-19_02:45:00.000000,3
2040159_2024-05-18_22:00:00.000000,3
2040159_2024-05-19_02:00:00.000000,3
2040162_2024-05-19_13:45:00.000000,3
2040162_2024-05-19_12:15:00.000000,3
2040162_2024-05-19_05:00:00.000000,3
2040162_2024-05-19_13:15:00.000000,3
2040162_2024-05-19_15:15:00.000000,3
2040162_2024-05-19_12:30:00.000000,3
2040162_2024-05-19_11:45:00.000000,3
2040162_2024-05-19_16:00:00.000000,3
2040162_2024-05-19_17:15:00.000000,3
2040162_2024-05-19_09:30:00.000000,3
2040165_2024-05-19_20:00:00.000000,3
2040165_2024-05-19_20:45:00.000000,3
2040165_2024-05-19_19:30:00.000000,3
2040165_2024-05-20_01:30:00.000000,3
2040165_2024-05-19_22:00:00.000000,3
2040242_2024-05-21_02:30:00.000000,3
2040239_2024-05-20_08:00:00.000000,3
2040239_2024-05-20_14:00:00.000000,3
2040275_2024-05-26_11:45:00.000000,3
2040275_2024-05-26_15:30:00.000000,3
2040275_2024-05-26_09:30:00.000000,3
2040275_2024-05-26_16:30:00.000000,3
2040275_2024-05-26_10:15:00.000000,3
2040275_2024-05-26_12:45:00.000000,3
2040815_2024-05-29_05:00:00.000000,3
2040266_2024-05-25_03:00:00.000000,3
2040266_2024-05-25_00:00:00.000000,3
2040934_2024-06-02_09:30:00.000000,3
2040937_2024-06-02_23:30:00.000000,3
2040937_2024-06-03_03:00:00.000000,3
2040937_2024-06-03_00:45:00.000000,3
2040940_2024-06-03_14:15:00.000000,3
2040940_2024-06-03_10:30:00.000000,3
2040940_2024-06-03_07:00:00.000000,3
2040940_2024-06-03_10:45:00.000000,3
2040940_2024-06-03_16:45:00.000000,3
2040248_2024-05-22_04:30:00.000000,3
2040260_2024-05-24_01:15:00.000000,3
2040260_2024-05-24_02:45:00.000000,3
2040260_2024-05-23_20:45:00.000000,3
2040254_2024-05-22_18:45:00.000000,3
2040254_2024-05-23_01:00:00.000000,3
2040254_2024-05-22_22:15:00.000000,3
2040254_2024-05-23_01:45:00.000000,3
2040254_2024-05-22_20:45:00.000000,3
2040263_2024-05-24_10:00:00.000000,3
2040263_2024-05-24_07:00:00.000000,3
2040263_2024-05-24_13:00:00.000000,5
2040269_2024-05-25_17:00:00.000000,3
2040269_2024-05-25_17:45:00.000000,3
2040269_2024-05-25_16:15:00.000000,3
2040272_2024-05-25_20:30:00.000000,3
2040272_2024-05-25_19:00:00.000000,3
2040272_2024-05-25_22:00:00.000000,3
2040272_2024-05-26_02:30:00.000000,3
2040278_2024-05-27_01:00:00.000000,3
2040278_2024-05-26_18:15:00.000000,3
2040278_2024-05-26_23:15:00.000000,3
2040278_2024-05-26_21:00:00.000000,3
2040278_2024-05-26_21:30:00.000000,3
2040278_2024-05-27_00:15:00.000000,3
2040281_2024-05-27_07:00:00.000000,4
2040281_2024-05-27_17:45:00.000000,3
2040284_2024-05-27_19:30:00.000000,3
2040287_2024-05-28_07:15:00.000000,3
2040299_2024-05-30_07:15:00.000000,3
2040299_2024-05-30_17:00:00.000000,3
2040299_2024-05-30_08:00:00.000000,3
2040302_2024-05-31_03:30:00.000000,3
2040812_2024-05-29_14:00:00.000000,3
2040812_2024-05-29_14:45:00.000000,4
2040812_2024-05-29_14:30:00.000000,2
2040925_2024-05-31_14:45:00.000000,3
2040925_2024-05-31_12:45:00.000000,3
2040931_2024-06-01_20:00:00.000000,3
2040931_2024-06-01_23:45:00.000000,3
2040931_2024-06-02_00:00:00.000000,4
2040931_2024-06-01_19:30:00.000000,4
2040931_2024-06-01_19:15:00.000000,2
2040949_2024-06-04_22:00:00.000000,3
2040949_2024-06-05_01:00:00.000000,3
2040949_2024-06-04_20:45:00.000000,3
2040952_2024-06-05_09:15:00.000000,3
2040952_2024-06-05_16:30:00.000000,3
2040958_2024-06-06_08:30:00.000000,3
2040958_2024-06-06_16:45:00.000000,3
2040973_2024-06-08_07:30:00.000000,3
2040973_2024-06-08_09:45:00.000000,3
2040973_2024-06-08_05:00:00.000000,3
2040973_2024-06-08_13:45:00.000000,3
2040973_2024-06-08_17:15:00.000000,3
2040973_2024-06-08_15:30:00.000000,3
2040973_2024-06-08_08:30:00.000000,3
2040976_2024-06-08_22:45:00.000000,3
2040976_2024-06-09_00:15:00.000000,3
2040976_2024-06-08_20:15:00.000000,3
2040976_2024-06-08_21:00:00.000000,3
2040976_2024-06-08_19:15:00.000000,3
2040979_2024-06-09_15:15:00.000000,3
2040979_2024-06-09_04:45:00.000000,3
2040985_2024-06-10_11:00:00.000000,3
2040985_2024-06-10_07:00:00.000000,3
2040985_2024-06-10_17:30:00.000000,3
2040985_2024-06-10_15:15:00.000000,3
2040988_2024-06-10_22:30:00.000000,3
2040988_2024-06-10_18:30:00.000000,2
2040988_2024-06-11_03:15:00.000000,3
2040991_2024-06-11_08:45:00.000000,3
2040991_2024-06-11_16:45:00.000000,4
2040991_2024-06-11_17:30:00.000000,3
2040994_2024-06-11_22:45:00.000000,2
2040997_2024-06-12_15:15:00.000000,3
2040997_2024-06-12_16:30:00.000000,3
2040997_2024-06-12_17:45:00.000000,3
2040997_2024-06-12_14:15:00.000000,3
2040997_2024-06-12_17:30:00.000000,3
2041006_2024-06-14_04:00:00.000000,3
2041009_2024-06-14_16:00:00.000000,3
2041009_2024-06-14_15:30:00.000000,3
2041012_2024-06-14_22:00:00.000000,3
2041015_2024-06-15_16:15:00.000000,3
2041015_2024-06-15_11:15:00.000000,3
2041015_2024-06-15_04:30:00.000000,3
2041015_2024-06-15_10:45:00.000000,3
2041015_2024-06-15_06:30:00.000000,3
2041015_2024-06-15_05:00:00.000000,3
2041039_2024-06-19_06:00:00.000000,3
2041039_2024-06-19_07:30:00.000000,3
2041039_2024-06-19_09:00:00.000000,3
2041039_2024-06-19_05:00:00.000000,3
2041042_2024-06-20_03:30:00.000000,3
2041042_2024-06-19_21:00:00.000000,3
2041042_2024-06-20_02:15:00.000000,3
2041042_2024-06-19_20:30:00.000000,3
2041045_2024-06-20_17:30:00.000000,3
2041045_2024-06-20_05:15:00.000000,3
2041045_2024-06-20_09:00:00.000000,3
2041045_2024-06-20_04:45:00.000000,3
2041045_2024-06-20_12:30:00.000000,3
2041045_2024-06-20_11:00:00.000000,3
2041045_2024-06-20_17:15:00.000000,3
2041045_2024-06-20_07:00:00.000000,3
2041048_2024-06-21_03:00:00.000000,3
2041048_2024-06-21_00:30:00.000000,3
2041048_2024-06-20_21:30:00.000000,3
2041051_2024-06-21_16:00:00.000000,3
2041051_2024-06-21_06:00:00.000000,3
2041051_2024-06-21_04:30:00.000000,3
2041051_2024-06-21_14:00:00.000000,3
2041051_2024-06-21_08:00:00.000000,3
2041051_2024-06-21_16:30:00.000000,3
2041051_2024-06-21_14:15:00.000000,3
2041051_2024-06-21_09:45:00.000000,3
2041054_2024-06-21_23:45:00.000000,2
2041054_2024-06-21_22:45:00.000000,3
2041054_2024-06-21_20:00:00.000000,3
2041021_2024-06-16_09:00:00.000000,3
2041021_2024-06-16_16:30:00.000000,3
2042148_2024-06-22_10:00:00.000000,3
2042148_2024-06-22_11:15:00.000000,3
2042148_2024-06-22_11:00:00.000000,3
2042148_2024-06-22_10:30:00.000000,3
2042148_2024-06-22_06:30:00.000000,3
2042148_2024-06-22_12:15:00.000000,3
2042151_2024-06-23_01:45:00.000000,3
2042151_2024-06-23_01:00:00.000000,3
2042151_2024-06-22_18:30:00.000000,3
2042151_2024-06-22_20:00:00.000000,3
2042151_2024-06-22_22:45:00.000000,3
2042163_2024-06-24_18:45:00.000000,3
2042163_2024-06-25_01:00:00.000000,3
2042163_2024-06-24_22:30:00.000000,3
2042163_2024-06-24_23:15:00.000000,3
2042163_2024-06-24_21:00:00.000000,3
2042166_2024-06-25_06:15:00.000000,3
2042166_2024-06-25_18:00:00.000000,3
2042166_2024-06-25_15:00:00.000000,3
2042166_2024-06-25_05:30:00.000000,3
2042166_2024-06-25_08:15:00.000000,3
2042166_2024-06-25_09:30:00.000000,3
2042166_2024-06-25_09:45:00.000000,3
2042166_2024-06-25_13:30:00.000000,3
2042166_2024-06-25_14:15:00.000000,3
2042166_2024-06-25_11:00:00.000000,3
2042169_2024-06-25_22:30:00.000000,3
2042169_2024-06-26_02:15:00.000000,3
2042169_2024-06-25_19:45:00.000000,3
2042169_2024-06-25_20:30:00.000000,3
2042172_2024-06-26_10:15:00.000000,3
2042172_2024-06-26_16:30:00.000000,3
2042175_2024-06-26_20:15:00.000000,3
2042175_2024-06-26_21:45:00.000000,3
2042175_2024-06-26_19:30:00.000000,3
2042178_2024-06-27_13:30:00.000000,3
2042178_2024-06-27_05:15:00.000000,3
2042178_2024-06-27_11:30:00.000000,3
2042178_2024-06-27_15:15:00.000000,5
2042178_2024-06-27_06:30:00.000000,3
2042181_2024-06-28_02:30:00.000000,3
2042181_2024-06-28_00:00:00.000000,3
2042181_2024-06-28_03:30:00.000000,3
2042181_2024-06-27_23:45:00.000000,5
2042181_2024-06-27_19:15:00.000000,3
2042181_2024-06-28_01:30:00.000000,3
2042187_2024-06-29_01:30:00.000000,3
2042187_2024-06-29_02:30:00.000000,3
2042190_2024-06-29_06:45:00.000000,3
2042190_2024-06-29_13:00:00.000000,3
2042190_2024-06-29_06:30:00.000000,3
2042193_2024-06-29_22:45:00.000000,3
2042196_2024-06-30_07:30:00.000000,3
2042196_2024-06-30_06:30:00.000000,3
2042196_2024-06-30_05:30:00.000000,3
2042196_2024-06-30_14:30:00.000000,3
2042202_2024-07-01_11:30:00.000000,3
2042202_2024-07-01_11:00:00.000000,3
2042208_2024-07-02_16:30:00.000000,3
2042208_2024-07-02_12:30:00.000000,3
2042208_2024-07-02_06:45:00.000000,3
2042217_2024-07-03_18:30:00.000000,3
2042217_2024-07-04_03:30:00.000000,3
2042217_2024-07-03_20:45:00.000000,3
2041000_2024-06-12_18:30:00.000000,3
2041000_2024-06-13_03:00:00.000000,3
2041000_2024-06-13_04:00:00.000000,3
2040967_2024-06-07_23:15:00.000000,3
2040967_2024-06-08_01:30:00.000000,4
2040967_2024-06-07_22:15:00.000000,3
2040967_2024-06-08_03:00:00.000000,3
2040967_2024-06-07_19:00:00.000000,5
2041027_2024-06-17_07:15:00.000000,3
2041027_2024-06-17_11:00:00.000000,2
2041027_2024-06-17_16:45:00.000000,3
2041027_2024-06-17_08:00:00.000000,3
2041027_2024-06-17_17:30:00.000000,3
2041027_2024-06-17_11:30:00.000000,3
2041027_2024-06-17_12:00:00.000000,3
2041030_2024-06-17_21:15:00.000000,3
2041030_2024-06-17_23:00:00.000000,3
2041030_2024-06-17_22:00:00.000000,3
2041030_2024-06-17_19:15:00.000000,3
2042040_2024-06-18_13:30:00.000000,3
2042040_2024-06-18_15:30:00.000000,3
2042040_2024-06-18_14:45:00.000000,3
2042040_2024-06-18_18:00:00.000000,3
2042223_2024-07-05_00:00:00.000000,3
2042223_2024-07-04_20:15:00.000000,2
2042223_2024-07-04_20:00:00.000000,3
2042232_2024-07-06_09:00:00.000000,3
2042232_2024-07-06_18:15:00.000000,3
2042232_2024-07-06_12:15:00.000000,3
2042232_2024-07-06_07:15:00.000000,3
2042232_2024-07-06_11:30:00.000000,3
2042232_2024-07-06_04:45:00.000000,3
2042232_2024-07-06_17:00:00.000000,3
2042232_2024-07-06_08:45:00.000000,3
2042232_2024-07-06_10:30:00.000000,3
2042232_2024-07-06_05:45:00.000000,3
2042235_2024-07-06_19:30:00.000000,3
2042235_2024-07-07_01:45:00.000000,3
2042235_2024-07-06_23:15:00.000000,3
2042235_2024-07-07_00:15:00.000000,3
2042235_2024-07-07_03:00:00.000000,3
2042238_2024-07-07_06:30:00.000000,3
2042238_2024-07-07_16:15:00.000000,3
2042238_2024-07-07_15:15:00.000000,3
2042241_2024-07-08_01:15:00.000000,3
2042241_2024-07-07_21:15:00.000000,3
2042241_2024-07-08_00:00:00.000000,3
2042241_2024-07-07_19:30:00.000000,3
2042241_2024-07-07_20:45:00.000000,3
2042244_2024-07-08_11:15:00.000000,3
2042244_2024-07-08_13:00:00.000000,3
2042244_2024-07-08_14:45:00.000000,3
2042244_2024-07-08_07:45:00.000000,3
2042247_2024-07-08_19:00:00.000000,3
2042247_2024-07-08_22:00:00.000000,3
2042247_2024-07-09_03:00:00.000000,3
2042226_2024-07-05_16:30:00.000000,3
2042226_2024-07-05_15:30:00.000000,3
2042226_2024-07-05_13:00:00.000000,3
2042226_2024-07-05_15:15:00.000000,3
2042226_2024-07-05_06:45:00.000000,3
2042226_2024-07-05_14:30:00.000000,3
2042226_2024-07-05_07:45:00.000000,3
2042250_2024-07-09_13:30:00.000000,3
2042250_2024-07-09_17:00:00.000000,3
2042250_2024-07-09_08:30:00.000000,3
2042259_2024-07-10_20:30:00.000000,3
2042271_2024-07-13_02:30:00.000000,3
2042271_2024-07-13_04:00:00.000000,3
2042274_2024-07-13_18:00:00.000000,3
2042274_2024-07-13_10:45:00.000000,3
2042274_2024-07-13_13:00:00.000000,3
2042274_2024-07-13_05:30:00.000000,3
2042274_2024-07-13_12:45:00.000000,2
2042274_2024-07-13_08:45:00.000000,3
2042277_2024-07-14_00:45:00.000000,3
2042277_2024-07-14_02:30:00.000000,3
2042277_2024-07-13_18:30:00.000000,3
2042277_2024-07-13_22:45:00.000000,3
2042277_2024-07-14_04:00:00.000000,3
2042277_2024-07-14_03:30:00.000000,3
2042277_2024-07-13_18:45:00.000000,3
2042280_2024-07-14_16:45:00.000000,3
2042280_2024-07-14_15:15:00.000000,3
2042280_2024-07-14_18:00:00.000000,3
2042280_2024-07-14_17:30:00.000000,3
2042280_2024-07-14_14:15:00.000000,3
2042283_2024-07-14_21:45:00.000000,3
2042283_2024-07-14_21:00:00.000000,3
2042283_2024-07-14_21:30:00.000000,3
2042286_2024-07-15_09:30:00.000000,3
2042289_2024-07-15_19:15:00.000000,3
2042295_2024-07-17_00:15:00.000000,3
2042295_2024-07-17_04:00:00.000000,3
2042295_2024-07-17_02:30:00.000000,3
2042295_2024-07-16_20:45:00.000000,3
2042295_2024-07-16_22:15:00.000000,4
2042295_2024-07-16_21:45:00.000000,3
2042839_2024-07-12_15:30:00.000000,3
2042956_2024-07-16_13:15:00.000000,2
2042956_2024-07-16_13:45:00.000000,4
2042220_2024-07-04_07:00:00.000000,3
2042220_2024-07-04_11:00:00.000000,3
2042220_2024-07-04_14:30:00.000000,2
2042220_2024-07-04_12:30:00.000000,3
2042220_2024-07-04_05:00:00.000000,3
2042229_2024-07-05_21:00:00.000000,3
2042229_2024-07-05_19:45:00.000000,3
2042229_2024-07-05_22:15:00.000000,3
2042229_2024-07-05_19:00:00.000000,3
2042301_2024-07-17_22:30:00.000000,3
2042301_2024-07-18_01:45:00.000000,3
2042301_2024-07-18_04:30:00.000000,3
2042301_2024-07-18_00:15:00.000000,3
2042301_2024-07-17_23:45:00.000000,3
2042319_2024-07-21_00:45:00.000000,3
2042319_2024-07-21_00:00:00.000000,3
2042319_2024-07-20_19:15:00.000000,3
2042319_2024-07-20_22:15:00.000000,3
2042319_2024-07-21_02:00:00.000000,5
2042319_2024-07-20_18:15:00.000000,3
2042319_2024-07-20_23:15:00.000000,3
2042325_2024-07-22_03:15:00.000000,3
2042325_2024-07-21_19:45:00.000000,3
2042325_2024-07-21_19:00:00.000000,3
2042325_2024-07-22_01:30:00.000000,3
2042325_2024-07-22_02:00:00.000000,3
2042265_2024-07-12_00:30:00.000000,3
2042307_2024-07-18_21:00:00.000000,3
2042322_2024-07-21_13:30:00.000000,3
2042322_2024-07-21_13:15:00.000000,3
2042322_2024-07-21_12:30:00.000000,3
2042322_2024-07-21_16:00:00.000000,3
2042322_2024-07-21_07:45:00.000000,3
2042322_2024-07-21_17:30:00.000000,3
2042322_2024-07-21_11:30:00.000000,3
2042322_2024-07-21_11:15:00.000000,3
2042322_2024-07-21_16:30:00.000000,2
2042322_2024-07-21_10:30:00.000000,3
2042322_2024-07-21_12:00:00.000000,3
2042322_2024-07-21_16:15:00.000000,3
2042310_2024-07-19_08:00:00.000000,3
2042310_2024-07-19_08:15:00.000000,3
2042310_2024-07-19_06:00:00.000000,3
2042310_2024-07-19_13:00:00.000000,3
2042313_2024-07-20_02:45:00.000000,3
2042316_2024-07-20_07:00:00.000000,3
2042316_2024-07-20_09:15:00.000000,3
2042316_2024-07-20_15:15:00.000000,3
2042316_2024-07-20_10:15:00.000000,3
2042316_2024-07-20_05:45:00.000000,3
2042316_2024-07-20_14:30:00.000000,3
2042304_2024-07-18_12:30:00.000000,3
2042304_2024-07-18_07:15:00.000000,3
2042304_2024-07-18_11:00:00.000000,3
2042304_2024-07-18_16:30:00.000000,3
2042304_2024-07-18_05:15:00.000000,3
2042328_2024-07-22_09:30:00.000000,2
2042328_2024-07-22_13:00:00.000000,3
2042328_2024-07-22_15:00:00.000000,3
2042328_2024-07-22_09:15:00.000000,5
2042328_2024-07-22_06:00:00.000000,3
2042328_2024-07-22_11:00:00.000000,3
2042298_2024-07-17_06:45:00.000000,2
2042298_2024-07-17_14:30:00.000000,3
2042298_2024-07-17_07:00:00.000000,2
2042298_2024-07-17_06:15:00.000000,5
2042298_2024-07-17_06:30:00.000000,3
2042298_2024-07-17_07:15:00.000000,4
2042262_2024-07-11_11:30:00.000000,3
2042262_2024-07-11_06:45:00.000000,3
2043581_2024-07-31_17:15:00.000000,3
2043581_2024-07-31_13:45:00.000000,3
2043581_2024-07-31_15:15:00.000000,3
2042367_2024-07-28_18:15:00.000000,3
2042367_2024-07-29_02:30:00.000000,2
2042373_2024-07-29_22:15:00.000000,3
2043542_2024-08-01_01:45:00.000000,5
2043542_2024-08-01_00:45:00.000000,3
2043542_2024-07-31_18:30:00.000000,4
2043542_2024-07-31_18:15:00.000000,3
2043542_2024-07-31_23:15:00.000000,3
2043542_2024-08-01_02:45:00.000000,3
2043542_2024-08-01_04:45:00.000000,3
2043542_2024-07-31_21:45:00.000000,3
2042361_2024-07-28_01:45:00.000000,2
2042361_2024-07-27_20:45:00.000000,3
2042370_2024-07-29_06:00:00.000000,3
2042370_2024-07-29_17:15:00.000000,3
2042370_2024-07-29_05:15:00.000000,3
2042370_2024-07-29_12:45:00.000000,3
2042370_2024-07-29_13:15:00.000000,4
2042370_2024-07-29_08:15:00.000000,3
2042370_2024-07-29_13:00:00.000000,2
2042370_2024-07-29_14:15:00.000000,4
2042370_2024-07-29_09:45:00.000000,3
2042337_2024-07-23_23:30:00.000000,3
2042337_2024-07-23_20:30:00.000000,3
2042358_2024-07-27_10:45:00.000000,3
2042358_2024-07-27_06:45:00.000000,4
2042358_2024-07-27_05:45:00.000000,2
2042358_2024-07-27_09:45:00.000000,3
2042358_2024-07-27_07:00:00.000000,3
2042340_2024-07-24_07:45:00.000000,2
2042340_2024-07-24_05:00:00.000000,3
2042340_2024-07-24_11:45:00.000000,3
2042340_2024-07-24_17:30:00.000000,2
2042340_2024-07-24_14:00:00.000000,3
2042340_2024-07-24_10:45:00.000000,3
2042340_2024-07-24_07:30:00.000000,5
2042340_2024-07-24_16:45:00.000000,3
2042340_2024-07-24_07:00:00.000000,3
2042340_2024-07-24_17:15:00.000000,3
2042340_2024-07-24_11:15:00.000000,3
2042340_2024-07-24_06:00:00.000000,3
2042340_2024-07-24_12:45:00.000000,3
2042352_2024-07-26_16:45:00.000000,3
2042352_2024-07-26_08:30:00.000000,3
2042352_2024-07-26_05:30:00.000000,3
2042352_2024-07-26_17:15:00.000000,3
2042352_2024-07-26_17:30:00.000000,3
2042355_2024-07-27_00:30:00.000000,5
2042355_2024-07-27_04:45:00.000000,3
2042355_2024-07-26_21:30:00.000000,3
2042355_2024-07-27_01:30:00.000000,3
2042355_2024-07-26_21:15:00.000000,3
2042355_2024-07-27_00:15:00.000000,3
2042355_2024-07-27_04:30:00.000000,2
2042355_2024-07-26_23:15:00.000000,3
2042355_2024-07-26_21:00:00.000000,3
2042364_2024-07-28_10:45:00.000000,3
2042364_2024-07-28_06:45:00.000000,3
2043865_2024-08-12_00:45:00.000000,3
2043865_2024-08-12_04:30:00.000000,3
2043859_2024-08-11_02:45:00.000000,3
2043859_2024-08-10_21:00:00.000000,3
2043859_2024-08-10_22:45:00.000000,3
2043853_2024-08-09_23:00:00.000000,4
2043853_2024-08-09_19:45:00.000000,3
2043853_2024-08-09_21:30:00.000000,2
2043853_2024-08-09_20:45:00.000000,3
2043853_2024-08-09_23:15:00.000000,3
2043856_2024-08-10_16:45:00.000000,3
2043856_2024-08-10_09:15:00.000000,3
2043856_2024-08-10_17:15:00.000000,3
2043856_2024-08-10_17:30:00.000000,3
2043847_2024-08-08_20:00:00.000000,2
2043847_2024-08-08_19:30:00.000000,2
2043847_2024-08-09_00:15:00.000000,5
2043578_2024-08-06_22:30:00.000000,5
2043578_2024-08-07_02:30:00.000000,2
2043578_2024-08-07_04:30:00.000000,3
2043578_2024-08-06_22:15:00.000000,3
2043578_2024-08-06_23:15:00.000000,3
2043569_2024-08-05_05:30:00.000000,2
2043569_2024-08-05_13:30:00.000000,2
2043569_2024-08-05_15:30:00.000000,2
2043569_2024-08-05_17:00:00.000000,3
2043569_2024-08-05_10:15:00.000000,3
2043569_2024-08-05_05:15:00.000000,3
2043569_2024-08-05_13:15:00.000000,3
2043569_2024-08-05_09:00:00.000000,3
2043569_2024-08-05_12:15:00.000000,5
2043569_2024-08-05_14:15:00.000000,3
2043572_2024-08-05_20:45:00.000000,3
2043572_2024-08-05_23:15:00.000000,3
2043572_2024-08-05_19:15:00.000000,3
2043572_2024-08-05_23:00:00.000000,3
2043572_2024-08-05_18:30:00.000000,3
2043572_2024-08-05_20:00:00.000000,3
2043572_2024-08-06_04:45:00.000000,3
2043575_2024-08-06_10:00:00.000000,3
2043575_2024-08-06_09:30:00.000000,3
2043575_2024-08-06_05:30:00.000000,3
2043575_2024-08-06_08:45:00.000000,3
2043575_2024-08-06_06:15:00.000000,5
2043868_2024-08-12_09:45:00.000000,3
2043868_2024-08-12_05:30:00.000000,3
2043868_2024-08-12_14:00:00.000000,3
2043868_2024-08-12_08:15:00.000000,3
2043868_2024-08-12_09:15:00.000000,3
2043844_2024-08-08_07:15:00.000000,3
2043844_2024-08-08_07:00:00.000000,3
2043844_2024-08-08_10:15:00.000000,3
2043844_2024-08-08_08:00:00.000000,3
2043844_2024-08-08_07:30:00.000000,3
2043844_2024-08-08_05:45:00.000000,3
2043844_2024-08-08_06:30:00.000000,3
2043883_2024-08-15_03:30:00.000000,3
2043871_2024-08-13_03:00:00.000000,3
2043871_2024-08-13_04:00:00.000000,3
2043871_2024-08-13_02:45:00.000000,3
2043871_2024-08-12_18:30:00.000000,5
2043886_2024-08-15_06:15:00.000000,3
2043886_2024-08-15_11:45:00.000000,3
2043892_2024-08-16_13:00:00.000000,3
2043892_2024-08-16_11:15:00.000000,3
2043892_2024-08-16_13:15:00.000000,3
2043892_2024-08-16_14:15:00.000000,3
2043874_2024-08-13_12:00:00.000000,3
2043874_2024-08-13_16:15:00.000000,3
2043874_2024-08-13_08:00:00.000000,3
2043874_2024-08-13_17:15:00.000000,3
2043874_2024-08-13_07:00:00.000000,3
2043874_2024-08-13_14:45:00.000000,3
2043898_2024-08-17_07:30:00.000000,3
2043898_2024-08-17_10:30:00.000000,3
2043898_2024-08-17_07:15:00.000000,3
2043898_2024-08-17_10:45:00.000000,3
2043901_2024-08-17_23:00:00.000000,3
2043901_2024-08-17_17:45:00.000000,3
2043901_2024-08-18_00:30:00.000000,3
2043901_2024-08-17_18:45:00.000000,3
2043901_2024-08-18_04:45:00.000000,3
2043889_2024-08-16_04:45:00.000000,3
2043904_2024-08-18_05:30:00.000000,3
2043904_2024-08-18_14:45:00.000000,3
2043904_2024-08-18_09:15:00.000000,3
2043895_2024-08-17_00:30:00.000000,3
2043907_2024-08-19_00:30:00.000000,3
2043907_2024-08-18_21:45:00.000000,3
2043907_2024-08-18_23:15:00.000000,3
2043910_2024-08-19_12:00:00.000000,3
2043850_2024-08-09_12:00:00.000000,3
2043850_2024-08-09_14:45:00.000000,3
2043850_2024-08-09_07:30:00.000000,3
2043850_2024-08-09_15:15:00.000000,3
2043850_2024-08-09_15:45:00.000000,3
2043850_2024-08-09_09:45:00.000000,3
2043850_2024-08-09_12:15:00.000000,2
2043850_2024-08-09_08:30:00.000000,3
2043850_2024-08-09_10:15:00.000000,3
2043919_2024-08-20_21:45:00.000000,3
2043916_2024-08-20_05:45:00.000000,3
2043916_2024-08-20_11:45:00.000000,3
2043916_2024-08-20_09:15:00.000000,3
2043916_2024-08-20_14:30:00.000000,3
2043916_2024-08-20_08:30:00.000000,3
2043928_2024-08-22_16:15:00.000000,3
2043928_2024-08-22_09:45:00.000000,3
2043928_2024-08-22_09:15:00.000000,3
2043928_2024-08-22_07:30:00.000000,3
2043922_2024-08-21_11:30:00.000000,3
2043925_2024-08-22_04:15:00.000000,3
2043925_2024-08-22_04:30:00.000000,3
2043955_2024-08-26_23:30:00.000000,3
2043955_2024-08-26_22:45:00.000000,3
2043967_2024-08-28_18:30:00.000000,3
2043970_2024-08-29_07:30:00.000000,3
2043964_2024-08-28_09:00:00.000000,3
2043973_2024-08-30_00:30:00.000000,3
2043973_2024-08-30_05:00:00.000000,3
2043973_2024-08-30_02:30:00.000000,3
2043991_2024-08-07_13:30:00.000000,3
2043991_2024-08-07_15:00:00.000000,3
2043991_2024-08-07_10:30:00.000000,3
2043991_2024-08-07_13:45:00.000000,2
2043991_2024-08-07_15:45:00.000000,3
2044342_2024-08-14_06:45:00.000000,2
2044342_2024-08-14_15:30:00.000000,3
2044342_2024-08-14_13:30:00.000000,3
2044342_2024-08-14_08:00:00.000000,3
2044342_2024-08-14_15:45:00.000000,3
2044342_2024-08-14_08:15:00.000000,3
2043979_2024-08-31_01:30:00.000000,3
2043979_2024-08-31_05:15:00.000000,3
2044827_2024-08-25_00:00:00.000000,2
2044827_2024-08-24_22:45:00.000000,3
2044827_2024-08-25_04:45:00.000000,5
2044755_2024-08-23_13:15:00.000000,3
2044755_2024-08-23_12:30:00.000000,3
2044755_2024-08-23_11:45:00.000000,3
2044755_2024-08-23_08:30:00.000000,3
2044755_2024-08-23_10:30:00.000000,3
2044833_2024-08-25_21:30:00.000000,3
2044833_2024-08-25_19:00:00.000000,3
2044833_2024-08-25_23:00:00.000000,3
2044839_2024-08-26_16:30:00.000000,3
2044839_2024-08-26_13:30:00.000000,3
2044830_2024-08-25_15:15:00.000000,3
2043545_2024-08-01_08:00:00.000000,3
2043545_2024-08-01_06:45:00.000000,3
2043545_2024-08-01_07:00:00.000000,3
2043545_2024-08-01_12:15:00.000000,3
2043545_2024-08-01_06:00:00.000000,3
2043545_2024-08-01_07:15:00.000000,2
2043545_2024-08-01_14:00:00.000000,3
2043548_2024-08-02_04:45:00.000000,4
2043548_2024-08-02_04:00:00.000000,3
2043548_2024-08-02_01:45:00.000000,3
2043548_2024-08-02_02:30:00.000000,3
2043548_2024-08-02_04:30:00.000000,3
2043548_2024-08-02_00:45:00.000000,3
2043560_2024-08-04_04:30:00.000000,3
2043560_2024-08-03_18:30:00.000000,3
2043566_2024-08-05_02:30:00.000000,2
2043566_2024-08-04_22:15:00.000000,3
2043551_2024-08-02_15:45:00.000000,3
2043551_2024-08-02_08:00:00.000000,3
2043551_2024-08-02_16:30:00.000000,3
2043551_2024-08-02_11:15:00.000000,3
2043551_2024-08-02_17:30:00.000000,3
2043551_2024-08-02_07:45:00.000000,3
2043551_2024-08-02_13:00:00.000000,3
2043551_2024-08-02_05:15:00.000000,3
2043563_2024-08-04_08:45:00.000000,3
2043563_2024-08-04_08:00:00.000000,3
2043563_2024-08-04_05:45:00.000000,3
2043563_2024-08-04_15:15:00.000000,3
2043563_2024-08-04_10:00:00.000000,3
2043563_2024-08-04_17:45:00.000000,3
2043563_2024-08-04_11:45:00.000000,3
2043554_2024-08-03_01:15:00.000000,3
2043554_2024-08-02_19:45:00.000000,3
2043554_2024-08-03_03:45:00.000000,3
2043557_2024-08-03_15:45:00.000000,3
2043557_2024-08-03_09:30:00.000000,3
2043557_2024-08-03_15:00:00.000000,3
2043841_2024-08-07_18:45:00.000000,2
2043841_2024-08-08_04:15:00.000000,3
2043841_2024-08-08_00:45:00.000000,3
2043841_2024-08-07_20:45:00.000000,3
2043931_2024-08-22_18:30:00.000000,3
2043931_2024-08-23_01:00:00.000000,3
2043931_2024-08-22_21:00:00.000000,3
2043931_2024-08-22_22:30:00.000000,3
2043931_2024-08-22_23:15:00.000000,3
2043931_2024-08-23_01:15:00.000000,2
2043931_2024-08-23_00:15:00.000000,3
2043931_2024-08-22_17:30:00.000000,3
2043931_2024-08-23_03:45:00.000000,2
