timestamp,date,time,begin,end,loc_freq,type
2023-09-20_14:30:00.000000,2023-09-20,14:30:00.000000,1425,1433,025-125,II/1    1054
2024-02-22_09:45:00.000000,2024-02-22,09:45:00.000000,0944,0953,122-180,II/1    154
2022-08-03_17:00:00.000000,2022-08-03,17:00:00.000000,1705,1724,025-180,II/1    163
2024-02-15_09:15:00.000000,2024-02-15,09:15:00.000000,0910,0914,040-058,II/1    1959
2024-08-23_01:15:00.000000,2024-08-23,01:15:00.000000,0120,0142,025-075,II/1    214
2022-12-25_07:15:00.000000,2022-12-25,07:15:00.000000,0713,0733,058-135,II/1    238
2024-07-13_12:45:00.000000,2024-07-13,12:45:00.000000,1242,1252,029-081,II/1    297
2024-07-17_06:45:00.000000,2024-07-17,06:45:00.000000,0639,0645,076-134,II/1    302
2023-08-09_21:15:00.000000,2023-08-09,21:15:00.000000,2115,2118,036-055,II/1    309
2024-07-17_07:00:00.000000,2024-07-17,07:00:00.000000,0700,0706,039-058,II/1    334
2024-05-03_20:15:00.000000,2024-05-03,20:15:00.000000,2022,2053,025-131,II/1    392
2024-01-29_10:15:00.000000,2024-01-29,10:15:00.000000,1021,1029,060-082,II/1    393
2024-04-21_22:15:00.000000,2024-04-21,22:15:00.000000,2210,2214,025-038,II/1    393
2022-08-03_17:15:00.000000,2022-08-03,17:15:00.000000,1713,1718,060-084,II/1    398
2023-01-13_14:15:00.000000,2023-01-13,14:15:00.000000,1410,1415,025-041,II/1    401
2023-07-07_22:30:00.000000,2023-07-07,22:30:00.000000,2226,2235,060-165,II/1    416
2023-07-19_17:15:00.000000,2023-07-19,17:15:00.000000,1716,1734,043-180,II/1    429
2023-07-15_20:00:00.000000,2023-07-15,20:00:00.000000,1958,2006,112-180,II/1    431
2024-02-06_03:15:00.000000,2024-02-06,03:15:00.000000,0310,0314,025-052,II/1    431
2024-02-15_02:30:00.000000,2024-02-15,02:30:00.000000,0236,0240,061-162,II/1    433
2024-02-04_21:00:00.000000,2024-02-04,21:00:00.000000,2101,2110,025-180,II/1    434
2023-07-19_23:15:00.000000,2023-07-19,23:15:00.000000,2313,2320,040-057,II/1    444
2023-02-09_09:00:00.000000,2023-02-09,09:00:00.000000,0903,0904,068-180,II/1    453
2022-10-12_14:30:00.000000,2022-10-12,14:30:00.000000,1424,1432,034-180,II/1    463
2022-08-18_12:00:00.000000,2022-08-18,12:00:00.000000,1201,1215,025-151,II/1    464
2023-08-20_06:30:00.000000,2023-08-20,06:30:00.000000,0626,0631,025-060,II/1    488
2023-07-24_17:30:00.000000,2023-07-24,17:30:00.000000,1735,1806,032-084,II/1    494
2024-08-23_03:45:00.000000,2024-08-23,03:45:00.000000,0343,0350,072-180,II/1    502
2024-07-04_20:15:00.000000,2024-07-04,20:15:00.000000,2010,2015,033-065,II/1    515
2024-06-11_22:45:00.000000,2024-06-11,22:45:00.000000,2251,2255,030-055,II/1    528
2023-07-24_17:45:00.000000,2023-07-24,17:45:00.000000,1738,1806,025-147,II/1    546
2024-05-15_14:30:00.000000,2024-05-15,14:30:00.000000,1428,1441,025-048,II/1    559
2023-07-03_21:30:00.000000,2023-07-03,21:30:00.000000,2131,2136,025-180,II/1    583
2023-10-07_18:00:00.000000,2023-10-07,18:00:00.000000,1807,1816,048-180,II/1    598
2023-07-07_10:00:00.000000,2023-07-07,10:00:00.000000,1001,1024,025-180,II/1    601
2023-08-17_12:30:00.000000,2023-08-17,12:30:00.000000,1235,1250,025-064,II/1    617
2023-11-02_12:30:00.000000,2023-11-02,12:30:00.000000,1227,1235,054-173,II/1    644
2023-02-09_07:30:00.000000,2023-02-09,07:30:00.000000,0725,0728,038-103,II/1    672
2022-05-28_16:00:00.000000,2022-05-28,16:00:00.000000,1558,1610,025-055,II/1    716
2022-08-18_10:45:00.000000,2022-08-18,10:45:00.000000,1049,1115,025-083,II/1    749
2024-06-10_18:30:00.000000,2024-06-10,18:30:00.000000,1829,1831,112-151,II/1    754
2023-09-24_15:00:00.000000,2023-09-24,15:00:00.000000,1507,1510,036-119,II/1    755
2023-08-05_22:15:00.000000,2023-08-05,22:15:00.000000,2215,2219,025-036,II/1    772
2022-09-23_13:45:00.000000,2022-09-23,13:45:00.000000,1350,1406,025-170,II/1    774
2022-09-23_14:00:00.000000,2022-09-23,14:00:00.000000,1401,1405,025-037,II/1    820
2023-11-28_20:00:00.000000,2023-11-28,20:00:00.000000,1959,2007,035-047,II/1    854
2024-02-02_11:00:00.000000,2024-02-02,11:00:00.000000,1107,1113,029-067,II/1    874
2022-11-19_13:00:00.000000,2022-11-19,13:00:00.000000,1301,1314,025-180,II/1    930
2024-05-04_06:30:00.000000,2024-05-04,06:30:00.000000,0625,0634,025-061,II/1    950
2023-11-28_19:30:00.000000,2023-11-28,19:30:00.000000,1935,2003,025-180,II/2
2024-05-09_09:00:00.000000,2024-05-09,09:00:00.000000,0902,0916,025-180,II/2    1004
2024-08-08_19:30:00.000000,2024-08-08,19:30:00.000000,1929,1935,062-180,II/2    1026
2024-05-14_12:45:00.000000,2024-05-14,12:45:00.000000,1245,1304,025-180,II/2    1040
2024-02-06_03:15:00.000000,2024-02-06,03:15:00.000000,0310,0314,025-054,II/2    1063
2024-03-08_03:45:00.000000,2024-03-08,03:45:00.000000,0340,0352,025-153,II/2    1067
2024-02-14_04:00:00.000000,2024-02-14,04:00:00.000000,0355,0409,025-180,II/2    1081
2023-07-18_17:30:00.000000,2023-07-18,17:30:00.000000,1726,1747,025-180,II/2    1200
2023-09-07_19:00:00.000000,2023-09-07,19:00:00.000000,1903,1918,025-180,II/2    1238
2022-08-05_07:00:00.000000,2022-08-05,07:00:00.000000,0657,0711,025-057,II/2    1300
2023-09-05_20:15:00.000000,2023-09-05,20:15:00.000000,2021,2024,025-066,II/2    1314
2024-03-06_03:30:00.000000,2024-03-06,03:30:00.000000,0333,0344,025-180,II/2    1516
2024-08-05_13:30:00.000000,2024-08-05,13:30:00.000000,1331,1345,025-180,II/2    171
2023-12-14_17:00:00.000000,2023-12-14,17:00:00.000000,1700,1708,025-180,II/2    2118
2024-07-27_04:30:00.000000,2024-07-27,04:30:00.000000,0433,0451,075-180,II/2    217
2022-10-11_11:00:00.000000,2022-10-11,11:00:00.000000,1101,1110,039-083,II/2    237
2023-08-17_02:30:00.000000,2023-08-17,02:30:00.000000,0229,0244,067-165,II/2    253
2024-07-27_05:45:00.000000,2024-07-27,05:45:00.000000,0546,0556,030-124,II/2    258
2023-07-15_10:15:00.000000,2023-07-15,10:15:00.000000,1018,1032,041-073,II/2    262
2024-05-14_16:45:00.000000,2024-05-14,16:45:00.000000,1650,1715,025-052,II/2    279
2024-08-07_13:45:00.000000,2024-08-07,13:45:00.000000,1352,1409,025-156,II/2    305
2024-08-05_02:30:00.000000,2024-08-05,02:30:00.000000,0230,0245,025-180,II/2    314
2023-07-15_16:30:00.000000,2023-07-15,16:30:00.000000,1632,1645,034-084,II/2    338
2023-05-17_15:15:00.000000,2023-05-17,15:15:00.000000,1522,1532,025-071,II/2    343
2023-07-03_21:15:00.000000,2023-07-03,21:15:00.000000,2115,2122,030-174,II/2    354
2024-04-23_17:45:00.000000,2024-04-23,17:45:00.000000,1747,1821,025-123,II/2    358
2024-08-08_20:00:00.000000,2024-08-08,20:00:00.000000,2005,2015,025-049,II/2    359
2024-08-25_00:00:00.000000,2024-08-25,00:00:00.000000,0000,0000,025-084,II/2    360
2024-02-08_11:45:00.000000,2024-02-08,11:45:00.000000,1149,1156,052-180,II/2    363
2023-08-07_20:45:00.000000,2023-08-07,20:45:00.000000,2038,2102,025-180,II/2    368
2024-08-07_02:30:00.000000,2024-08-07,02:30:00.000000,0228,0248,025-141,II/2    370
2023-01-13_10:15:00.000000,2023-01-13,10:15:00.000000,1020,1025,057-082,II/2    381
2023-01-14_12:45:00.000000,2023-01-14,12:45:00.000000,1246,1300,055-083,II/2    398
2024-07-24_07:45:00.000000,2024-07-24,07:45:00.000000,0745,0802,025-148,II/2    404
2024-06-17_10:30:00.000000,2024-06-17,10:30:00.000000,1042,1100,025-060,II/2    411
2024-06-17_11:00:00.000000,2024-06-17,11:00:00.000000,1100,1104,035-083,II/2    411
2023-11-26_07:45:00.000000,2023-11-26,07:45:00.000000,0747,0750,063-080,II/2    413
2023-07-29_07:30:00.000000,2023-07-29,07:30:00.000000,0726,0737,029-061,II/2    416
2023-05-11_09:00:00.000000,2023-05-11,09:00:00.000000,0857,0907,068-180,II/2    419
2024-01-14_11:45:00.000000,2024-01-14,11:45:00.000000,1146,1152,030-082,II/2    420
2024-05-17_21:00:00.000000,2024-05-17,21:00:00.000000,2103,2111,025-180,II/2    425
2024-02-28_09:00:00.000000,2024-02-28,09:00:00.000000,0907,0923,025-125,II/2    432
2024-08-02_04:45:00.000000,2024-08-02,04:45:00.000000,0449,0459,025-138,II/2    438
2023-05-22_13:45:00.000000,2023-05-22,13:45:00.000000,1340,1353,025-075,II/2    439
2024-07-16_22:15:00.000000,2024-07-16,22:15:00.000000,2208,2234,044-124,II/2    442
2024-05-14_02:00:00.000000,2024-05-14,02:00:00.000000,0207,0219,063-180,II/2    447
2024-06-01_19:15:00.000000,2024-06-01,19:15:00.000000,1920,1928,046-075,II/2    467
2023-09-22_19:30:00.000000,2023-09-22,19:30:00.000000,1928,1935,080-180,II/2    483
2024-01-29_04:00:00.000000,2024-01-29,04:00:00.000000,0407,0454,025-180,II/2    512
2024-08-02_04:45:00.000000,2024-08-02,04:45:00.000000,0449,0459,025-131,II/2    516
2024-08-14_06:45:00.000000,2024-08-14,06:45:00.000000,0649,0700,025-083,II/2    516
2024-07-29_02:30:00.000000,2024-07-29,02:30:00.000000,0236,0239,105-180,II/2    535
2024-07-22_09:30:00.000000,2024-07-22,09:30:00.000000,0926,0931,040-083,II/2    536
2023-09-11_01:15:00.000000,2023-09-11,01:15:00.000000,0120,0133,025-094,II/2    547
2023-07-28_15:45:00.000000,2023-07-28,15:45:00.000000,1552,1616,025-180,II/2    550
2023-07-16_19:15:00.000000,2023-07-16,19:15:00.000000,1915,1925,025-086,II/2    567
2024-07-29_13:00:00.000000,2024-07-29,13:00:00.000000,1300,1312,025-154,II/2    567
2023-08-05_07:00:00.000000,2023-08-05,07:00:00.000000,0703,0721,025-060,II/2    572
2023-07-10_11:45:00.000000,2023-07-10,11:45:00.000000,1146,1159,025-083,II/2    580
2023-08-10_02:45:00.000000,2023-08-10,02:45:00.000000,0245,0259,025-086,II/2    587
2023-08-26_13:00:00.000000,2023-08-26,13:00:00.000000,1256,1259,040-084,II/2    592
2024-07-21_16:30:00.000000,2024-07-21,16:30:00.000000,1625,1628,040-063,II/2    592
2024-08-09_21:30:00.000000,2024-08-09,21:30:00.000000,2124,2129,051-152,II/2    606
2024-05-14_17:30:00.000000,2024-05-14,17:30:00.000000,1730,1800,025-180,II/2    610
2024-02-21_02:00:00.000000,2024-02-21,02:00:00.000000,0201,0222,035-155,II/2    627
2024-01-28_02:30:00.000000,2024-01-28,02:30:00.000000,0228,0250,025-180,II/2    648
2023-07-15_10:00:00.000000,2023-07-15,10:00:00.000000,1000,1006,034-083,II/2    662
2024-07-24_17:30:00.000000,2024-07-24,17:30:00.000000,1726,1737,025-152,II/2    665
2024-07-31_18:15:00.000000,2024-07-31,18:15:00.000000,1819,1829,025-068,II/2    682
2023-11-28_19:30:00.000000,2023-11-28,19:30:00.000000,1934,1944,025-180,II/2    694
2023-05-05_07:00:00.000000,2023-05-05,07:00:00.000000,0706,0719,030-122,II/2    708
2023-07-03_21:15:00.000000,2023-07-03,21:15:00.000000,2109,2119,031-180,II/2    716
2023-05-04_08:30:00.000000,2023-05-04,08:30:00.000000,0830,0853,025-180,II/2    717
2022-12-14_08:30:00.000000,2022-12-14,08:30:00.000000,0829,0838,025-180,II/2    729
2024-08-01_07:15:00.000000,2024-08-01,07:15:00.000000,0712,0715,029-088,II/2    739
2023-09-01_03:15:00.000000,2023-09-01,03:15:00.000000,0308,0313,030-048,II/2    743
2024-08-09_12:15:00.000000,2024-08-09,12:15:00.000000,1208,1221,025-127,II/2    786
2024-03-23_01:15:00.000000,2024-03-23,01:15:00.000000,0109,0112,025-180,II/2    791
2024-08-07_18:45:00.000000,2024-08-07,18:45:00.000000,1848,1911,025-180,II/2    792
2023-05-08_08:30:00.000000,2023-05-08,08:30:00.000000,0826,0828,086-134,II/2    797
2024-07-04_14:30:00.000000,2024-07-04,14:30:00.000000,1427,1448,025-081,II/2    815
2024-02-17_13:30:00.000000,2024-02-17,13:30:00.000000,1329,1342,034-122,II/2    816
2023-07-15_00:30:00.000000,2023-07-15,00:30:00.000000,0025,0028,025-180,II/2    851
2024-05-29_14:30:00.000000,2024-05-29,14:30:00.000000,1426,1500,025-180,II/2    878
2024-03-07_22:30:00.000000,2024-03-07,22:30:00.000000,2225,2244,025-069,II/2    904
2024-08-05_15:30:00.000000,2024-08-05,15:30:00.000000,1530,1556,025-151,II/2    925
2024-05-03_02:15:00.000000,2024-05-03,02:15:00.000000,0220,0222,076-180,II/2    944
2023-10-26_23:15:00.000000,2023-10-26,23:15:00.000000,2318,2333,025-063,II/2    961
2022-10-11_08:45:00.000000,2022-10-11,08:45:00.000000,0847,0901,039-131,II/2    967
2023-05-05_07:15:00.000000,2023-05-05,07:15:00.000000,0713,0730,025-070,II/2    997
2023-05-05_08:00:00.000000,2023-05-05,08:00:00.000000,0754,0804,025-061,II/2    997
2024-07-28_01:45:00.000000,2024-07-28,01:45:00.000000,0151,0209,025-180,II/3    1053
2024-05-27_07:00:00.000000,2024-05-27,07:00:00.000000,0659,0738,025-180,II/3    1135
2024-02-02_03:00:00.000000,2024-02-02,03:00:00.000000,0306,0316,025-080,II/3    1444
2022-05-25_18:15:00.000000,2022-05-25,18:15:00.000000,1817,1837,025-180,II/3    1638
2024-02-10_23:00:00.000000,2024-02-10,23:00:00.000000,2305,2323,025-180,II/3    1856
2024-05-09_17:30:00.000000,2024-05-09,17:30:00.000000,1732,1737,025-180,II/3    303
2023-07-02_02:30:00.000000,2023-07-02,02:30:00.000000,0234,0243,061-180,II/3    379
2024-04-24_14:15:00.000000,2024-04-24,14:15:00.000000,1415,1432,025-150,II/3    379
2024-04-22_21:15:00.000000,2024-04-22,21:15:00.000000,2119,2139,025-144,II/3    395
2024-07-16_13:15:00.000000,2024-07-16,13:15:00.000000,1321,1355,025-180,II/3    398
2024-08-05_05:30:00.000000,2024-08-05,05:30:00.000000,0524,0545,025-180,II/3    443
2024-08-04_22:15:00.000000,2024-08-04,22:15:00.000000,2208,2230,025-180,II/3    472
2024-05-11_01:15:00.000000,2024-05-11,01:15:00.000000,0113,0124,025-180,II/3    564
2024-06-21_23:45:00.000000,2024-06-21,23:45:00.000000,2340,2359,025-180,II/3    590
2024-03-10_12:15:00.000000,2024-03-10,12:15:00.000000,1208,1234,025-180,II/3    714
2024-02-16_07:00:00.000000,2024-02-16,07:00:00.000000,0653,0713,025-180,II/3    753
2024-05-08_05:00:00.000000,2024-05-08,05:00:00.000000,0501,0528,025-180,II/3    887
2024-06-08_01:30:00.000000,2024-06-08,01:30:00.000000,0128,0157,025-180,II/3    894
2022-05-02_09:30:00.000000,2022-05-02,09:30:00.000000,0929,0934,025-151,III/1
2022-05-02_10:15:00.000000,2022-05-02,10:15:00.000000,1020,1020,025-050,III/1
2022-05-03_07:00:00.000000,2022-05-03,07:00:00.000000,0704,0705,025-180,III/1
2022-05-03_08:00:00.000000,2022-05-03,08:00:00.000000,0758,0758,025-180,III/1
2022-05-03_09:30:00.000000,2022-05-03,09:30:00.000000,0926,0932,025-173,III/1
2022-05-03_11:30:00.000000,2022-05-03,11:30:00.000000,1126,1126,025-052,III/1
2022-05-03_12:30:00.000000,2022-05-03,12:30:00.000000,1237,1238,025-056,III/1
2022-05-03_13:45:00.000000,2022-05-03,13:45:00.000000,1340,1342,070-180,III/1
2022-05-03_14:00:00.000000,2022-05-03,14:00:00.000000,1357,1358,025-180,III/1
2022-05-04_10:45:00.000000,2022-05-04,10:45:00.000000,1048,1056,025-067,III/1
2022-05-05_07:00:00.000000,2022-05-05,07:00:00.000000,0656,0657,025-071,III/1
2022-05-05_11:45:00.000000,2022-05-05,11:45:00.000000,1140,1141,025-039,III/1
2022-05-05_13:45:00.000000,2022-05-05,13:45:00.000000,1343,1344,025-054,III/1
2022-05-06_12:15:00.000000,2022-05-06,12:15:00.000000,1218,1218,025-180,III/1
2022-05-07_11:45:00.000000,2022-05-07,11:45:00.000000,1149,1149,025-052,III/1
2022-05-08_09:45:00.000000,2022-05-08,09:45:00.000000,0940,0945,025-054,III/1
2022-05-08_10:15:00.000000,2022-05-08,10:15:00.000000,1018,1019,025-180,III/1
2022-05-08_14:00:00.000000,2022-05-08,14:00:00.000000,1401,1403,039-084,III/1
2022-05-08_14:30:00.000000,2022-05-08,14:30:00.000000,1436,1717,136-180,III/1
2022-05-08_15:00:00.000000,2022-05-08,15:00:00.000000,1454,1458,025-049,III/1
2022-05-08_15:30:00.000000,2022-05-08,15:30:00.000000,1533,1536,034-048,III/1
2022-05-08_16:00:00.000000,2022-05-08,16:00:00.000000,1606,1606,025-038,III/1
2022-05-09_06:45:00.000000,2022-05-09,06:45:00.000000,0648,0648,031-056,III/1
2022-05-09_12:45:00.000000,2022-05-09,12:45:00.000000,1240,1242,025-053,III/1
2022-05-11_12:30:00.000000,2022-05-11,12:30:00.000000,1230,1231,025-053,III/1
2022-05-11_12:30:00.000000,2022-05-11,12:30:00.000000,1231,1231,025-048,III/1
2022-05-11_17:15:00.000000,2022-05-11,17:15:00.000000,1712,1713,025-041,III/1
2022-05-12_09:30:00.000000,2022-05-12,09:30:00.000000,0929,0930,025-082,III/1
2022-05-12_10:30:00.000000,2022-05-12,10:30:00.000000,1029,1030,025-054,III/1
2022-05-13_06:45:00.000000,2022-05-13,06:45:00.000000,0652,0652,025-097,III/1
2022-05-13_08:00:00.000000,2022-05-13,08:00:00.000000,0759,0806,025-180,III/1
2022-05-13_11:30:00.000000,2022-05-13,11:30:00.000000,1132,1203,025-144,III/1
2022-05-13_12:45:00.000000,2022-05-13,12:45:00.000000,1238,1239,025-081,III/1
2022-05-13_15:00:00.000000,2022-05-13,15:00:00.000000,1456,1456,025-079,III/1
2022-05-13_15:30:00.000000,2022-05-13,15:30:00.000000,1533,1544,025-148,III/1
2022-05-14_11:45:00.000000,2022-05-14,11:45:00.000000,1149,1153,025-079,III/1
2022-05-14_12:30:00.000000,2022-05-14,12:30:00.000000,1236,1237,025-065,III/1
2022-05-14_14:30:00.000000,2022-05-14,14:30:00.000000,1426,1426,025-180,III/1
2022-05-18_10:30:00.000000,2022-05-18,10:30:00.000000,1025,1025,025-046,III/1
2022-05-18_12:15:00.000000,2022-05-18,12:15:00.000000,1217,1219,025-053,III/1
2022-05-18_15:30:00.000000,2022-05-18,15:30:00.000000,1529,1532,025-080,III/1
2022-05-20_12:45:00.000000,2022-05-20,12:45:00.000000,1248,1249,025-050,III/1
2022-05-20_14:30:00.000000,2022-05-20,14:30:00.000000,1424,1426,025-083,III/1
2022-05-20_16:45:00.000000,2022-05-20,16:45:00.000000,1648,1648,025-058,III/1
2022-05-20_17:00:00.000000,2022-05-20,17:00:00.000000,1703,1703,025-078,III/1
2022-05-21_16:30:00.000000,2022-05-21,16:30:00.000000,1636,1636,025-057,III/1
2022-05-21_17:00:00.000000,2022-05-21,17:00:00.000000,1655,1658,025-082,III/1
2022-05-22_09:45:00.000000,2022-05-22,09:45:00.000000,0945,0946,025-084,III/1
2022-05-22_14:15:00.000000,2022-05-22,14:15:00.000000,1410,1415,025-152,III/1
2022-05-22_17:00:00.000000,2022-05-22,17:00:00.000000,1655,1656,025-047,III/1
2022-05-23_11:45:00.000000,2022-05-23,11:45:00.000000,1151,1154,025-056,III/1
2022-05-24_06:30:00.000000,2022-05-24,06:30:00.000000,0630,0630,119-167,III/1
2022-05-24_06:30:00.000000,2022-05-24,06:30:00.000000,0631,0632,025-144,III/1
2022-05-24_14:30:00.000000,2022-05-24,14:30:00.000000,1426,1426,025-083,III/1
2022-05-24_16:00:00.000000,2022-05-24,16:00:00.000000,1604,1605,041-148,III/1
2022-05-24_16:30:00.000000,2022-05-24,16:30:00.000000,1624,1625,041-082,III/1
2022-05-25_09:45:00.000000,2022-05-25,09:45:00.000000,0942,0945,025-082,III/1
2022-05-25_10:45:00.000000,2022-05-25,10:45:00.000000,1048,1048,025-054,III/1
2022-05-25_12:30:00.000000,2022-05-25,12:30:00.000000,1236,1237,025-062,III/1
2022-05-25_17:00:00.000000,2022-05-25,17:00:00.000000,1653,1654,025-066,III/1
2022-05-25_17:30:00.000000,2022-05-25,17:30:00.000000,1732,1732,025-047,III/1
2022-05-25_17:30:00.000000,2022-05-25,17:30:00.000000,1732,1732,025-048,III/1
2022-05-26_15:00:00.000000,2022-05-26,15:00:00.000000,1457,1457,025-082,III/1
2022-05-27_11:00:00.000000,2022-05-27,11:00:00.000000,1056,1056,025-079,III/1
2022-05-27_14:30:00.000000,2022-05-27,14:30:00.000000,1426,1436,025-151,III/1
2022-05-27_18:45:00.000000,2022-05-27,18:45:00.000000,1847,1847,026-075,III/1
2022-05-28_09:30:00.000000,2022-05-28,09:30:00.000000,0931,0931,025-047,III/1
2022-05-28_12:00:00.000000,2022-05-28,12:00:00.000000,1207,1211,025-146,III/1
2022-05-28_13:00:00.000000,2022-05-28,13:00:00.000000,1253,1302,025-143,III/1
2022-05-28_15:00:00.000000,2022-05-28,15:00:00.000000,1507,1508,064-149,III/1
2022-05-28_17:00:00.000000,2022-05-28,17:00:00.000000,1654,1654,025-051,III/1
2022-05-29_07:00:00.000000,2022-05-29,07:00:00.000000,0659,0659,025-042,III/1
2022-05-29_11:00:00.000000,2022-05-29,11:00:00.000000,1053,1054,025-083,III/1
2022-05-29_13:00:00.000000,2022-05-29,13:00:00.000000,1256,1259,025-151,III/1
2022-05-29_14:15:00.000000,2022-05-29,14:15:00.000000,1413,1414,025-051,III/1
2022-05-29_14:45:00.000000,2022-05-29,14:45:00.000000,1442,1442,025-052,III/1
2022-05-31_07:30:00.000000,2022-05-31,07:30:00.000000,0727,0727,025-057,III/1
2022-05-31_08:00:00.000000,2022-05-31,08:00:00.000000,0801,0803,025-102,III/1
2022-05-31_09:15:00.000000,2022-05-31,09:15:00.000000,0913,0913,025-055,III/1
2022-05-31_09:45:00.000000,2022-05-31,09:45:00.000000,0942,0942,025-173,III/1
2022-05-31_10:45:00.000000,2022-05-31,10:45:00.000000,1041,1042,025-060,III/1
2022-05-31_11:45:00.000000,2022-05-31,11:45:00.000000,1150,1150,025-055,III/1
2022-05-31_12:30:00.000000,2022-05-31,12:30:00.000000,1227,1228,025-081,III/1
2022-05-31_13:15:00.000000,2022-05-31,13:15:00.000000,1313,1315,025-082,III/1
2022-05-31_14:45:00.000000,2022-05-31,14:45:00.000000,1447,1447,025-080,III/1
2022-06-01_12:00:00.000000,2022-06-01,12:00:00.000000,1205,1206,025-056,III/1
2022-06-01_12:30:00.000000,2022-06-01,12:30:00.000000,1231,1232,025-066,III/1
2022-06-01_13:15:00.000000,2022-06-01,13:15:00.000000,1312,1313,025-083,III/1
2022-06-02_09:45:00.000000,2022-06-02,09:45:00.000000,0945,0946,025-081,III/1
2022-06-02_13:00:00.000000,2022-06-02,13:00:00.000000,1303,1304,025-080,III/1
2022-06-03_08:30:00.000000,2022-06-03,08:30:00.000000,0823,0823,025-180,III/1
2022-06-04_06:45:00.000000,2022-06-04,06:45:00.000000,0650,0650,025-082,III/1
2022-06-04_10:30:00.000000,2022-06-04,10:30:00.000000,1033,1033,025-079,III/1
2022-06-06_10:30:00.000000,2022-06-06,10:30:00.000000,1025,1026,025-144,III/1
2022-06-06_12:45:00.000000,2022-06-06,12:45:00.000000,1241,1243,025-053,III/1
2022-06-11_12:15:00.000000,2022-06-11,12:15:00.000000,1214,1215,025-083,III/1
2022-06-12_11:00:00.000000,2022-06-12,11:00:00.000000,1059,1101,065-170,III/1
2022-06-13_16:00:00.000000,2022-06-13,16:00:00.000000,1553,1603,025-083,III/1
2022-06-13_17:30:00.000000,2022-06-13,17:30:00.000000,1737,1737,025-057,III/1
2022-06-13_18:15:00.000000,2022-06-13,18:15:00.000000,1822,1826,025-150,III/1
2022-06-15_07:30:00.000000,2022-06-15,07:30:00.000000,0726,0728,025-180,III/1
2022-06-15_09:00:00.000000,2022-06-15,09:00:00.000000,0904,0905,025-082,III/1
2022-06-15_11:00:00.000000,2022-06-15,11:00:00.000000,1107,1110,025-081,III/1
2022-06-17_07:15:00.000000,2022-06-17,07:15:00.000000,0708,0708,042-063,III/1
2022-06-17_07:30:00.000000,2022-06-17,07:30:00.000000,0734,0735,025-148,III/1
2022-06-17_09:45:00.000000,2022-06-17,09:45:00.000000,0938,0938,025-124,III/1
2022-06-17_13:00:00.000000,2022-06-17,13:00:00.000000,1259,1301,025-053,III/1
2022-06-17_13:45:00.000000,2022-06-17,13:45:00.000000,1351,1352,025-050,III/1
2022-06-19_07:00:00.000000,2022-06-19,07:00:00.000000,0701,0710,025-180,III/1
2022-06-19_11:00:00.000000,2022-06-19,11:00:00.000000,1105,1105,025-046,III/1
2022-06-20_13:30:00.000000,2022-06-20,13:30:00.000000,1323,1324,025-180,III/1
2022-06-25_09:45:00.000000,2022-06-25,09:45:00.000000,0938,0939,025-180,III/1
2022-06-25_09:45:00.000000,2022-06-25,09:45:00.000000,0942,1122,114-180,III/1
2022-06-25_16:30:00.000000,2022-06-25,16:30:00.000000,1626,1630,025-154,III/1
2022-06-26_07:30:00.000000,2022-06-26,07:30:00.000000,0728,0729,025-081,III/1
2022-06-26_08:00:00.000000,2022-06-26,08:00:00.000000,0805,0806,025-180,III/1
2022-06-26_10:00:00.000000,2022-06-26,10:00:00.000000,1004,1005,025-082,III/1
2022-06-26_11:30:00.000000,2022-06-26,11:30:00.000000,1125,1126,033-053,III/1
2022-06-26_13:45:00.000000,2022-06-26,13:45:00.000000,1348,1349,064-084,III/1
2022-06-26_16:00:00.000000,2022-06-26,16:00:00.000000,1556,1556,025-180,III/1
2022-06-26_17:30:00.000000,2022-06-26,17:30:00.000000,1726,1726,025-047,III/1
2022-07-01_11:45:00.000000,2022-07-01,11:45:00.000000,1145,1153,025-180,III/1
2022-07-01_13:00:00.000000,2022-07-01,13:00:00.000000,1300,1300,044-084,III/1
2022-07-01_15:45:00.000000,2022-07-01,15:45:00.000000,1545,1545,111-150,III/1
2022-07-01_16:30:00.000000,2022-07-01,16:30:00.000000,1633,1638,036-082,III/1
2022-07-02_06:30:00.000000,2022-07-02,06:30:00.000000,0630,0630,025-180,III/1
2022-07-02_11:15:00.000000,2022-07-02,11:15:00.000000,1118,1127,025-180,III/1
2022-07-02_13:15:00.000000,2022-07-02,13:15:00.000000,1313,1314,025-180,III/1
2022-07-02_18:30:00.000000,2022-07-02,18:30:00.000000,1828,1829,025-039,III/1
2022-07-03_06:30:00.000000,2022-07-03,06:30:00.000000,0630,0630,025-080,III/1
2022-07-03_06:45:00.000000,2022-07-03,06:45:00.000000,0652,0657,025-180,III/1
2022-07-03_09:00:00.000000,2022-07-03,09:00:00.000000,0855,0859,025-059,III/1
2022-07-03_16:00:00.000000,2022-07-03,16:00:00.000000,1603,1604,025-145,III/1
2022-07-06_18:15:00.000000,2022-07-06,18:15:00.000000,1820,2232,025-075,III/1
2022-07-08_07:45:00.000000,2022-07-08,07:45:00.000000,0751,0818,025-180,III/1
2022-07-08_09:45:00.000000,2022-07-08,09:45:00.000000,0946,0947,025-084,III/1
2022-07-08_10:45:00.000000,2022-07-08,10:45:00.000000,1043,1048,025-122,III/1
2022-07-08_11:45:00.000000,2022-07-08,11:45:00.000000,1139,1139,025-052,III/1
2022-07-08_12:15:00.000000,2022-07-08,12:15:00.000000,1216,1216,025-080,III/1
2022-07-08_13:30:00.000000,2022-07-08,13:30:00.000000,1329,1331,025-072,III/1
2022-07-11_08:45:00.000000,2022-07-11,08:45:00.000000,0842,0843,025-058,III/1
2022-07-15_07:30:00.000000,2022-07-15,07:30:00.000000,0727,0737,025-107,III/1
2022-07-15_10:00:00.000000,2022-07-15,10:00:00.000000,1005,1006,025-170,III/1
2022-07-15_10:00:00.000000,2022-07-15,10:00:00.000000,1005,1008,025-180,III/1
2022-07-15_10:15:00.000000,2022-07-15,10:15:00.000000,1020,1020,025-144,III/1
2022-07-15_12:45:00.000000,2022-07-15,12:45:00.000000,1239,1239,025-064,III/1
2022-07-15_14:15:00.000000,2022-07-15,14:15:00.000000,1411,1411,025-081,III/1
2022-07-15_16:00:00.000000,2022-07-15,16:00:00.000000,1558,1604,025-180,III/1
2022-07-16_10:00:00.000000,2022-07-16,10:00:00.000000,0958,1000,025-052,III/1
2022-07-16_12:00:00.000000,2022-07-16,12:00:00.000000,1202,1202,025-116,III/1
2022-07-18_06:30:00.000000,2022-07-18,06:30:00.000000,0625,0625,025-082,III/1
2022-07-18_08:15:00.000000,2022-07-18,08:15:00.000000,0819,0820,025-083,III/1
2022-07-18_14:30:00.000000,2022-07-18,14:30:00.000000,1434,1437,025-083,III/1
2022-07-18_15:45:00.000000,2022-07-18,15:45:00.000000,1542,1548,025-180,III/1
2022-07-18_16:45:00.000000,2022-07-18,16:45:00.000000,1650,1651,025-050,III/1
2022-07-18_17:45:00.000000,2022-07-18,17:45:00.000000,1738,1740,025-149,III/1
2022-07-19_11:00:00.000000,2022-07-19,11:00:00.000000,1101,1102,130-180,III/1
2022-07-19_11:15:00.000000,2022-07-19,11:15:00.000000,1108,1108,025-082,III/1
2022-07-19_15:45:00.000000,2022-07-19,15:45:00.000000,1550,1551,025-084,III/1
2022-07-19_16:15:00.000000,2022-07-19,16:15:00.000000,1620,1621,025-053,III/1
2022-07-19_18:00:00.000000,2022-07-19,18:00:00.000000,1805,1805,025-044,III/1
2022-07-19_18:45:00.000000,2022-07-19,18:45:00.000000,1852,1852,025-075,III/1
2022-07-22_07:00:00.000000,2022-07-22,07:00:00.000000,0704,0705,025-075,III/1
2022-07-22_08:45:00.000000,2022-07-22,08:45:00.000000,0844,0846,025-180,III/1
2022-07-22_19:00:00.000000,2022-07-22,19:00:00.000000,1901,1902,025-039,III/1
2022-07-23_06:30:00.000000,2022-07-23,06:30:00.000000,0626,0628,025-081,III/1
2022-07-23_08:45:00.000000,2022-07-23,08:45:00.000000,0849,0856,025-114,III/1
2022-07-23_09:45:00.000000,2022-07-23,09:45:00.000000,0944,0945,025-083,III/1
2022-07-23_14:15:00.000000,2022-07-23,14:15:00.000000,1413,1414,025-079,III/1
2022-07-23_15:00:00.000000,2022-07-23,15:00:00.000000,1506,1516,025-180,III/1
2022-07-23_16:15:00.000000,2022-07-23,16:15:00.000000,1610,1612,025-047,III/1
2022-07-24_08:30:00.000000,2022-07-24,08:30:00.000000,0836,0836,025-079,III/1
2022-07-24_11:15:00.000000,2022-07-24,11:15:00.000000,1119,1119,025-083,III/1
2022-07-24_12:30:00.000000,2022-07-24,12:30:00.000000,1228,1228,025-180,III/1
2022-07-24_13:15:00.000000,2022-07-24,13:15:00.000000,1312,1314,025-144,III/1
2022-07-27_14:30:00.000000,2022-07-27,14:30:00.000000,1426,1427,025-083,III/1
2022-07-30_13:15:00.000000,2022-07-30,13:15:00.000000,1313,1314,025-054,III/1
2022-08-01_12:15:00.000000,2022-08-01,12:15:00.000000,1208,1209,025-052,III/1
2022-08-03_09:45:00.000000,2022-08-03,09:45:00.000000,0945,0946,075-180,III/1
2022-08-03_10:15:00.000000,2022-08-03,10:15:00.000000,1017,1018,053-171,III/1
2022-08-03_16:45:00.000000,2022-08-03,16:45:00.000000,1650,1655,025-180,III/1
2022-08-03_18:00:00.000000,2022-08-03,18:00:00.000000,1755,1756,025-180,III/1
2022-08-04_13:15:00.000000,2022-08-04,13:15:00.000000,1308,1314,025-054,III/1
2022-08-04_13:15:00.000000,2022-08-04,13:15:00.000000,1311,1312,025-055,III/1
2022-08-05_10:45:00.000000,2022-08-05,10:45:00.000000,1048,1049,025-180,III/1
2022-08-05_11:45:00.000000,2022-08-05,11:45:00.000000,1151,1152,025-180,III/1
2022-08-05_13:00:00.000000,2022-08-05,13:00:00.000000,1258,1303,025-180,III/1
2022-08-05_16:30:00.000000,2022-08-05,16:30:00.000000,1631,1631,025-150,III/1
2022-08-05_18:00:00.000000,2022-08-05,18:00:00.000000,1756,1757,025-180,III/1
2022-08-06_07:00:00.000000,2022-08-06,07:00:00.000000,0653,0655,025-151,III/1
2022-08-06_07:30:00.000000,2022-08-06,07:30:00.000000,0728,0729,025-149,III/1
2022-08-06_15:15:00.000000,2022-08-06,15:15:00.000000,1514,1514,025-074,III/1
2022-08-10_14:30:00.000000,2022-08-10,14:30:00.000000,1433,1434,025-053,III/1
2022-08-11_18:45:00.000000,2022-08-11,18:45:00.000000,1851,1852,025-075,III/1
2022-08-12_11:15:00.000000,2022-08-12,11:15:00.000000,1111,1119,025-072,III/1
2022-08-15_07:15:00.000000,2022-08-15,07:15:00.000000,0709,0714,025-180,III/1
2022-08-15_08:45:00.000000,2022-08-15,08:45:00.000000,0845,0846,075-180,III/1
2022-08-15_09:45:00.000000,2022-08-15,09:45:00.000000,0940,0941,025-180,III/1
2022-08-15_10:15:00.000000,2022-08-15,10:15:00.000000,1017,1018,113-168,III/1
2022-08-15_13:15:00.000000,2022-08-15,13:15:00.000000,1319,1320,025-084,III/1
2022-08-15_17:15:00.000000,2022-08-15,17:15:00.000000,1721,1722,060-180,III/1
2022-08-17_08:30:00.000000,2022-08-17,08:30:00.000000,0827,0828,025-157,III/1
2022-08-17_09:00:00.000000,2022-08-17,09:00:00.000000,0905,0914,025-180,III/1
2022-08-17_13:45:00.000000,2022-08-17,13:45:00.000000,1342,1344,025-180,III/1
2022-08-18_10:15:00.000000,2022-08-18,10:15:00.000000,1008,1009,075-180,III/1
2022-08-18_12:00:00.000000,2022-08-18,12:00:00.000000,1201,1201,035-069,III/1
2022-08-19_14:30:00.000000,2022-08-19,14:30:00.000000,1434,1434,025-180,III/1
2022-08-19_19:00:00.000000,2022-08-19,19:00:00.000000,1902,1902,025-075,III/1
2022-08-21_08:00:00.000000,2022-08-21,08:00:00.000000,0800,0800,057-180,III/1
2022-08-22_18:45:00.000000,2022-08-22,18:45:00.000000,1840,1840,025-085,III/1
2022-08-23_13:00:00.000000,2022-08-23,13:00:00.000000,1300,1301,025-047,III/1
2022-08-23_13:30:00.000000,2022-08-23,13:30:00.000000,1337,1340,025-054,III/1
2022-09-05_10:30:00.000000,2022-09-05,10:30:00.000000,1030,1031,025-146,III/1
2022-09-05_11:45:00.000000,2022-09-05,11:45:00.000000,1142,1142,057-084,III/1
2022-09-05_13:30:00.000000,2022-09-05,13:30:00.000000,1325,1326,025-082,III/1
2022-09-06_10:00:00.000000,2022-09-06,10:00:00.000000,0955,0956,025-082,III/1
2022-09-06_11:45:00.000000,2022-09-06,11:45:00.000000,1146,1147,025-033,III/1
2022-09-08_08:45:00.000000,2022-09-08,08:45:00.000000,0838,0841,037-160,III/1
2022-09-08_13:45:00.000000,2022-09-08,13:45:00.000000,1352,1353,025-148,III/1
2022-09-11_07:00:00.000000,2022-09-11,07:00:00.000000,0654,0659,025-096,III/1
2022-09-11_07:30:00.000000,2022-09-11,07:30:00.000000,0735,0736,025-081,III/1
2022-09-11_11:30:00.000000,2022-09-11,11:30:00.000000,1130,1134,025-075,III/1
2022-09-11_13:45:00.000000,2022-09-11,13:45:00.000000,1349,1349,025-082,III/1
2022-09-11_15:00:00.000000,2022-09-11,15:00:00.000000,1456,1456,025-083,III/1
2022-09-12_14:30:00.000000,2022-09-12,14:30:00.000000,1427,1427,025-180,III/1
2022-09-17_12:30:00.000000,2022-09-17,12:30:00.000000,1224,1225,025-048,III/1
2022-09-17_14:15:00.000000,2022-09-17,14:15:00.000000,1410,1415,025-045,III/1
2022-09-18_06:45:00.000000,2022-09-18,06:45:00.000000,0652,0653,025-084,III/1
2022-09-18_07:15:00.000000,2022-09-18,07:15:00.000000,0709,0710,025-180,III/1
2022-09-18_09:30:00.000000,2022-09-18,09:30:00.000000,0935,0936,025-082,III/1
2022-09-18_10:45:00.000000,2022-09-18,10:45:00.000000,1038,1038,075-180,III/1
2022-09-18_11:15:00.000000,2022-09-18,11:15:00.000000,1119,1119,075-180,III/1
2022-09-18_13:15:00.000000,2022-09-18,13:15:00.000000,1311,1311,025-044,III/1
2022-09-20_07:15:00.000000,2022-09-20,07:15:00.000000,0718,0718,025-134,III/1
2022-09-20_09:15:00.000000,2022-09-20,09:15:00.000000,0919,0929,025-083,III/1
2022-09-20_13:15:00.000000,2022-09-20,13:15:00.000000,1311,1311,025-043,III/1
2022-09-21_11:30:00.000000,2022-09-21,11:30:00.000000,1134,1135,149-180,III/1
2022-09-21_12:45:00.000000,2022-09-21,12:45:00.000000,1246,1247,159-180,III/1
2022-09-21_13:30:00.000000,2022-09-21,13:30:00.000000,1328,1328,025-075,III/1
2022-09-21_13:45:00.000000,2022-09-21,13:45:00.000000,1344,1344,025-087,III/1
2022-09-22_07:15:00.000000,2022-09-22,07:15:00.000000,0717,0717,038-057,III/1
2022-09-23_06:45:00.000000,2022-09-23,06:45:00.000000,0639,0643,025-098,III/1
2022-09-23_09:30:00.000000,2022-09-23,09:30:00.000000,0929,0929,025-058,III/1
2022-09-23_10:45:00.000000,2022-09-23,10:45:00.000000,1046,1047,025-054,III/1
2022-09-23_11:45:00.000000,2022-09-23,11:45:00.000000,1149,1149,025-084,III/1
2022-09-24_07:00:00.000000,2022-09-24,07:00:00.000000,0704,0705,025-046,III/1
2022-09-24_08:45:00.000000,2022-09-24,08:45:00.000000,0850,0851,025-103,III/1
2022-09-24_13:00:00.000000,2022-09-24,13:00:00.000000,1301,1301,025-044,III/1
2022-09-24_15:00:00.000000,2022-09-24,15:00:00.000000,1505,1506,025-083,III/1
2022-09-28_14:45:00.000000,2022-09-28,14:45:00.000000,1440,1440,025-062,III/1
2022-09-30_07:00:00.000000,2022-09-30,07:00:00.000000,0658,0702,025-085,III/1
2022-09-30_14:30:00.000000,2022-09-30,14:30:00.000000,1424,1424,025-156,III/1
2022-09-30_15:15:00.000000,2022-09-30,15:15:00.000000,1518,1519,025-081,III/1
2022-10-01_06:45:00.000000,2022-10-01,06:45:00.000000,0643,0647,036-082,III/1
2022-10-01_07:45:00.000000,2022-10-01,07:45:00.000000,0751,0758,025-150,III/1
2022-10-01_08:45:00.000000,2022-10-01,08:45:00.000000,0848,0848,025-125,III/1
2022-10-01_09:30:00.000000,2022-10-01,09:30:00.000000,0932,0940,080-180,III/1
2022-10-01_10:45:00.000000,2022-10-01,10:45:00.000000,1043,1044,025-180,III/1
2022-10-02_11:45:00.000000,2022-10-02,11:45:00.000000,1140,1140,030-037,III/1
2022-10-02_14:00:00.000000,2022-10-02,14:00:00.000000,1402,1408,039-082,III/1
2022-10-05_09:15:00.000000,2022-10-05,09:15:00.000000,0909,0909,025-081,III/1
2022-10-05_09:30:00.000000,2022-10-05,09:30:00.000000,0933,0933,030-046,III/1
2022-10-06_10:45:00.000000,2022-10-06,10:45:00.000000,1044,1044,029-084,III/1
2022-10-06_11:00:00.000000,2022-10-06,11:00:00.000000,1107,1108,029-083,III/1
2022-10-06_13:00:00.000000,2022-10-06,13:00:00.000000,1305,1305,029-083,III/1
2022-10-06_13:45:00.000000,2022-10-06,13:45:00.000000,1344,1346,029-083,III/1
2022-10-08_13:30:00.000000,2022-10-08,13:30:00.000000,1324,1327,025-043,III/1
2022-10-10_12:45:00.000000,2022-10-10,12:45:00.000000,1241,1241,029-055,III/1
2022-10-11_07:15:00.000000,2022-10-11,07:15:00.000000,0720,0721,025-057,III/1
2022-10-11_07:30:00.000000,2022-10-11,07:30:00.000000,0736,0737,025-091,III/1
2022-10-11_08:15:00.000000,2022-10-11,08:15:00.000000,0815,0815,025-156,III/1
2022-10-11_09:30:00.000000,2022-10-11,09:30:00.000000,0933,0934,072-155,III/1
2022-10-11_12:00:00.000000,2022-10-11,12:00:00.000000,1154,1155,025-125,III/1
2022-10-11_13:15:00.000000,2022-10-11,13:15:00.000000,1311,1319,025-083,III/1
2022-10-11_14:15:00.000000,2022-10-11,14:15:00.000000,1419,1420,025-056,III/1
2022-10-12_07:15:00.000000,2022-10-12,07:15:00.000000,0721,0721,136-180,III/1
2022-10-12_09:45:00.000000,2022-10-12,09:45:00.000000,0943,0947,025-084,III/1
2022-10-12_10:30:00.000000,2022-10-12,10:30:00.000000,1027,1027,151-180,III/1
2022-10-17_12:45:00.000000,2022-10-17,12:45:00.000000,1251,1251,030-082,III/1
2022-10-18_09:45:00.000000,2022-10-18,09:45:00.000000,0946,0947,030-082,III/1
2022-10-19_12:30:00.000000,2022-10-19,12:30:00.000000,1223,1224,025-144,III/1
2022-10-20_06:30:00.000000,2022-10-20,06:30:00.000000,0629,0630,025-180,III/1
2022-10-20_07:45:00.000000,2022-10-20,07:45:00.000000,0752,0753,054-083,III/1
2022-10-20_12:15:00.000000,2022-10-20,12:15:00.000000,1219,1219,025-041,III/1
2022-10-22_11:30:00.000000,2022-10-22,11:30:00.000000,1126,1128,039-180,III/1
2022-10-24_07:45:00.000000,2022-10-24,07:45:00.000000,0745,0753,058-084,III/1
2022-10-25_12:30:00.000000,2022-10-25,12:30:00.000000,1230,1230,068-083,III/1
2022-10-25_14:45:00.000000,2022-10-25,14:45:00.000000,1440,1442,034-082,III/1
2022-10-27_07:15:00.000000,2022-10-27,07:15:00.000000,0715,0716,036-045,III/1
2022-10-28_09:15:00.000000,2022-10-28,09:15:00.000000,0919,0920,025-086,III/1
2022-10-29_06:30:00.000000,2022-10-29,06:30:00.000000,0637,0637,025-083,III/1
2022-10-29_07:45:00.000000,2022-10-29,07:45:00.000000,0741,0750,029-083,III/1
2022-10-29_08:30:00.000000,2022-10-29,08:30:00.000000,0836,0841,025-083,III/1
2022-10-30_13:30:00.000000,2022-10-30,13:30:00.000000,1337,1337,025-045,III/1
2022-11-04_07:45:00.000000,2022-11-04,07:45:00.000000,0748,0752,038-058,III/1
2022-11-04_12:00:00.000000,2022-11-04,12:00:00.000000,1206,1207,077-180,III/1
2022-11-04_13:45:00.000000,2022-11-04,13:45:00.000000,1343,1344,115-180,III/1
2022-11-06_07:45:00.000000,2022-11-06,07:45:00.000000,0747,0748,025-149,III/1
2022-11-07_14:45:00.000000,2022-11-07,14:45:00.000000,1446,1446,130-157,III/1
2022-11-10_07:00:00.000000,2022-11-10,07:00:00.000000,0704,0705,025-180,III/1
2022-11-10_09:45:00.000000,2022-11-10,09:45:00.000000,0944,0944,075-180,III/1
2022-11-10_13:00:00.000000,2022-11-10,13:00:00.000000,1253,1256,075-180,III/1
2022-11-10_14:00:00.000000,2022-11-10,14:00:00.000000,1402,1403,114-180,III/1
2022-11-11_08:30:00.000000,2022-11-11,08:30:00.000000,0832,0832,030-083,III/1
2022-11-11_13:30:00.000000,2022-11-11,13:30:00.000000,1324,1333,025-180,III/1
2022-11-12_11:45:00.000000,2022-11-12,11:45:00.000000,1139,1139,051-180,III/1
2022-11-12_12:45:00.000000,2022-11-12,12:45:00.000000,1250,1254,025-124,III/1
2022-11-12_14:45:00.000000,2022-11-12,14:45:00.000000,1438,1441,112-180,III/1
2022-11-13_10:30:00.000000,2022-11-13,10:30:00.000000,1025,1025,074-180,III/1
2022-11-13_13:00:00.000000,2022-11-13,13:00:00.000000,1257,1258,025-081,III/1
2022-11-14_08:15:00.000000,2022-11-14,08:15:00.000000,0820,0824,025-146,III/1
2022-11-14_14:15:00.000000,2022-11-14,14:15:00.000000,1413,1413,034-083,III/1
2022-11-15_07:30:00.000000,2022-11-15,07:30:00.000000,0737,0741,025-163,III/1
2022-11-15_10:15:00.000000,2022-11-15,10:15:00.000000,1016,1016,116-180,III/1
2022-11-15_11:00:00.000000,2022-11-15,11:00:00.000000,1058,1107,031-127,III/1
2022-11-15_15:00:00.000000,2022-11-15,15:00:00.000000,1504,1504,025-044,III/1
2022-11-16_13:15:00.000000,2022-11-16,13:15:00.000000,1308,1308,025-075,III/1
2022-11-18_10:15:00.000000,2022-11-18,10:15:00.000000,1014,1014,025-083,III/1
2022-11-18_14:00:00.000000,2022-11-18,14:00:00.000000,1358,1359,025-043,III/1
2022-11-22_12:45:00.000000,2022-11-22,12:45:00.000000,1248,1257,025-180,III/1
2022-11-30_06:30:00.000000,2022-11-30,06:30:00.000000,0634,0634,025-152,III/1
2022-11-30_08:00:00.000000,2022-11-30,08:00:00.000000,0800,0802,025-032,III/1
2022-11-30_11:00:00.000000,2022-11-30,11:00:00.000000,1104,1112,028-153,III/1
2022-12-02_08:00:00.000000,2022-12-02,08:00:00.000000,0755,0757,025-043,III/1
2022-12-04_06:45:00.000000,2022-12-04,06:45:00.000000,0649,0649,025-074,III/1
2022-12-04_08:45:00.000000,2022-12-04,08:45:00.000000,0846,0850,025-063,III/1
2022-12-07_11:15:00.000000,2022-12-07,11:15:00.000000,1116,1116,035-082,III/1
2022-12-07_13:15:00.000000,2022-12-07,13:15:00.000000,1310,1314,025-180,III/1
2022-12-07_14:15:00.000000,2022-12-07,14:15:00.000000,1418,1423,062-180,III/1
2022-12-07_15:15:00.000000,2022-12-07,15:15:00.000000,1517,1521,068-180,III/1
2022-12-08_15:15:00.000000,2022-12-08,15:15:00.000000,1516,1516,025-042,III/1
2022-12-09_13:00:00.000000,2022-12-09,13:00:00.000000,1302,1303,149-174,III/1
2022-12-10_14:15:00.000000,2022-12-10,14:15:00.000000,1414,1414,025-041,III/1
2022-12-13_07:30:00.000000,2022-12-13,07:30:00.000000,0727,0728,025-065,III/1
2022-12-13_10:30:00.000000,2022-12-13,10:30:00.000000,1030,1030,048-155,III/1
2022-12-13_11:45:00.000000,2022-12-13,11:45:00.000000,1140,1141,030-084,III/1
2022-12-13_13:15:00.000000,2022-12-13,13:15:00.000000,1309,1309,025-180,III/1
2022-12-13_13:45:00.000000,2022-12-13,13:45:00.000000,1338,1343,025-180,III/1
2022-12-13_14:45:00.000000,2022-12-13,14:45:00.000000,1448,1449,025-180,III/1
2022-12-14_07:00:00.000000,2022-12-14,07:00:00.000000,0703,0703,030-045,III/1
2022-12-14_10:45:00.000000,2022-12-14,10:45:00.000000,1038,1038,050-157,III/1
2022-12-14_12:30:00.000000,2022-12-14,12:30:00.000000,1233,1237,051-180,III/1
2022-12-14_13:45:00.000000,2022-12-14,13:45:00.000000,1352,1353,025-180,III/1
2022-12-15_06:45:00.000000,2022-12-15,06:45:00.000000,0646,0646,059-169,III/1
2022-12-15_11:15:00.000000,2022-12-15,11:15:00.000000,1112,1113,047-180,III/1
2022-12-17_10:15:00.000000,2022-12-17,10:15:00.000000,1012,1012,025-165,III/1
2022-12-18_13:30:00.000000,2022-12-18,13:30:00.000000,1329,1329,025-045,III/1
2022-12-19_06:30:00.000000,2022-12-19,06:30:00.000000,0623,0627,075-180,III/1
2022-12-19_09:30:00.000000,2022-12-19,09:30:00.000000,0931,0931,038-093,III/1
2022-12-19_11:00:00.000000,2022-12-19,11:00:00.000000,1059,1101,046-180,III/1
2022-12-20_07:15:00.000000,2022-12-20,07:15:00.000000,0715,0716,116-180,III/1
2022-12-20_08:30:00.000000,2022-12-20,08:30:00.000000,0825,0826,025-083,III/1
2022-12-20_10:00:00.000000,2022-12-20,10:00:00.000000,0953,0954,025-180,III/1
2022-12-20_12:45:00.000000,2022-12-20,12:45:00.000000,1240,1240,025-139,III/1
2022-12-20_14:00:00.000000,2022-12-20,14:00:00.000000,1405,1407,061-083,III/1
2022-12-26_07:30:00.000000,2022-12-26,07:30:00.000000,0726,0726,043-126,III/1
2022-12-26_10:30:00.000000,2022-12-26,10:30:00.000000,1033,1035,046-083,III/1
2022-12-28_08:15:00.000000,2022-12-28,08:15:00.000000,0822,0824,063-161,III/1
2022-12-30_07:45:00.000000,2022-12-30,07:45:00.000000,0742,0742,063-083,III/1
2022-12-30_13:45:00.000000,2022-12-30,13:45:00.000000,1348,1350,112-180,III/1
2022-12-31_10:30:00.000000,2022-12-31,10:30:00.000000,1033,1033,025-180,III/1
2022-12-31_11:45:00.000000,2022-12-31,11:45:00.000000,1147,1148,025-124,III/1
2022-12-31_12:30:00.000000,2022-12-31,12:30:00.000000,1225,1225,025-083,III/1
2022-12-31_13:15:00.000000,2022-12-31,13:15:00.000000,1321,1321,025-043,III/1
2023-01-03_06:30:00.000000,2023-01-03,06:30:00.000000,0627,0633,075-180,III/1
2023-01-03_13:45:00.000000,2023-01-03,13:45:00.000000,1340,1340,030-054,III/1
2023-01-04_09:30:00.000000,2023-01-04,09:30:00.000000,0925,0925,044-180,III/1
2023-01-04_13:15:00.000000,2023-01-04,13:15:00.000000,1311,1311,075-151,III/1
2023-01-04_14:00:00.000000,2023-01-04,14:00:00.000000,1357,1357,025-143,III/1
2023-01-04_15:00:00.000000,2023-01-04,15:00:00.000000,1506,1507,025-045,III/1
2023-01-06_06:30:00.000000,2023-01-06,06:30:00.000000,0634,0634,070-162,III/1
2023-01-07_13:15:00.000000,2023-01-07,13:15:00.000000,1311,1311,025-040,III/1
2023-01-07_15:00:00.000000,2023-01-07,15:00:00.000000,1506,1506,025-075,III/1
2023-01-08_07:15:00.000000,2023-01-08,07:15:00.000000,0719,0729,025-138,III/1
2023-01-08_10:30:00.000000,2023-01-08,10:30:00.000000,1028,1029,082-180,III/1
2023-01-09_06:30:00.000000,2023-01-09,06:30:00.000000,0634,0635,038-078,III/1
2023-01-10_12:30:00.000000,2023-01-10,12:30:00.000000,1237,1237,025-046,III/1
2023-01-10_14:45:00.000000,2023-01-10,14:45:00.000000,1439,1448,025-083,III/1
2023-01-11_12:45:00.000000,2023-01-11,12:45:00.000000,1241,1242,025-082,III/1
2023-01-11_13:45:00.000000,2023-01-11,13:45:00.000000,1343,1344,025-085,III/1
2023-01-11_15:15:00.000000,2023-01-11,15:15:00.000000,1509,1509,025-075,III/1
2023-01-12_07:15:00.000000,2023-01-12,07:15:00.000000,0713,0714,031-078,III/1
2023-01-12_09:15:00.000000,2023-01-12,09:15:00.000000,0914,0914,025-094,III/1
2023-01-12_10:00:00.000000,2023-01-12,10:00:00.000000,1001,1006,025-180,III/1
2023-01-12_12:30:00.000000,2023-01-12,12:30:00.000000,1234,1237,113-180,III/1
2023-01-12_14:45:00.000000,2023-01-12,14:45:00.000000,1442,1444,025-180,III/1
2023-01-13_09:30:00.000000,2023-01-13,09:30:00.000000,0929,0929,025-083,III/1
2023-01-13_13:15:00.000000,2023-01-13,13:15:00.000000,1315,1316,025-075,III/1
2023-01-14_12:45:00.000000,2023-01-14,12:45:00.000000,1241,1249,025-075,III/1
2023-01-16_07:15:00.000000,2023-01-16,07:15:00.000000,0712,0715,025-168,III/1
2023-01-16_09:00:00.000000,2023-01-16,09:00:00.000000,0856,0856,025-180,III/1
2023-01-16_13:00:00.000000,2023-01-16,13:00:00.000000,1255,1256,032-138,III/1
2023-01-17_12:00:00.000000,2023-01-17,12:00:00.000000,1201,1203,025-180,III/1
2023-01-17_13:15:00.000000,2023-01-17,13:15:00.000000,1311,1312,025-145,III/1
2023-01-18_12:00:00.000000,2023-01-18,12:00:00.000000,1201,1201,025-180,III/1
2023-01-19_10:30:00.000000,2023-01-19,10:30:00.000000,1032,1032,025-180,III/1
2023-01-21_12:30:00.000000,2023-01-21,12:30:00.000000,1236,1238,055-156,III/1
2023-01-22_06:30:00.000000,2023-01-22,06:30:00.000000,0623,0623,025-111,III/1
2023-01-23_14:15:00.000000,2023-01-23,14:15:00.000000,1421,1421,161-180,III/1
2023-01-24_10:30:00.000000,2023-01-24,10:30:00.000000,1034,1034,025-180,III/1
2023-01-24_11:15:00.000000,2023-01-24,11:15:00.000000,1109,1113,064-161,III/1
2023-01-27_06:45:00.000000,2023-01-27,06:45:00.000000,0651,0653,025-070,III/1
2023-01-28_13:45:00.000000,2023-01-28,13:45:00.000000,1347,1347,117-180,III/1
2023-01-29_13:45:00.000000,2023-01-29,13:45:00.000000,1342,1343,025-067,III/1
2023-01-30_08:15:00.000000,2023-01-30,08:15:00.000000,0808,0809,025-111,III/1
2023-01-30_10:00:00.000000,2023-01-30,10:00:00.000000,0959,0959,025-150,III/1
2023-01-30_12:30:00.000000,2023-01-30,12:30:00.000000,1232,1232,025-155,III/1
2023-01-30_15:00:00.000000,2023-01-30,15:00:00.000000,1507,1507,062-180,III/1
2023-01-31_07:00:00.000000,2023-01-31,07:00:00.000000,0657,0657,025-180,III/1
2023-01-31_09:00:00.000000,2023-01-31,09:00:00.000000,0904,0904,025-057,III/1
2023-02-04_07:30:00.000000,2023-02-04,07:30:00.000000,0734,0735,025-083,III/1
2023-02-05_13:15:00.000000,2023-02-05,13:15:00.000000,1309,1309,025-084,III/1
2023-02-07_08:00:00.000000,2023-02-07,08:00:00.000000,0755,0756,025-125,III/1
2023-02-07_14:15:00.000000,2023-02-07,14:15:00.000000,1410,1414,025-083,III/1
2023-02-07_15:00:00.000000,2023-02-07,15:00:00.000000,1458,1501,025-053,III/1
2023-02-08_06:30:00.000000,2023-02-08,06:30:00.000000,0627,0627,025-108,III/1
2023-02-08_07:45:00.000000,2023-02-08,07:45:00.000000,0747,0747,041-083,III/1
2023-02-08_11:00:00.000000,2023-02-08,11:00:00.000000,1100,1101,051-180,III/1
2023-02-09_09:15:00.000000,2023-02-09,09:15:00.000000,0915,0916,025-180,III/1
2023-02-09_09:45:00.000000,2023-02-09,09:45:00.000000,0945,0945,025-083,III/1
2023-02-09_10:45:00.000000,2023-02-09,10:45:00.000000,1050,1050,025-117,III/1
2023-02-09_12:15:00.000000,2023-02-09,12:15:00.000000,1216,1216,030-133,III/1
2023-02-10_09:30:00.000000,2023-02-10,09:30:00.000000,0925,0925,075-180,III/1
2023-02-10_11:15:00.000000,2023-02-10,11:15:00.000000,1116,1116,025-081,III/1
2023-02-10_14:00:00.000000,2023-02-10,14:00:00.000000,1407,1408,025-043,III/1
2023-02-11_07:30:00.000000,2023-02-11,07:30:00.000000,0727,0727,025-180,III/1
2023-02-11_10:15:00.000000,2023-02-11,10:15:00.000000,1022,1022,025-145,III/1
2023-02-11_14:45:00.000000,2023-02-11,14:45:00.000000,1449,1450,025-180,III/1
2023-02-12_09:30:00.000000,2023-02-12,09:30:00.000000,0926,0926,050-180,III/1
2023-02-13_10:15:00.000000,2023-02-13,10:15:00.000000,1014,1014,025-082,III/1
2023-02-13_10:45:00.000000,2023-02-13,10:45:00.000000,1050,1050,025-134,III/1
2023-02-13_12:45:00.000000,2023-02-13,12:45:00.000000,1242,1243,025-180,III/1
2023-02-13_13:00:00.000000,2023-02-13,13:00:00.000000,1305,1306,025-180,III/1
2023-02-13_15:15:00.000000,2023-02-13,15:15:00.000000,1517,1518,131-180,III/1
2023-02-14_09:15:00.000000,2023-02-14,09:15:00.000000,0920,0921,111-180,III/1
2023-02-15_14:30:00.000000,2023-02-15,14:30:00.000000,1425,1425,040-150,III/1
2023-02-15_15:00:00.000000,2023-02-15,15:00:00.000000,1502,1503,025-156,III/1
2023-02-16_06:45:00.000000,2023-02-16,06:45:00.000000,0640,0643,025-180,III/1
2023-02-16_07:15:00.000000,2023-02-16,07:15:00.000000,0717,0719,025-180,III/1
2023-02-16_07:45:00.000000,2023-02-16,07:45:00.000000,0740,0741,115-180,III/1
2023-02-16_10:15:00.000000,2023-02-16,10:15:00.000000,1021,1025,025-180,III/1
2023-02-16_12:45:00.000000,2023-02-16,12:45:00.000000,1250,1251,025-180,III/1
2023-02-17_11:45:00.000000,2023-02-17,11:45:00.000000,1139,1147,025-180,III/1
2023-02-17_15:15:00.000000,2023-02-17,15:15:00.000000,1515,1516,025-082,III/1
2023-02-19_13:00:00.000000,2023-02-19,13:00:00.000000,1304,1305,025-147,III/1
2023-02-20_07:15:00.000000,2023-02-20,07:15:00.000000,0711,0712,025-180,III/1
2023-02-20_09:00:00.000000,2023-02-20,09:00:00.000000,0859,0900,040-082,III/1
2023-02-20_09:30:00.000000,2023-02-20,09:30:00.000000,0926,0926,039-075,III/1
2023-02-20_10:30:00.000000,2023-02-20,10:30:00.000000,1025,1025,062-180,III/1
2023-02-20_12:15:00.000000,2023-02-20,12:15:00.000000,1213,1213,025-180,III/1
2023-02-20_12:45:00.000000,2023-02-20,12:45:00.000000,1246,1247,075-146,III/1
2023-02-20_15:00:00.000000,2023-02-20,15:00:00.000000,1455,1457,025-147,III/1
2023-02-20_15:00:00.000000,2023-02-20,15:00:00.000000,1506,1508,025-075,III/1
2023-02-21_06:45:00.000000,2023-02-21,06:45:00.000000,0650,0652,025-084,III/1
2023-02-23_06:30:00.000000,2023-02-23,06:30:00.000000,0633,0633,025-082,III/1
2023-02-23_07:15:00.000000,2023-02-23,07:15:00.000000,0720,0720,040-082,III/1
2023-02-23_11:00:00.000000,2023-02-23,11:00:00.000000,1054,1056,025-135,III/1
2023-02-24_06:30:00.000000,2023-02-24,06:30:00.000000,0631,0633,025-145,III/1
2023-02-24_07:15:00.000000,2023-02-24,07:15:00.000000,0709,0709,121-180,III/1
2023-02-24_07:45:00.000000,2023-02-24,07:45:00.000000,0749,0750,025-083,III/1
2023-02-24_10:30:00.000000,2023-02-24,10:30:00.000000,1023,1023,025-083,III/1
2023-02-25_06:45:00.000000,2023-02-25,06:45:00.000000,0640,0641,047-149,III/1
2023-02-25_07:45:00.000000,2023-02-25,07:45:00.000000,0751,0751,060-180,III/1
2023-02-25_15:15:00.000000,2023-02-25,15:15:00.000000,1509,1509,025-053,III/1
2023-02-25_15:15:00.000000,2023-02-25,15:15:00.000000,1517,1519,025-051,III/1
2023-03-01_13:15:00.000000,2023-03-01,13:15:00.000000,1315,1316,025-144,III/1
2023-03-01_13:45:00.000000,2023-03-01,13:45:00.000000,1345,1348,025-180,III/1
2023-03-02_06:30:00.000000,2023-03-02,06:30:00.000000,0630,0635,025-180,III/1
2023-03-02_07:00:00.000000,2023-03-02,07:00:00.000000,0657,0704,025-180,III/1
2023-03-03_06:30:00.000000,2023-03-03,06:30:00.000000,0630,0632,045-180,III/1
2023-03-03_12:00:00.000000,2023-03-03,12:00:00.000000,1203,1204,025-180,III/1
2023-03-03_13:00:00.000000,2023-03-03,13:00:00.000000,1307,1307,025-045,III/1
2023-03-03_14:30:00.000000,2023-03-03,14:30:00.000000,1427,1429,063-180,III/1
2023-03-03_14:45:00.000000,2023-03-03,14:45:00.000000,1447,1452,054-180,III/1
2023-03-03_15:15:00.000000,2023-03-03,15:15:00.000000,1512,1512,025-180,III/1
2023-03-04_12:00:00.000000,2023-03-04,12:00:00.000000,1158,1200,112-180,III/1
2023-03-04_13:00:00.000000,2023-03-04,13:00:00.000000,1305,1305,025-180,III/1
2023-03-04_14:30:00.000000,2023-03-04,14:30:00.000000,1431,1431,057-148,III/1
2023-03-05_07:45:00.000000,2023-03-05,07:45:00.000000,0741,0742,025-180,III/1
2023-03-05_09:45:00.000000,2023-03-05,09:45:00.000000,0943,0944,025-180,III/1
2023-03-06_09:00:00.000000,2023-03-06,09:00:00.000000,0858,0859,041-180,III/1
2023-03-10_13:15:00.000000,2023-03-10,13:15:00.000000,1316,1318,025-180,III/1
2023-03-15_15:30:00.000000,2023-03-15,15:30:00.000000,1526,1527,025-180,III/1
2023-03-17_13:15:00.000000,2023-03-17,13:15:00.000000,1312,1313,115-142,III/1
2023-03-18_10:45:00.000000,2023-03-18,10:45:00.000000,1049,1049,042-083,III/1
2023-03-18_14:15:00.000000,2023-03-18,14:15:00.000000,1422,1432,025-075,III/1
2023-03-18_15:15:00.000000,2023-03-18,15:15:00.000000,1516,1516,025-152,III/1
2023-03-19_09:30:00.000000,2023-03-19,09:30:00.000000,0924,0924,039-125,III/1
2023-03-20_15:00:00.000000,2023-03-20,15:00:00.000000,1507,1510,113-152,III/1
2023-03-21_08:45:00.000000,2023-03-21,08:45:00.000000,0840,0841,025-180,III/1
2023-03-21_14:15:00.000000,2023-03-21,14:15:00.000000,1417,1418,074-180,III/1
2023-03-23_09:00:00.000000,2023-03-23,09:00:00.000000,0855,0855,035-180,III/1
2023-03-23_13:30:00.000000,2023-03-23,13:30:00.000000,1324,1324,025-079,III/1
2023-03-25_11:30:00.000000,2023-03-25,11:30:00.000000,1137,1139,025-180,III/1
2023-03-26_12:30:00.000000,2023-03-26,12:30:00.000000,1228,1229,025-069,III/1
2023-03-26_13:00:00.000000,2023-03-26,13:00:00.000000,1255,1302,025-166,III/1
2023-03-27_08:15:00.000000,2023-03-27,08:15:00.000000,0817,0818,048-085,III/1
2023-03-29_10:45:00.000000,2023-03-29,10:45:00.000000,1045,1048,025-180,III/1
2023-03-29_11:45:00.000000,2023-03-29,11:45:00.000000,1152,1152,035-091,III/1
2023-03-29_13:00:00.000000,2023-03-29,13:00:00.000000,1301,1302,119-180,III/1
2023-03-29_13:30:00.000000,2023-03-29,13:30:00.000000,1336,1338,049-083,III/1
2023-03-29_13:45:00.000000,2023-03-29,13:45:00.000000,1352,1355,025-117,III/1
2023-03-30_08:15:00.000000,2023-03-30,08:15:00.000000,0818,0824,025-180,III/1
2023-03-30_09:00:00.000000,2023-03-30,09:00:00.000000,0902,0911,025-180,III/1
2023-03-30_11:00:00.000000,2023-03-30,11:00:00.000000,1104,1104,052-153,III/1
2023-03-31_11:00:00.000000,2023-03-31,11:00:00.000000,1102,1102,025-082,III/1
2023-03-31_11:15:00.000000,2023-03-31,11:15:00.000000,1122,1122,025-081,III/1
2023-03-31_13:45:00.000000,2023-03-31,13:45:00.000000,1352,1355,025-180,III/1
2023-04-01_14:30:00.000000,2023-04-01,14:30:00.000000,1430,1431,025-135,III/1
2023-04-04_11:45:00.000000,2023-04-04,11:45:00.000000,1138,1138,025-082,III/1
2023-04-05_10:00:00.000000,2023-04-05,10:00:00.000000,0958,0958,025-082,III/1
2023-04-05_10:30:00.000000,2023-04-05,10:30:00.000000,1035,1035,025-078,III/1
2023-04-06_09:30:00.000000,2023-04-06,09:30:00.000000,0930,0931,030-045,III/1
2023-04-06_15:30:00.000000,2023-04-06,15:30:00.000000,1529,1530,131-150,III/1
2023-04-08_13:15:00.000000,2023-04-08,13:15:00.000000,1308,1309,025-180,III/1
2023-04-08_13:30:00.000000,2023-04-08,13:30:00.000000,1324,1324,025-157,III/1
2023-04-10_14:45:00.000000,2023-04-10,14:45:00.000000,1442,1443,025-049,III/1
2023-04-13_06:30:00.000000,2023-04-13,06:30:00.000000,0630,0631,025-081,III/1
2023-04-13_10:45:00.000000,2023-04-13,10:45:00.000000,1050,1051,025-152,III/1
2023-04-13_11:30:00.000000,2023-04-13,11:30:00.000000,1134,1135,025-082,III/1
2023-04-13_14:15:00.000000,2023-04-13,14:15:00.000000,1415,1415,025-085,III/1
2023-04-13_16:00:00.000000,2023-04-13,16:00:00.000000,1556,1556,131-150,III/1
2023-04-14_09:15:00.000000,2023-04-14,09:15:00.000000,0920,0923,072-137,III/1
2023-04-14_10:15:00.000000,2023-04-14,10:15:00.000000,1012,1013,025-051,III/1
2023-04-14_14:00:00.000000,2023-04-14,14:00:00.000000,1403,1408,025-048,III/1
2023-04-14_15:45:00.000000,2023-04-14,15:45:00.000000,1547,1549,025-068,III/1
2023-04-14_16:15:00.000000,2023-04-14,16:15:00.000000,1612,1616,115-180,III/1
2023-04-17_10:45:00.000000,2023-04-17,10:45:00.000000,1049,1049,025-047,III/1
2023-04-17_13:15:00.000000,2023-04-17,13:15:00.000000,1318,1321,025-180,III/1
2023-04-18_10:00:00.000000,2023-04-18,10:00:00.000000,0957,0958,025-180,III/1
2023-04-18_11:15:00.000000,2023-04-18,11:15:00.000000,1113,1122,025-086,III/1
2023-04-18_14:15:00.000000,2023-04-18,14:15:00.000000,1411,1412,073-154,III/1
2023-04-18_15:15:00.000000,2023-04-18,15:15:00.000000,1517,1518,025-128,III/1
2023-04-18_17:00:00.000000,2023-04-18,17:00:00.000000,1702,1705,025-058,III/1
2023-04-19_07:30:00.000000,2023-04-19,07:30:00.000000,0726,0727,025-140,III/1
2023-04-19_10:30:00.000000,2023-04-19,10:30:00.000000,1035,1036,025-053,III/1
2023-04-20_10:30:00.000000,2023-04-20,10:30:00.000000,1027,1036,025-077,III/1
2023-04-20_10:45:00.000000,2023-04-20,10:45:00.000000,1050,1051,025-084,III/1
2023-04-20_14:00:00.000000,2023-04-20,14:00:00.000000,1358,1359,025-075,III/1
2023-04-20_17:15:00.000000,2023-04-20,17:15:00.000000,1720,1722,025-180,III/1
2023-04-21_06:30:00.000000,2023-04-21,06:30:00.000000,0630,0631,025-180,III/1
2023-04-21_11:00:00.000000,2023-04-21,11:00:00.000000,1104,1104,025-041,III/1
2023-04-21_12:45:00.000000,2023-04-21,12:45:00.000000,1240,1241,139-151,III/1
2023-04-21_14:45:00.000000,2023-04-21,14:45:00.000000,1441,1441,030-118,III/1
2023-04-22_08:00:00.000000,2023-04-22,08:00:00.000000,0753,0753,025-059,III/1
2023-04-22_10:45:00.000000,2023-04-22,10:45:00.000000,1051,1051,117-145,III/1
2023-04-22_13:15:00.000000,2023-04-22,13:15:00.000000,1308,1419,118-167,III/1
2023-04-23_16:15:00.000000,2023-04-23,16:15:00.000000,1620,1623,025-083,III/1
2023-04-23_16:30:00.000000,2023-04-23,16:30:00.000000,1635,1644,025-083,III/1
2023-04-24_11:15:00.000000,2023-04-24,11:15:00.000000,1108,1115,075-175,III/1
2023-04-28_15:00:00.000000,2023-04-28,15:00:00.000000,1453,1454,025-082,III/1
2023-04-29_08:45:00.000000,2023-04-29,08:45:00.000000,0838,0838,025-083,III/1
2023-04-29_10:45:00.000000,2023-04-29,10:45:00.000000,1049,1049,025-080,III/1
2023-04-29_11:30:00.000000,2023-04-29,11:30:00.000000,1123,1124,025-173,III/1
2023-04-29_14:45:00.000000,2023-04-29,14:45:00.000000,1452,1452,025-081,III/1
2023-04-30_08:15:00.000000,2023-04-30,08:15:00.000000,0814,0821,025-180,III/1
2023-04-30_11:30:00.000000,2023-04-30,11:30:00.000000,1131,1134,025-084,III/1
2023-04-30_14:00:00.000000,2023-04-30,14:00:00.000000,1402,1403,025-084,III/1
2023-04-30_16:45:00.000000,2023-04-30,16:45:00.000000,1651,1652,025-060,III/1
2023-05-01_13:00:00.000000,2023-05-01,13:00:00.000000,1254,1255,025-080,III/1
2023-05-01_13:00:00.000000,2023-05-01,13:00:00.000000,1306,1313,025-180,III/1
2023-05-01_15:45:00.000000,2023-05-01,15:45:00.000000,1538,1539,025-082,III/1
2023-05-01_16:45:00.000000,2023-05-01,16:45:00.000000,1640,1641,025-056,III/1
2023-05-02_06:30:00.000000,2023-05-02,06:30:00.000000,0624,0627,025-167,III/1
2023-05-02_10:45:00.000000,2023-05-02,10:45:00.000000,1039,1040,025-150,III/1
2023-05-02_11:30:00.000000,2023-05-02,11:30:00.000000,1126,1129,025-138,III/1
2023-05-02_14:00:00.000000,2023-05-02,14:00:00.000000,1404,1405,025-082,III/1
2023-05-02_15:00:00.000000,2023-05-02,15:00:00.000000,1504,1511,025-078,III/1
2023-05-02_16:30:00.000000,2023-05-02,16:30:00.000000,1630,1632,025-140,III/1
2023-05-03_12:15:00.000000,2023-05-03,12:15:00.000000,1210,1217,025-058,III/1
2023-05-03_16:00:00.000000,2023-05-03,16:00:00.000000,1602,1602,025-047,III/1
2023-05-04_08:15:00.000000,2023-05-04,08:15:00.000000,0809,0816,025-180,III/1
2023-05-04_09:15:00.000000,2023-05-04,09:15:00.000000,0915,0921,025-180,III/1
2023-05-06_08:30:00.000000,2023-05-06,08:30:00.000000,0824,0824,025-180,III/1
2023-05-06_09:00:00.000000,2023-05-06,09:00:00.000000,0900,0901,025-055,III/1
2023-05-06_11:45:00.000000,2023-05-06,11:45:00.000000,1149,1150,025-180,III/1
2023-05-06_17:00:00.000000,2023-05-06,17:00:00.000000,1658,1659,071-087,III/1
2023-05-07_09:45:00.000000,2023-05-07,09:45:00.000000,0938,0938,025-180,III/1
2023-05-07_11:15:00.000000,2023-05-07,11:15:00.000000,1118,1120,025-180,III/1
2023-05-08_08:15:00.000000,2023-05-08,08:15:00.000000,0811,0811,025-083,III/1
2023-05-08_17:15:00.000000,2023-05-08,17:15:00.000000,1716,1716,025-180,III/1
2023-05-10_07:00:00.000000,2023-05-10,07:00:00.000000,0658,0659,025-053,III/1
2023-05-10_09:30:00.000000,2023-05-10,09:30:00.000000,0933,0933,025-082,III/1
2023-05-10_14:30:00.000000,2023-05-10,14:30:00.000000,1435,1436,025-180,III/1
2023-05-10_15:45:00.000000,2023-05-10,15:45:00.000000,1552,1553,034-083,III/1
2023-05-12_07:30:00.000000,2023-05-12,07:30:00.000000,0731,0732,025-065,III/1
2023-05-12_12:45:00.000000,2023-05-12,12:45:00.000000,1243,1243,025-083,III/1
2023-05-12_14:00:00.000000,2023-05-12,14:00:00.000000,1404,1404,025-046,III/1
2023-05-12_16:30:00.000000,2023-05-12,16:30:00.000000,1624,1624,025-077,III/1
2023-05-13_08:30:00.000000,2023-05-13,08:30:00.000000,0829,0829,025-059,III/1
2023-05-13_10:15:00.000000,2023-05-13,10:15:00.000000,1018,1018,126-145,III/1
2023-05-13_14:45:00.000000,2023-05-13,14:45:00.000000,1452,1452,136-180,III/1
2023-05-14_11:30:00.000000,2023-05-14,11:30:00.000000,1131,1132,035-050,III/1
2023-05-14_15:00:00.000000,2023-05-14,15:00:00.000000,1453,1455,025-051,III/1
2023-05-15_07:00:00.000000,2023-05-15,07:00:00.000000,0654,0654,025-041,III/1
2023-05-15_08:30:00.000000,2023-05-15,08:30:00.000000,0827,0827,025-051,III/1
2023-05-15_08:45:00.000000,2023-05-15,08:45:00.000000,0839,0841,025-054,III/1
2023-05-15_10:00:00.000000,2023-05-15,10:00:00.000000,1004,1004,025-054,III/1
2023-05-15_12:00:00.000000,2023-05-15,12:00:00.000000,1200,1201,025-082,III/1
2023-05-15_13:00:00.000000,2023-05-15,13:00:00.000000,1253,1256,025-083,III/1
2023-05-15_14:45:00.000000,2023-05-15,14:45:00.000000,1438,1447,025-049,III/1
2023-05-16_07:15:00.000000,2023-05-16,07:15:00.000000,0718,0720,025-056,III/1
2023-05-16_10:30:00.000000,2023-05-16,10:30:00.000000,1032,1032,025-053,III/1
2023-05-16_11:15:00.000000,2023-05-16,11:15:00.000000,1115,1116,025-057,III/1
2023-05-18_08:30:00.000000,2023-05-18,08:30:00.000000,0825,0826,025-180,III/1
2023-05-18_12:45:00.000000,2023-05-18,12:45:00.000000,1248,1249,119-180,III/1
2023-05-18_14:45:00.000000,2023-05-18,14:45:00.000000,1450,1451,072-180,III/1
2023-05-18_16:00:00.000000,2023-05-18,16:00:00.000000,1559,1603,025-155,III/1
2023-05-18_16:45:00.000000,2023-05-18,16:45:00.000000,1649,1650,132-180,III/1
2023-05-19_07:15:00.000000,2023-05-19,07:15:00.000000,0712,0715,025-082,III/1
2023-05-19_09:15:00.000000,2023-05-19,09:15:00.000000,0913,0915,025-180,III/1
2023-05-19_10:15:00.000000,2023-05-19,10:15:00.000000,1009,1009,025-180,III/1
2023-05-19_16:15:00.000000,2023-05-19,16:15:00.000000,1618,1619,025-040,III/1
2023-05-19_17:15:00.000000,2023-05-19,17:15:00.000000,1709,1718,025-089,III/1
2023-05-20_06:30:00.000000,2023-05-20,06:30:00.000000,0630,0630,108-180,III/1
2023-05-20_07:15:00.000000,2023-05-20,07:15:00.000000,0712,0716,025-180,III/1
2023-05-20_07:45:00.000000,2023-05-20,07:45:00.000000,0740,0807,025-050,III/1
2023-05-20_09:15:00.000000,2023-05-20,09:15:00.000000,0920,0925,025-177,III/1
2023-05-20_10:30:00.000000,2023-05-20,10:30:00.000000,1026,1026,041-147,III/1
2023-05-20_12:30:00.000000,2023-05-20,12:30:00.000000,1226,1226,025-058,III/1
2023-05-21_07:15:00.000000,2023-05-21,07:15:00.000000,0708,0714,058-180,III/1
2023-05-21_10:00:00.000000,2023-05-21,10:00:00.000000,1002,1002,113-180,III/1
2023-05-21_13:45:00.000000,2023-05-21,13:45:00.000000,1340,1340,025-055,III/1
2023-05-23_09:00:00.000000,2023-05-23,09:00:00.000000,0854,0856,130-180,III/1
2023-05-23_12:00:00.000000,2023-05-23,12:00:00.000000,1157,1158,115-180,III/1
2023-05-25_07:00:00.000000,2023-05-25,07:00:00.000000,0700,0702,025-134,III/1
2023-05-25_16:30:00.000000,2023-05-25,16:30:00.000000,1633,1636,025-083,III/1
2023-05-26_14:45:00.000000,2023-05-26,14:45:00.000000,1442,1443,025-073,III/1
2023-05-27_09:45:00.000000,2023-05-27,09:45:00.000000,0951,0951,025-076,III/1
2023-05-28_07:30:00.000000,2023-05-28,07:30:00.000000,0724,0724,025-147,III/1
2023-05-28_08:00:00.000000,2023-05-28,08:00:00.000000,0757,0758,025-060,III/1
2023-05-28_08:30:00.000000,2023-05-28,08:30:00.000000,0835,0835,025-082,III/1
2023-05-28_10:30:00.000000,2023-05-28,10:30:00.000000,1034,1043,025-140,III/1
2023-05-28_13:30:00.000000,2023-05-28,13:30:00.000000,1329,1329,025-144,III/1
2023-05-28_16:30:00.000000,2023-05-28,16:30:00.000000,1631,1632,063-180,III/1
2023-05-29_07:00:00.000000,2023-05-29,07:00:00.000000,0658,0659,025-134,III/1
2023-05-29_11:15:00.000000,2023-05-29,11:15:00.000000,1108,1108,025-180,III/1
2023-05-29_12:15:00.000000,2023-05-29,12:15:00.000000,1208,1208,025-053,III/1
2023-05-29_12:45:00.000000,2023-05-29,12:45:00.000000,1252,1258,025-076,III/1
2023-05-29_13:30:00.000000,2023-05-29,13:30:00.000000,1337,1346,025-053,III/1
2023-06-28_15:15:00.000000,2023-06-28,15:15:00.000000,1509,1510,025-083,III/1
2023-06-28_16:00:00.000000,2023-06-28,16:00:00.000000,1602,1603,025-076,III/1
2023-06-28_18:00:00.000000,2023-06-28,18:00:00.000000,1759,1759,025-060,III/1
2023-06-29_08:45:00.000000,2023-06-29,08:45:00.000000,0850,0850,048-180,III/1
2023-06-29_22:15:00.000000,2023-06-29,22:15:00.000000,2208,2209,025-180,III/1
2023-06-30_08:45:00.000000,2023-06-30,08:45:00.000000,0842,0843,025-082,III/1
2023-07-01_05:15:00.000000,2023-07-01,05:15:00.000000,0520,0521,054-180,III/1
2023-07-01_10:30:00.000000,2023-07-01,10:30:00.000000,1027,1027,075-086,III/1
2023-07-01_11:00:00.000000,2023-07-01,11:00:00.000000,1105,1108,025-147,III/1
2023-07-01_11:30:00.000000,2023-07-01,11:30:00.000000,1137,1138,040-083,III/1
2023-07-01_13:00:00.000000,2023-07-01,13:00:00.000000,1254,1255,025-061,III/1
2023-07-01_22:15:00.000000,2023-07-01,22:15:00.000000,2215,2218,025-180,III/1
2023-07-02_00:15:00.000000,2023-07-02,00:15:00.000000,0016,0017,025-069,III/1
2023-07-02_07:30:00.000000,2023-07-02,07:30:00.000000,0724,0725,039-083,III/1
2023-07-02_12:30:00.000000,2023-07-02,12:30:00.000000,1232,1233,025-077,III/1
2023-07-02_23:45:00.000000,2023-07-02,23:45:00.000000,2341,2345,025-074,III/1
2023-07-03_17:30:00.000000,2023-07-03,17:30:00.000000,1737,1738,025-180,III/1
2023-07-03_18:30:00.000000,2023-07-03,18:30:00.000000,1824,1827,025-180,III/1
2023-07-03_18:30:00.000000,2023-07-03,18:30:00.000000,1833,1834,025-180,III/1
2023-07-04_07:30:00.000000,2023-07-04,07:30:00.000000,0732,0732,068-141,III/1
2023-07-04_14:00:00.000000,2023-07-04,14:00:00.000000,1357,1358,025-083,III/1
2023-07-04_14:30:00.000000,2023-07-04,14:30:00.000000,1426,1426,025-080,III/1
2023-07-05_00:45:00.000000,2023-07-05,00:45:00.000000,0043,0043,025-172,III/1
2023-07-05_01:15:00.000000,2023-07-05,01:15:00.000000,0121,0121,025-180,III/1
2023-07-05_08:15:00.000000,2023-07-05,08:15:00.000000,0809,0809,025-131,III/1
2023-07-05_09:00:00.000000,2023-07-05,09:00:00.000000,0904,0914,025-153,III/1
2023-07-05_10:15:00.000000,2023-07-05,10:15:00.000000,1012,1018,025-144,III/1
2023-07-05_11:30:00.000000,2023-07-05,11:30:00.000000,1127,1128,025-054,III/1
2023-07-05_13:45:00.000000,2023-07-05,13:45:00.000000,1347,1355,032-151,III/1
2023-07-06_11:30:00.000000,2023-07-06,11:30:00.000000,1137,1138,025-180,III/1
2023-07-06_17:30:00.000000,2023-07-06,17:30:00.000000,1730,1730,025-087,III/1
2023-07-06_19:15:00.000000,2023-07-06,19:15:00.000000,1912,1912,025-180,III/1
2023-07-07_01:00:00.000000,2023-07-07,01:00:00.000000,0053,0054,025-145,III/1
2023-07-07_05:30:00.000000,2023-07-07,05:30:00.000000,0529,0529,025-180,III/1
2023-07-07_06:00:00.000000,2023-07-07,06:00:00.000000,0601,0602,025-066,III/1
2023-07-07_06:30:00.000000,2023-07-07,06:30:00.000000,0627,0628,135-180,III/1
2023-07-07_10:00:00.000000,2023-07-07,10:00:00.000000,0956,0958,025-180,III/1
2023-07-07_14:00:00.000000,2023-07-07,14:00:00.000000,1355,1355,025-050,III/1
2023-07-07_14:30:00.000000,2023-07-07,14:30:00.000000,1431,1439,025-083,III/1
2023-07-08_00:45:00.000000,2023-07-08,00:45:00.000000,0050,0058,025-167,III/1
2023-07-08_08:15:00.000000,2023-07-08,08:15:00.000000,0812,0813,037-064,III/1
2023-07-08_11:30:00.000000,2023-07-08,11:30:00.000000,1135,1136,042-180,III/1
2023-07-08_16:30:00.000000,2023-07-08,16:30:00.000000,1625,1625,111-180,III/1
2023-07-08_17:45:00.000000,2023-07-08,17:45:00.000000,1746,1746,136-180,III/1
2023-07-09_09:45:00.000000,2023-07-09,09:45:00.000000,0942,0944,025-085,III/1
2023-07-10_08:15:00.000000,2023-07-10,08:15:00.000000,0810,0811,084-180,III/1
2023-07-11_01:00:00.000000,2023-07-11,01:00:00.000000,0055,0055,062-107,III/1
2023-07-15_00:45:00.000000,2023-07-15,00:45:00.000000,0039,0039,105-180,III/1
2023-07-15_01:45:00.000000,2023-07-15,01:45:00.000000,0147,0154,025-180,III/1
2023-07-15_09:30:00.000000,2023-07-15,09:30:00.000000,0931,0931,025-180,III/1
2023-07-15_13:15:00.000000,2023-07-15,13:15:00.000000,1318,1320,025-180,III/1
2023-07-15_15:00:00.000000,2023-07-15,15:00:00.000000,1453,1456,025-180,III/1
2023-07-16_08:15:00.000000,2023-07-16,08:15:00.000000,0816,0818,091-180,III/1
2023-07-16_10:45:00.000000,2023-07-16,10:45:00.000000,1047,1048,069-180,III/1
2023-07-16_12:15:00.000000,2023-07-16,12:15:00.000000,1217,1217,076-180,III/1
2023-07-16_16:15:00.000000,2023-07-16,16:15:00.000000,1608,1608,130-149,III/1
2023-07-17_00:15:00.000000,2023-07-17,00:15:00.000000,0008,0010,071-180,III/1
2023-07-17_04:00:00.000000,2023-07-17,04:00:00.000000,0359,0400,025-037,III/1
2023-07-17_10:30:00.000000,2023-07-17,10:30:00.000000,1027,1028,025-084,III/1
2023-07-17_10:45:00.000000,2023-07-17,10:45:00.000000,1045,1047,025-081,III/1
2023-07-17_16:00:00.000000,2023-07-17,16:00:00.000000,1554,1555,025-151,III/1
2023-07-17_18:45:00.000000,2023-07-17,18:45:00.000000,1848,1849,025-048,III/1
2023-07-18_00:45:00.000000,2023-07-18,00:45:00.000000,0039,0044,025-180,III/1
2023-07-18_06:15:00.000000,2023-07-18,06:15:00.000000,0608,0608,025-180,III/1
2023-07-18_07:30:00.000000,2023-07-18,07:30:00.000000,0733,0734,086-180,III/1
2023-07-18_14:00:00.000000,2023-07-18,14:00:00.000000,1355,1356,025-066,III/1
2023-07-18_15:15:00.000000,2023-07-18,15:15:00.000000,1517,1518,025-180,III/1
2023-07-18_16:15:00.000000,2023-07-18,16:15:00.000000,1615,1616,025-180,III/1
2023-07-18_16:45:00.000000,2023-07-18,16:45:00.000000,1649,1649,106-180,III/1
2023-07-19_00:00:00.000000,2023-07-19,00:00:00.000000,0005,0007,035-180,III/1
2023-07-19_03:30:00.000000,2023-07-19,03:30:00.000000,0335,0336,025-074,III/1
2023-07-19_04:00:00.000000,2023-07-19,04:00:00.000000,0406,0407,025-075,III/1
2023-07-19_04:00:00.000000,2023-07-19,04:00:00.000000,0407,0413,025-180,III/1
2023-07-19_07:30:00.000000,2023-07-19,07:30:00.000000,0728,0729,025-082,III/1
2023-07-19_13:15:00.000000,2023-07-19,13:15:00.000000,1319,1321,025-078,III/1
2023-07-19_19:30:00.000000,2023-07-19,19:30:00.000000,1923,1923,110-180,III/1
2023-07-19_22:15:00.000000,2023-07-19,22:15:00.000000,2211,2213,025-076,III/1
2023-07-19_23:15:00.000000,2023-07-19,23:15:00.000000,2322,2322,115-180,III/1
2023-07-20_02:45:00.000000,2023-07-20,02:45:00.000000,0241,0242,063-114,III/1
2023-07-20_22:15:00.000000,2023-07-20,22:15:00.000000,2213,2214,025-088,III/1
2023-07-20_23:15:00.000000,2023-07-20,23:15:00.000000,2319,2320,116-180,III/1
2023-07-21_00:00:00.000000,2023-07-21,00:00:00.000000,0004,0505,025-180,III/1
2023-07-21_01:30:00.000000,2023-07-21,01:30:00.000000,0125,0430,025-180,III/1
2023-07-21_08:00:00.000000,2023-07-21,08:00:00.000000,0759,0802,025-082,III/1
2023-07-21_11:15:00.000000,2023-07-21,11:15:00.000000,1116,1116,025-054,III/1
2023-07-21_13:30:00.000000,2023-07-21,13:30:00.000000,1328,1329,025-077,III/1
2023-07-21_23:15:00.000000,2023-07-21,23:15:00.000000,2313,2359,075-180,III/1
2023-07-22_01:15:00.000000,2023-07-22,01:15:00.000000,0112,0113,025-180,III/1
2023-07-22_04:00:00.000000,2023-07-22,04:00:00.000000,0403,0409,025-180,III/1
2023-07-22_08:45:00.000000,2023-07-22,08:45:00.000000,0840,0840,025-180,III/1
2023-07-22_17:00:00.000000,2023-07-22,17:00:00.000000,1659,1659,025-050,III/1
2023-07-22_18:15:00.000000,2023-07-22,18:15:00.000000,1814,1814,025-115,III/1
2023-07-22_18:30:00.000000,2023-07-22,18:30:00.000000,1825,1826,025-180,III/1
2023-07-22_18:45:00.000000,2023-07-22,18:45:00.000000,1849,1850,025-052,III/1
2023-07-23_05:30:00.000000,2023-07-23,05:30:00.000000,0534,0541,025-051,III/1
2023-07-23_06:45:00.000000,2023-07-23,06:45:00.000000,0650,0727,025-084,III/1
2023-07-23_09:15:00.000000,2023-07-23,09:15:00.000000,0908,0908,060-180,III/1
2023-07-23_13:15:00.000000,2023-07-23,13:15:00.000000,1317,1318,025-064,III/1
2023-07-23_14:15:00.000000,2023-07-23,14:15:00.000000,1416,1421,025-180,III/1
2023-07-24_04:30:00.000000,2023-07-24,04:30:00.000000,0425,0449,025-180,III/1
2023-07-24_04:30:00.000000,2023-07-24,04:30:00.000000,0425,0426,025-056,III/1
2023-07-24_06:30:00.000000,2023-07-24,06:30:00.000000,0628,0628,025-083,III/1
2023-07-24_10:15:00.000000,2023-07-24,10:15:00.000000,1015,1016,080-180,III/1
2023-07-24_12:30:00.000000,2023-07-24,12:30:00.000000,1234,1235,025-052,III/1
2023-07-24_17:30:00.000000,2023-07-24,17:30:00.000000,1735,1739,025-151,III/1
2023-07-24_18:15:00.000000,2023-07-24,18:15:00.000000,1817,1822,025-072,III/1
2023-07-25_00:45:00.000000,2023-07-25,00:45:00.000000,0051,0051,072-180,III/1
2023-07-25_20:30:00.000000,2023-07-25,20:30:00.000000,2031,2032,025-055,III/1
2023-07-26_03:15:00.000000,2023-07-26,03:15:00.000000,0309,0310,025-065,III/1
2023-07-26_17:15:00.000000,2023-07-26,17:15:00.000000,1708,1709,025-083,III/1
2023-07-27_06:00:00.000000,2023-07-27,06:00:00.000000,0553,0553,025-048,III/1
2023-07-27_09:15:00.000000,2023-07-27,09:15:00.000000,0915,0921,025-081,III/1
2023-07-27_10:15:00.000000,2023-07-27,10:15:00.000000,1015,1016,025-077,III/1
2023-07-27_16:15:00.000000,2023-07-27,16:15:00.000000,1615,1615,025-060,III/1
2023-07-27_17:30:00.000000,2023-07-27,17:30:00.000000,1729,1733,025-054,III/1
2023-07-27_22:00:00.000000,2023-07-27,22:00:00.000000,2154,2200,025-132,III/1
2023-07-28_01:45:00.000000,2023-07-28,01:45:00.000000,0147,0148,025-180,III/1
2023-07-28_02:45:00.000000,2023-07-28,02:45:00.000000,0248,0258,025-180,III/1
2023-07-28_19:00:00.000000,2023-07-28,19:00:00.000000,1854,1858,025-066,III/1
2023-07-29_01:45:00.000000,2023-07-29,01:45:00.000000,0151,0151,025-094,III/1
2023-07-30_01:00:00.000000,2023-07-30,01:00:00.000000,0059,0109,040-159,III/1
2023-07-30_15:15:00.000000,2023-07-30,15:15:00.000000,1517,1526,036-076,III/1
2023-07-30_16:00:00.000000,2023-07-30,16:00:00.000000,1558,1601,025-068,III/1
2023-07-31_04:30:00.000000,2023-07-31,04:30:00.000000,0435,0440,025-180,III/1
2023-07-31_06:45:00.000000,2023-07-31,06:45:00.000000,0646,0647,025-070,III/1
2023-07-31_11:45:00.000000,2023-07-31,11:45:00.000000,1140,1149,025-180,III/1
2023-07-31_13:30:00.000000,2023-07-31,13:30:00.000000,1329,1330,025-055,III/1
2023-07-31_14:15:00.000000,2023-07-31,14:15:00.000000,1417,1418,025-180,III/1
2023-08-01_06:45:00.000000,2023-08-01,06:45:00.000000,0651,0700,025-084,III/1
2023-08-01_10:45:00.000000,2023-08-01,10:45:00.000000,1042,1042,025-120,III/1
2023-08-01_16:15:00.000000,2023-08-01,16:15:00.000000,1613,1619,025-075,III/1
2023-08-01_22:45:00.000000,2023-08-01,22:45:00.000000,2244,2245,025-145,III/1
2023-08-02_03:15:00.000000,2023-08-02,03:15:00.000000,0308,0309,025-124,III/1
2023-08-03_00:00:00.000000,2023-08-03,00:00:00.000000,2356,2356,025-069,III/1
2023-08-03_09:00:00.000000,2023-08-03,09:00:00.000000,0853,0854,055-180,III/1
2023-08-03_11:45:00.000000,2023-08-03,11:45:00.000000,1145,1146,025-054,III/1
2023-08-03_17:30:00.000000,2023-08-03,17:30:00.000000,1726,1726,025-053,III/1
2023-08-03_19:15:00.000000,2023-08-03,19:15:00.000000,1921,1921,025-050,III/1
2023-08-03_23:45:00.000000,2023-08-03,23:45:00.000000,2350,2350,025-075,III/1
2023-08-04_14:30:00.000000,2023-08-04,14:30:00.000000,1435,1435,025-084,III/1
2023-08-05_04:45:00.000000,2023-08-05,04:45:00.000000,0447,0450,025-083,III/1
2023-08-05_12:30:00.000000,2023-08-05,12:30:00.000000,1231,1233,025-124,III/1
2023-08-05_19:00:00.000000,2023-08-05,19:00:00.000000,1903,1915,025-180,III/1
2023-08-06_00:15:00.000000,2023-08-06,00:15:00.000000,0021,0025,025-180,III/1
2023-08-06_07:45:00.000000,2023-08-06,07:45:00.000000,0745,0750,025-180,III/1
2023-08-06_08:45:00.000000,2023-08-06,08:45:00.000000,0843,0844,025-060,III/1
2023-08-06_09:15:00.000000,2023-08-06,09:15:00.000000,0919,0919,025-073,III/1
2023-08-06_15:15:00.000000,2023-08-06,15:15:00.000000,1522,1523,025-075,III/1
2023-08-06_17:00:00.000000,2023-08-06,17:00:00.000000,1657,1658,025-062,III/1
2023-08-06_18:15:00.000000,2023-08-06,18:15:00.000000,1818,2129,025-180,III/1
2023-08-06_22:15:00.000000,2023-08-06,22:15:00.000000,2213,2213,025-053,III/1
2023-08-07_00:15:00.000000,2023-08-07,00:15:00.000000,0011,0017,025-067,III/1
2023-08-07_04:45:00.000000,2023-08-07,04:45:00.000000,0449,0449,025-054,III/1
2023-08-07_05:30:00.000000,2023-08-07,05:30:00.000000,0531,0531,045-147,III/1
2023-08-07_11:15:00.000000,2023-08-07,11:15:00.000000,1115,1115,025-052,III/1
2023-08-07_13:30:00.000000,2023-08-07,13:30:00.000000,1331,1331,025-058,III/1
2023-08-07_16:30:00.000000,2023-08-07,16:30:00.000000,1625,1626,025-086,III/1
2023-08-07_21:45:00.000000,2023-08-07,21:45:00.000000,2151,2152,025-075,III/1
2023-08-08_00:00:00.000000,2023-08-08,00:00:00.000000,0004,0006,025-138,III/1
2023-08-08_20:45:00.000000,2023-08-08,20:45:00.000000,2040,2049,025-065,III/1
2023-08-09_18:30:00.000000,2023-08-09,18:30:00.000000,1832,1837,025-052,III/1
2023-08-09_19:15:00.000000,2023-08-09,19:15:00.000000,1916,1917,025-061,III/1
2023-08-09_21:30:00.000000,2023-08-09,21:30:00.000000,2131,2131,025-048,III/1
2023-08-10_00:30:00.000000,2023-08-10,00:30:00.000000,0025,0028,052-146,III/1
2023-08-10_04:45:00.000000,2023-08-10,04:45:00.000000,0444,0447,075-180,III/1
2023-08-10_08:45:00.000000,2023-08-10,08:45:00.000000,0840,0840,025-156,III/1
2023-08-10_09:15:00.000000,2023-08-10,09:15:00.000000,0921,0922,025-080,III/1
2023-08-10_15:45:00.000000,2023-08-10,15:45:00.000000,1545,1545,025-060,III/1
2023-08-10_20:45:00.000000,2023-08-10,20:45:00.000000,2044,2044,025-053,III/1
2023-08-11_02:45:00.000000,2023-08-11,02:45:00.000000,0247,0248,025-155,III/1
2023-08-11_07:30:00.000000,2023-08-11,07:30:00.000000,0728,0730,025-180,III/1
2023-08-11_08:30:00.000000,2023-08-11,08:30:00.000000,0827,0828,025-146,III/1
2023-08-11_09:00:00.000000,2023-08-11,09:00:00.000000,0907,0907,036-064,III/1
2023-08-11_10:15:00.000000,2023-08-11,10:15:00.000000,1010,1012,025-083,III/1
2023-08-11_10:45:00.000000,2023-08-11,10:45:00.000000,1048,1049,025-061,III/1
2023-08-11_13:30:00.000000,2023-08-11,13:30:00.000000,1326,1337,025-075,III/1
2023-08-11_20:00:00.000000,2023-08-11,20:00:00.000000,1956,2001,025-089,III/1
2023-08-11_23:00:00.000000,2023-08-11,23:00:00.000000,2305,2305,025-180,III/1
2023-08-12_09:00:00.000000,2023-08-12,09:00:00.000000,0900,0903,025-083,III/1
2023-08-12_10:45:00.000000,2023-08-12,10:45:00.000000,1048,1048,025-051,III/1
2023-08-13_04:30:00.000000,2023-08-13,04:30:00.000000,0429,0430,076-180,III/1
2023-08-13_06:30:00.000000,2023-08-13,06:30:00.000000,0631,0635,025-085,III/1
2023-08-13_07:45:00.000000,2023-08-13,07:45:00.000000,0741,0742,025-056,III/1
2023-08-13_09:30:00.000000,2023-08-13,09:30:00.000000,0933,0933,025-059,III/1
2023-08-13_10:30:00.000000,2023-08-13,10:30:00.000000,1036,1039,025-151,III/1
2023-08-13_14:30:00.000000,2023-08-13,14:30:00.000000,1434,1435,025-057,III/1
2023-08-14_06:30:00.000000,2023-08-14,06:30:00.000000,0632,0634,025-084,III/1
2023-08-14_09:30:00.000000,2023-08-14,09:30:00.000000,0933,0934,056-180,III/1
2023-08-15_03:45:00.000000,2023-08-15,03:45:00.000000,0339,0339,048-162,III/1
2023-08-15_04:30:00.000000,2023-08-15,04:30:00.000000,0435,0435,075-180,III/1
2023-08-15_05:00:00.000000,2023-08-15,05:00:00.000000,0458,0458,049-150,III/1
2023-08-15_09:45:00.000000,2023-08-15,09:45:00.000000,0946,0947,144-180,III/1
2023-08-15_12:15:00.000000,2023-08-15,12:15:00.000000,1215,1218,120-180,III/1
2023-08-15_21:00:00.000000,2023-08-15,21:00:00.000000,2057,2058,025-141,III/1
2023-08-16_17:45:00.000000,2023-08-16,17:45:00.000000,1738,1742,025-052,III/1
2023-08-16_20:45:00.000000,2023-08-16,20:45:00.000000,2047,2052,025-144,III/1
2023-08-16_21:45:00.000000,2023-08-16,21:45:00.000000,2151,2155,025-141,III/1
2023-08-16_23:00:00.000000,2023-08-16,23:00:00.000000,2300,2305,025-169,III/1
2023-08-16_23:30:00.000000,2023-08-16,23:30:00.000000,2329,2330,025-052,III/1
2023-08-17_17:00:00.000000,2023-08-17,17:00:00.000000,1653,1654,025-039,III/1
2023-08-17_23:45:00.000000,2023-08-17,23:45:00.000000,2347,2347,036-088,III/1
2023-08-18_08:45:00.000000,2023-08-18,08:45:00.000000,0849,0849,062-180,III/1
2023-08-18_08:45:00.000000,2023-08-18,08:45:00.000000,0849,0849,025-180,III/1
2023-08-18_15:45:00.000000,2023-08-18,15:45:00.000000,1551,1551,025-180,III/1
2023-08-18_16:45:00.000000,2023-08-18,16:45:00.000000,1642,1642,120-180,III/1
2023-08-20_12:30:00.000000,2023-08-20,12:30:00.000000,1227,1228,025-050,III/1
2023-08-20_14:45:00.000000,2023-08-20,14:45:00.000000,1450,1459,075-180,III/1
2023-08-20_16:00:00.000000,2023-08-20,16:00:00.000000,1602,1603,025-055,III/1
2023-08-20_16:45:00.000000,2023-08-20,16:45:00.000000,1649,1653,025-047,III/1
2023-08-20_22:15:00.000000,2023-08-20,22:15:00.000000,2215,2216,025-049,III/1
2023-08-21_06:00:00.000000,2023-08-21,06:00:00.000000,0605,0605,025-050,III/1
2023-08-21_08:30:00.000000,2023-08-21,08:30:00.000000,0832,0833,025-063,III/1
2023-08-21_12:30:00.000000,2023-08-21,12:30:00.000000,1223,1224,025-085,III/1
2023-08-22_05:15:00.000000,2023-08-22,05:15:00.000000,0510,0511,025-061,III/1
2023-08-22_08:00:00.000000,2023-08-22,08:00:00.000000,0803,0806,025-059,III/1
2023-08-22_11:00:00.000000,2023-08-22,11:00:00.000000,1056,1056,025-055,III/1
2023-08-24_05:00:00.000000,2023-08-24,05:00:00.000000,0456,0502,025-084,III/1
2023-08-25_01:00:00.000000,2023-08-25,01:00:00.000000,0102,0106,025-180,III/1
2023-08-25_17:00:00.000000,2023-08-25,17:00:00.000000,1659,1659,075-180,III/1
2023-08-27_00:15:00.000000,2023-08-27,00:15:00.000000,0012,0016,066-180,III/1
2023-08-28_09:00:00.000000,2023-08-28,09:00:00.000000,0859,0900,069-180,III/1
2023-08-28_23:30:00.000000,2023-08-28,23:30:00.000000,2331,2332,025-115,III/1
2023-08-30_04:30:00.000000,2023-08-30,04:30:00.000000,0430,0430,025-166,III/1
2023-08-30_17:15:00.000000,2023-08-30,17:15:00.000000,1714,1715,051-180,III/1
2023-08-30_23:15:00.000000,2023-08-30,23:15:00.000000,2315,2319,025-060,III/1
2023-08-31_02:15:00.000000,2023-08-31,02:15:00.000000,0217,0217,025-064,III/1
2023-08-31_07:45:00.000000,2023-08-31,07:45:00.000000,0740,0740,025-065,III/1
2023-08-31_11:45:00.000000,2023-08-31,11:45:00.000000,1148,1148,025-045,III/1
2023-08-31_17:15:00.000000,2023-08-31,17:15:00.000000,1708,1709,025-066,III/1
2023-08-31_23:00:00.000000,2023-08-31,23:00:00.000000,2305,2306,025-135,III/1
2023-09-01_06:30:00.000000,2023-09-01,06:30:00.000000,0629,0630,025-083,III/1
2023-09-02_03:45:00.000000,2023-09-02,03:45:00.000000,0351,0351,072-180,III/1
2023-09-02_10:45:00.000000,2023-09-02,10:45:00.000000,1044,1044,025-084,III/1
2023-09-02_14:15:00.000000,2023-09-02,14:15:00.000000,1422,1424,025-084,III/1
2023-09-02_15:15:00.000000,2023-09-02,15:15:00.000000,1508,1508,025-180,III/1
2023-09-02_18:30:00.000000,2023-09-02,18:30:00.000000,1837,1843,025-051,III/1
2023-09-03_01:45:00.000000,2023-09-03,01:45:00.000000,0138,0139,025-110,III/1
2023-09-03_03:15:00.000000,2023-09-03,03:15:00.000000,0317,0318,025-145,III/1
2023-09-03_04:00:00.000000,2023-09-03,04:00:00.000000,0358,0409,025-145,III/1
2023-09-03_09:00:00.000000,2023-09-03,09:00:00.000000,0854,0903,025-105,III/1
2023-09-03_17:45:00.000000,2023-09-03,17:45:00.000000,1742,1742,025-048,III/1
2023-09-04_07:00:00.000000,2023-09-04,07:00:00.000000,0656,0657,039-072,III/1
2023-09-04_17:00:00.000000,2023-09-04,17:00:00.000000,1704,1705,025-074,III/1
2023-09-04_20:45:00.000000,2023-09-04,20:45:00.000000,2039,2039,025-071,III/1
2023-09-05_08:15:00.000000,2023-09-05,08:15:00.000000,0810,0811,025-052,III/1
2023-09-05_20:30:00.000000,2023-09-05,20:30:00.000000,2034,2034,025-058,III/1
2023-09-06_11:00:00.000000,2023-09-06,11:00:00.000000,1056,1057,025-040,III/1
2023-09-06_12:00:00.000000,2023-09-06,12:00:00.000000,1157,1200,025-049,III/1
2023-09-06_13:00:00.000000,2023-09-06,13:00:00.000000,1258,1259,025-041,III/1
2023-09-06_15:00:00.000000,2023-09-06,15:00:00.000000,1502,1502,025-049,III/1
2023-09-07_08:15:00.000000,2023-09-07,08:15:00.000000,0812,0812,110-165,III/1
2023-09-07_11:00:00.000000,2023-09-07,11:00:00.000000,1107,1107,025-180,III/1
2023-09-07_12:00:00.000000,2023-09-07,12:00:00.000000,1206,1207,025-180,III/1
2023-09-07_15:45:00.000000,2023-09-07,15:45:00.000000,1550,1558,025-041,III/1
2023-09-07_19:00:00.000000,2023-09-07,19:00:00.000000,1901,1907,025-180,III/1
2023-09-08_00:45:00.000000,2023-09-08,00:45:00.000000,0043,0045,025-147,III/1
2023-09-08_04:00:00.000000,2023-09-08,04:00:00.000000,0400,0403,066-108,III/1
2023-09-08_22:00:00.000000,2023-09-08,22:00:00.000000,2204,2204,025-151,III/1
2023-09-09_06:15:00.000000,2023-09-09,06:15:00.000000,0610,0612,041-067,III/1
2023-09-09_06:45:00.000000,2023-09-09,06:45:00.000000,0645,0647,048-180,III/1
2023-09-09_07:30:00.000000,2023-09-09,07:30:00.000000,0726,0726,025-081,III/1
2023-09-09_08:00:00.000000,2023-09-09,08:00:00.000000,0756,0758,073-180,III/1
2023-09-09_08:30:00.000000,2023-09-09,08:30:00.000000,0823,0824,025-081,III/1
2023-09-09_17:30:00.000000,2023-09-09,17:30:00.000000,1726,1729,025-180,III/1
2023-09-10_00:00:00.000000,2023-09-10,00:00:00.000000,2356,2357,073-180,III/1
2023-09-10_01:15:00.000000,2023-09-10,01:15:00.000000,0121,0124,049-180,III/1
2023-09-10_10:00:00.000000,2023-09-10,10:00:00.000000,0956,0958,025-180,III/1
2023-09-10_12:15:00.000000,2023-09-10,12:15:00.000000,1209,1209,155-180,III/1
2023-09-11_10:15:00.000000,2023-09-11,10:15:00.000000,1016,1016,025-180,III/1
2023-09-11_14:30:00.000000,2023-09-11,14:30:00.000000,1434,1437,025-180,III/1
2023-09-11_17:15:00.000000,2023-09-11,17:15:00.000000,1720,1726,025-180,III/1
2023-09-12_07:30:00.000000,2023-09-12,07:30:00.000000,0734,0734,046-115,III/1
2023-09-12_08:45:00.000000,2023-09-12,08:45:00.000000,0850,0851,025-084,III/1
2023-09-12_10:45:00.000000,2023-09-12,10:45:00.000000,1046,1046,115-163,III/1
2023-09-13_04:45:00.000000,2023-09-13,04:45:00.000000,0443,0443,040-180,III/1
2023-09-13_05:45:00.000000,2023-09-13,05:45:00.000000,0541,0543,025-079,III/1
2023-09-13_09:30:00.000000,2023-09-13,09:30:00.000000,0925,0926,025-041,III/1
2023-09-13_11:00:00.000000,2023-09-13,11:00:00.000000,1057,1057,025-048,III/1
2023-09-13_11:15:00.000000,2023-09-13,11:15:00.000000,1114,1116,025-180,III/1
2023-09-13_14:15:00.000000,2023-09-13,14:15:00.000000,1408,1613,025-046,III/1
2023-09-13_14:15:00.000000,2023-09-13,14:15:00.000000,1408,1409,025-062,III/1
2023-09-15_05:45:00.000000,2023-09-15,05:45:00.000000,0552,0559,025-180,III/1
2023-09-16_19:30:00.000000,2023-09-16,19:30:00.000000,1929,1930,025-151,III/1
2023-09-17_00:15:00.000000,2023-09-17,00:15:00.000000,0008,0008,025-061,III/1
2023-09-17_00:15:00.000000,2023-09-17,00:15:00.000000,0020,0023,025-147,III/1
2023-09-17_06:45:00.000000,2023-09-17,06:45:00.000000,0648,0655,025-180,III/1
2023-09-17_11:00:00.000000,2023-09-17,11:00:00.000000,1056,1056,025-157,III/1
2023-09-17_18:45:00.000000,2023-09-17,18:45:00.000000,1839,1840,025-045,III/1
2023-09-18_00:15:00.000000,2023-09-18,00:15:00.000000,0013,0014,025-068,III/1
2023-09-18_02:15:00.000000,2023-09-18,02:15:00.000000,0214,0215,025-180,III/1
2023-09-20_02:15:00.000000,2023-09-20,02:15:00.000000,0213,0217,025-180,III/1
2023-09-21_01:00:00.000000,2023-09-21,01:00:00.000000,0104,0105,025-180,III/1
2023-09-22_04:45:00.000000,2023-09-22,04:45:00.000000,0440,0446,025-180,III/1
2023-09-22_06:00:00.000000,2023-09-22,06:00:00.000000,0559,0601,025-180,III/1
2023-09-22_07:30:00.000000,2023-09-22,07:30:00.000000,0723,0727,025-180,III/1
2023-09-22_14:45:00.000000,2023-09-22,14:45:00.000000,1446,1447,025-180,III/1
2023-09-24_17:45:00.000000,2023-09-24,17:45:00.000000,1741,1741,025-062,III/1
2023-09-25_00:00:00.000000,2023-09-25,00:00:00.000000,2354,2354,025-180,III/1
2023-09-25_02:00:00.000000,2023-09-25,02:00:00.000000,0159,0159,025-180,III/1
2023-09-25_02:00:00.000000,2023-09-25,02:00:00.000000,0206,0206,025-180,III/1
2023-09-25_03:00:00.000000,2023-09-25,03:00:00.000000,0257,0300,025-180,III/1
2023-09-25_09:30:00.000000,2023-09-25,09:30:00.000000,0929,0929,025-180,III/1
2023-09-25_15:15:00.000000,2023-09-25,15:15:00.000000,1521,1523,025-180,III/1
2023-09-26_07:30:00.000000,2023-09-26,07:30:00.000000,0723,0724,025-064,III/1
2023-09-26_10:30:00.000000,2023-09-26,10:30:00.000000,1023,1024,025-166,III/1
2023-09-26_11:15:00.000000,2023-09-26,11:15:00.000000,1111,1113,025-144,III/1
2023-09-26_12:30:00.000000,2023-09-26,12:30:00.000000,1234,1234,025-117,III/1
2023-09-26_14:00:00.000000,2023-09-26,14:00:00.000000,1401,1402,025-063,III/1
2023-09-26_14:45:00.000000,2023-09-26,14:45:00.000000,1451,1451,025-180,III/1
2023-09-27_06:00:00.000000,2023-09-27,06:00:00.000000,0553,0553,025-168,III/1
2023-09-27_08:00:00.000000,2023-09-27,08:00:00.000000,0753,0753,070-180,III/1
2023-09-27_09:45:00.000000,2023-09-27,09:45:00.000000,0940,0940,025-082,III/1
2023-09-27_14:00:00.000000,2023-09-27,14:00:00.000000,1353,1353,025-083,III/1
2023-09-27_15:00:00.000000,2023-09-27,15:00:00.000000,1456,1458,025-083,III/1
2023-09-27_19:45:00.000000,2023-09-27,19:45:00.000000,1948,1952,025-075,III/1
2023-09-27_21:30:00.000000,2023-09-27,21:30:00.000000,2130,2137,025-076,III/1
2023-09-28_06:30:00.000000,2023-09-28,06:30:00.000000,0625,0625,039-084,III/1
2023-09-29_03:00:00.000000,2023-09-29,03:00:00.000000,0301,0305,044-166,III/1
2023-09-29_15:30:00.000000,2023-09-29,15:30:00.000000,1523,1530,025-156,III/1
2023-09-29_19:00:00.000000,2023-09-29,19:00:00.000000,1900,1902,025-180,III/1
2023-09-29_20:15:00.000000,2023-09-29,20:15:00.000000,2010,2014,025-157,III/1
2023-09-29_20:45:00.000000,2023-09-29,20:45:00.000000,2045,2045,025-063,III/1
2023-09-29_23:00:00.000000,2023-09-29,23:00:00.000000,2303,2312,025-073,III/1
2023-09-30_06:00:00.000000,2023-09-30,06:00:00.000000,0607,0607,033-169,III/1
2023-09-30_07:15:00.000000,2023-09-30,07:15:00.000000,0712,0713,025-061,III/1
2023-09-30_09:45:00.000000,2023-09-30,09:45:00.000000,0941,0941,025-082,III/1
2023-09-30_11:45:00.000000,2023-09-30,11:45:00.000000,1145,1145,025-083,III/1
2023-09-30_13:15:00.000000,2023-09-30,13:15:00.000000,1322,1322,025-088,III/1
2023-10-01_12:45:00.000000,2023-10-01,12:45:00.000000,1248,1250,025-041,III/1
2023-10-01_14:45:00.000000,2023-10-01,14:45:00.000000,1448,1448,025-041,III/1
2023-10-01_18:30:00.000000,2023-10-01,18:30:00.000000,1833,1833,025-075,III/1
2023-10-01_22:00:00.000000,2023-10-01,22:00:00.000000,2204,2204,025-055,III/1
2023-10-02_09:30:00.000000,2023-10-02,09:30:00.000000,0931,0931,025-043,III/1
2023-10-02_12:30:00.000000,2023-10-02,12:30:00.000000,1232,1232,025-084,III/1
2023-10-02_17:00:00.000000,2023-10-02,17:00:00.000000,1656,1657,025-042,III/1
2023-10-02_20:00:00.000000,2023-10-02,20:00:00.000000,2000,2009,025-075,III/1
2023-10-02_21:00:00.000000,2023-10-02,21:00:00.000000,2104,2104,025-061,III/1
2023-10-02_23:15:00.000000,2023-10-02,23:15:00.000000,2309,2309,025-180,III/1
2023-10-03_00:45:00.000000,2023-10-03,00:45:00.000000,0046,0046,025-113,III/1
2023-10-03_03:00:00.000000,2023-10-03,03:00:00.000000,0302,0303,025-148,III/1
2023-10-03_05:45:00.000000,2023-10-03,05:45:00.000000,0548,0549,025-098,III/1
2023-10-03_08:15:00.000000,2023-10-03,08:15:00.000000,0811,0811,025-063,III/1
2023-10-03_09:30:00.000000,2023-10-03,09:30:00.000000,0929,0929,025-046,III/1
2023-10-03_13:45:00.000000,2023-10-03,13:45:00.000000,1340,1341,025-046,III/1
2023-10-03_14:45:00.000000,2023-10-03,14:45:00.000000,1448,1448,025-056,III/1
2023-10-03_19:00:00.000000,2023-10-03,19:00:00.000000,1853,1853,025-064,III/1
2023-10-03_23:30:00.000000,2023-10-03,23:30:00.000000,2326,2326,025-105,III/1
2023-10-04_05:45:00.000000,2023-10-04,05:45:00.000000,0542,0543,047-059,III/1
2023-10-05_05:15:00.000000,2023-10-05,05:15:00.000000,0510,0511,025-180,III/1
2023-10-06_08:15:00.000000,2023-10-06,08:15:00.000000,0822,0822,025-041,III/1
2023-10-06_09:00:00.000000,2023-10-06,09:00:00.000000,0900,0901,115-180,III/1
2023-10-06_11:00:00.000000,2023-10-06,11:00:00.000000,1056,1056,048-082,III/1
2023-10-06_17:45:00.000000,2023-10-06,17:45:00.000000,1749,1749,025-044,III/1
2023-10-07_01:45:00.000000,2023-10-07,01:45:00.000000,0140,0141,025-135,III/1
2023-10-07_05:15:00.000000,2023-10-07,05:15:00.000000,0516,0516,025-083,III/1
2023-10-07_18:00:00.000000,2023-10-07,18:00:00.000000,1805,1806,053-180,III/1
2023-10-07_19:30:00.000000,2023-10-07,19:30:00.000000,1926,1926,025-076,III/1
2023-10-07_22:00:00.000000,2023-10-07,22:00:00.000000,2153,2154,025-145,III/1
2023-10-08_05:30:00.000000,2023-10-08,05:30:00.000000,0529,0529,075-150,III/1
2023-10-08_17:45:00.000000,2023-10-08,17:45:00.000000,1747,1748,025-065,III/1
2023-10-09_05:15:00.000000,2023-10-09,05:15:00.000000,0519,0520,118-160,III/1
2023-10-09_13:45:00.000000,2023-10-09,13:45:00.000000,1341,1342,025-180,III/1
2023-10-10_20:30:00.000000,2023-10-10,20:30:00.000000,2028,2035,025-180,III/1
2023-10-12_00:30:00.000000,2023-10-12,00:30:00.000000,0025,0025,025-100,III/1
2023-10-12_04:00:00.000000,2023-10-12,04:00:00.000000,0403,0404,074-135,III/1
2023-10-13_05:45:00.000000,2023-10-13,05:45:00.000000,0544,0545,075-083,III/1
2023-10-13_06:15:00.000000,2023-10-13,06:15:00.000000,0621,0622,065-083,III/1
2023-10-16_02:00:00.000000,2023-10-16,02:00:00.000000,0154,0154,119-180,III/1
2023-10-16_14:15:00.000000,2023-10-16,14:15:00.000000,1408,1410,115-146,III/1
2023-10-16_16:15:00.000000,2023-10-16,16:15:00.000000,1622,1623,060-180,III/1
2023-10-16_18:30:00.000000,2023-10-16,18:30:00.000000,1836,1837,046-180,III/1
2023-10-17_08:45:00.000000,2023-10-17,08:45:00.000000,0845,0846,048-180,III/1
2023-10-18_16:30:00.000000,2023-10-18,16:30:00.000000,1624,1624,025-146,III/1
2023-10-19_02:30:00.000000,2023-10-19,02:30:00.000000,0235,0242,041-180,III/1
2023-10-19_06:00:00.000000,2023-10-19,06:00:00.000000,0558,0558,076-180,III/1
2023-10-19_13:45:00.000000,2023-10-19,13:45:00.000000,1348,1348,025-054,III/1
2023-10-19_14:45:00.000000,2023-10-19,14:45:00.000000,1440,1440,025-063,III/1
2023-10-20_02:30:00.000000,2023-10-20,02:30:00.000000,0225,0226,025-053,III/1
2023-10-20_15:45:00.000000,2023-10-20,15:45:00.000000,1544,1553,025-045,III/1
2023-10-21_19:30:00.000000,2023-10-21,19:30:00.000000,1937,1938,025-055,III/1
2023-10-21_22:45:00.000000,2023-10-21,22:45:00.000000,2244,2245,025-104,III/1
2023-10-23_19:15:00.000000,2023-10-23,19:15:00.000000,1915,1915,025-049,III/1
2023-10-24_16:30:00.000000,2023-10-24,16:30:00.000000,1626,1627,112-180,III/1
2023-10-26_08:30:00.000000,2023-10-26,08:30:00.000000,0824,0825,086-180,III/1
2023-10-26_13:30:00.000000,2023-10-26,13:30:00.000000,1327,1330,112-180,III/1
2023-10-26_23:00:00.000000,2023-10-26,23:00:00.000000,2302,2310,069-180,III/1
2023-10-30_02:45:00.000000,2023-10-30,02:45:00.000000,0250,0251,025-116,III/1
2023-10-31_06:30:00.000000,2023-10-31,06:30:00.000000,0637,0637,121-180,III/1
2023-10-31_16:00:00.000000,2023-10-31,16:00:00.000000,1601,1602,114-149,III/1
2023-10-31_21:15:00.000000,2023-10-31,21:15:00.000000,2110,2114,025-047,III/1
2023-11-01_08:45:00.000000,2023-11-01,08:45:00.000000,0850,0850,090-180,III/1
2023-11-01_10:00:00.000000,2023-11-01,10:00:00.000000,0955,0956,054-180,III/1
2023-11-01_22:15:00.000000,2023-11-01,22:15:00.000000,2220,2220,135-180,III/1
2023-11-02_01:30:00.000000,2023-11-02,01:30:00.000000,0130,0132,048-180,III/1
2023-11-02_05:15:00.000000,2023-11-02,05:15:00.000000,0512,0512,025-053,III/1
2023-11-02_07:00:00.000000,2023-11-02,07:00:00.000000,0705,0705,076-127,III/1
2023-11-02_07:15:00.000000,2023-11-02,07:15:00.000000,0715,0719,025-157,III/1
2023-11-02_19:15:00.000000,2023-11-02,19:15:00.000000,1914,1914,025-085,III/1
2023-11-02_20:15:00.000000,2023-11-02,20:15:00.000000,2015,2016,109-180,III/1
2023-11-02_22:15:00.000000,2023-11-02,22:15:00.000000,2218,2218,108-180,III/1
2023-11-03_07:30:00.000000,2023-11-03,07:30:00.000000,0723,0724,040-145,III/1
2023-11-03_23:30:00.000000,2023-11-03,23:30:00.000000,2333,2339,025-090,III/1
2023-11-04_05:30:00.000000,2023-11-04,05:30:00.000000,0537,0538,025-180,III/1
2023-11-04_06:45:00.000000,2023-11-04,06:45:00.000000,0650,0650,025-098,III/1
2023-11-04_10:30:00.000000,2023-11-04,10:30:00.000000,1023,1023,114-169,III/1
2023-11-04_10:45:00.000000,2023-11-04,10:45:00.000000,1047,1048,030-149,III/1
2023-11-04_11:15:00.000000,2023-11-04,11:15:00.000000,1115,1117,030-083,III/1
2023-11-04_12:15:00.000000,2023-11-04,12:15:00.000000,1218,1224,025-180,III/1
2023-11-04_20:15:00.000000,2023-11-04,20:15:00.000000,2022,2022,025-125,III/1
2023-11-06_03:00:00.000000,2023-11-06,03:00:00.000000,0255,0255,109-180,III/1
2023-11-06_09:00:00.000000,2023-11-06,09:00:00.000000,0857,0857,115-180,III/1
2023-11-06_09:15:00.000000,2023-11-06,09:15:00.000000,0909,0910,115-180,III/1
2023-11-06_11:15:00.000000,2023-11-06,11:15:00.000000,1114,1114,054-083,III/1
2023-11-06_13:00:00.000000,2023-11-06,13:00:00.000000,1259,1300,025-082,III/1
2023-11-07_23:45:00.000000,2023-11-07,23:45:00.000000,2341,2341,025-119,III/1
2023-11-08_02:45:00.000000,2023-11-08,02:45:00.000000,0244,0244,025-096,III/1
2023-11-08_04:15:00.000000,2023-11-08,04:15:00.000000,0414,0414,025-065,III/1
2023-11-08_05:00:00.000000,2023-11-08,05:00:00.000000,0507,0507,096-180,III/1
2023-11-08_07:30:00.000000,2023-11-08,07:30:00.000000,0737,0737,025-125,III/1
2023-11-08_11:15:00.000000,2023-11-08,11:15:00.000000,1109,1110,113-180,III/1
2023-11-08_11:45:00.000000,2023-11-08,11:45:00.000000,1144,1152,025-165,III/1
2023-11-09_08:15:00.000000,2023-11-09,08:15:00.000000,0811,0812,025-180,III/1
2023-11-09_10:45:00.000000,2023-11-09,10:45:00.000000,1051,1058,045-118,III/1
2023-11-09_14:30:00.000000,2023-11-09,14:30:00.000000,1427,1427,123-157,III/1
2023-11-10_00:00:00.000000,2023-11-10,00:00:00.000000,2358,2358,075-180,III/1
2023-11-10_04:15:00.000000,2023-11-10,04:15:00.000000,0409,0409,025-146,III/1
2023-11-12_11:15:00.000000,2023-11-12,11:15:00.000000,1122,1123,025-084,III/1
2023-11-12_13:30:00.000000,2023-11-12,13:30:00.000000,1325,1326,025-050,III/1
2023-11-12_15:45:00.000000,2023-11-12,15:45:00.000000,1543,1544,112-172,III/1
2023-11-12_16:30:00.000000,2023-11-12,16:30:00.000000,1633,1633,130-150,III/1
2023-11-12_17:30:00.000000,2023-11-12,17:30:00.000000,1734,1734,025-180,III/1
2023-11-12_17:30:00.000000,2023-11-12,17:30:00.000000,1734,1735,025-148,III/1
2023-11-13_02:00:00.000000,2023-11-13,02:00:00.000000,0205,0206,025-168,III/1
2023-11-13_09:45:00.000000,2023-11-13,09:45:00.000000,0945,0947,025-180,III/1
2023-11-13_13:45:00.000000,2023-11-13,13:45:00.000000,1352,1352,025-120,III/1
2023-11-13_23:15:00.000000,2023-11-13,23:15:00.000000,2318,2318,025-180,III/1
2023-11-14_06:30:00.000000,2023-11-14,06:30:00.000000,0632,0632,025-084,III/1
2023-11-14_10:00:00.000000,2023-11-14,10:00:00.000000,0953,0954,025-083,III/1
2023-11-14_14:00:00.000000,2023-11-14,14:00:00.000000,1353,1354,025-084,III/1
2023-11-14_14:45:00.000000,2023-11-14,14:45:00.000000,1439,1448,060-084,III/1
2023-11-14_19:15:00.000000,2023-11-14,19:15:00.000000,1922,1922,025-048,III/1
2023-11-15_01:15:00.000000,2023-11-15,01:15:00.000000,0110,0113,025-052,III/1
2023-11-15_12:15:00.000000,2023-11-15,12:15:00.000000,1210,1211,025-081,III/1
2023-11-16_02:30:00.000000,2023-11-16,02:30:00.000000,0225,0225,025-085,III/1
2023-11-16_15:45:00.000000,2023-11-16,15:45:00.000000,1546,1546,025-044,III/1
2023-11-16_21:30:00.000000,2023-11-16,21:30:00.000000,2126,2128,025-128,III/1
2023-11-17_00:15:00.000000,2023-11-17,00:15:00.000000,0017,0017,025-062,III/1
2023-11-17_02:45:00.000000,2023-11-17,02:45:00.000000,0238,0239,025-057,III/1
2023-11-17_06:45:00.000000,2023-11-17,06:45:00.000000,0641,0641,025-180,III/1
2023-11-21_13:15:00.000000,2023-11-21,13:15:00.000000,1317,1318,129-154,III/1
2023-11-21_16:00:00.000000,2023-11-21,16:00:00.000000,1553,1553,043-180,III/1
2023-11-21_18:30:00.000000,2023-11-21,18:30:00.000000,1830,1831,025-075,III/1
2023-11-22_01:45:00.000000,2023-11-22,01:45:00.000000,0151,0152,025-087,III/1
2023-11-22_05:15:00.000000,2023-11-22,05:15:00.000000,0521,0521,025-084,III/1
2023-11-22_08:45:00.000000,2023-11-22,08:45:00.000000,0845,0845,025-101,III/1
2023-11-22_12:15:00.000000,2023-11-22,12:15:00.000000,1213,1213,025-047,III/1
2023-11-22_13:00:00.000000,2023-11-22,13:00:00.000000,1307,1307,025-180,III/1
2023-11-22_17:00:00.000000,2023-11-22,17:00:00.000000,1707,1708,025-120,III/1
2023-11-22_18:45:00.000000,2023-11-22,18:45:00.000000,1843,1843,170-180,III/1
2023-11-23_03:15:00.000000,2023-11-23,03:15:00.000000,0308,0309,025-180,III/1
2023-11-23_09:00:00.000000,2023-11-23,09:00:00.000000,0901,0902,025-154,III/1
2023-11-23_12:45:00.000000,2023-11-23,12:45:00.000000,1243,1245,075-180,III/1
2023-11-23_15:15:00.000000,2023-11-23,15:15:00.000000,1519,1519,025-072,III/1
2023-11-23_22:45:00.000000,2023-11-23,22:45:00.000000,2250,2253,025-116,III/1
2023-11-24_01:00:00.000000,2023-11-24,01:00:00.000000,0106,0106,025-060,III/1
2023-11-24_16:45:00.000000,2023-11-24,16:45:00.000000,1645,1648,025-180,III/1
2023-11-24_18:15:00.000000,2023-11-24,18:15:00.000000,1818,1819,025-086,III/1
2023-11-24_19:45:00.000000,2023-11-24,19:45:00.000000,1944,1944,025-086,III/1
2023-11-25_17:00:00.000000,2023-11-25,17:00:00.000000,1707,1711,025-180,III/1
2023-11-25_18:45:00.000000,2023-11-25,18:45:00.000000,1843,1843,037-180,III/1
2023-11-25_20:15:00.000000,2023-11-25,20:15:00.000000,2008,2009,025-180,III/1
2023-11-25_21:00:00.000000,2023-11-25,21:00:00.000000,2054,2105,025-154,III/1
2023-11-25_22:00:00.000000,2023-11-25,22:00:00.000000,2154,2154,025-046,III/1
2023-11-28_15:30:00.000000,2023-11-28,15:30:00.000000,1528,1528,025-180,III/1
2023-11-28_17:15:00.000000,2023-11-28,17:15:00.000000,1721,1721,025-155,III/1
2023-11-29_13:30:00.000000,2023-11-29,13:30:00.000000,1331,1332,025-180,III/1
2023-11-29_18:15:00.000000,2023-11-29,18:15:00.000000,1815,1817,025-074,III/1
2023-11-29_19:00:00.000000,2023-11-29,19:00:00.000000,1857,1857,025-048,III/1
2023-11-29_19:30:00.000000,2023-11-29,19:30:00.000000,1929,1929,025-075,III/1
2023-11-29_21:30:00.000000,2023-11-29,21:30:00.000000,2124,2124,025-044,III/1
2023-11-30_00:45:00.000000,2023-11-30,00:45:00.000000,0040,0042,025-084,III/1
2023-11-30_07:15:00.000000,2023-11-30,07:15:00.000000,0715,0721,035-160,III/1
2023-11-30_18:15:00.000000,2023-11-30,18:15:00.000000,1818,1821,025-086,III/1
2023-12-02_13:15:00.000000,2023-12-02,13:15:00.000000,1309,1310,054-145,III/1
2023-12-02_20:45:00.000000,2023-12-02,20:45:00.000000,2045,2045,042-060,III/1
2023-12-05_07:15:00.000000,2023-12-05,07:15:00.000000,0717,0718,025-040,III/1
2023-12-05_11:30:00.000000,2023-12-05,11:30:00.000000,1124,1124,112-180,III/1
2023-12-06_05:30:00.000000,2023-12-06,05:30:00.000000,0537,0541,025-096,III/1
2023-12-06_20:45:00.000000,2023-12-06,20:45:00.000000,2046,2054,025-081,III/1
2023-12-07_03:00:00.000000,2023-12-07,03:00:00.000000,0300,0300,074-180,III/1
2023-12-07_04:30:00.000000,2023-12-07,04:30:00.000000,0425,0426,132-180,III/1
2023-12-07_14:00:00.000000,2023-12-07,14:00:00.000000,1357,1358,025-080,III/1
2023-12-09_12:45:00.000000,2023-12-09,12:45:00.000000,1243,1246,025-041,III/1
2023-12-09_13:00:00.000000,2023-12-09,13:00:00.000000,1305,1306,160-180,III/1
2023-12-09_18:30:00.000000,2023-12-09,18:30:00.000000,1829,1829,025-085,III/1
2023-12-09_23:15:00.000000,2023-12-09,23:15:00.000000,2320,2320,025-180,III/1
2023-12-10_01:45:00.000000,2023-12-10,01:45:00.000000,0143,0206,025-100,III/1
2023-12-10_05:45:00.000000,2023-12-10,05:45:00.000000,0545,0553,025-100,III/1
2023-12-11_02:00:00.000000,2023-12-11,02:00:00.000000,0155,0155,025-093,III/1
2023-12-11_13:00:00.000000,2023-12-11,13:00:00.000000,1304,1304,036-125,III/1
2023-12-12_01:00:00.000000,2023-12-12,01:00:00.000000,0107,0107,025-110,III/1
2023-12-12_01:45:00.000000,2023-12-12,01:45:00.000000,0143,0143,025-052,III/1
2023-12-12_10:00:00.000000,2023-12-12,10:00:00.000000,1004,1008,025-180,III/1
2023-12-12_11:15:00.000000,2023-12-12,11:15:00.000000,1120,1122,155-180,III/1
2023-12-12_13:30:00.000000,2023-12-12,13:30:00.000000,1335,1337,025-038,III/1
2023-12-13_14:45:00.000000,2023-12-13,14:45:00.000000,1438,1439,025-071,III/1
2023-12-14_06:15:00.000000,2023-12-14,06:15:00.000000,0616,0616,025-180,III/1
2023-12-15_07:30:00.000000,2023-12-15,07:30:00.000000,0724,0729,047-180,III/1
2023-12-15_09:30:00.000000,2023-12-15,09:30:00.000000,0936,0936,025-168,III/1
2023-12-15_10:00:00.000000,2023-12-15,10:00:00.000000,0959,1003,025-064,III/1
2023-12-15_10:45:00.000000,2023-12-15,10:45:00.000000,1043,1044,055-082,III/1
2023-12-15_12:00:00.000000,2023-12-15,12:00:00.000000,1202,1204,025-068,III/1
2023-12-15_18:30:00.000000,2023-12-15,18:30:00.000000,1831,1847,025-071,III/1
2023-12-17_10:00:00.000000,2023-12-17,10:00:00.000000,0958,0958,025-140,III/1
2023-12-17_21:00:00.000000,2023-12-17,21:00:00.000000,2106,2115,025-141,III/1
2023-12-18_00:30:00.000000,2023-12-18,00:30:00.000000,0027,0028,059-180,III/1
2023-12-19_03:00:00.000000,2023-12-19,03:00:00.000000,0257,0259,025-150,III/1
2023-12-20_13:00:00.000000,2023-12-20,13:00:00.000000,1304,1305,025-180,III/1
2023-12-20_17:45:00.000000,2023-12-20,17:45:00.000000,1745,1745,025-048,III/1
2023-12-20_22:30:00.000000,2023-12-20,22:30:00.000000,2236,2238,025-048,III/1
2023-12-21_05:45:00.000000,2023-12-21,05:45:00.000000,0540,0547,025-180,III/1
2023-12-21_07:15:00.000000,2023-12-21,07:15:00.000000,0712,0716,025-109,III/1
2023-12-22_22:30:00.000000,2023-12-22,22:30:00.000000,2236,2236,055-180,III/1
2023-12-23_03:45:00.000000,2023-12-23,03:45:00.000000,0341,0344,025-180,III/1
2023-12-23_06:15:00.000000,2023-12-23,06:15:00.000000,0611,0611,086-180,III/1
2023-12-23_08:45:00.000000,2023-12-23,08:45:00.000000,0841,0841,025-089,III/1
2023-12-24_01:00:00.000000,2023-12-24,01:00:00.000000,0101,1056,060-180,III/1
2023-12-25_03:15:00.000000,2023-12-25,03:15:00.000000,0320,0320,025-128,III/1
2023-12-25_21:45:00.000000,2023-12-25,21:45:00.000000,2143,2151,025-053,III/1
2023-12-26_09:30:00.000000,2023-12-26,09:30:00.000000,0935,0935,025-180,III/1
2023-12-26_10:45:00.000000,2023-12-26,10:45:00.000000,1038,1039,040-084,III/1
2023-12-26_11:45:00.000000,2023-12-26,11:45:00.000000,1150,1151,025-081,III/1
2023-12-26_14:45:00.000000,2023-12-26,14:45:00.000000,1439,1441,025-123,III/1
2023-12-26_23:15:00.000000,2023-12-26,23:15:00.000000,2322,2322,025-060,III/1
2023-12-27_09:00:00.000000,2023-12-27,09:00:00.000000,0906,0906,054-124,III/1
2023-12-27_11:30:00.000000,2023-12-27,11:30:00.000000,1137,1140,042-180,III/1
2024-01-05_19:00:00.000000,2024-01-05,19:00:00.000000,1901,1901,025-062,III/1
2024-01-06_01:15:00.000000,2024-01-06,01:15:00.000000,0121,0122,025-055,III/1
2024-01-06_02:30:00.000000,2024-01-06,02:30:00.000000,0229,0231,025-180,III/1
2024-01-06_04:45:00.000000,2024-01-06,04:45:00.000000,0445,0447,025-180,III/1
2024-01-06_05:45:00.000000,2024-01-06,05:45:00.000000,0543,0545,025-180,III/1
2024-01-06_08:00:00.000000,2024-01-06,08:00:00.000000,0756,0759,025-115,III/1
2024-01-06_13:00:00.000000,2024-01-06,13:00:00.000000,1301,1302,025-083,III/1
2024-01-06_19:30:00.000000,2024-01-06,19:30:00.000000,1932,1936,025-085,III/1
2024-01-06_21:30:00.000000,2024-01-06,21:30:00.000000,2129,2129,025-044,III/1
2024-01-07_04:15:00.000000,2024-01-07,04:15:00.000000,0413,0415,025-096,III/1
2024-01-07_06:30:00.000000,2024-01-07,06:30:00.000000,0633,0634,025-098,III/1
2024-01-07_07:30:00.000000,2024-01-07,07:30:00.000000,0728,0732,025-105,III/1
2024-01-07_08:45:00.000000,2024-01-07,08:45:00.000000,0845,0845,025-097,III/1
2024-01-07_09:45:00.000000,2024-01-07,09:45:00.000000,0952,0952,045-081,III/1
2024-01-08_19:15:00.000000,2024-01-08,19:15:00.000000,1921,1922,025-075,III/1
2024-01-09_06:15:00.000000,2024-01-09,06:15:00.000000,0622,0623,025-180,III/1
2024-01-09_11:15:00.000000,2024-01-09,11:15:00.000000,1114,1115,047-180,III/1
2024-01-09_12:15:00.000000,2024-01-09,12:15:00.000000,1213,1216,025-152,III/1
2024-01-10_03:30:00.000000,2024-01-10,03:30:00.000000,0324,0332,025-137,III/1
2024-01-10_05:15:00.000000,2024-01-10,05:15:00.000000,0509,0625,074-180,III/1
2024-01-10_05:30:00.000000,2024-01-10,05:30:00.000000,0527,0528,025-083,III/1
2024-01-10_05:45:00.000000,2024-01-10,05:45:00.000000,0552,0558,025-090,III/1
2024-01-10_09:00:00.000000,2024-01-10,09:00:00.000000,0905,0905,025-059,III/1
2024-01-10_15:15:00.000000,2024-01-10,15:15:00.000000,1510,1510,025-041,III/1
2024-01-10_16:00:00.000000,2024-01-10,16:00:00.000000,1555,1556,025-146,III/1
2024-01-10_23:30:00.000000,2024-01-10,23:30:00.000000,2331,2335,037-092,III/1
2024-01-11_16:45:00.000000,2024-01-11,16:45:00.000000,1650,1650,117-146,III/1
2024-01-11_21:30:00.000000,2024-01-11,21:30:00.000000,2124,2130,025-150,III/1
2024-01-12_13:15:00.000000,2024-01-12,13:15:00.000000,1314,1314,025-042,III/1
2024-01-12_14:45:00.000000,2024-01-12,14:45:00.000000,1449,1449,075-170,III/1
2024-01-12_17:30:00.000000,2024-01-12,17:30:00.000000,1736,1736,025-054,III/1
2024-01-12_23:45:00.000000,2024-01-12,23:45:00.000000,2338,2343,025-180,III/1
2024-01-13_03:45:00.000000,2024-01-13,03:45:00.000000,0339,0344,025-180,III/1
2024-01-13_09:15:00.000000,2024-01-13,09:15:00.000000,0922,0922,025-109,III/1
2024-01-13_14:45:00.000000,2024-01-13,14:45:00.000000,1448,1449,136-161,III/1
2024-01-13_15:45:00.000000,2024-01-13,15:45:00.000000,1550,1550,025-180,III/1
2024-01-14_06:30:00.000000,2024-01-14,06:30:00.000000,0624,0625,025-100,III/1
2024-01-14_12:15:00.000000,2024-01-14,12:15:00.000000,1210,1214,030-040,III/1
2024-01-15_00:30:00.000000,2024-01-15,00:30:00.000000,0031,0045,025-180,III/1
2024-01-15_06:45:00.000000,2024-01-15,06:45:00.000000,0644,0644,039-061,III/1
2024-01-15_12:30:00.000000,2024-01-15,12:30:00.000000,1225,1225,035-084,III/1
2024-01-15_14:00:00.000000,2024-01-15,14:00:00.000000,1401,1409,121-180,III/1
2024-01-16_08:15:00.000000,2024-01-16,08:15:00.000000,0817,0817,025-075,III/1
2024-01-17_06:30:00.000000,2024-01-17,06:30:00.000000,0629,0629,025-064,III/1
2024-01-17_12:45:00.000000,2024-01-17,12:45:00.000000,1240,1241,025-048,III/1
2024-01-18_01:30:00.000000,2024-01-18,01:30:00.000000,0129,0129,050-098,III/1
2024-01-18_08:15:00.000000,2024-01-18,08:15:00.000000,0821,0821,025-061,III/1
2024-01-18_11:45:00.000000,2024-01-18,11:45:00.000000,1151,1152,038-082,III/1
2024-01-20_03:00:00.000000,2024-01-20,03:00:00.000000,0257,0258,025-180,III/1
2024-01-20_08:45:00.000000,2024-01-20,08:45:00.000000,0851,0852,051-180,III/1
2024-01-21_00:00:00.000000,2024-01-21,00:00:00.000000,0007,0007,025-062,III/1
2024-01-21_10:30:00.000000,2024-01-21,10:30:00.000000,1024,1024,025-082,III/1
2024-01-21_11:00:00.000000,2024-01-21,11:00:00.000000,1055,1056,033-083,III/1
2024-01-21_12:30:00.000000,2024-01-21,12:30:00.000000,1230,1230,036-180,III/1
2024-01-21_14:30:00.000000,2024-01-21,14:30:00.000000,1423,1425,035-156,III/1
2024-01-22_07:30:00.000000,2024-01-22,07:30:00.000000,0727,0727,025-050,III/1
2024-01-22_13:30:00.000000,2024-01-22,13:30:00.000000,1327,1327,025-049,III/1
2024-01-23_11:00:00.000000,2024-01-23,11:00:00.000000,1056,1057,025-180,III/1
2024-01-23_17:15:00.000000,2024-01-23,17:15:00.000000,1717,1717,025-070,III/1
2024-01-23_19:00:00.000000,2024-01-23,19:00:00.000000,1904,1904,025-038,III/1
2024-01-24_08:15:00.000000,2024-01-24,08:15:00.000000,0808,0810,025-084,III/1
2024-01-25_00:00:00.000000,2024-01-25,00:00:00.000000,2356,2359,025-158,III/1
2024-01-25_00:00:00.000000,2024-01-25,00:00:00.000000,0000,0003,025-117,III/1
2024-01-25_02:45:00.000000,2024-01-25,02:45:00.000000,0249,0257,025-164,III/1
2024-01-25_09:45:00.000000,2024-01-25,09:45:00.000000,0938,0942,113-150,III/1
2024-01-28_00:30:00.000000,2024-01-28,00:30:00.000000,0036,0040,025-088,III/1
2024-01-28_05:00:00.000000,2024-01-28,05:00:00.000000,0500,0500,025-066,III/1
2024-01-28_08:30:00.000000,2024-01-28,08:30:00.000000,0826,0826,025-062,III/1
2024-01-28_09:00:00.000000,2024-01-28,09:00:00.000000,0904,0907,050-133,III/1
2024-01-28_10:15:00.000000,2024-01-28,10:15:00.000000,1018,1018,048-079,III/1
2024-01-28_16:00:00.000000,2024-01-28,16:00:00.000000,1603,1605,025-180,III/1
2024-01-28_19:00:00.000000,2024-01-28,19:00:00.000000,1859,1859,025-057,III/1
2024-01-28_19:45:00.000000,2024-01-28,19:45:00.000000,1946,1947,111-180,III/1
2024-01-28_20:45:00.000000,2024-01-28,20:45:00.000000,2039,2040,025-047,III/1
2024-01-28_22:15:00.000000,2024-01-28,22:15:00.000000,2222,2222,025-160,III/1
2024-01-29_01:30:00.000000,2024-01-29,01:30:00.000000,0131,0136,025-180,III/1
2024-01-29_07:30:00.000000,2024-01-29,07:30:00.000000,0727,0930,025-180,III/1
2024-01-29_07:30:00.000000,2024-01-29,07:30:00.000000,0727,0730,035-159,III/1
2024-01-29_16:15:00.000000,2024-01-29,16:15:00.000000,1619,1625,025-148,III/1
2024-01-29_20:45:00.000000,2024-01-29,20:45:00.000000,2050,2051,025-046,III/1
2024-01-30_04:00:00.000000,2024-01-30,04:00:00.000000,0403,0405,038-180,III/1
2024-01-30_08:00:00.000000,2024-01-30,08:00:00.000000,0807,0807,025-087,III/1
2024-01-30_12:00:00.000000,2024-01-30,12:00:00.000000,1200,1206,025-180,III/1
2024-01-30_15:30:00.000000,2024-01-30,15:30:00.000000,1532,1532,040-087,III/1
2024-01-30_19:00:00.000000,2024-01-30,19:00:00.000000,1906,1909,025-085,III/1
2024-01-30_20:00:00.000000,2024-01-30,20:00:00.000000,2005,2006,025-063,III/1
2024-01-30_23:00:00.000000,2024-01-30,23:00:00.000000,2304,2311,025-089,III/1
2024-01-31_05:15:00.000000,2024-01-31,05:15:00.000000,0516,0523,025-148,III/1
2024-01-31_07:45:00.000000,2024-01-31,07:45:00.000000,0738,0738,039-074,III/1
2024-01-31_16:15:00.000000,2024-01-31,16:15:00.000000,1618,1620,025-180,III/1
2024-02-01_00:15:00.000000,2024-02-01,00:15:00.000000,0013,0015,025-087,III/1
2024-02-01_02:00:00.000000,2024-02-01,02:00:00.000000,0207,0208,050-180,III/1
2024-02-01_10:45:00.000000,2024-02-01,10:45:00.000000,1039,1039,075-147,III/1
2024-02-01_14:45:00.000000,2024-02-01,14:45:00.000000,1449,1454,025-180,III/1
2024-02-01_17:15:00.000000,2024-02-01,17:15:00.000000,1714,1716,025-146,III/1
2024-02-01_19:30:00.000000,2024-02-01,19:30:00.000000,1933,1934,025-180,III/1
2024-02-02_06:30:00.000000,2024-02-02,06:30:00.000000,0627,0627,115-180,III/1
2024-02-02_13:00:00.000000,2024-02-02,13:00:00.000000,1258,1258,025-067,III/1
2024-02-02_15:30:00.000000,2024-02-02,15:30:00.000000,1529,1530,075-153,III/1
2024-02-02_16:45:00.000000,2024-02-02,16:45:00.000000,1645,1645,025-053,III/1
2024-02-02_17:45:00.000000,2024-02-02,17:45:00.000000,1745,1748,025-143,III/1
2024-02-03_08:15:00.000000,2024-02-03,08:15:00.000000,0819,0819,025-046,III/1
2024-02-03_10:00:00.000000,2024-02-03,10:00:00.000000,0953,0953,025-043,III/1
2024-02-03_12:00:00.000000,2024-02-03,12:00:00.000000,1207,1207,025-084,III/1
2024-02-03_19:30:00.000000,2024-02-03,19:30:00.000000,1936,1936,025-070,III/1
2024-02-04_14:00:00.000000,2024-02-04,14:00:00.000000,1356,1357,025-160,III/1
2024-02-05_08:45:00.000000,2024-02-05,08:45:00.000000,0842,0843,025-084,III/1
2024-02-05_11:15:00.000000,2024-02-05,11:15:00.000000,1112,1113,053-084,III/1
2024-02-05_18:45:00.000000,2024-02-05,18:45:00.000000,1840,1840,025-065,III/1
2024-02-05_22:45:00.000000,2024-02-05,22:45:00.000000,2250,2258,025-162,III/1
2024-02-07_14:00:00.000000,2024-02-07,14:00:00.000000,1358,1359,025-046,III/1
2024-02-07_16:00:00.000000,2024-02-07,16:00:00.000000,1607,1608,025-180,III/1
2024-02-07_19:30:00.000000,2024-02-07,19:30:00.000000,1923,1930,025-086,III/1
2024-02-07_20:15:00.000000,2024-02-07,20:15:00.000000,2013,2016,025-146,III/1
2024-02-08_06:45:00.000000,2024-02-08,06:45:00.000000,0647,0647,034-180,III/1
2024-02-08_18:00:00.000000,2024-02-08,18:00:00.000000,1801,1811,025-091,III/1
2024-02-08_19:00:00.000000,2024-02-08,19:00:00.000000,1902,1903,053-086,III/1
2024-02-09_00:00:00.000000,2024-02-09,00:00:00.000000,0000,0415,111-180,III/1
2024-02-09_12:30:00.000000,2024-02-09,12:30:00.000000,1235,1235,025-180,III/1
2024-02-10_02:30:00.000000,2024-02-10,02:30:00.000000,0237,0238,025-087,III/1
2024-02-10_14:45:00.000000,2024-02-10,14:45:00.000000,1447,1447,025-045,III/1
2024-02-11_08:30:00.000000,2024-02-11,08:30:00.000000,0825,0827,025-041,III/1
2024-02-11_13:15:00.000000,2024-02-11,13:15:00.000000,1322,1323,025-048,III/1
2024-02-11_13:45:00.000000,2024-02-11,13:45:00.000000,1344,1344,025-049,III/1
2024-02-12_02:00:00.000000,2024-02-12,02:00:00.000000,0154,0154,058-152,III/1
2024-02-12_05:30:00.000000,2024-02-12,05:30:00.000000,0524,0524,040-180,III/1
2024-02-12_15:15:00.000000,2024-02-12,15:15:00.000000,1521,1521,077-180,III/1
2024-02-12_21:15:00.000000,2024-02-12,21:15:00.000000,2110,2110,025-052,III/1
2024-02-12_23:30:00.000000,2024-02-12,23:30:00.000000,2337,2338,075-180,III/1
2024-02-12_23:45:00.000000,2024-02-12,23:45:00.000000,2338,2339,025-180,III/1
2024-02-13_04:45:00.000000,2024-02-13,04:45:00.000000,0444,0444,067-180,III/1
2024-02-13_05:30:00.000000,2024-02-13,05:30:00.000000,0530,0530,068-180,III/1
2024-02-13_07:45:00.000000,2024-02-13,07:45:00.000000,0744,0746,059-180,III/1
2024-02-13_12:00:00.000000,2024-02-13,12:00:00.000000,1159,1200,114-168,III/1
2024-02-13_14:00:00.000000,2024-02-13,14:00:00.000000,1406,1406,025-069,III/1
2024-02-13_17:00:00.000000,2024-02-13,17:00:00.000000,1657,1702,117-180,III/1
2024-02-13_19:00:00.000000,2024-02-13,19:00:00.000000,1853,1853,065-095,III/1
2024-02-14_02:00:00.000000,2024-02-14,02:00:00.000000,0203,0203,025-180,III/1
2024-02-14_08:15:00.000000,2024-02-14,08:15:00.000000,0817,0817,025-040,III/1
2024-02-14_18:45:00.000000,2024-02-14,18:45:00.000000,1849,1849,025-046,III/1
2024-02-14_20:15:00.000000,2024-02-14,20:15:00.000000,2022,2022,025-048,III/1
2024-02-15_04:00:00.000000,2024-02-15,04:00:00.000000,0356,0400,025-180,III/1
2024-02-15_12:45:00.000000,2024-02-15,12:45:00.000000,1245,1246,025-140,III/1
2024-02-16_02:30:00.000000,2024-02-16,02:30:00.000000,0228,0229,025-067,III/1
2024-02-16_02:45:00.000000,2024-02-16,02:45:00.000000,0252,0256,063-180,III/1
2024-02-16_07:45:00.000000,2024-02-16,07:45:00.000000,0752,0753,025-125,III/1
2024-02-16_14:00:00.000000,2024-02-16,14:00:00.000000,1353,1353,025-075,III/1
2024-02-16_14:00:00.000000,2024-02-16,14:00:00.000000,1353,1353,025-083,III/1
2024-02-16_23:15:00.000000,2024-02-16,23:15:00.000000,2318,2324,025-100,III/1
2024-02-17_00:45:00.000000,2024-02-17,00:45:00.000000,0043,0054,025-180,III/1
2024-02-17_01:30:00.000000,2024-02-17,01:30:00.000000,0130,0130,025-037,III/1
2024-02-17_03:30:00.000000,2024-02-17,03:30:00.000000,0323,0325,025-075,III/1
2024-02-17_14:00:00.000000,2024-02-17,14:00:00.000000,1353,1357,025-045,III/1
2024-02-17_14:30:00.000000,2024-02-17,14:30:00.000000,1437,1438,025-045,III/1
2024-02-18_00:00:00.000000,2024-02-18,00:00:00.000000,0006,0006,025-060,III/1
2024-02-18_07:15:00.000000,2024-02-18,07:15:00.000000,0718,0719,138-168,III/1
2024-02-18_10:45:00.000000,2024-02-18,10:45:00.000000,1050,1050,129-180,III/1
2024-02-18_12:00:00.000000,2024-02-18,12:00:00.000000,1204,1204,025-050,III/1
2024-02-18_14:00:00.000000,2024-02-18,14:00:00.000000,1402,1403,114-180,III/1
2024-02-18_15:00:00.000000,2024-02-18,15:00:00.000000,1459,1459,113-180,III/1
2024-02-18_15:30:00.000000,2024-02-18,15:30:00.000000,1532,1536,054-180,III/1
2024-02-19_06:15:00.000000,2024-02-19,06:15:00.000000,0610,0610,114-180,III/1
2024-02-19_11:15:00.000000,2024-02-19,11:15:00.000000,1111,1111,140-154,III/1
2024-02-19_15:30:00.000000,2024-02-19,15:30:00.000000,1536,1536,112-180,III/1
2024-02-19_23:15:00.000000,2024-02-19,23:15:00.000000,2313,2321,025-110,III/1
2024-02-20_00:00:00.000000,2024-02-20,00:00:00.000000,0006,0011,025-051,III/1
2024-02-20_13:00:00.000000,2024-02-20,13:00:00.000000,1301,1311,075-180,III/1
2024-02-20_21:00:00.000000,2024-02-20,21:00:00.000000,2105,2106,025-048,III/1
2024-02-21_00:30:00.000000,2024-02-21,00:30:00.000000,0026,0029,025-063,III/1
2024-02-21_11:30:00.000000,2024-02-21,11:30:00.000000,1134,1135,080-180,III/1
2024-02-21_14:45:00.000000,2024-02-21,14:45:00.000000,1442,1442,025-048,III/1
2024-02-21_15:15:00.000000,2024-02-21,15:15:00.000000,1510,1519,044-180,III/1
2024-02-21_19:30:00.000000,2024-02-21,19:30:00.000000,1929,1929,025-093,III/1
2024-02-21_23:30:00.000000,2024-02-21,23:30:00.000000,2327,2327,025-100,III/1
2024-02-22_00:00:00.000000,2024-02-22,00:00:00.000000,0002,0002,025-057,III/1
2024-02-22_09:00:00.000000,2024-02-22,09:00:00.000000,0854,0854,043-139,III/1
2024-02-22_17:15:00.000000,2024-02-22,17:15:00.000000,1715,1716,025-146,III/1
2024-02-22_18:00:00.000000,2024-02-22,18:00:00.000000,1805,1805,025-054,III/1
2024-02-22_19:45:00.000000,2024-02-22,19:45:00.000000,1952,1952,025-086,III/1
2024-02-22_20:15:00.000000,2024-02-22,20:15:00.000000,2022,2022,025-059,III/1
2024-02-22_22:30:00.000000,2024-02-22,22:30:00.000000,2228,2228,025-180,III/1
2024-02-27_06:45:00.000000,2024-02-27,06:45:00.000000,0652,0653,025-180,III/1
2024-02-27_07:15:00.000000,2024-02-27,07:15:00.000000,0716,0716,025-065,III/1
2024-02-28_04:00:00.000000,2024-02-28,04:00:00.000000,0353,0353,025-063,III/1
2024-02-28_08:30:00.000000,2024-02-28,08:30:00.000000,0825,0825,025-135,III/1
2024-02-28_12:00:00.000000,2024-02-28,12:00:00.000000,1205,1206,025-052,III/1
2024-02-28_14:15:00.000000,2024-02-28,14:15:00.000000,1421,1426,025-180,III/1
2024-02-28_23:30:00.000000,2024-02-28,23:30:00.000000,2328,2328,025-073,III/1
2024-02-29_01:00:00.000000,2024-02-29,01:00:00.000000,0059,0102,025-180,III/1
2024-03-01_00:45:00.000000,2024-03-01,00:45:00.000000,0045,0045,025-180,III/1
2024-03-01_01:15:00.000000,2024-03-01,01:15:00.000000,0108,0116,030-070,III/1
2024-03-01_06:00:00.000000,2024-03-01,06:00:00.000000,0558,0604,025-180,III/1
2024-03-01_10:15:00.000000,2024-03-01,10:15:00.000000,1020,1021,025-041,III/1
2024-03-01_12:15:00.000000,2024-03-01,12:15:00.000000,1217,1217,025-083,III/1
2024-03-01_14:30:00.000000,2024-03-01,14:30:00.000000,1436,1437,025-180,III/1
2024-03-02_09:00:00.000000,2024-03-02,09:00:00.000000,0857,0858,025-105,III/1
2024-03-03_08:15:00.000000,2024-03-03,08:15:00.000000,0812,0812,035-107,III/1
2024-03-03_15:30:00.000000,2024-03-03,15:30:00.000000,1524,1525,135-180,III/1
2024-03-04_19:00:00.000000,2024-03-04,19:00:00.000000,1907,1907,025-061,III/1
2024-03-04_23:45:00.000000,2024-03-04,23:45:00.000000,2343,2345,025-144,III/1
2024-03-05_00:00:00.000000,2024-03-05,00:00:00.000000,0005,0009,025-117,III/1
2024-03-05_02:15:00.000000,2024-03-05,02:15:00.000000,0222,0224,036-110,III/1
2024-03-05_12:45:00.000000,2024-03-05,12:45:00.000000,1239,1240,075-180,III/1
2024-03-05_13:30:00.000000,2024-03-05,13:30:00.000000,1335,1335,025-088,III/1
2024-03-05_15:00:00.000000,2024-03-05,15:00:00.000000,1502,1502,080-160,III/1
2024-03-05_18:30:00.000000,2024-03-05,18:30:00.000000,1825,1826,039-180,III/1
2024-03-06_00:00:00.000000,2024-03-06,00:00:00.000000,0000,0001,025-180,III/1
2024-03-06_03:30:00.000000,2024-03-06,03:30:00.000000,0333,0334,025-180,III/1
2024-03-07_06:00:00.000000,2024-03-07,06:00:00.000000,0559,0559,025-180,III/1
2024-03-07_07:30:00.000000,2024-03-07,07:30:00.000000,0736,0737,025-057,III/1
2024-03-07_12:45:00.000000,2024-03-07,12:45:00.000000,1240,1241,025-085,III/1
2024-03-07_19:15:00.000000,2024-03-07,19:15:00.000000,1919,1920,025-167,III/1
2024-03-08_11:45:00.000000,2024-03-08,11:45:00.000000,1145,1147,025-180,III/1
2024-03-08_13:15:00.000000,2024-03-08,13:15:00.000000,1308,1308,025-043,III/1
2024-03-09_01:00:00.000000,2024-03-09,01:00:00.000000,0059,0059,025-123,III/1
2024-03-09_12:15:00.000000,2024-03-09,12:15:00.000000,1218,1218,025-043,III/1
2024-03-10_22:45:00.000000,2024-03-10,22:45:00.000000,2241,2246,025-160,III/1
2024-03-11_00:30:00.000000,2024-03-11,00:30:00.000000,0037,0037,025-090,III/1
2024-03-13_12:00:00.000000,2024-03-13,12:00:00.000000,1200,1200,115-180,III/1
2024-03-13_14:15:00.000000,2024-03-13,14:15:00.000000,1414,1414,076-180,III/1
2024-03-13_16:30:00.000000,2024-03-13,16:30:00.000000,1626,1626,060-180,III/1
2024-03-14_02:15:00.000000,2024-03-14,02:15:00.000000,0211,0211,025-180,III/1
2024-03-14_06:00:00.000000,2024-03-14,06:00:00.000000,0600,0600,036-135,III/1
2024-03-14_11:30:00.000000,2024-03-14,11:30:00.000000,1125,1126,057-160,III/1
2024-03-14_12:45:00.000000,2024-03-14,12:45:00.000000,1243,1244,076-151,III/1
2024-03-14_15:15:00.000000,2024-03-14,15:15:00.000000,1522,1523,053-085,III/1
2024-03-17_00:30:00.000000,2024-03-17,00:30:00.000000,0036,0040,025-143,III/1
2024-03-18_22:15:00.000000,2024-03-18,22:15:00.000000,2211,2211,025-051,III/1
2024-03-20_01:00:00.000000,2024-03-20,01:00:00.000000,0053,0058,025-180,III/1
2024-03-20_02:00:00.000000,2024-03-20,02:00:00.000000,0154,0203,025-100,III/1
2024-03-20_08:00:00.000000,2024-03-20,08:00:00.000000,0804,0806,075-180,III/1
2024-03-20_15:15:00.000000,2024-03-20,15:15:00.000000,1520,1521,063-149,III/1
2024-03-21_01:45:00.000000,2024-03-21,01:45:00.000000,0141,0141,025-180,III/1
2024-03-21_04:30:00.000000,2024-03-21,04:30:00.000000,0436,0456,025-180,III/1
2024-03-22_08:00:00.000000,2024-03-22,08:00:00.000000,0805,0805,025-062,III/1
2024-03-22_10:30:00.000000,2024-03-22,10:30:00.000000,1030,1030,025-041,III/1
2024-03-22_12:15:00.000000,2024-03-22,12:15:00.000000,1222,1223,025-041,III/1
2024-03-23_16:00:00.000000,2024-03-23,16:00:00.000000,1556,1557,025-180,III/1
2024-03-23_18:30:00.000000,2024-03-23,18:30:00.000000,1836,1836,025-180,III/1
2024-03-23_19:15:00.000000,2024-03-23,19:15:00.000000,1910,1911,025-090,III/1
2024-03-23_21:45:00.000000,2024-03-23,21:45:00.000000,2148,2326,025-180,III/1
2024-03-24_07:45:00.000000,2024-03-24,07:45:00.000000,0739,0746,025-068,III/1
2024-03-24_14:15:00.000000,2024-03-24,14:15:00.000000,1413,1414,025-180,III/1
2024-03-24_15:30:00.000000,2024-03-24,15:30:00.000000,1524,1535,025-180,III/1
2024-03-24_18:00:00.000000,2024-03-24,18:00:00.000000,1805,1805,140-180,III/1
2024-03-24_21:45:00.000000,2024-03-24,21:45:00.000000,2147,2149,025-180,III/1
2024-03-24_22:45:00.000000,2024-03-24,22:45:00.000000,2239,2240,025-051,III/1
2024-03-25_21:45:00.000000,2024-03-25,21:45:00.000000,2150,2150,025-180,III/1
2024-03-25_23:00:00.000000,2024-03-25,23:00:00.000000,2254,2255,075-180,III/1
2024-03-25_23:30:00.000000,2024-03-25,23:30:00.000000,2334,2335,075-180,III/1
2024-03-26_09:30:00.000000,2024-03-26,09:30:00.000000,0926,0927,025-040,III/1
2024-03-26_16:45:00.000000,2024-03-26,16:45:00.000000,1643,1643,068-152,III/1
2024-03-26_22:15:00.000000,2024-03-26,22:15:00.000000,2211,2211,123-180,III/1
2024-03-27_06:00:00.000000,2024-03-27,06:00:00.000000,0604,0604,025-132,III/1
2024-03-27_06:30:00.000000,2024-03-27,06:30:00.000000,0634,0635,025-154,III/1
2024-03-27_08:45:00.000000,2024-03-27,08:45:00.000000,0841,0842,025-083,III/1
2024-03-27_09:15:00.000000,2024-03-27,09:15:00.000000,0910,0911,075-168,III/1
2024-03-27_17:15:00.000000,2024-03-27,17:15:00.000000,1713,1714,025-047,III/1
2024-03-28_04:00:00.000000,2024-03-28,04:00:00.000000,0402,0402,025-117,III/1
2024-03-28_10:30:00.000000,2024-03-28,10:30:00.000000,1037,1038,025-083,III/1
2024-03-28_11:30:00.000000,2024-03-28,11:30:00.000000,1135,1137,025-180,III/1
2024-03-28_11:30:00.000000,2024-03-28,11:30:00.000000,1135,1135,025-155,III/1
2024-03-28_16:15:00.000000,2024-03-28,16:15:00.000000,1615,1616,025-150,III/1
2024-03-28_17:30:00.000000,2024-03-28,17:30:00.000000,1725,1726,025-048,III/1
2024-03-28_20:30:00.000000,2024-03-28,20:30:00.000000,2031,2035,025-075,III/1
2024-03-29_03:00:00.000000,2024-03-29,03:00:00.000000,0306,0307,025-180,III/1
2024-03-29_05:00:00.000000,2024-03-29,05:00:00.000000,0500,0500,025-160,III/1
2024-03-29_06:30:00.000000,2024-03-29,06:30:00.000000,0627,0627,025-114,III/1
2024-03-29_10:00:00.000000,2024-03-29,10:00:00.000000,1000,1001,025-082,III/1
2024-03-29_10:30:00.000000,2024-03-29,10:30:00.000000,1037,1038,025-083,III/1
2024-03-29_11:15:00.000000,2024-03-29,11:15:00.000000,1111,1112,025-052,III/1
2024-03-29_15:00:00.000000,2024-03-29,15:00:00.000000,1507,1507,025-042,III/1
2024-03-29_15:30:00.000000,2024-03-29,15:30:00.000000,1528,1530,025-147,III/1
2024-03-29_20:00:00.000000,2024-03-29,20:00:00.000000,2003,2005,025-169,III/1
2024-03-29_22:30:00.000000,2024-03-29,22:30:00.000000,2233,2241,025-167,III/1
2024-03-29_23:30:00.000000,2024-03-29,23:30:00.000000,2333,2334,025-064,III/1
2024-03-30_04:15:00.000000,2024-03-30,04:15:00.000000,0408,0408,025-110,III/1
2024-03-30_08:00:00.000000,2024-03-30,08:00:00.000000,0807,0903,025-180,III/1
2024-03-30_11:15:00.000000,2024-03-30,11:15:00.000000,1111,1111,079-137,III/1
2024-03-30_13:45:00.000000,2024-03-30,13:45:00.000000,1338,1338,025-043,III/1
2024-03-30_16:00:00.000000,2024-03-30,16:00:00.000000,1603,1607,043-160,III/1
2024-03-30_23:30:00.000000,2024-03-30,23:30:00.000000,2333,2334,025-092,III/1
2024-03-31_00:00:00.000000,2024-03-31,00:00:00.000000,2358,2358,041-098,III/1
2024-03-31_07:30:00.000000,2024-03-31,07:30:00.000000,0729,0729,025-062,III/1
2024-03-31_08:30:00.000000,2024-03-31,08:30:00.000000,0837,0837,025-039,III/1
2024-04-01_07:45:00.000000,2024-04-01,07:45:00.000000,0743,0743,025-146,III/1
2024-04-01_13:45:00.000000,2024-04-01,13:45:00.000000,1347,1355,025-057,III/1
2024-04-04_03:15:00.000000,2024-04-04,03:15:00.000000,0310,0310,050-075,III/1
2024-04-05_11:30:00.000000,2024-04-05,11:30:00.000000,1133,1134,025-052,III/1
2024-04-05_16:30:00.000000,2024-04-05,16:30:00.000000,1630,1630,025-075,III/1
2024-04-07_18:30:00.000000,2024-04-07,18:30:00.000000,1835,1837,025-054,III/1
2024-04-08_09:30:00.000000,2024-04-08,09:30:00.000000,0925,0925,088-137,III/1
2024-04-09_21:45:00.000000,2024-04-09,21:45:00.000000,2146,2147,025-059,III/1
2024-04-10_18:00:00.000000,2024-04-10,18:00:00.000000,1807,1809,025-049,III/1
2024-04-10_21:00:00.000000,2024-04-10,21:00:00.000000,2106,2107,025-063,III/1
2024-04-11_03:30:00.000000,2024-04-11,03:30:00.000000,0334,0336,025-075,III/1
2024-04-11_05:00:00.000000,2024-04-11,05:00:00.000000,0501,0505,025-062,III/1
2024-04-11_06:30:00.000000,2024-04-11,06:30:00.000000,0629,0633,025-180,III/1
2024-04-11_06:30:00.000000,2024-04-11,06:30:00.000000,0637,0644,025-076,III/1
2024-04-11_07:45:00.000000,2024-04-11,07:45:00.000000,0749,0749,025-081,III/1
2024-04-11_09:15:00.000000,2024-04-11,09:15:00.000000,0915,0916,025-040,III/1
2024-04-11_21:30:00.000000,2024-04-11,21:30:00.000000,2126,2135,025-064,III/1
2024-04-11_22:15:00.000000,2024-04-11,22:15:00.000000,2220,2220,025-057,III/1
2024-04-12_00:45:00.000000,2024-04-12,00:45:00.000000,0040,0042,025-119,III/1
2024-04-12_05:30:00.000000,2024-04-12,05:30:00.000000,0528,0529,039-073,III/1
2024-04-12_17:15:00.000000,2024-04-12,17:15:00.000000,1709,1710,025-082,III/1
2024-04-12_19:45:00.000000,2024-04-12,19:45:00.000000,1949,1951,025-180,III/1
2024-04-12_22:30:00.000000,2024-04-12,22:30:00.000000,2235,2235,025-180,III/1
2024-04-13_02:30:00.000000,2024-04-13,02:30:00.000000,0235,0236,025-075,III/1
2024-04-13_03:15:00.000000,2024-04-13,03:15:00.000000,0317,0317,025-069,III/1
2024-04-13_03:45:00.000000,2024-04-13,03:45:00.000000,0338,0339,025-151,III/1
2024-04-13_13:15:00.000000,2024-04-13,13:15:00.000000,1314,1316,025-046,III/1
2024-04-14_15:15:00.000000,2024-04-14,15:15:00.000000,1518,1519,025-045,III/1
2024-04-14_20:30:00.000000,2024-04-14,20:30:00.000000,2028,2029,025-063,III/1
2024-04-14_23:30:00.000000,2024-04-14,23:30:00.000000,2336,2337,025-062,III/1
2024-04-15_04:30:00.000000,2024-04-15,04:30:00.000000,0433,0435,025-180,III/1
2024-04-16_00:00:00.000000,2024-04-16,00:00:00.000000,2353,2353,077-152,III/1
2024-04-16_00:15:00.000000,2024-04-16,00:15:00.000000,0022,0023,025-159,III/1
2024-04-16_01:15:00.000000,2024-04-16,01:15:00.000000,0111,0118,025-106,III/1
2024-04-16_13:30:00.000000,2024-04-16,13:30:00.000000,1336,1338,025-056,III/1
2024-04-17_04:45:00.000000,2024-04-17,04:45:00.000000,0452,0454,042-170,III/1
2024-04-17_18:30:00.000000,2024-04-17,18:30:00.000000,1824,1826,033-142,III/1
2024-04-18_16:00:00.000000,2024-04-18,16:00:00.000000,1605,1606,025-081,III/1
2024-04-20_10:30:00.000000,2024-04-20,10:30:00.000000,1032,1032,025-054,III/1
2024-04-20_18:00:00.000000,2024-04-20,18:00:00.000000,1753,1801,025-075,III/1
2024-04-22_02:15:00.000000,2024-04-22,02:15:00.000000,0214,0218,025-180,III/1
2024-04-22_10:15:00.000000,2024-04-22,10:15:00.000000,1017,1018,025-075,III/1
2024-04-22_18:00:00.000000,2024-04-22,18:00:00.000000,1753,1753,025-180,III/1
2024-04-22_18:15:00.000000,2024-04-22,18:15:00.000000,1808,1809,025-180,III/1
2024-04-22_18:30:00.000000,2024-04-22,18:30:00.000000,1830,1831,025-060,III/1
2024-04-23_00:00:00.000000,2024-04-23,00:00:00.000000,2353,2354,025-059,III/1
2024-04-23_00:00:00.000000,2024-04-23,00:00:00.000000,0001,0002,025-104,III/1
2024-04-23_01:15:00.000000,2024-04-23,01:15:00.000000,0115,0116,025-050,III/1
2024-04-23_02:30:00.000000,2024-04-23,02:30:00.000000,0223,0224,025-074,III/1
2024-04-23_03:15:00.000000,2024-04-23,03:15:00.000000,0315,0316,042-180,III/1
2024-04-23_07:30:00.000000,2024-04-23,07:30:00.000000,0725,0726,025-085,III/1
2024-04-23_15:30:00.000000,2024-04-23,15:30:00.000000,1528,1528,076-180,III/1
2024-04-23_16:45:00.000000,2024-04-23,16:45:00.000000,1648,1648,025-068,III/1
2024-04-23_20:45:00.000000,2024-04-23,20:45:00.000000,2045,2047,025-055,III/1
2024-04-24_00:15:00.000000,2024-04-24,00:15:00.000000,0017,0018,025-070,III/1
2024-04-24_10:30:00.000000,2024-04-24,10:30:00.000000,1035,1035,025-041,III/1
2024-04-24_12:45:00.000000,2024-04-24,12:45:00.000000,1241,1241,025-180,III/1
2024-04-24_17:45:00.000000,2024-04-24,17:45:00.000000,1741,1742,025-073,III/1
2024-04-24_22:45:00.000000,2024-04-24,22:45:00.000000,2244,2247,025-180,III/1
2024-04-25_04:00:00.000000,2024-04-25,04:00:00.000000,0356,0357,040-075,III/1
2024-04-25_13:15:00.000000,2024-04-25,13:15:00.000000,1313,1318,025-180,III/1
2024-04-25_16:15:00.000000,2024-04-25,16:15:00.000000,1617,1627,025-054,III/1
2024-04-25_16:30:00.000000,2024-04-25,16:30:00.000000,1626,1627,025-081,III/1
2024-04-25_18:00:00.000000,2024-04-25,18:00:00.000000,1806,1807,025-077,III/1
2024-04-25_19:15:00.000000,2024-04-25,19:15:00.000000,1922,1922,025-121,III/1
2024-04-25_21:45:00.000000,2024-04-25,21:45:00.000000,2139,2139,116-180,III/1
2024-04-26_10:45:00.000000,2024-04-26,10:45:00.000000,1039,1041,025-147,III/1
2024-04-26_15:15:00.000000,2024-04-26,15:15:00.000000,1514,1514,025-096,III/1
2024-04-27_06:00:00.000000,2024-04-27,06:00:00.000000,0601,0601,037-075,III/1
2024-04-27_10:00:00.000000,2024-04-27,10:00:00.000000,0955,0956,025-051,III/1
2024-04-27_14:15:00.000000,2024-04-27,14:15:00.000000,1409,1409,025-083,III/1
2024-04-27_16:15:00.000000,2024-04-27,16:15:00.000000,1616,1617,025-180,III/1
2024-04-27_23:00:00.000000,2024-04-27,23:00:00.000000,2304,2305,025-060,III/1
2024-04-27_23:45:00.000000,2024-04-27,23:45:00.000000,2338,2339,025-134,III/1
2024-04-28_15:45:00.000000,2024-04-28,15:45:00.000000,1541,1542,025-180,III/1
2024-04-28_15:45:00.000000,2024-04-28,15:45:00.000000,1542,1544,025-180,III/1
2024-04-28_20:30:00.000000,2024-04-28,20:30:00.000000,2025,2031,025-075,III/1
2024-04-29_02:00:00.000000,2024-04-29,02:00:00.000000,0205,0205,025-061,III/1
2024-04-29_02:30:00.000000,2024-04-29,02:30:00.000000,0235,0236,025-180,III/1
2024-04-29_06:30:00.000000,2024-04-29,06:30:00.000000,0626,0630,070-180,III/1
2024-04-29_12:30:00.000000,2024-04-29,12:30:00.000000,1227,1228,025-052,III/1
2024-04-29_14:45:00.000000,2024-04-29,14:45:00.000000,1449,1457,025-082,III/1
2024-04-29_17:00:00.000000,2024-04-29,17:00:00.000000,1703,1703,025-081,III/1
2024-04-29_18:15:00.000000,2024-04-29,18:15:00.000000,1821,1822,025-142,III/1
2024-04-30_14:30:00.000000,2024-04-30,14:30:00.000000,1430,1431,025-079,III/1
2024-04-30_15:45:00.000000,2024-04-30,15:45:00.000000,1543,1545,025-085,III/1
2024-04-30_16:30:00.000000,2024-04-30,16:30:00.000000,1626,1629,025-180,III/1
2024-05-01_01:15:00.000000,2024-05-01,01:15:00.000000,0118,0118,025-073,III/1
2024-05-02_09:15:00.000000,2024-05-02,09:15:00.000000,0921,0921,025-180,III/1
2024-05-02_18:45:00.000000,2024-05-02,18:45:00.000000,1852,1855,025-180,III/1
2024-05-04_06:15:00.000000,2024-05-04,06:15:00.000000,0609,0610,025-063,III/1
2024-05-04_08:15:00.000000,2024-05-04,08:15:00.000000,0810,0811,025-082,III/1
2024-05-04_10:45:00.000000,2024-05-04,10:45:00.000000,1046,1047,025-126,III/1
2024-05-04_22:00:00.000000,2024-05-04,22:00:00.000000,2156,2205,025-055,III/1
2024-05-04_23:45:00.000000,2024-05-04,23:45:00.000000,2350,2359,025-180,III/1
2024-05-05_08:00:00.000000,2024-05-05,08:00:00.000000,0758,0759,025-046,III/1
2024-05-05_09:30:00.000000,2024-05-05,09:30:00.000000,0929,0930,084-180,III/1
2024-05-05_17:00:00.000000,2024-05-05,17:00:00.000000,1707,1708,025-045,III/1
2024-05-05_17:30:00.000000,2024-05-05,17:30:00.000000,1733,1735,033-073,III/1
2024-05-05_18:45:00.000000,2024-05-05,18:45:00.000000,1841,1841,025-040,III/1
2024-05-05_19:45:00.000000,2024-05-05,19:45:00.000000,1951,1952,025-073,III/1
2024-05-06_06:30:00.000000,2024-05-06,06:30:00.000000,0636,0637,033-126,III/1
2024-05-06_12:15:00.000000,2024-05-06,12:15:00.000000,1216,1217,025-054,III/1
2024-05-06_20:45:00.000000,2024-05-06,20:45:00.000000,2041,2042,025-053,III/1
2024-05-07_05:15:00.000000,2024-05-07,05:15:00.000000,0509,0511,025-180,III/1
2024-05-07_05:45:00.000000,2024-05-07,05:45:00.000000,0539,0539,035-180,III/1
2024-05-07_08:15:00.000000,2024-05-07,08:15:00.000000,0808,0809,025-045,III/1
2024-05-07_08:45:00.000000,2024-05-07,08:45:00.000000,0843,0844,025-180,III/1
2024-05-07_13:00:00.000000,2024-05-07,13:00:00.000000,1253,1253,025-071,III/1
2024-05-07_23:15:00.000000,2024-05-07,23:15:00.000000,2309,2309,075-180,III/1
2024-05-08_01:00:00.000000,2024-05-08,01:00:00.000000,0105,0106,065-180,III/1
2024-05-08_03:00:00.000000,2024-05-08,03:00:00.000000,0256,0256,033-104,III/1
2024-05-08_03:30:00.000000,2024-05-08,03:30:00.000000,0336,0336,059-180,III/1
2024-05-11_07:30:00.000000,2024-05-11,07:30:00.000000,0734,0737,069-180,III/1
2024-05-11_12:00:00.000000,2024-05-11,12:00:00.000000,1205,1206,025-170,III/1
2024-05-12_09:00:00.000000,2024-05-12,09:00:00.000000,0854,0855,025-063,III/1
2024-05-12_09:30:00.000000,2024-05-12,09:30:00.000000,0933,0934,025-084,III/1
2024-05-12_18:00:00.000000,2024-05-12,18:00:00.000000,1757,1757,025-180,III/1
2024-05-12_18:45:00.000000,2024-05-12,18:45:00.000000,1842,1842,025-074,III/1
2024-05-12_21:00:00.000000,2024-05-12,21:00:00.000000,2058,2059,025-063,III/1
2024-05-12_23:00:00.000000,2024-05-12,23:00:00.000000,2301,2302,025-064,III/1
2024-05-13_00:45:00.000000,2024-05-13,00:45:00.000000,0052,0057,025-075,III/1
2024-05-14_05:00:00.000000,2024-05-14,05:00:00.000000,0453,0454,025-075,III/1
2024-05-14_06:30:00.000000,2024-05-14,06:30:00.000000,0631,0632,025-083,III/1
2024-05-14_09:00:00.000000,2024-05-14,09:00:00.000000,0906,0907,025-098,III/1
2024-05-14_12:45:00.000000,2024-05-14,12:45:00.000000,1242,1243,025-180,III/1
2024-05-14_14:30:00.000000,2024-05-14,14:30:00.000000,1436,1437,025-180,III/1
2024-05-14_20:00:00.000000,2024-05-14,20:00:00.000000,1955,1957,025-067,III/1
2024-05-15_10:30:00.000000,2024-05-15,10:30:00.000000,1037,1042,025-085,III/1
2024-05-15_14:30:00.000000,2024-05-15,14:30:00.000000,1427,1431,025-180,III/1
2024-05-15_16:30:00.000000,2024-05-15,16:30:00.000000,1629,1629,025-081,III/1
2024-05-15_18:30:00.000000,2024-05-15,18:30:00.000000,1827,1829,025-061,III/1
2024-05-15_21:30:00.000000,2024-05-15,21:30:00.000000,2124,2124,025-103,III/1
2024-05-16_04:30:00.000000,2024-05-16,04:30:00.000000,0423,0423,025-147,III/1
2024-05-16_18:30:00.000000,2024-05-16,18:30:00.000000,1824,1826,025-141,III/1
2024-05-16_22:45:00.000000,2024-05-16,22:45:00.000000,2245,2250,025-090,III/1
2024-05-17_10:30:00.000000,2024-05-17,10:30:00.000000,1029,1029,025-054,III/1
2024-05-17_18:15:00.000000,2024-05-17,18:15:00.000000,1821,1822,025-067,III/1
2024-05-18_00:30:00.000000,2024-05-18,00:30:00.000000,0030,0030,025-060,III/1
2024-05-18_01:00:00.000000,2024-05-18,01:00:00.000000,0054,0054,025-043,III/1
2024-05-18_02:15:00.000000,2024-05-18,02:15:00.000000,0208,0210,025-180,III/1
2024-05-18_03:30:00.000000,2024-05-18,03:30:00.000000,0324,0325,025-180,III/1
2024-05-18_04:45:00.000000,2024-05-18,04:45:00.000000,0441,0444,025-066,III/1
2024-05-18_07:45:00.000000,2024-05-18,07:45:00.000000,0747,0747,048-104,III/1
2024-05-18_09:00:00.000000,2024-05-18,09:00:00.000000,0859,0900,055-180,III/1
2024-05-18_16:15:00.000000,2024-05-18,16:15:00.000000,1613,1614,025-075,III/1
2024-05-18_17:45:00.000000,2024-05-18,17:45:00.000000,1741,1741,025-053,III/1
2024-05-18_22:00:00.000000,2024-05-18,22:00:00.000000,2202,2205,025-075,III/1
2024-05-19_02:00:00.000000,2024-05-19,02:00:00.000000,0200,0201,062-165,III/1
2024-05-19_04:00:00.000000,2024-05-19,04:00:00.000000,0354,0356,025-180,III/1
2024-05-19_11:45:00.000000,2024-05-19,11:45:00.000000,1149,1151,025-180,III/1
2024-05-19_12:15:00.000000,2024-05-19,12:15:00.000000,1221,1222,025-180,III/1
2024-05-19_17:15:00.000000,2024-05-19,17:15:00.000000,1718,1720,025-129,III/1
2024-05-19_19:30:00.000000,2024-05-19,19:30:00.000000,1930,1930,025-056,III/1
2024-05-19_20:00:00.000000,2024-05-19,20:00:00.000000,2003,2004,025-050,III/1
2024-05-19_20:45:00.000000,2024-05-19,20:45:00.000000,2039,2039,025-180,III/1
2024-05-20_01:30:00.000000,2024-05-20,01:30:00.000000,0123,0124,025-072,III/1
2024-05-21_02:30:00.000000,2024-05-21,02:30:00.000000,0224,0227,025-180,III/1
2024-05-22_04:30:00.000000,2024-05-22,04:30:00.000000,0435,0435,025-065,III/1
2024-05-22_18:45:00.000000,2024-05-22,18:45:00.000000,1844,1845,025-154,III/1
2024-05-22_20:45:00.000000,2024-05-22,20:45:00.000000,2049,2050,025-071,III/1
2024-05-23_01:00:00.000000,2024-05-23,01:00:00.000000,0056,0057,025-069,III/1
2024-05-23_01:45:00.000000,2024-05-23,01:45:00.000000,0152,0152,025-180,III/1
2024-05-23_20:45:00.000000,2024-05-23,20:45:00.000000,2043,2044,025-120,III/1
2024-05-24_01:15:00.000000,2024-05-24,01:15:00.000000,0110,0111,041-131,III/1
2024-05-24_02:45:00.000000,2024-05-24,02:45:00.000000,0242,0245,025-118,III/1
2024-05-24_10:00:00.000000,2024-05-24,10:00:00.000000,1004,1005,025-050,III/1
2024-05-25_00:00:00.000000,2024-05-25,00:00:00.000000,2358,2359,069-155,III/1
2024-05-25_03:00:00.000000,2024-05-25,03:00:00.000000,0257,0258,064-120,III/1
2024-05-25_16:15:00.000000,2024-05-25,16:15:00.000000,1611,1612,025-144,III/1
2024-05-25_17:00:00.000000,2024-05-25,17:00:00.000000,1703,1706,025-180,III/1
2024-05-25_17:45:00.000000,2024-05-25,17:45:00.000000,1748,1749,025-053,III/1
2024-05-25_17:45:00.000000,2024-05-25,17:45:00.000000,1750,1750,122-180,III/1
2024-05-25_20:30:00.000000,2024-05-25,20:30:00.000000,2033,2033,025-063,III/1
2024-05-26_09:30:00.000000,2024-05-26,09:30:00.000000,0925,0927,025-151,III/1
2024-05-26_11:45:00.000000,2024-05-26,11:45:00.000000,1146,1149,025-076,III/1
2024-05-26_12:45:00.000000,2024-05-26,12:45:00.000000,1248,1249,025-083,III/1
2024-05-26_15:30:00.000000,2024-05-26,15:30:00.000000,1527,1527,025-050,III/1
2024-05-26_16:30:00.000000,2024-05-26,16:30:00.000000,1625,1625,025-147,III/1
2024-05-26_18:15:00.000000,2024-05-26,18:15:00.000000,1817,1818,025-075,III/1
2024-05-26_21:00:00.000000,2024-05-26,21:00:00.000000,2057,2058,025-052,III/1
2024-05-26_21:30:00.000000,2024-05-26,21:30:00.000000,2131,2132,108-180,III/1
2024-05-26_23:15:00.000000,2024-05-26,23:15:00.000000,2314,2316,075-119,III/1
2024-05-27_00:15:00.000000,2024-05-27,00:15:00.000000,0022,0024,025-063,III/1
2024-05-27_01:00:00.000000,2024-05-27,01:00:00.000000,0054,0054,025-065,III/1
2024-05-27_19:30:00.000000,2024-05-27,19:30:00.000000,1928,1929,025-053,III/1
2024-05-28_07:15:00.000000,2024-05-28,07:15:00.000000,0719,0720,025-065,III/1
2024-05-29_05:00:00.000000,2024-05-29,05:00:00.000000,0453,0455,025-180,III/1
2024-05-29_14:00:00.000000,2024-05-29,14:00:00.000000,1401,1402,025-069,III/1
2024-05-30_08:00:00.000000,2024-05-30,08:00:00.000000,0755,0756,025-056,III/1
2024-05-30_17:00:00.000000,2024-05-30,17:00:00.000000,1700,1701,025-046,III/1
2024-05-31_03:30:00.000000,2024-05-31,03:30:00.000000,0335,0335,066-180,III/1
2024-05-31_12:45:00.000000,2024-05-31,12:45:00.000000,1239,1239,025-045,III/1
2024-05-31_14:45:00.000000,2024-05-31,14:45:00.000000,1449,1450,025-082,III/1
2024-06-01_20:00:00.000000,2024-06-01,20:00:00.000000,2001,2002,025-180,III/1
2024-06-01_23:45:00.000000,2024-06-01,23:45:00.000000,2351,2351,025-075,III/1
2024-06-02_09:30:00.000000,2024-06-02,09:30:00.000000,0933,0933,025-048,III/1
2024-06-02_23:30:00.000000,2024-06-02,23:30:00.000000,2329,2330,076-132,III/1
2024-06-03_00:45:00.000000,2024-06-03,00:45:00.000000,0046,0046,025-057,III/1
2024-06-03_03:00:00.000000,2024-06-03,03:00:00.000000,0254,0254,074-150,III/1
2024-06-03_07:00:00.000000,2024-06-03,07:00:00.000000,0701,0701,025-142,III/1
2024-06-03_10:30:00.000000,2024-06-03,10:30:00.000000,1024,1025,025-054,III/1
2024-06-04_20:45:00.000000,2024-06-04,20:45:00.000000,2050,2051,025-162,III/1
2024-06-04_22:00:00.000000,2024-06-04,22:00:00.000000,2155,2155,025-165,III/1
2024-06-05_01:00:00.000000,2024-06-05,01:00:00.000000,0059,0100,048-112,III/1
2024-06-05_16:30:00.000000,2024-06-05,16:30:00.000000,1633,1636,025-086,III/1
2024-06-06_08:30:00.000000,2024-06-06,08:30:00.000000,0830,0831,025-051,III/1
2024-06-06_16:45:00.000000,2024-06-06,16:45:00.000000,1643,1644,025-083,III/1
2024-06-07_22:15:00.000000,2024-06-07,22:15:00.000000,2213,2213,025-069,III/1
2024-06-07_23:15:00.000000,2024-06-07,23:15:00.000000,2319,2319,025-123,III/1
2024-06-08_03:00:00.000000,2024-06-08,03:00:00.000000,0303,0304,025-154,III/1
2024-06-08_05:00:00.000000,2024-06-08,05:00:00.000000,0457,0501,038-180,III/1
2024-06-08_07:30:00.000000,2024-06-08,07:30:00.000000,0726,0726,025-180,III/1
2024-06-08_08:30:00.000000,2024-06-08,08:30:00.000000,0833,0834,025-084,III/1
2024-06-08_09:45:00.000000,2024-06-08,09:45:00.000000,0945,0946,025-180,III/1
2024-06-08_13:45:00.000000,2024-06-08,13:45:00.000000,1350,1353,025-151,III/1
2024-06-08_15:30:00.000000,2024-06-08,15:30:00.000000,1527,1528,025-126,III/1
2024-06-08_19:15:00.000000,2024-06-08,19:15:00.000000,1918,1919,025-180,III/1
2024-06-08_20:15:00.000000,2024-06-08,20:15:00.000000,2009,2014,025-162,III/1
2024-06-08_22:45:00.000000,2024-06-08,22:45:00.000000,2245,2246,025-087,III/1
2024-06-09_04:45:00.000000,2024-06-09,04:45:00.000000,0451,0451,025-083,III/1
2024-06-09_15:15:00.000000,2024-06-09,15:15:00.000000,1514,1515,025-084,III/1
2024-06-10_07:00:00.000000,2024-06-10,07:00:00.000000,0700,0701,025-066,III/1
2024-06-10_15:15:00.000000,2024-06-10,15:15:00.000000,1522,1529,129-180,III/1
2024-06-10_17:30:00.000000,2024-06-10,17:30:00.000000,1729,1730,025-073,III/1
2024-06-10_22:30:00.000000,2024-06-10,22:30:00.000000,2231,2233,025-072,III/1
2024-06-11_03:15:00.000000,2024-06-11,03:15:00.000000,0311,0312,025-115,III/1
2024-06-11_08:45:00.000000,2024-06-11,08:45:00.000000,0840,0841,039-150,III/1
2024-06-11_17:30:00.000000,2024-06-11,17:30:00.000000,1723,1723,025-039,III/1
2024-06-12_14:15:00.000000,2024-06-12,14:15:00.000000,1413,1413,025-083,III/1
2024-06-12_15:15:00.000000,2024-06-12,15:15:00.000000,1515,1515,117-155,III/1
2024-06-12_17:45:00.000000,2024-06-12,17:45:00.000000,1750,1750,025-042,III/1
2024-06-12_18:30:00.000000,2024-06-12,18:30:00.000000,1827,1828,025-043,III/1
2024-06-13_03:00:00.000000,2024-06-13,03:00:00.000000,0302,0303,025-180,III/1
2024-06-13_04:00:00.000000,2024-06-13,04:00:00.000000,0359,0359,102-180,III/1
2024-06-14_04:00:00.000000,2024-06-14,04:00:00.000000,0402,0403,025-061,III/1
2024-06-14_04:00:00.000000,2024-06-14,04:00:00.000000,0402,0403,025-065,III/1
2024-06-14_15:30:00.000000,2024-06-14,15:30:00.000000,1523,1530,025-071,III/1
2024-06-14_16:00:00.000000,2024-06-14,16:00:00.000000,1602,1602,025-046,III/1
2024-06-14_22:00:00.000000,2024-06-14,22:00:00.000000,2159,2200,025-054,III/1
2024-06-15_04:30:00.000000,2024-06-15,04:30:00.000000,0434,0434,075-180,III/1
2024-06-15_05:00:00.000000,2024-06-15,05:00:00.000000,0459,0459,029-066,III/1
2024-06-15_06:30:00.000000,2024-06-15,06:30:00.000000,0636,0636,025-062,III/1
2024-06-15_10:45:00.000000,2024-06-15,10:45:00.000000,1039,1039,025-059,III/1
2024-06-15_11:15:00.000000,2024-06-15,11:15:00.000000,1117,1117,025-075,III/1
2024-06-16_09:00:00.000000,2024-06-16,09:00:00.000000,0854,0854,075-156,III/1
2024-06-16_16:30:00.000000,2024-06-16,16:30:00.000000,1625,1625,025-054,III/1
2024-06-17_07:15:00.000000,2024-06-17,07:15:00.000000,0720,0721,025-145,III/1
2024-06-17_08:00:00.000000,2024-06-17,08:00:00.000000,0759,0804,025-058,III/1
2024-06-17_11:30:00.000000,2024-06-17,11:30:00.000000,1123,1128,025-092,III/1
2024-06-17_12:00:00.000000,2024-06-17,12:00:00.000000,1154,1155,025-094,III/1
2024-06-17_17:30:00.000000,2024-06-17,17:30:00.000000,1737,1737,034-126,III/1
2024-06-17_19:15:00.000000,2024-06-17,19:15:00.000000,1922,1924,025-076,III/1
2024-06-17_21:15:00.000000,2024-06-17,21:15:00.000000,2120,2120,025-061,III/1
2024-06-17_22:00:00.000000,2024-06-17,22:00:00.000000,2157,2159,025-053,III/1
2024-06-18_13:30:00.000000,2024-06-18,13:30:00.000000,1336,1338,025-047,III/1
2024-06-18_14:45:00.000000,2024-06-18,14:45:00.000000,1452,1453,025-055,III/1
2024-06-18_15:30:00.000000,2024-06-18,15:30:00.000000,1535,1537,111-169,III/1
2024-06-18_18:00:00.000000,2024-06-18,18:00:00.000000,1753,1757,025-060,III/1
2024-06-19_05:00:00.000000,2024-06-19,05:00:00.000000,0502,0503,038-084,III/1
2024-06-19_20:30:00.000000,2024-06-19,20:30:00.000000,2023,2023,025-180,III/1
2024-06-20_03:30:00.000000,2024-06-20,03:30:00.000000,0327,0328,025-180,III/1
2024-06-20_04:45:00.000000,2024-06-20,04:45:00.000000,0452,0452,025-180,III/1
2024-06-20_05:15:00.000000,2024-06-20,05:15:00.000000,0514,0515,025-141,III/1
2024-06-20_05:15:00.000000,2024-06-20,05:15:00.000000,0516,0516,025-054,III/1
2024-06-20_07:00:00.000000,2024-06-20,07:00:00.000000,0656,0657,025-039,III/1
2024-06-20_09:00:00.000000,2024-06-20,09:00:00.000000,0903,0903,025-180,III/1
2024-06-20_11:00:00.000000,2024-06-20,11:00:00.000000,1058,1059,025-085,III/1
2024-06-20_12:30:00.000000,2024-06-20,12:30:00.000000,1223,1223,025-075,III/1
2024-06-20_17:30:00.000000,2024-06-20,17:30:00.000000,1730,1731,025-180,III/1
2024-06-21_00:30:00.000000,2024-06-21,00:30:00.000000,0032,0032,025-130,III/1
2024-06-21_03:00:00.000000,2024-06-21,03:00:00.000000,0256,0256,025-075,III/1
2024-06-21_04:30:00.000000,2024-06-21,04:30:00.000000,0424,0424,025-084,III/1
2024-06-21_08:00:00.000000,2024-06-21,08:00:00.000000,0758,0801,025-149,III/1
2024-06-21_09:45:00.000000,2024-06-21,09:45:00.000000,0950,0951,025-080,III/1
2024-06-21_14:00:00.000000,2024-06-21,14:00:00.000000,1406,1406,146-180,III/1
2024-06-21_16:30:00.000000,2024-06-21,16:30:00.000000,1624,1631,025-084,III/1
2024-06-21_20:00:00.000000,2024-06-21,20:00:00.000000,1957,1958,025-063,III/1
2024-06-22_06:30:00.000000,2024-06-22,06:30:00.000000,0625,0629,025-180,III/1
2024-06-22_12:15:00.000000,2024-06-22,12:15:00.000000,1218,1218,025-155,III/1
2024-06-22_18:30:00.000000,2024-06-22,18:30:00.000000,1829,1831,025-075,III/1
2024-06-24_18:45:00.000000,2024-06-24,18:45:00.000000,1840,1844,025-075,III/1
2024-06-24_22:30:00.000000,2024-06-24,22:30:00.000000,2232,2233,025-054,III/1
2024-06-25_05:30:00.000000,2024-06-25,05:30:00.000000,0533,0536,025-180,III/1
2024-06-25_06:15:00.000000,2024-06-25,06:15:00.000000,0619,0625,025-180,III/1
2024-06-25_09:30:00.000000,2024-06-25,09:30:00.000000,0926,0929,025-083,III/1
2024-06-25_13:30:00.000000,2024-06-25,13:30:00.000000,1331,1332,025-057,III/1
2024-06-25_14:15:00.000000,2024-06-25,14:15:00.000000,1421,1422,025-153,III/1
2024-06-25_15:00:00.000000,2024-06-25,15:00:00.000000,1502,1503,025-061,III/1
2024-06-25_18:00:00.000000,2024-06-25,18:00:00.000000,1757,1758,025-041,III/1
2024-06-25_20:30:00.000000,2024-06-25,20:30:00.000000,2026,2027,133-180,III/1
2024-06-25_22:30:00.000000,2024-06-25,22:30:00.000000,2227,2227,025-074,III/1
2024-06-26_10:15:00.000000,2024-06-26,10:15:00.000000,1016,1027,113-180,III/1
2024-06-26_19:30:00.000000,2024-06-26,19:30:00.000000,1928,1934,112-180,III/1
2024-06-26_20:15:00.000000,2024-06-26,20:15:00.000000,2019,2022,025-055,III/1
2024-06-26_21:45:00.000000,2024-06-26,21:45:00.000000,2141,2142,025-065,III/1
2024-06-28_00:00:00.000000,2024-06-28,00:00:00.000000,0005,0011,065-180,III/1
2024-06-28_01:30:00.000000,2024-06-28,01:30:00.000000,0129,0133,025-136,III/1
2024-06-28_02:30:00.000000,2024-06-28,02:30:00.000000,0236,0237,067-180,III/1
2024-06-29_01:30:00.000000,2024-06-29,01:30:00.000000,0127,0127,061-144,III/1
2024-06-29_06:30:00.000000,2024-06-29,06:30:00.000000,0626,0629,065-142,III/1
2024-06-29_13:00:00.000000,2024-06-29,13:00:00.000000,1254,1254,025-083,III/1
2024-06-29_22:45:00.000000,2024-06-29,22:45:00.000000,2248,2248,025-091,III/1
2024-06-30_06:30:00.000000,2024-06-30,06:30:00.000000,0636,0636,129-180,III/1
2024-06-30_14:30:00.000000,2024-06-30,14:30:00.000000,1428,1430,025-053,III/1
2024-07-01_11:30:00.000000,2024-07-01,11:30:00.000000,1132,1136,025-037,III/1
2024-07-02_12:30:00.000000,2024-07-02,12:30:00.000000,1237,1242,025-166,III/1
2024-07-02_16:30:00.000000,2024-07-02,16:30:00.000000,1633,1633,025-039,III/1
2024-07-03_18:30:00.000000,2024-07-03,18:30:00.000000,1826,1826,025-051,III/1
2024-07-03_20:45:00.000000,2024-07-03,20:45:00.000000,2038,2043,025-075,III/1
2024-07-04_03:30:00.000000,2024-07-04,03:30:00.000000,0330,0332,025-092,III/1
2024-07-04_07:00:00.000000,2024-07-04,07:00:00.000000,0658,0659,025-064,III/1
2024-07-04_11:00:00.000000,2024-07-04,11:00:00.000000,1105,1106,025-054,III/1
2024-07-05_06:45:00.000000,2024-07-05,06:45:00.000000,0650,0650,025-117,III/1
2024-07-05_07:45:00.000000,2024-07-05,07:45:00.000000,0745,0746,025-083,III/1
2024-07-05_14:30:00.000000,2024-07-05,14:30:00.000000,1433,1433,025-040,III/1
2024-07-05_15:30:00.000000,2024-07-05,15:30:00.000000,1527,1530,025-130,III/1
2024-07-05_19:00:00.000000,2024-07-05,19:00:00.000000,1858,1858,025-076,III/1
2024-07-05_19:45:00.000000,2024-07-05,19:45:00.000000,1941,1942,025-076,III/1
2024-07-05_21:00:00.000000,2024-07-05,21:00:00.000000,2101,2101,025-052,III/1
2024-07-05_22:15:00.000000,2024-07-05,22:15:00.000000,2208,2208,025-062,III/1
2024-07-06_04:45:00.000000,2024-07-06,04:45:00.000000,0443,0444,025-067,III/1
2024-07-06_05:45:00.000000,2024-07-06,05:45:00.000000,0538,0540,025-082,III/1
2024-07-06_07:15:00.000000,2024-07-06,07:15:00.000000,0708,0711,025-063,III/1
2024-07-06_08:45:00.000000,2024-07-06,08:45:00.000000,0842,0844,025-180,III/1
2024-07-06_11:30:00.000000,2024-07-06,11:30:00.000000,1126,1126,025-039,III/1
2024-07-06_12:15:00.000000,2024-07-06,12:15:00.000000,1222,1226,025-157,III/1
2024-07-06_17:00:00.000000,2024-07-06,17:00:00.000000,1704,1704,035-053,III/1
2024-07-06_18:15:00.000000,2024-07-06,18:15:00.000000,1818,1819,025-180,III/1
2024-07-06_23:15:00.000000,2024-07-06,23:15:00.000000,2315,2318,025-051,III/1
2024-07-07_00:15:00.000000,2024-07-07,00:15:00.000000,0018,0018,025-058,III/1
2024-07-07_01:45:00.000000,2024-07-07,01:45:00.000000,0147,0149,025-149,III/1
2024-07-07_03:00:00.000000,2024-07-07,03:00:00.000000,0253,0255,074-180,III/1
2024-07-07_06:30:00.000000,2024-07-07,06:30:00.000000,0628,0629,025-050,III/1
2024-07-07_16:15:00.000000,2024-07-07,16:15:00.000000,1616,1617,025-061,III/1
2024-07-07_19:30:00.000000,2024-07-07,19:30:00.000000,1926,1926,025-060,III/1
2024-07-07_20:45:00.000000,2024-07-07,20:45:00.000000,2042,2043,025-063,III/1
2024-07-07_21:15:00.000000,2024-07-07,21:15:00.000000,2119,2120,025-091,III/1
2024-07-07_21:15:00.000000,2024-07-07,21:15:00.000000,2119,2120,025-091,III/1
2024-07-08_00:00:00.000000,2024-07-08,00:00:00.000000,0003,0004,025-180,III/1
2024-07-08_01:15:00.000000,2024-07-08,01:15:00.000000,0120,0121,071-180,III/1
2024-07-08_07:45:00.000000,2024-07-08,07:45:00.000000,0752,0755,055-180,III/1
2024-07-08_19:00:00.000000,2024-07-08,19:00:00.000000,1854,1903,025-052,III/1
2024-07-09_08:30:00.000000,2024-07-09,08:30:00.000000,0832,0832,092-180,III/1
2024-07-09_13:30:00.000000,2024-07-09,13:30:00.000000,1331,1331,025-057,III/1
2024-07-09_17:00:00.000000,2024-07-09,17:00:00.000000,1706,1707,075-180,III/1
2024-07-10_20:30:00.000000,2024-07-10,20:30:00.000000,2031,2031,025-054,III/1
2024-07-11_06:45:00.000000,2024-07-11,06:45:00.000000,0646,0646,025-065,III/1
2024-07-11_11:30:00.000000,2024-07-11,11:30:00.000000,1136,1137,025-054,III/1
2024-07-12_00:30:00.000000,2024-07-12,00:30:00.000000,0035,0036,025-180,III/1
2024-07-12_15:30:00.000000,2024-07-12,15:30:00.000000,1525,1526,025-051,III/1
2024-07-13_02:30:00.000000,2024-07-13,02:30:00.000000,0229,0235,025-180,III/1
2024-07-13_05:30:00.000000,2024-07-13,05:30:00.000000,0527,0528,051-180,III/1
2024-07-13_08:45:00.000000,2024-07-13,08:45:00.000000,0852,0856,057-180,III/1
2024-07-13_13:00:00.000000,2024-07-13,13:00:00.000000,1258,1259,036-045,III/1
2024-07-13_13:00:00.000000,2024-07-13,13:00:00.000000,1304,1307,025-180,III/1
2024-07-13_18:00:00.000000,2024-07-13,18:00:00.000000,1803,1804,154-180,III/1
2024-07-13_18:30:00.000000,2024-07-13,18:30:00.000000,1824,1824,025-155,III/1
2024-07-13_18:45:00.000000,2024-07-13,18:45:00.000000,1848,1851,115-180,III/1
2024-07-13_22:45:00.000000,2024-07-13,22:45:00.000000,2241,2242,109-180,III/1
2024-07-14_03:30:00.000000,2024-07-14,03:30:00.000000,0328,0328,025-069,III/1
2024-07-14_14:15:00.000000,2024-07-14,14:15:00.000000,1418,1418,115-156,III/1
2024-07-14_15:15:00.000000,2024-07-14,15:15:00.000000,1519,1528,042-180,III/1
2024-07-14_16:45:00.000000,2024-07-14,16:45:00.000000,1642,1651,112-180,III/1
2024-07-14_16:45:00.000000,2024-07-14,16:45:00.000000,1649,1650,137-180,III/1
2024-07-14_18:00:00.000000,2024-07-14,18:00:00.000000,1800,1800,075-180,III/1
2024-07-14_21:00:00.000000,2024-07-14,21:00:00.000000,2105,2106,025-089,III/1
2024-07-14_21:30:00.000000,2024-07-14,21:30:00.000000,2134,2140,025-180,III/1
2024-07-14_21:45:00.000000,2024-07-14,21:45:00.000000,2149,2150,025-075,III/1
2024-07-15_09:30:00.000000,2024-07-15,09:30:00.000000,0925,0934,025-157,III/1
2024-07-16_13:15:00.000000,2024-07-16,13:15:00.000000,1320,1321,145-180,III/1
2024-07-16_20:45:00.000000,2024-07-16,20:45:00.000000,2047,2047,025-053,III/1
2024-07-17_00:15:00.000000,2024-07-17,00:15:00.000000,0017,0018,062-143,III/1
2024-07-17_04:00:00.000000,2024-07-17,04:00:00.000000,0355,0356,025-059,III/1
2024-07-17_06:30:00.000000,2024-07-17,06:30:00.000000,0625,0627,025-058,III/1
2024-07-17_14:30:00.000000,2024-07-17,14:30:00.000000,1429,1430,025-083,III/1
2024-07-17_23:45:00.000000,2024-07-17,23:45:00.000000,2348,2348,025-180,III/1
2024-07-18_00:15:00.000000,2024-07-18,00:15:00.000000,0019,0019,025-108,III/1
2024-07-18_01:45:00.000000,2024-07-18,01:45:00.000000,0138,0138,025-133,III/1
2024-07-18_05:15:00.000000,2024-07-18,05:15:00.000000,0512,0513,077-180,III/1
2024-07-18_07:15:00.000000,2024-07-18,07:15:00.000000,0720,0720,070-180,III/1
2024-07-18_11:00:00.000000,2024-07-18,11:00:00.000000,1102,1103,140-180,III/1
2024-07-18_16:30:00.000000,2024-07-18,16:30:00.000000,1624,1628,041-180,III/1
2024-07-18_21:00:00.000000,2024-07-18,21:00:00.000000,2102,2106,025-048,III/1
2024-07-19_08:00:00.000000,2024-07-19,08:00:00.000000,0755,0755,129-180,III/1
2024-07-19_08:15:00.000000,2024-07-19,08:15:00.000000,0818,0821,025-066,III/1
2024-07-19_13:00:00.000000,2024-07-19,13:00:00.000000,1258,1300,112-180,III/1
2024-07-20_02:45:00.000000,2024-07-20,02:45:00.000000,0252,0255,025-105,III/1
2024-07-20_05:45:00.000000,2024-07-20,05:45:00.000000,0545,0646,025-122,III/1
2024-07-20_09:15:00.000000,2024-07-20,09:15:00.000000,0921,0924,025-084,III/1
2024-07-20_10:15:00.000000,2024-07-20,10:15:00.000000,1019,1020,025-052,III/1
2024-07-20_18:15:00.000000,2024-07-20,18:15:00.000000,1812,1813,025-058,III/1
2024-07-20_19:15:00.000000,2024-07-20,19:15:00.000000,1915,1916,025-068,III/1
2024-07-21_00:00:00.000000,2024-07-21,00:00:00.000000,0002,0002,025-117,III/1
2024-07-21_00:45:00.000000,2024-07-21,00:45:00.000000,0042,0042,066-180,III/1
2024-07-21_07:45:00.000000,2024-07-21,07:45:00.000000,0742,0749,071-180,III/1
2024-07-21_10:30:00.000000,2024-07-21,10:30:00.000000,1035,1038,025-180,III/1
2024-07-21_11:15:00.000000,2024-07-21,11:15:00.000000,1120,1123,025-180,III/1
2024-07-21_11:30:00.000000,2024-07-21,11:30:00.000000,1137,1139,025-180,III/1
2024-07-21_12:00:00.000000,2024-07-21,12:00:00.000000,1157,1157,025-051,III/1
2024-07-21_12:30:00.000000,2024-07-21,12:30:00.000000,1234,1234,025-036,III/1
2024-07-21_13:15:00.000000,2024-07-21,13:15:00.000000,1309,1311,030-180,III/1
2024-07-21_17:30:00.000000,2024-07-21,17:30:00.000000,1723,1723,025-180,III/1
2024-07-21_19:00:00.000000,2024-07-21,19:00:00.000000,1902,1904,048-180,III/1
2024-07-22_01:30:00.000000,2024-07-22,01:30:00.000000,0130,0131,025-180,III/1
2024-07-22_02:00:00.000000,2024-07-22,02:00:00.000000,0201,0202,059-126,III/1
2024-07-22_09:15:00.000000,2024-07-22,09:15:00.000000,0917,0919,025-180,III/1
2024-07-22_11:00:00.000000,2024-07-22,11:00:00.000000,1100,1102,025-180,III/1
2024-07-23_20:30:00.000000,2024-07-23,20:30:00.000000,2035,2042,025-063,III/1
2024-07-23_23:30:00.000000,2024-07-23,23:30:00.000000,2324,2324,115-149,III/1
2024-07-24_05:00:00.000000,2024-07-24,05:00:00.000000,0456,0456,025-121,III/1
2024-07-24_06:00:00.000000,2024-07-24,06:00:00.000000,0555,0556,025-083,III/1
2024-07-24_11:15:00.000000,2024-07-24,11:15:00.000000,1117,1120,038-075,III/1
2024-07-24_14:00:00.000000,2024-07-24,14:00:00.000000,1407,1411,025-145,III/1
2024-07-24_16:45:00.000000,2024-07-24,16:45:00.000000,1649,1650,025-145,III/1
2024-07-26_05:30:00.000000,2024-07-26,05:30:00.000000,0531,0533,025-180,III/1
2024-07-26_16:45:00.000000,2024-07-26,16:45:00.000000,1651,1652,025-180,III/1
2024-07-26_17:30:00.000000,2024-07-26,17:30:00.000000,1733,1736,025-130,III/1
2024-07-26_23:15:00.000000,2024-07-26,23:15:00.000000,2319,2319,072-180,III/1
2024-07-27_00:15:00.000000,2024-07-27,00:15:00.000000,0016,0016,025-063,III/1
2024-07-27_09:45:00.000000,2024-07-27,09:45:00.000000,0941,0944,025-158,III/1
2024-07-29_08:15:00.000000,2024-07-29,08:15:00.000000,0819,0819,025-059,III/1
2024-07-29_09:45:00.000000,2024-07-29,09:45:00.000000,0944,0944,025-180,III/1
2024-07-29_22:15:00.000000,2024-07-29,22:15:00.000000,2217,2218,025-180,III/1
2024-07-31_15:15:00.000000,2024-07-31,15:15:00.000000,1522,1522,025-154,III/1
2024-08-01_00:45:00.000000,2024-08-01,00:45:00.000000,0049,0050,025-180,III/1
2024-08-01_04:45:00.000000,2024-08-01,04:45:00.000000,0448,0448,060-145,III/1
2024-08-01_06:45:00.000000,2024-08-01,06:45:00.000000,0652,0652,025-180,III/1
2024-08-01_08:00:00.000000,2024-08-01,08:00:00.000000,0806,0807,025-141,III/1
2024-08-01_14:00:00.000000,2024-08-01,14:00:00.000000,1354,1354,025-060,III/1
2024-08-02_00:45:00.000000,2024-08-02,00:45:00.000000,0052,0056,025-180,III/1
2024-08-02_01:45:00.000000,2024-08-02,01:45:00.000000,0148,0150,025-118,III/1
2024-08-02_04:00:00.000000,2024-08-02,04:00:00.000000,0354,0356,025-075,III/1
2024-08-02_04:45:00.000000,2024-08-02,04:45:00.000000,0440,0441,143-180,III/1
2024-08-02_07:45:00.000000,2024-08-02,07:45:00.000000,0750,0758,025-065,III/1
2024-08-02_08:00:00.000000,2024-08-02,08:00:00.000000,0758,0758,025-111,III/1
2024-08-02_11:15:00.000000,2024-08-02,11:15:00.000000,1117,1120,025-082,III/1
2024-08-02_13:00:00.000000,2024-08-02,13:00:00.000000,1258,1300,025-083,III/1
2024-08-02_15:45:00.000000,2024-08-02,15:45:00.000000,1545,1546,025-148,III/1
2024-08-02_16:30:00.000000,2024-08-02,16:30:00.000000,1634,1635,025-091,III/1
2024-08-02_17:30:00.000000,2024-08-02,17:30:00.000000,1736,1737,037-060,III/1
2024-08-02_19:45:00.000000,2024-08-02,19:45:00.000000,1950,1956,025-076,III/1
2024-08-03_01:15:00.000000,2024-08-03,01:15:00.000000,0113,0116,075-180,III/1
2024-08-03_03:45:00.000000,2024-08-03,03:45:00.000000,0339,0339,025-101,III/1
2024-08-03_09:30:00.000000,2024-08-03,09:30:00.000000,0928,0928,075-135,III/1
2024-08-03_15:45:00.000000,2024-08-03,15:45:00.000000,1544,1544,025-055,III/1
2024-08-03_18:30:00.000000,2024-08-03,18:30:00.000000,1835,1837,025-180,III/1
2024-08-03_18:30:00.000000,2024-08-03,18:30:00.000000,1837,1838,025-180,III/1
2024-08-04_04:30:00.000000,2024-08-04,04:30:00.000000,0432,0433,025-115,III/1
2024-08-04_05:45:00.000000,2024-08-04,05:45:00.000000,0540,0541,025-138,III/1
2024-08-04_10:00:00.000000,2024-08-04,10:00:00.000000,0959,1000,025-158,III/1
2024-08-04_11:45:00.000000,2024-08-04,11:45:00.000000,1143,1143,025-180,III/1
2024-08-05_10:15:00.000000,2024-08-05,10:15:00.000000,1022,1022,025-072,III/1
2024-08-05_13:15:00.000000,2024-08-05,13:15:00.000000,1311,1311,044-082,III/1
2024-08-05_13:30:00.000000,2024-08-05,13:30:00.000000,1329,1330,134-180,III/1
2024-08-05_23:00:00.000000,2024-08-05,23:00:00.000000,2301,2306,025-046,III/1
2024-08-05_23:15:00.000000,2024-08-05,23:15:00.000000,2319,2320,025-180,III/1
2024-08-06_04:45:00.000000,2024-08-06,04:45:00.000000,0441,0450,025-180,III/1
2024-08-06_10:00:00.000000,2024-08-06,10:00:00.000000,1002,1003,025-180,III/1
2024-08-07_04:30:00.000000,2024-08-07,04:30:00.000000,0424,0425,025-062,III/1
2024-08-07_10:30:00.000000,2024-08-07,10:30:00.000000,1033,1039,025-123,III/1
2024-08-07_15:00:00.000000,2024-08-07,15:00:00.000000,1504,1508,025-131,III/1
2024-08-08_00:45:00.000000,2024-08-08,00:45:00.000000,0043,0047,025-157,III/1
2024-08-08_07:15:00.000000,2024-08-08,07:15:00.000000,0718,0719,122-143,III/1
2024-08-08_07:30:00.000000,2024-08-08,07:30:00.000000,0735,0738,025-180,III/1
2024-08-08_08:00:00.000000,2024-08-08,08:00:00.000000,0757,0759,025-180,III/1
2024-08-08_10:15:00.000000,2024-08-08,10:15:00.000000,1016,1018,025-076,III/1
2024-08-09_09:45:00.000000,2024-08-09,09:45:00.000000,0949,0949,025-106,III/1
2024-08-09_10:15:00.000000,2024-08-09,10:15:00.000000,1021,1022,025-180,III/1
2024-08-09_15:45:00.000000,2024-08-09,15:45:00.000000,1540,1542,025-152,III/1
2024-08-10_09:15:00.000000,2024-08-10,09:15:00.000000,0918,0919,025-160,III/1
2024-08-10_16:45:00.000000,2024-08-10,16:45:00.000000,1651,1700,025-083,III/1
2024-08-10_17:15:00.000000,2024-08-10,17:15:00.000000,1716,1716,025-050,III/1
2024-08-10_17:30:00.000000,2024-08-10,17:30:00.000000,1729,1735,025-125,III/1
2024-08-12_09:15:00.000000,2024-08-12,09:15:00.000000,0911,0911,074-180,III/1
2024-08-12_09:45:00.000000,2024-08-12,09:45:00.000000,0938,0939,059-180,III/1
2024-08-13_02:45:00.000000,2024-08-13,02:45:00.000000,0247,0255,025-180,III/1
2024-08-13_03:00:00.000000,2024-08-13,03:00:00.000000,0255,0255,025-180,III/1
2024-08-13_04:00:00.000000,2024-08-13,04:00:00.000000,0401,0402,025-075,III/1
2024-08-13_12:00:00.000000,2024-08-13,12:00:00.000000,1159,1159,025-070,III/1
2024-08-13_14:45:00.000000,2024-08-13,14:45:00.000000,1449,1450,025-058,III/1
2024-08-13_17:15:00.000000,2024-08-13,17:15:00.000000,1722,1724,025-180,III/1
2024-08-14_13:30:00.000000,2024-08-14,13:30:00.000000,1332,1333,025-058,III/1
2024-08-14_15:30:00.000000,2024-08-14,15:30:00.000000,1535,1536,033-180,III/1
2024-08-15_11:45:00.000000,2024-08-15,11:45:00.000000,1149,1150,025-091,III/1
2024-08-16_04:45:00.000000,2024-08-16,04:45:00.000000,0444,0452,025-159,III/1
2024-08-16_11:15:00.000000,2024-08-16,11:15:00.000000,1108,1109,045-065,III/1
2024-08-16_13:00:00.000000,2024-08-16,13:00:00.000000,1257,1305,025-054,III/1
2024-08-16_14:15:00.000000,2024-08-16,14:15:00.000000,1420,1420,158-180,III/1
2024-08-17_00:30:00.000000,2024-08-17,00:30:00.000000,0036,0037,025-065,III/1
2024-08-17_17:45:00.000000,2024-08-17,17:45:00.000000,1742,1743,025-180,III/1
2024-08-17_18:45:00.000000,2024-08-17,18:45:00.000000,1850,1853,025-075,III/1
2024-08-18_09:15:00.000000,2024-08-18,09:15:00.000000,0919,0920,025-059,III/1
2024-08-18_14:45:00.000000,2024-08-18,14:45:00.000000,1443,1444,025-039,III/1
2024-08-18_21:45:00.000000,2024-08-18,21:45:00.000000,2150,2150,025-180,III/1
2024-08-18_23:15:00.000000,2024-08-18,23:15:00.000000,2321,2326,025-180,III/1
2024-08-19_12:00:00.000000,2024-08-19,12:00:00.000000,1159,1159,025-087,III/1
2024-08-20_05:45:00.000000,2024-08-20,05:45:00.000000,0550,0558,025-083,III/1
2024-08-20_11:45:00.000000,2024-08-20,11:45:00.000000,1143,1144,025-138,III/1
2024-08-20_14:30:00.000000,2024-08-20,14:30:00.000000,1424,1424,025-045,III/1
2024-08-21_11:30:00.000000,2024-08-21,11:30:00.000000,1126,1127,025-142,III/1
2024-08-22_04:30:00.000000,2024-08-22,04:30:00.000000,0436,0436,025-075,III/1
2024-08-22_09:15:00.000000,2024-08-22,09:15:00.000000,0913,0914,025-142,III/1
2024-08-22_09:45:00.000000,2024-08-22,09:45:00.000000,0940,0941,025-083,III/1
2024-08-22_18:30:00.000000,2024-08-22,18:30:00.000000,1829,1831,025-100,III/1
2024-08-23_08:30:00.000000,2024-08-23,08:30:00.000000,0828,0828,025-093,III/1
2024-08-23_10:30:00.000000,2024-08-23,10:30:00.000000,1037,1037,115-170,III/1
2024-08-23_11:45:00.000000,2024-08-23,11:45:00.000000,1140,1141,025-050,III/1
2024-08-23_12:30:00.000000,2024-08-23,12:30:00.000000,1234,1234,025-053,III/1
2024-08-23_13:15:00.000000,2024-08-23,13:15:00.000000,1315,1315,025-064,III/1
2024-08-24_22:45:00.000000,2024-08-24,22:45:00.000000,2241,2241,025-075,III/1
2024-08-25_19:00:00.000000,2024-08-25,19:00:00.000000,1855,1858,025-075,III/1
2024-08-25_21:30:00.000000,2024-08-25,21:30:00.000000,2136,2138,025-075,III/1
2024-08-25_23:00:00.000000,2024-08-25,23:00:00.000000,2300,2302,025-087,III/1
2024-08-26_13:30:00.000000,2024-08-26,13:30:00.000000,1326,1327,025-062,III/1
2024-08-26_16:30:00.000000,2024-08-26,16:30:00.000000,1634,1634,025-180,III/1
2024-08-26_23:30:00.000000,2024-08-26,23:30:00.000000,2334,2338,025-064,III/1
2024-08-28_18:30:00.000000,2024-08-28,18:30:00.000000,1837,1837,025-075,III/1
2024-08-29_07:30:00.000000,2024-08-29,07:30:00.000000,0723,0723,025-136,III/1
2022-05-02_06:45:00.000000,2022-05-02,06:45:00.000000,0649,0650,025-160,III/2
2022-05-03_10:00:00.000000,2022-05-03,10:00:00.000000,1001,1006,025-180,III/2
2022-05-03_15:45:00.000000,2022-05-03,15:45:00.000000,1546,1548,025-148,III/2
2022-05-07_10:15:00.000000,2022-05-07,10:15:00.000000,1014,1015,025-180,III/2
2022-05-07_14:15:00.000000,2022-05-07,14:15:00.000000,1415,1418,025-082,III/2
2022-05-07_15:00:00.000000,2022-05-07,15:00:00.000000,1506,1506,025-153,III/2
2022-05-08_07:45:00.000000,2022-05-08,07:45:00.000000,0741,0742,025-180,III/2
2022-05-09_11:00:00.000000,2022-05-09,11:00:00.000000,1055,1102,025-180,III/2
2022-05-12_07:45:00.000000,2022-05-12,07:45:00.000000,0740,0748,025-180,III/2
2022-05-12_11:45:00.000000,2022-05-12,11:45:00.000000,1148,1151,025-082,III/2
2022-05-12_13:00:00.000000,2022-05-12,13:00:00.000000,1253,1256,025-180,III/2
2022-05-20_11:45:00.000000,2022-05-20,11:45:00.000000,1142,1149,025-180,III/2
2022-05-22_07:45:00.000000,2022-05-22,07:45:00.000000,0747,0749,025-083,III/2
2022-05-22_15:30:00.000000,2022-05-22,15:30:00.000000,1533,1534,025-054,III/2
2022-05-25_18:15:00.000000,2022-05-25,18:15:00.000000,1813,1817,025-151,III/2
2022-05-26_06:45:00.000000,2022-05-26,06:45:00.000000,0652,0653,025-060,III/2
2022-05-27_12:45:00.000000,2022-05-27,12:45:00.000000,1249,1253,025-180,III/2
2022-05-28_13:45:00.000000,2022-05-28,13:45:00.000000,1347,1348,025-180,III/2
2022-05-28_19:00:00.000000,2022-05-28,19:00:00.000000,1858,1903,025-053,III/2
2022-06-03_07:15:00.000000,2022-06-03,07:15:00.000000,0714,0715,025-180,III/2
2022-06-03_09:00:00.000000,2022-06-03,09:00:00.000000,0905,0906,025-180,III/2
2022-06-03_10:00:00.000000,2022-06-03,10:00:00.000000,0954,1002,025-083,III/2
2022-06-06_16:30:00.000000,2022-06-06,16:30:00.000000,1625,1625,025-048,III/2
2022-06-11_18:30:00.000000,2022-06-11,18:30:00.000000,1832,1832,025-062,III/2
2022-06-12_12:00:00.000000,2022-06-12,12:00:00.000000,1206,1208,076-180,III/2
2022-06-12_14:30:00.000000,2022-06-12,14:30:00.000000,1432,1432,051-180,III/2
2022-06-13_09:30:00.000000,2022-06-13,09:30:00.000000,0934,0943,025-180,III/2
2022-06-13_15:15:00.000000,2022-06-13,15:15:00.000000,1515,1517,025-152,III/2
2022-06-22_10:30:00.000000,2022-06-22,10:30:00.000000,1028,1030,025-180,III/2
2022-06-22_13:30:00.000000,2022-06-22,13:30:00.000000,1334,1335,025-180,III/2
2022-06-22_16:30:00.000000,2022-06-22,16:30:00.000000,1629,1630,025-180,III/2
2022-06-22_19:00:00.000000,2022-06-22,19:00:00.000000,1853,1853,025-180,III/2
2022-06-25_08:15:00.000000,2022-06-25,08:15:00.000000,0819,0819,025-180,III/2
2022-06-25_14:00:00.000000,2022-06-25,14:00:00.000000,1357,1401,025-180,III/2
2022-06-25_17:15:00.000000,2022-06-25,17:15:00.000000,1711,1712,115-180,III/2
2022-06-26_18:30:00.000000,2022-06-26,18:30:00.000000,1829,1829,025-180,III/2
2022-07-01_07:45:00.000000,2022-07-01,07:45:00.000000,0751,0753,025-180,III/2
2022-07-01_11:30:00.000000,2022-07-01,11:30:00.000000,1136,1146,025-180,III/2
2022-07-02_08:30:00.000000,2022-07-02,08:30:00.000000,0834,0835,025-180,III/2
2022-07-02_13:15:00.000000,2022-07-02,13:15:00.000000,1317,1319,025-180,III/2
2022-07-02_16:30:00.000000,2022-07-02,16:30:00.000000,1627,1628,025-180,III/2
2022-07-02_18:15:00.000000,2022-07-02,18:15:00.000000,1815,1823,025-180,III/2
2022-07-03_08:15:00.000000,2022-07-03,08:15:00.000000,0818,0820,025-180,III/2
2022-07-03_08:30:00.000000,2022-07-03,08:30:00.000000,0825,0832,025-180,III/2
2022-07-03_12:15:00.000000,2022-07-03,12:15:00.000000,1220,1853,025-180,III/2
2022-07-03_13:15:00.000000,2022-07-03,13:15:00.000000,1310,1312,025-180,III/2
2022-07-06_06:45:00.000000,2022-07-06,06:45:00.000000,0639,0642,025-043,III/2
2022-07-06_07:15:00.000000,2022-07-06,07:15:00.000000,0722,0722,025-040,III/2
2022-07-08_06:45:00.000000,2022-07-08,06:45:00.000000,0652,0654,025-180,III/2
2022-07-15_09:30:00.000000,2022-07-15,09:30:00.000000,0927,0930,025-180,III/2
2022-07-15_11:00:00.000000,2022-07-15,11:00:00.000000,1106,1106,025-046,III/2
2022-07-15_12:00:00.000000,2022-07-15,12:00:00.000000,1159,1203,025-180,III/2
2022-07-15_13:15:00.000000,2022-07-15,13:15:00.000000,1318,1328,025-180,III/2
2022-07-16_18:30:00.000000,2022-07-16,18:30:00.000000,1826,1836,025-132,III/2
2022-07-23_18:45:00.000000,2022-07-23,18:45:00.000000,1839,1839,025-180,III/2
2022-07-24_07:15:00.000000,2022-07-24,07:15:00.000000,0711,0713,025-159,III/2
2022-07-25_07:30:00.000000,2022-07-25,07:30:00.000000,0727,0727,025-061,III/2
2022-08-03_16:30:00.000000,2022-08-03,16:30:00.000000,1631,1631,025-180,III/2
2022-08-05_06:30:00.000000,2022-08-05,06:30:00.000000,0626,0628,025-180,III/2
2022-08-05_10:00:00.000000,2022-08-05,10:00:00.000000,0956,0959,025-180,III/2
2022-08-06_08:00:00.000000,2022-08-06,08:00:00.000000,0753,0756,025-180,III/2
2022-08-15_08:00:00.000000,2022-08-15,08:00:00.000000,0806,0809,025-180,III/2
2022-08-15_09:30:00.000000,2022-08-15,09:30:00.000000,0923,0924,025-180,III/2
2022-08-15_14:30:00.000000,2022-08-15,14:30:00.000000,1433,1435,025-180,III/2
2022-08-15_16:00:00.000000,2022-08-15,16:00:00.000000,1553,1555,025-180,III/2
2022-08-15_16:45:00.000000,2022-08-15,16:45:00.000000,1652,1655,025-180,III/2
2022-08-17_08:45:00.000000,2022-08-17,08:45:00.000000,0842,0842,025-152,III/2
2022-08-17_14:30:00.000000,2022-08-17,14:30:00.000000,1434,1452,025-180,III/2
2022-08-19_09:00:00.000000,2022-08-19,09:00:00.000000,0856,0901,025-180,III/2
2022-09-06_10:45:00.000000,2022-09-06,10:45:00.000000,1052,1052,025-082,III/2
2022-09-12_07:45:00.000000,2022-09-12,07:45:00.000000,0747,0748,025-082,III/2
2022-09-12_10:00:00.000000,2022-09-12,10:00:00.000000,1000,1001,025-107,III/2
2022-09-18_08:00:00.000000,2022-09-18,08:00:00.000000,0754,0754,025-144,III/2
2022-09-18_10:45:00.000000,2022-09-18,10:45:00.000000,1049,1050,025-180,III/2
2022-09-18_11:30:00.000000,2022-09-18,11:30:00.000000,1125,1126,025-180,III/2
2022-09-18_12:30:00.000000,2022-09-18,12:30:00.000000,1230,1230,025-180,III/2
2022-09-18_15:00:00.000000,2022-09-18,15:00:00.000000,1507,1509,025-180,III/2
2022-09-20_08:15:00.000000,2022-09-20,08:15:00.000000,0821,0822,025-180,III/2
2022-09-20_10:30:00.000000,2022-09-20,10:30:00.000000,1025,1029,025-180,III/2
2022-09-20_11:15:00.000000,2022-09-20,11:15:00.000000,1119,1124,025-180,III/2
2022-09-20_12:30:00.000000,2022-09-20,12:30:00.000000,1223,1228,025-180,III/2
2022-09-21_08:45:00.000000,2022-09-21,08:45:00.000000,0846,0846,025-107,III/2
2022-09-21_10:00:00.000000,2022-09-21,10:00:00.000000,1005,1008,025-083,III/2
2022-09-21_11:30:00.000000,2022-09-21,11:30:00.000000,1133,1134,025-180,III/2
2022-09-22_14:45:00.000000,2022-09-22,14:45:00.000000,1440,1441,025-082,III/2
2022-09-23_08:00:00.000000,2022-09-23,08:00:00.000000,0754,0757,025-180,III/2
2022-09-23_12:30:00.000000,2022-09-23,12:30:00.000000,1232,1233,025-075,III/2
2022-09-24_14:30:00.000000,2022-09-24,14:30:00.000000,1437,1437,025-086,III/2
2022-09-30_10:00:00.000000,2022-09-30,10:00:00.000000,0958,0959,025-180,III/2
2022-09-30_13:15:00.000000,2022-09-30,13:15:00.000000,1310,1312,025-180,III/2
2022-10-10_09:15:00.000000,2022-10-10,09:15:00.000000,0911,0911,025-083,III/2
2022-10-16_08:00:00.000000,2022-10-16,08:00:00.000000,0802,0802,025-142,III/2
2022-10-22_10:45:00.000000,2022-10-22,10:45:00.000000,1049,1053,025-180,III/2
2022-10-26_07:45:00.000000,2022-10-26,07:45:00.000000,0740,0740,025-097,III/2
2022-10-26_12:30:00.000000,2022-10-26,12:30:00.000000,1237,1246,025-180,III/2
2022-11-04_14:30:00.000000,2022-11-04,14:30:00.000000,1437,1438,066-180,III/2
2022-11-06_07:00:00.000000,2022-11-06,07:00:00.000000,0659,0700,025-180,III/2
2022-11-10_10:45:00.000000,2022-11-10,10:45:00.000000,1046,1046,042-180,III/2
2022-11-10_11:30:00.000000,2022-11-10,11:30:00.000000,1125,1126,046-180,III/2
2022-11-10_11:30:00.000000,2022-11-10,11:30:00.000000,1130,1132,025-180,III/2
2022-11-11_10:30:00.000000,2022-11-11,10:30:00.000000,1037,1047,025-180,III/2
2022-11-11_11:30:00.000000,2022-11-11,11:30:00.000000,1133,1140,025-180,III/2
2022-11-11_13:45:00.000000,2022-11-11,13:45:00.000000,1338,1341,025-180,III/2
2022-11-12_07:30:00.000000,2022-11-12,07:30:00.000000,0732,0733,025-180,III/2
2022-11-12_14:30:00.000000,2022-11-12,14:30:00.000000,1428,1428,025-167,III/2
2022-11-15_14:00:00.000000,2022-11-15,14:00:00.000000,1357,1357,025-180,III/2
2022-11-18_07:00:00.000000,2022-11-18,07:00:00.000000,0655,0656,025-100,III/2
2022-11-18_07:30:00.000000,2022-11-18,07:30:00.000000,0729,0730,025-137,III/2
2022-11-18_11:30:00.000000,2022-11-18,11:30:00.000000,1125,1126,025-152,III/2
2022-11-19_12:45:00.000000,2022-11-19,12:45:00.000000,1250,1256,025-180,III/2
2022-11-19_14:15:00.000000,2022-11-19,14:15:00.000000,1410,1410,062-124,III/2
2022-11-22_12:30:00.000000,2022-11-22,12:30:00.000000,1226,1234,025-180,III/2
2022-11-24_07:00:00.000000,2022-11-24,07:00:00.000000,0658,0659,025-180,III/2
2022-12-07_11:30:00.000000,2022-12-07,11:30:00.000000,1125,1129,025-180,III/2
2022-12-08_09:15:00.000000,2022-12-08,09:15:00.000000,0913,0913,025-180,III/2
2022-12-08_09:30:00.000000,2022-12-08,09:30:00.000000,0929,0930,025-180,III/2
2022-12-11_12:30:00.000000,2022-12-11,12:30:00.000000,1234,1234,058-180,III/2
2022-12-11_13:30:00.000000,2022-12-11,13:30:00.000000,1333,1336,079-180,III/2
2022-12-11_13:45:00.000000,2022-12-11,13:45:00.000000,1338,1339,062-180,III/2
2022-12-11_14:30:00.000000,2022-12-11,14:30:00.000000,1429,1429,025-180,III/2
2022-12-13_08:00:00.000000,2022-12-13,08:00:00.000000,0800,0810,025-170,III/2
2022-12-13_09:00:00.000000,2022-12-13,09:00:00.000000,0901,0905,025-180,III/2
2022-12-14_13:00:00.000000,2022-12-14,13:00:00.000000,1256,1259,025-180,III/2
2022-12-17_09:30:00.000000,2022-12-17,09:30:00.000000,0923,0926,025-073,III/2
2022-12-18_07:00:00.000000,2022-12-18,07:00:00.000000,0653,0655,025-113,III/2
2022-12-18_14:15:00.000000,2022-12-18,14:15:00.000000,1422,1431,037-180,III/2
2022-12-19_07:30:00.000000,2022-12-19,07:30:00.000000,0735,0736,025-180,III/2
2022-12-19_13:00:00.000000,2022-12-19,13:00:00.000000,1253,1255,025-180,III/2
2022-12-24_08:00:00.000000,2022-12-24,08:00:00.000000,0755,0814,025-180,III/2
2022-12-24_09:15:00.000000,2022-12-24,09:15:00.000000,0910,0911,025-080,III/2
2022-12-26_06:45:00.000000,2022-12-26,06:45:00.000000,0642,0642,025-087,III/2
2022-12-26_08:15:00.000000,2022-12-26,08:15:00.000000,0822,0822,025-135,III/2
2022-12-26_13:45:00.000000,2022-12-26,13:45:00.000000,1344,1345,064-161,III/2
2022-12-28_07:00:00.000000,2022-12-28,07:00:00.000000,0700,0701,025-180,III/2
2023-01-03_14:15:00.000000,2023-01-03,14:15:00.000000,1412,1413,025-180,III/2
2023-01-04_11:30:00.000000,2023-01-04,11:30:00.000000,1125,1131,037-180,III/2
2023-01-06_08:00:00.000000,2023-01-06,08:00:00.000000,0755,0756,025-180,III/2
2023-01-06_08:30:00.000000,2023-01-06,08:30:00.000000,0831,0832,025-180,III/2
2023-01-07_07:30:00.000000,2023-01-07,07:30:00.000000,0735,0741,025-094,III/2
2023-01-07_10:00:00.000000,2023-01-07,10:00:00.000000,0959,1003,025-180,III/2
2023-01-08_12:00:00.000000,2023-01-08,12:00:00.000000,1155,1157,025-180,III/2
2023-01-09_08:45:00.000000,2023-01-09,08:45:00.000000,0845,0852,025-180,III/2
2023-01-10_08:30:00.000000,2023-01-10,08:30:00.000000,0830,0831,025-054,III/2
2023-01-10_09:00:00.000000,2023-01-10,09:00:00.000000,0900,0908,025-180,III/2
2023-01-11_12:00:00.000000,2023-01-11,12:00:00.000000,1153,1158,025-180,III/2
2023-01-11_13:45:00.000000,2023-01-11,13:45:00.000000,1344,1344,025-084,III/2
2023-01-12_13:30:00.000000,2023-01-12,13:30:00.000000,1329,1335,025-180,III/2
2023-01-13_10:15:00.000000,2023-01-13,10:15:00.000000,1014,1018,050-180,III/2
2023-01-14_10:15:00.000000,2023-01-14,10:15:00.000000,1017,1018,025-180,III/2
2023-01-15_08:15:00.000000,2023-01-15,08:15:00.000000,0818,0819,025-180,III/2
2023-01-16_11:15:00.000000,2023-01-16,11:15:00.000000,1114,1114,045-180,III/2
2023-01-19_10:15:00.000000,2023-01-19,10:15:00.000000,1010,1012,025-084,III/2
2023-01-19_10:30:00.000000,2023-01-19,10:30:00.000000,1026,1032,025-180,III/2
2023-01-19_14:15:00.000000,2023-01-19,14:15:00.000000,1419,1420,025-137,III/2
2023-01-21_09:45:00.000000,2023-01-21,09:45:00.000000,0939,0941,039-123,III/2
2023-01-22_07:15:00.000000,2023-01-22,07:15:00.000000,0721,0721,065-180,III/2
2023-01-22_10:15:00.000000,2023-01-22,10:15:00.000000,1012,1021,025-180,III/2
2023-01-24_12:45:00.000000,2023-01-24,12:45:00.000000,1240,1244,025-180,III/2
2023-01-24_13:45:00.000000,2023-01-24,13:45:00.000000,1345,1345,025-180,III/2
2023-01-29_14:00:00.000000,2023-01-29,14:00:00.000000,1405,1406,025-072,III/2
2023-01-29_15:00:00.000000,2023-01-29,15:00:00.000000,1455,1457,025-084,III/2
2023-01-30_11:15:00.000000,2023-01-30,11:15:00.000000,1117,1117,025-180,III/2
2023-01-30_11:30:00.000000,2023-01-30,11:30:00.000000,1129,1129,025-180,III/2
2023-01-30_13:00:00.000000,2023-01-30,13:00:00.000000,1256,1300,025-180,III/2
2023-02-01_08:00:00.000000,2023-02-01,08:00:00.000000,0803,0803,025-125,III/2
2023-02-03_12:30:00.000000,2023-02-03,12:30:00.000000,1232,1233,032-143,III/2
2023-02-03_14:45:00.000000,2023-02-03,14:45:00.000000,1441,1449,025-180,III/2
2023-02-04_06:45:00.000000,2023-02-04,06:45:00.000000,0642,0643,025-141,III/2
2023-02-04_09:30:00.000000,2023-02-04,09:30:00.000000,0923,0931,025-180,III/2
2023-02-05_08:45:00.000000,2023-02-05,08:45:00.000000,0849,0850,025-180,III/2
2023-02-05_10:45:00.000000,2023-02-05,10:45:00.000000,1045,1049,025-180,III/2
2023-02-09_07:15:00.000000,2023-02-09,07:15:00.000000,0716,0718,025-180,III/2
2023-02-09_11:15:00.000000,2023-02-09,11:15:00.000000,1114,1115,025-180,III/2
2023-02-09_13:30:00.000000,2023-02-09,13:30:00.000000,1324,1331,025-180,III/2
2023-02-09_13:30:00.000000,2023-02-09,13:30:00.000000,1337,1337,025-180,III/2
2023-02-09_15:00:00.000000,2023-02-09,15:00:00.000000,1500,1509,025-126,III/2
2023-02-10_09:00:00.000000,2023-02-10,09:00:00.000000,0901,0903,025-180,III/2
2023-02-10_15:15:00.000000,2023-02-10,15:15:00.000000,1514,1515,025-180,III/2
2023-02-11_14:15:00.000000,2023-02-11,14:15:00.000000,1418,1421,025-180,III/2
2023-02-12_12:45:00.000000,2023-02-12,12:45:00.000000,1241,1241,067-180,III/2
2023-02-13_09:15:00.000000,2023-02-13,09:15:00.000000,0909,0914,036-180,III/2
2023-02-13_14:15:00.000000,2023-02-13,14:15:00.000000,1419,1428,025-180,III/2
2023-02-14_09:00:00.000000,2023-02-14,09:00:00.000000,0853,0854,025-144,III/2
2023-02-18_07:30:00.000000,2023-02-18,07:30:00.000000,0731,0738,025-127,III/2
2023-02-18_09:00:00.000000,2023-02-18,09:00:00.000000,0906,0907,025-121,III/2
2023-02-19_10:00:00.000000,2023-02-19,10:00:00.000000,0958,0959,025-180,III/2
2023-02-20_06:45:00.000000,2023-02-20,06:45:00.000000,0646,0652,025-180,III/2
2023-02-21_11:30:00.000000,2023-02-21,11:30:00.000000,1131,1132,025-180,III/2
2023-02-21_14:30:00.000000,2023-02-21,14:30:00.000000,1434,1439,025-180,III/2
2023-02-23_10:45:00.000000,2023-02-23,10:45:00.000000,1039,1040,025-068,III/2
2023-02-23_12:30:00.000000,2023-02-23,12:30:00.000000,1225,1232,025-180,III/2
2023-02-25_13:15:00.000000,2023-02-25,13:15:00.000000,1319,1321,025-180,III/2
2023-03-01_11:45:00.000000,2023-03-01,11:45:00.000000,1143,1144,025-180,III/2
2023-03-03_11:30:00.000000,2023-03-03,11:30:00.000000,1132,1137,050-180,III/2
2023-03-04_07:15:00.000000,2023-03-04,07:15:00.000000,0709,0711,025-180,III/2
2023-03-04_07:30:00.000000,2023-03-04,07:30:00.000000,0724,0729,025-180,III/2
2023-03-04_14:30:00.000000,2023-03-04,14:30:00.000000,1437,1440,025-180,III/2
2023-03-13_08:15:00.000000,2023-03-13,08:15:00.000000,0820,0823,025-180,III/2
2023-03-17_09:15:00.000000,2023-03-17,09:15:00.000000,0912,0912,025-153,III/2
2023-03-18_11:30:00.000000,2023-03-18,11:30:00.000000,1136,1137,025-180,III/2
2023-03-20_09:30:00.000000,2023-03-20,09:30:00.000000,0927,0936,025-180,III/2
2023-03-24_09:45:00.000000,2023-03-24,09:45:00.000000,0941,0941,025-180,III/2
2023-03-26_12:00:00.000000,2023-03-26,12:00:00.000000,1154,1154,025-180,III/2
2023-03-31_09:00:00.000000,2023-03-31,09:00:00.000000,0904,0908,025-180,III/2
2023-04-04_07:45:00.000000,2023-04-04,07:45:00.000000,0743,0743,025-084,III/2
2023-04-06_08:45:00.000000,2023-04-06,08:45:00.000000,0852,0853,025-180,III/2
2023-04-08_14:15:00.000000,2023-04-08,14:15:00.000000,1412,1413,025-180,III/2
2023-04-13_12:00:00.000000,2023-04-13,12:00:00.000000,1157,1201,025-180,III/2
2023-04-17_06:30:00.000000,2023-04-17,06:30:00.000000,0626,0635,025-180,III/2
2023-04-17_07:00:00.000000,2023-04-17,07:00:00.000000,0659,0700,025-079,III/2
2023-04-17_12:15:00.000000,2023-04-17,12:15:00.000000,1221,1226,025-180,III/2
2023-04-17_14:30:00.000000,2023-04-17,14:30:00.000000,1427,1434,025-180,III/2
2023-04-17_16:15:00.000000,2023-04-17,16:15:00.000000,1615,1623,025-180,III/2
2023-04-19_12:30:00.000000,2023-04-19,12:30:00.000000,1226,1229,025-180,III/2
2023-04-21_07:45:00.000000,2023-04-21,07:45:00.000000,0750,0755,025-180,III/2
2023-04-21_08:00:00.000000,2023-04-21,08:00:00.000000,0754,0756,025-180,III/2
2023-04-22_08:15:00.000000,2023-04-22,08:15:00.000000,0821,0821,062-144,III/2
2023-04-25_10:00:00.000000,2023-04-25,10:00:00.000000,0956,0957,025-083,III/2
2023-04-28_09:00:00.000000,2023-04-28,09:00:00.000000,0859,0911,025-180,III/2
2023-04-28_11:00:00.000000,2023-04-28,11:00:00.000000,1100,1103,025-180,III/2
2023-04-28_11:30:00.000000,2023-04-28,11:30:00.000000,1131,1138,025-140,III/2
2023-04-29_08:15:00.000000,2023-04-29,08:15:00.000000,0815,0823,025-180,III/2
2023-04-29_13:15:00.000000,2023-04-29,13:15:00.000000,1321,1329,025-180,III/2
2023-04-30_06:45:00.000000,2023-04-30,06:45:00.000000,0640,0641,025-136,III/2
2023-04-30_08:30:00.000000,2023-04-30,08:30:00.000000,0832,0840,025-180,III/2
2023-05-01_07:00:00.000000,2023-05-01,07:00:00.000000,0701,0704,025-061,III/2
2023-05-01_07:45:00.000000,2023-05-01,07:45:00.000000,0742,0744,025-083,III/2
2023-05-01_09:30:00.000000,2023-05-01,09:30:00.000000,0935,0943,025-180,III/2
2023-05-01_14:30:00.000000,2023-05-01,14:30:00.000000,1428,1429,025-180,III/2
2023-05-03_07:30:00.000000,2023-05-03,07:30:00.000000,0726,0731,025-180,III/2
2023-05-05_15:45:00.000000,2023-05-05,15:45:00.000000,1543,1547,025-180,III/2
2023-05-06_06:45:00.000000,2023-05-06,06:45:00.000000,0642,0645,025-180,III/2
2023-05-06_15:15:00.000000,2023-05-06,15:15:00.000000,1518,1521,025-180,III/2
2023-05-07_06:45:00.000000,2023-05-07,06:45:00.000000,0641,0642,025-180,III/2
2023-05-07_08:00:00.000000,2023-05-07,08:00:00.000000,0801,0803,025-180,III/2
2023-05-08_06:45:00.000000,2023-05-08,06:45:00.000000,0642,0643,025-180,III/2
2023-05-08_07:00:00.000000,2023-05-08,07:00:00.000000,0707,0709,025-180,III/2
2023-05-08_09:45:00.000000,2023-05-08,09:45:00.000000,0951,1000,025-180,III/2
2023-05-08_11:00:00.000000,2023-05-08,11:00:00.000000,1054,1103,025-083,III/2
2023-05-08_14:15:00.000000,2023-05-08,14:15:00.000000,1416,1419,025-180,III/2
2023-05-09_07:45:00.000000,2023-05-09,07:45:00.000000,0739,0742,025-180,III/2
2023-05-09_10:45:00.000000,2023-05-09,10:45:00.000000,1048,1050,025-085,III/2
2023-05-09_12:00:00.000000,2023-05-09,12:00:00.000000,1202,1205,025-180,III/2
2023-05-10_07:15:00.000000,2023-05-10,07:15:00.000000,0722,0723,040-180,III/2
2023-05-10_08:00:00.000000,2023-05-10,08:00:00.000000,0807,0808,025-180,III/2
2023-05-10_14:15:00.000000,2023-05-10,14:15:00.000000,1417,1422,025-180,III/2
2023-05-10_15:00:00.000000,2023-05-10,15:00:00.000000,1455,1459,025-084,III/2
2023-05-11_13:00:00.000000,2023-05-11,13:00:00.000000,1301,1302,025-180,III/2
2023-05-16_07:00:00.000000,2023-05-16,07:00:00.000000,0702,0703,025-069,III/2
2023-05-17_15:00:00.000000,2023-05-17,15:00:00.000000,1507,1511,025-180,III/2
2023-05-18_14:00:00.000000,2023-05-18,14:00:00.000000,1358,1405,042-180,III/2
2023-05-19_08:00:00.000000,2023-05-19,08:00:00.000000,0758,0803,025-180,III/2
2023-05-19_08:30:00.000000,2023-05-19,08:30:00.000000,0836,0837,025-180,III/2
2023-05-20_11:30:00.000000,2023-05-20,11:30:00.000000,1127,1129,025-180,III/2
2023-05-22_09:30:00.000000,2023-05-22,09:30:00.000000,0933,0934,025-059,III/2
2023-05-22_13:30:00.000000,2023-05-22,13:30:00.000000,1332,1334,025-180,III/2
2023-05-23_11:15:00.000000,2023-05-23,11:15:00.000000,1118,1119,025-180,III/2
2023-05-24_13:00:00.000000,2023-05-24,13:00:00.000000,1254,1255,025-124,III/2
2023-05-24_15:15:00.000000,2023-05-24,15:15:00.000000,1522,1527,025-180,III/2
2023-05-25_07:45:00.000000,2023-05-25,07:45:00.000000,0742,0748,025-171,III/2
2023-05-25_09:30:00.000000,2023-05-25,09:30:00.000000,0925,0928,025-082,III/2
2023-05-25_14:30:00.000000,2023-05-25,14:30:00.000000,1428,1428,025-082,III/2
2023-05-27_08:15:00.000000,2023-05-27,08:15:00.000000,0812,0813,025-180,III/2
2023-05-27_10:15:00.000000,2023-05-27,10:15:00.000000,1012,1013,025-180,III/2
2023-05-27_12:45:00.000000,2023-05-27,12:45:00.000000,1250,1250,025-084,III/2
2023-05-27_13:15:00.000000,2023-05-27,13:15:00.000000,1315,1316,025-180,III/2
2023-05-28_12:00:00.000000,2023-05-28,12:00:00.000000,1156,1157,025-123,III/2
2023-05-29_09:15:00.000000,2023-05-29,09:15:00.000000,0914,0924,025-140,III/2
2023-06-28_06:00:00.000000,2023-06-28,06:00:00.000000,0555,0605,025-160,III/2
2023-06-28_06:00:00.000000,2023-06-28,06:00:00.000000,0602,0603,025-180,III/2
2023-06-28_14:30:00.000000,2023-06-28,14:30:00.000000,1423,1423,025-180,III/2
2023-06-28_15:30:00.000000,2023-06-28,15:30:00.000000,1532,1534,025-180,III/2
2023-06-28_19:00:00.000000,2023-06-28,19:00:00.000000,1855,1858,025-117,III/2
2023-07-01_07:30:00.000000,2023-07-01,07:30:00.000000,0723,0724,025-169,III/2
2023-07-01_13:45:00.000000,2023-07-01,13:45:00.000000,1342,1342,025-180,III/2
2023-07-02_02:30:00.000000,2023-07-02,02:30:00.000000,0232,0234,025-180,III/2
2023-07-03_12:30:00.000000,2023-07-03,12:30:00.000000,1229,1232,025-180,III/2
2023-07-03_19:15:00.000000,2023-07-03,19:15:00.000000,1909,1914,025-180,III/2
2023-07-04_00:30:00.000000,2023-07-04,00:30:00.000000,0025,0030,025-180,III/2
2023-07-04_00:30:00.000000,2023-07-04,00:30:00.000000,0032,0036,025-180,III/2
2023-07-04_02:30:00.000000,2023-07-04,02:30:00.000000,0223,0231,025-180,III/2
2023-07-04_02:45:00.000000,2023-07-04,02:45:00.000000,0242,0243,025-180,III/2
2023-07-04_03:15:00.000000,2023-07-04,03:15:00.000000,0314,0316,025-180,III/2
2023-07-04_04:00:00.000000,2023-07-04,04:00:00.000000,0356,0403,025-180,III/2
2023-07-05_12:30:00.000000,2023-07-05,12:30:00.000000,1224,1226,025-180,III/2
2023-07-06_05:30:00.000000,2023-07-06,05:30:00.000000,0530,0530,025-180,III/2
2023-07-06_07:15:00.000000,2023-07-06,07:15:00.000000,0716,0719,025-180,III/2
2023-07-06_16:30:00.000000,2023-07-06,16:30:00.000000,1637,1638,025-180,III/2
2023-07-07_01:30:00.000000,2023-07-07,01:30:00.000000,0133,0136,025-102,III/2
2023-07-07_04:45:00.000000,2023-07-07,04:45:00.000000,0444,0445,025-180,III/2
2023-07-07_07:00:00.000000,2023-07-07,07:00:00.000000,0705,0706,037-180,III/2
2023-07-08_01:30:00.000000,2023-07-08,01:30:00.000000,0129,0224,025-180,III/2
2023-07-08_07:00:00.000000,2023-07-08,07:00:00.000000,0702,0703,025-056,III/2
2023-07-09_08:30:00.000000,2023-07-09,08:30:00.000000,0837,0837,025-180,III/2
2023-07-10_16:45:00.000000,2023-07-10,16:45:00.000000,1649,1649,025-180,III/2
2023-07-10_17:30:00.000000,2023-07-10,17:30:00.000000,1731,1732,025-143,III/2
2023-07-12_22:30:00.000000,2023-07-12,22:30:00.000000,2235,2235,067-180,III/2
2023-07-14_18:30:00.000000,2023-07-14,18:30:00.000000,1832,1846,025-180,III/2
2023-07-15_04:45:00.000000,2023-07-15,04:45:00.000000,0440,0440,034-180,III/2
2023-07-15_08:30:00.000000,2023-07-15,08:30:00.000000,0828,0829,025-180,III/2
2023-07-15_09:45:00.000000,2023-07-15,09:45:00.000000,0949,0953,025-180,III/2
2023-07-15_13:45:00.000000,2023-07-15,13:45:00.000000,1340,1340,025-180,III/2
2023-07-16_01:30:00.000000,2023-07-16,01:30:00.000000,0127,0128,025-180,III/2
2023-07-16_01:45:00.000000,2023-07-16,01:45:00.000000,0149,0150,025-180,III/2
2023-07-16_04:00:00.000000,2023-07-16,04:00:00.000000,0400,0402,025-180,III/2
2023-07-16_05:45:00.000000,2023-07-16,05:45:00.000000,0542,0543,025-180,III/2
2023-07-16_06:00:00.000000,2023-07-16,06:00:00.000000,0559,0600,025-180,III/2
2023-07-16_07:30:00.000000,2023-07-16,07:30:00.000000,0729,0732,025-180,III/2
2023-07-16_08:30:00.000000,2023-07-16,08:30:00.000000,0831,0833,025-180,III/2
2023-07-16_08:30:00.000000,2023-07-16,08:30:00.000000,0832,0832,025-180,III/2
2023-07-16_13:30:00.000000,2023-07-16,13:30:00.000000,1331,1335,025-180,III/2
2023-07-16_18:00:00.000000,2023-07-16,18:00:00.000000,1807,1811,025-149,III/2
2023-07-16_19:00:00.000000,2023-07-16,19:00:00.000000,1900,1906,025-180,III/2
2023-07-16_20:15:00.000000,2023-07-16,20:15:00.000000,2022,2023,081-180,III/2
2023-07-16_22:30:00.000000,2023-07-16,22:30:00.000000,2231,2234,025-180,III/2
2023-07-17_08:15:00.000000,2023-07-17,08:15:00.000000,0816,0817,025-180,III/2
2023-07-17_11:45:00.000000,2023-07-17,11:45:00.000000,1150,1151,025-180,III/2
2023-07-17_20:45:00.000000,2023-07-17,20:45:00.000000,2048,2048,025-099,III/2
2023-07-18_13:30:00.000000,2023-07-18,13:30:00.000000,1326,1327,036-180,III/2
2023-07-19_02:45:00.000000,2023-07-19,02:45:00.000000,0241,0241,025-180,III/2
2023-07-19_07:00:00.000000,2023-07-19,07:00:00.000000,0655,0657,025-180,III/2
2023-07-19_07:45:00.000000,2023-07-19,07:45:00.000000,0751,0800,025-180,III/2
2023-07-19_21:45:00.000000,2023-07-19,21:45:00.000000,2144,2145,025-180,III/2
2023-07-21_00:30:00.000000,2023-07-21,00:30:00.000000,0036,0037,025-180,III/2
2023-07-21_05:30:00.000000,2023-07-21,05:30:00.000000,0535,0537,025-180,III/2
2023-07-21_19:00:00.000000,2023-07-21,19:00:00.000000,1856,1856,025-180,III/2
2023-07-22_00:30:00.000000,2023-07-22,00:30:00.000000,0035,0036,025-180,III/2
2023-07-22_07:15:00.000000,2023-07-22,07:15:00.000000,0713,0714,025-180,III/2
2023-07-24_12:00:00.000000,2023-07-24,12:00:00.000000,1202,1202,025-180,III/2
2023-07-24_16:30:00.000000,2023-07-24,16:30:00.000000,1635,1635,136-180,III/2
2023-07-25_15:15:00.000000,2023-07-25,15:15:00.000000,1512,1514,025-124,III/2
2023-07-26_00:15:00.000000,2023-07-26,00:15:00.000000,0017,0018,025-136,III/2
2023-07-26_05:00:00.000000,2023-07-26,05:00:00.000000,0454,0458,025-180,III/2
2023-07-26_08:30:00.000000,2023-07-26,08:30:00.000000,0825,0828,025-180,III/2
2023-07-26_15:15:00.000000,2023-07-26,15:15:00.000000,1519,1525,025-180,III/2
2023-07-27_00:30:00.000000,2023-07-27,00:30:00.000000,0032,0033,025-111,III/2
2023-07-29_04:00:00.000000,2023-07-29,04:00:00.000000,0355,0400,025-131,III/2
2023-07-29_04:45:00.000000,2023-07-29,04:45:00.000000,0447,0449,025-180,III/2
2023-07-29_08:45:00.000000,2023-07-29,08:45:00.000000,0841,0844,025-180,III/2
2023-07-29_08:45:00.000000,2023-07-29,08:45:00.000000,0849,0851,025-180,III/2
2023-07-30_02:30:00.000000,2023-07-30,02:30:00.000000,0231,0231,025-180,III/2
2023-07-30_05:00:00.000000,2023-07-30,05:00:00.000000,0502,0509,025-100,III/2
2023-07-31_11:45:00.000000,2023-07-31,11:45:00.000000,1148,1149,075-180,III/2
2023-07-31_14:45:00.000000,2023-07-31,14:45:00.000000,1450,1452,025-180,III/2
2023-07-31_19:00:00.000000,2023-07-31,19:00:00.000000,1907,1908,025-180,III/2
2023-07-31_23:30:00.000000,2023-07-31,23:30:00.000000,2336,2343,025-180,III/2
2023-08-01_00:00:00.000000,2023-08-01,00:00:00.000000,0005,0005,025-047,III/2
2023-08-01_02:30:00.000000,2023-08-01,02:30:00.000000,0237,0310,025-144,III/2
2023-08-03_06:15:00.000000,2023-08-03,06:15:00.000000,0615,0616,025-103,III/2
2023-08-03_09:15:00.000000,2023-08-03,09:15:00.000000,0914,0914,025-099,III/2
2023-08-03_22:45:00.000000,2023-08-03,22:45:00.000000,2241,2243,025-180,III/2
2023-08-04_00:15:00.000000,2023-08-04,00:15:00.000000,0021,0023,025-180,III/2
2023-08-04_03:15:00.000000,2023-08-04,03:15:00.000000,0312,0315,025-180,III/2
2023-08-04_04:00:00.000000,2023-08-04,04:00:00.000000,0400,0401,025-180,III/2
2023-08-04_06:00:00.000000,2023-08-04,06:00:00.000000,0556,0557,025-170,III/2
2023-08-04_20:00:00.000000,2023-08-04,20:00:00.000000,1957,1958,025-180,III/2
2023-08-05_03:15:00.000000,2023-08-05,03:15:00.000000,0309,0311,025-180,III/2
2023-08-05_05:30:00.000000,2023-08-05,05:30:00.000000,0523,0524,025-083,III/2
2023-08-05_11:45:00.000000,2023-08-05,11:45:00.000000,1145,1145,025-083,III/2
2023-08-05_13:15:00.000000,2023-08-05,13:15:00.000000,1314,1318,025-083,III/2
2023-08-05_13:45:00.000000,2023-08-05,13:45:00.000000,1347,1348,025-083,III/2
2023-08-05_14:45:00.000000,2023-08-05,14:45:00.000000,1440,1440,025-062,III/2
2023-08-05_20:45:00.000000,2023-08-05,20:45:00.000000,2047,2359,025-180,III/2
2023-08-06_01:45:00.000000,2023-08-06,01:45:00.000000,0142,0143,025-180,III/2
2023-08-06_06:45:00.000000,2023-08-06,06:45:00.000000,0649,0657,025-084,III/2
2023-08-07_06:30:00.000000,2023-08-07,06:30:00.000000,0634,0635,025-071,III/2
2023-08-07_08:15:00.000000,2023-08-07,08:15:00.000000,0818,0820,025-148,III/2
2023-08-07_08:30:00.000000,2023-08-07,08:30:00.000000,0833,0837,025-146,III/2
2023-08-07_19:30:00.000000,2023-08-07,19:30:00.000000,1930,1939,025-075,III/2
2023-08-10_02:30:00.000000,2023-08-10,02:30:00.000000,0234,0238,025-180,III/2
2023-08-10_12:00:00.000000,2023-08-10,12:00:00.000000,1159,1200,025-083,III/2
2023-08-10_22:30:00.000000,2023-08-10,22:30:00.000000,2226,2228,025-159,III/2
2023-08-11_05:00:00.000000,2023-08-11,05:00:00.000000,0500,0507,025-180,III/2
2023-08-11_06:45:00.000000,2023-08-11,06:45:00.000000,0649,0650,025-180,III/2
2023-08-12_07:15:00.000000,2023-08-12,07:15:00.000000,0716,0726,025-180,III/2
2023-08-12_09:45:00.000000,2023-08-12,09:45:00.000000,0942,0943,025-180,III/2
2023-08-12_15:15:00.000000,2023-08-12,15:15:00.000000,1511,1515,033-180,III/2
2023-08-14_01:15:00.000000,2023-08-14,01:15:00.000000,0116,0118,025-180,III/2
2023-08-16_14:15:00.000000,2023-08-16,14:15:00.000000,1421,1430,025-080,III/2
2023-08-17_14:15:00.000000,2023-08-17,14:15:00.000000,1417,1418,025-180,III/2
2023-08-18_14:30:00.000000,2023-08-18,14:30:00.000000,1425,1425,025-180,III/2
2023-08-19_05:00:00.000000,2023-08-19,05:00:00.000000,0507,0515,025-090,III/2
2023-08-19_09:30:00.000000,2023-08-19,09:30:00.000000,0928,0936,025-180,III/2
2023-08-20_01:45:00.000000,2023-08-20,01:45:00.000000,0152,0153,025-180,III/2
2023-08-20_06:15:00.000000,2023-08-20,06:15:00.000000,0614,0615,025-180,III/2
2023-08-20_13:45:00.000000,2023-08-20,13:45:00.000000,1349,1352,025-180,III/2
2023-08-20_17:45:00.000000,2023-08-20,17:45:00.000000,1749,1753,025-074,III/2
2023-08-22_09:00:00.000000,2023-08-22,09:00:00.000000,0855,0856,025-083,III/2
2023-08-22_23:45:00.000000,2023-08-22,23:45:00.000000,2340,2340,025-180,III/2
2023-08-23_14:00:00.000000,2023-08-23,14:00:00.000000,1358,1405,025-180,III/2
2023-08-23_15:30:00.000000,2023-08-23,15:30:00.000000,1529,1530,025-180,III/2
2023-08-23_23:30:00.000000,2023-08-23,23:30:00.000000,2330,2348,025-121,III/2
2023-08-25_03:30:00.000000,2023-08-25,03:30:00.000000,0323,0325,025-180,III/2
2023-08-25_04:45:00.000000,2023-08-25,04:45:00.000000,0444,0445,025-180,III/2
2023-08-25_17:45:00.000000,2023-08-25,17:45:00.000000,1742,1751,025-180,III/2
2023-08-26_07:00:00.000000,2023-08-26,07:00:00.000000,0706,0708,025-063,III/2
2023-08-28_00:45:00.000000,2023-08-28,00:45:00.000000,0039,0255,134-180,III/2
2023-08-28_02:45:00.000000,2023-08-28,02:45:00.000000,0242,0242,025-088,III/2
2023-08-30_03:00:00.000000,2023-08-30,03:00:00.000000,0254,0254,025-048,III/2
2023-08-30_20:30:00.000000,2023-08-30,20:30:00.000000,2035,2036,025-180,III/2
2023-08-30_23:45:00.000000,2023-08-30,23:45:00.000000,2341,2342,025-086,III/2
2023-08-31_22:30:00.000000,2023-08-31,22:30:00.000000,2235,2240,025-056,III/2
2023-09-01_02:30:00.000000,2023-09-01,02:30:00.000000,0236,0236,025-137,III/2
2023-09-01_22:15:00.000000,2023-09-01,22:15:00.000000,2219,2224,025-180,III/2
2023-09-02_20:00:00.000000,2023-09-02,20:00:00.000000,1955,1955,025-072,III/2
2023-09-02_20:45:00.000000,2023-09-02,20:45:00.000000,2038,2046,025-087,III/2
2023-09-02_21:00:00.000000,2023-09-02,21:00:00.000000,2107,2107,025-180,III/2
2023-09-03_00:15:00.000000,2023-09-03,00:15:00.000000,0016,0029,025-156,III/2
2023-09-04_01:00:00.000000,2023-09-04,01:00:00.000000,0101,0101,025-083,III/2
2023-09-05_08:45:00.000000,2023-09-05,08:45:00.000000,0852,0855,025-180,III/2
2023-09-05_13:15:00.000000,2023-09-05,13:15:00.000000,1316,1321,025-180,III/2
2023-09-07_01:00:00.000000,2023-09-07,01:00:00.000000,0107,0112,025-115,III/2
2023-09-07_05:00:00.000000,2023-09-07,05:00:00.000000,0505,0511,025-180,III/2
2023-09-07_18:30:00.000000,2023-09-07,18:30:00.000000,1829,1839,025-180,III/2
2023-09-08_07:45:00.000000,2023-09-08,07:45:00.000000,0739,0748,025-180,III/2
2023-09-08_12:30:00.000000,2023-09-08,12:30:00.000000,1229,1230,025-116,III/2
2023-09-08_14:45:00.000000,2023-09-08,14:45:00.000000,1440,1448,025-180,III/2
2023-09-08_18:00:00.000000,2023-09-08,18:00:00.000000,1802,1803,025-180,III/2
2023-09-08_21:15:00.000000,2023-09-08,21:15:00.000000,2120,2129,025-180,III/2
2023-09-08_23:00:00.000000,2023-09-08,23:00:00.000000,2255,2257,025-180,III/2
2023-09-09_03:00:00.000000,2023-09-09,03:00:00.000000,0259,0300,025-090,III/2
2023-09-09_04:00:00.000000,2023-09-09,04:00:00.000000,0405,0405,025-180,III/2
2023-09-09_05:00:00.000000,2023-09-09,05:00:00.000000,0456,0459,025-180,III/2
2023-09-09_07:15:00.000000,2023-09-09,07:15:00.000000,0715,0716,025-180,III/2
2023-09-09_09:00:00.000000,2023-09-09,09:00:00.000000,0907,0908,025-138,III/2
2023-09-09_09:45:00.000000,2023-09-09,09:45:00.000000,0943,0943,025-180,III/2
2023-09-09_11:45:00.000000,2023-09-09,11:45:00.000000,1149,1151,025-180,III/2
2023-09-09_21:00:00.000000,2023-09-09,21:00:00.000000,2103,2104,025-084,III/2
2023-09-09_22:45:00.000000,2023-09-09,22:45:00.000000,2242,2252,025-180,III/2
2023-09-11_01:45:00.000000,2023-09-11,01:45:00.000000,0141,0147,025-180,III/2
2023-09-11_20:45:00.000000,2023-09-11,20:45:00.000000,2044,2045,025-180,III/2
2023-09-11_21:15:00.000000,2023-09-11,21:15:00.000000,2121,2123,025-150,III/2
2023-09-12_20:00:00.000000,2023-09-12,20:00:00.000000,1955,1955,025-075,III/2
2023-09-13_11:15:00.000000,2023-09-13,11:15:00.000000,1114,1115,025-180,III/2
2023-09-14_07:15:00.000000,2023-09-14,07:15:00.000000,0710,0713,025-180,III/2
2023-09-14_17:00:00.000000,2023-09-14,17:00:00.000000,1656,1657,025-180,III/2
2023-09-14_19:30:00.000000,2023-09-14,19:30:00.000000,1931,1932,025-180,III/2
2023-09-15_05:15:00.000000,2023-09-15,05:15:00.000000,0511,0520,025-180,III/2
2023-09-15_15:45:00.000000,2023-09-15,15:45:00.000000,1544,1544,050-155,III/2
2023-09-15_23:45:00.000000,2023-09-15,23:45:00.000000,2341,2341,025-150,III/2
2023-09-17_05:00:00.000000,2023-09-17,05:00:00.000000,0500,0500,025-112,III/2
2023-09-17_17:00:00.000000,2023-09-17,17:00:00.000000,1700,1701,025-180,III/2
2023-09-18_20:30:00.000000,2023-09-18,20:30:00.000000,2026,2030,025-180,III/2
2023-09-19_03:45:00.000000,2023-09-19,03:45:00.000000,0347,0355,025-180,III/2
2023-09-20_02:00:00.000000,2023-09-20,02:00:00.000000,0200,0200,025-180,III/2
2023-09-20_04:30:00.000000,2023-09-20,04:30:00.000000,0437,0438,025-180,III/2
2023-09-20_07:00:00.000000,2023-09-20,07:00:00.000000,0655,0656,025-180,III/2
2023-09-20_23:15:00.000000,2023-09-20,23:15:00.000000,2322,2325,025-180,III/2
2023-09-21_18:30:00.000000,2023-09-21,18:30:00.000000,1825,1832,025-180,III/2
2023-09-22_07:30:00.000000,2023-09-22,07:30:00.000000,0733,0735,025-180,III/2
2023-09-22_07:30:00.000000,2023-09-22,07:30:00.000000,0737,0738,025-180,III/2
2023-09-22_08:45:00.000000,2023-09-22,08:45:00.000000,0839,0841,025-180,III/2
2023-09-22_11:45:00.000000,2023-09-22,11:45:00.000000,1140,1143,025-150,III/2
2023-09-22_15:00:00.000000,2023-09-22,15:00:00.000000,1503,1505,025-180,III/2
2023-09-22_15:15:00.000000,2023-09-22,15:15:00.000000,1518,1519,025-180,III/2
2023-09-22_15:30:00.000000,2023-09-22,15:30:00.000000,1529,1530,025-180,III/2
2023-09-22_17:15:00.000000,2023-09-22,17:15:00.000000,1714,1715,025-180,III/2
2023-09-22_22:45:00.000000,2023-09-22,22:45:00.000000,2242,2244,025-180,III/2
2023-09-23_08:00:00.000000,2023-09-23,08:00:00.000000,0803,0803,025-180,III/2
2023-09-23_11:00:00.000000,2023-09-23,11:00:00.000000,1100,1103,025-180,III/2
2023-09-23_14:45:00.000000,2023-09-23,14:45:00.000000,1442,1446,025-180,III/2
2023-09-23_19:15:00.000000,2023-09-23,19:15:00.000000,1913,1914,025-180,III/2
2023-09-24_10:30:00.000000,2023-09-24,10:30:00.000000,1036,1039,025-180,III/2
2023-09-24_15:00:00.000000,2023-09-24,15:00:00.000000,1454,1458,025-180,III/2
2023-09-24_15:30:00.000000,2023-09-24,15:30:00.000000,1535,1536,025-180,III/2
2023-09-24_15:45:00.000000,2023-09-24,15:45:00.000000,1539,1541,078-180,III/2
2023-09-24_22:45:00.000000,2023-09-24,22:45:00.000000,2248,2251,075-180,III/2
2023-09-25_07:15:00.000000,2023-09-25,07:15:00.000000,0718,0723,025-083,III/2
2023-09-25_12:30:00.000000,2023-09-25,12:30:00.000000,1236,1236,025-180,III/2
2023-09-25_14:00:00.000000,2023-09-25,14:00:00.000000,1359,1405,025-180,III/2
2023-09-25_15:30:00.000000,2023-09-25,15:30:00.000000,1531,1532,075-180,III/2
2023-09-25_18:15:00.000000,2023-09-25,18:15:00.000000,1812,1815,025-180,III/2
2023-09-25_19:15:00.000000,2023-09-25,19:15:00.000000,1920,1926,025-180,III/2
2023-09-25_19:15:00.000000,2023-09-25,19:15:00.000000,1921,1926,025-180,III/2
2023-09-26_08:30:00.000000,2023-09-26,08:30:00.000000,0830,0835,025-083,III/2
2023-09-26_17:15:00.000000,2023-09-26,17:15:00.000000,1715,1715,025-180,III/2
2023-09-27_06:45:00.000000,2023-09-27,06:45:00.000000,0649,0650,025-097,III/2
2023-09-27_13:00:00.000000,2023-09-27,13:00:00.000000,1256,1258,025-180,III/2
2023-09-28_00:15:00.000000,2023-09-28,00:15:00.000000,0016,0018,025-123,III/2
2023-09-28_04:00:00.000000,2023-09-28,04:00:00.000000,0359,0402,025-180,III/2
2023-09-28_06:15:00.000000,2023-09-28,06:15:00.000000,0608,0610,025-164,III/2
2023-09-28_14:00:00.000000,2023-09-28,14:00:00.000000,1402,1403,025-120,III/2
2023-09-29_13:30:00.000000,2023-09-29,13:30:00.000000,1329,1331,025-180,III/2
2023-09-29_21:30:00.000000,2023-09-29,21:30:00.000000,2125,2128,025-180,III/2
2023-09-30_01:15:00.000000,2023-09-30,01:15:00.000000,0118,0125,025-180,III/2
2023-09-30_15:00:00.000000,2023-09-30,15:00:00.000000,1454,1454,025-165,III/2
2023-10-01_00:30:00.000000,2023-10-01,00:30:00.000000,0023,0030,025-180,III/2
2023-10-01_01:15:00.000000,2023-10-01,01:15:00.000000,0110,0112,025-180,III/2
2023-10-01_21:30:00.000000,2023-10-01,21:30:00.000000,2130,2130,025-180,III/2
2023-10-01_23:15:00.000000,2023-10-01,23:15:00.000000,2310,2315,025-180,III/2
2023-10-02_21:30:00.000000,2023-10-02,21:30:00.000000,2134,2139,025-180,III/2
2023-10-03_16:00:00.000000,2023-10-03,16:00:00.000000,1557,1601,025-180,III/2
2023-10-04_09:00:00.000000,2023-10-04,09:00:00.000000,0902,0902,043-089,III/2
2023-10-04_20:15:00.000000,2023-10-04,20:15:00.000000,2013,2014,025-180,III/2
2023-10-05_05:45:00.000000,2023-10-05,05:45:00.000000,0541,0549,025-167,III/2
2023-10-06_00:30:00.000000,2023-10-06,00:30:00.000000,0027,0028,025-180,III/2
2023-10-08_02:45:00.000000,2023-10-08,02:45:00.000000,0247,0248,025-150,III/2
2023-10-08_03:45:00.000000,2023-10-08,03:45:00.000000,0339,0342,080-180,III/2
2023-10-08_04:00:00.000000,2023-10-08,04:00:00.000000,0356,0403,050-180,III/2
2023-10-09_07:15:00.000000,2023-10-09,07:15:00.000000,0714,0715,025-180,III/2
2023-10-09_09:30:00.000000,2023-10-09,09:30:00.000000,0926,0926,025-180,III/2
2023-10-11_04:30:00.000000,2023-10-11,04:30:00.000000,0433,0434,025-180,III/2
2023-10-19_04:45:00.000000,2023-10-19,04:45:00.000000,0442,0444,025-180,III/2
2023-10-20_04:15:00.000000,2023-10-20,04:15:00.000000,0414,0415,025-180,III/2
2023-10-20_11:45:00.000000,2023-10-20,11:45:00.000000,1151,1153,025-180,III/2
2023-10-30_11:15:00.000000,2023-10-30,11:15:00.000000,1121,1122,053-180,III/2
2023-10-30_14:00:00.000000,2023-10-30,14:00:00.000000,1407,1409,060-180,III/2
2023-10-30_15:15:00.000000,2023-10-30,15:15:00.000000,1508,1509,060-180,III/2
2023-10-31_20:15:00.000000,2023-10-31,20:15:00.000000,2020,2022,025-180,III/2
2023-10-31_23:30:00.000000,2023-10-31,23:30:00.000000,2336,2337,025-130,III/2
2023-11-01_09:30:00.000000,2023-11-01,09:30:00.000000,0929,0929,095-180,III/2
2023-11-02_00:00:00.000000,2023-11-02,00:00:00.000000,0003,0004,025-180,III/2
2023-11-02_01:30:00.000000,2023-11-02,01:30:00.000000,0133,0133,025-180,III/2
2023-11-02_06:15:00.000000,2023-11-02,06:15:00.000000,0617,0618,041-156,III/2
2023-11-02_12:15:00.000000,2023-11-02,12:15:00.000000,1221,1222,059-180,III/2
2023-11-04_21:00:00.000000,2023-11-04,21:00:00.000000,2104,2104,025-180,III/2
2023-11-04_22:45:00.000000,2023-11-04,22:45:00.000000,2239,2239,025-180,III/2
2023-11-04_22:45:00.000000,2023-11-04,22:45:00.000000,2252,2253,025-180,III/2
2023-11-05_09:15:00.000000,2023-11-05,09:15:00.000000,0908,0909,025-180,III/2
2023-11-05_09:45:00.000000,2023-11-05,09:45:00.000000,0948,0949,025-180,III/2
2023-11-12_14:15:00.000000,2023-11-12,14:15:00.000000,1417,1417,075-166,III/2
2023-11-12_14:45:00.000000,2023-11-12,14:45:00.000000,1441,1443,025-180,III/2
2023-11-12_21:45:00.000000,2023-11-12,21:45:00.000000,2146,2200,025-180,III/2
2023-11-14_00:00:00.000000,2023-11-14,00:00:00.000000,0001,0003,025-180,III/2
2023-11-14_00:00:00.000000,2023-11-14,00:00:00.000000,0002,0002,025-086,III/2
2023-11-14_00:45:00.000000,2023-11-14,00:45:00.000000,0050,0052,025-180,III/2
2023-11-14_02:00:00.000000,2023-11-14,02:00:00.000000,0200,0201,042-180,III/2
2023-11-14_12:00:00.000000,2023-11-14,12:00:00.000000,1158,1159,025-047,III/2
2023-11-14_12:45:00.000000,2023-11-14,12:45:00.000000,1251,1251,025-084,III/2
2023-11-16_08:30:00.000000,2023-11-16,08:30:00.000000,0830,0832,025-180,III/2
2023-11-16_16:15:00.000000,2023-11-16,16:15:00.000000,1622,1622,025-043,III/2
2023-11-17_09:45:00.000000,2023-11-17,09:45:00.000000,0947,0947,025-086,III/2
2023-11-21_21:15:00.000000,2023-11-21,21:15:00.000000,2110,2110,025-061,III/2
2023-11-21_22:00:00.000000,2023-11-21,22:00:00.000000,2207,2207,040-147,III/2
2023-11-22_23:00:00.000000,2023-11-22,23:00:00.000000,2257,2259,050-180,III/2
2023-11-22_23:45:00.000000,2023-11-22,23:45:00.000000,2342,2343,025-134,III/2
2023-11-23_01:00:00.000000,2023-11-23,01:00:00.000000,0058,0058,025-111,III/2
2023-11-23_01:30:00.000000,2023-11-23,01:30:00.000000,0126,0130,025-180,III/2
2023-11-23_04:30:00.000000,2023-11-23,04:30:00.000000,0436,0437,025-180,III/2
2023-11-23_14:30:00.000000,2023-11-23,14:30:00.000000,1430,1440,035-180,III/2
2023-11-23_20:30:00.000000,2023-11-23,20:30:00.000000,2037,2046,025-180,III/2
2023-11-23_22:00:00.000000,2023-11-23,22:00:00.000000,2159,2204,025-180,III/2
2023-11-24_09:30:00.000000,2023-11-24,09:30:00.000000,0923,0928,025-180,III/2
2023-11-24_11:30:00.000000,2023-11-24,11:30:00.000000,1131,1140,025-180,III/2
2023-11-24_20:15:00.000000,2023-11-24,20:15:00.000000,2019,2019,025-077,III/2
2023-11-24_22:00:00.000000,2023-11-24,22:00:00.000000,2201,2201,025-180,III/2
2023-11-24_22:30:00.000000,2023-11-24,22:30:00.000000,2234,2243,025-180,III/2
2023-11-25_04:00:00.000000,2023-11-25,04:00:00.000000,0406,0407,025-131,III/2
2023-11-25_04:45:00.000000,2023-11-25,04:45:00.000000,0446,0446,025-180,III/2
2023-11-25_10:30:00.000000,2023-11-25,10:30:00.000000,1027,1029,025-131,III/2
2023-11-25_10:45:00.000000,2023-11-25,10:45:00.000000,1051,1054,025-169,III/2
2023-11-25_11:45:00.000000,2023-11-25,11:45:00.000000,1150,1150,025-083,III/2
2023-11-25_14:45:00.000000,2023-11-25,14:45:00.000000,1450,1454,050-180,III/2
2023-11-25_20:00:00.000000,2023-11-25,20:00:00.000000,2006,2006,025-180,III/2
2023-11-26_05:00:00.000000,2023-11-26,05:00:00.000000,0506,0507,025-180,III/2
2023-11-26_07:45:00.000000,2023-11-26,07:45:00.000000,0740,0747,025-180,III/2
2023-11-28_12:00:00.000000,2023-11-28,12:00:00.000000,1154,1155,025-180,III/2
2023-11-28_18:30:00.000000,2023-11-28,18:30:00.000000,1837,1837,025-043,III/2
2023-11-28_19:45:00.000000,2023-11-28,19:45:00.000000,1948,1951,025-075,III/2
2023-11-29_02:30:00.000000,2023-11-29,02:30:00.000000,0229,0230,025-180,III/2
2023-11-29_09:00:00.000000,2023-11-29,09:00:00.000000,0903,0907,025-180,III/2
2023-11-29_21:00:00.000000,2023-11-29,21:00:00.000000,2053,2054,025-123,III/2
2023-11-29_22:15:00.000000,2023-11-29,22:15:00.000000,2222,2222,025-054,III/2
2023-11-30_06:00:00.000000,2023-11-30,06:00:00.000000,0555,0603,025-180,III/2
2023-11-30_15:45:00.000000,2023-11-30,15:45:00.000000,1541,1546,025-180,III/2
2023-11-30_22:30:00.000000,2023-11-30,22:30:00.000000,2231,2232,025-154,III/2
2023-12-01_06:00:00.000000,2023-12-01,06:00:00.000000,0557,0559,025-180,III/2
2023-12-01_18:00:00.000000,2023-12-01,18:00:00.000000,1758,1801,025-043,III/2
2023-12-01_22:45:00.000000,2023-12-01,22:45:00.000000,2243,2243,025-180,III/2
2023-12-02_08:00:00.000000,2023-12-02,08:00:00.000000,0800,0801,025-130,III/2
2023-12-04_20:45:00.000000,2023-12-04,20:45:00.000000,2051,2056,025-075,III/2
2023-12-04_23:30:00.000000,2023-12-04,23:30:00.000000,2330,2333,025-180,III/2
2023-12-05_06:45:00.000000,2023-12-05,06:45:00.000000,0648,0648,123-180,III/2
2023-12-07_13:30:00.000000,2023-12-07,13:30:00.000000,1328,1330,025-180,III/2
2023-12-07_18:15:00.000000,2023-12-07,18:15:00.000000,1815,1816,025-140,III/2
2023-12-09_09:45:00.000000,2023-12-09,09:45:00.000000,0946,0948,025-084,III/2
2023-12-10_00:00:00.000000,2023-12-10,00:00:00.000000,2354,2355,025-180,III/2
2023-12-11_22:00:00.000000,2023-12-11,22:00:00.000000,2159,2203,025-180,III/2
2023-12-12_03:30:00.000000,2023-12-12,03:30:00.000000,0336,0338,025-180,III/2
2023-12-12_14:30:00.000000,2023-12-12,14:30:00.000000,1425,1427,048-087,III/2
2023-12-15_00:15:00.000000,2023-12-15,00:15:00.000000,0018,0020,025-180,III/2
2023-12-15_02:00:00.000000,2023-12-15,02:00:00.000000,0153,0157,025-135,III/2
2023-12-18_03:45:00.000000,2023-12-18,03:45:00.000000,0340,0344,025-148,III/2
2023-12-18_14:15:00.000000,2023-12-18,14:15:00.000000,1421,1422,035-180,III/2
2023-12-19_23:30:00.000000,2023-12-19,23:30:00.000000,2324,2333,025-091,III/2
2023-12-20_03:15:00.000000,2023-12-20,03:15:00.000000,0313,0317,025-114,III/2
2023-12-20_21:00:00.000000,2023-12-20,21:00:00.000000,2100,2104,025-180,III/2
2023-12-20_21:30:00.000000,2023-12-20,21:30:00.000000,2129,2129,025-180,III/2
2023-12-20_22:00:00.000000,2023-12-20,22:00:00.000000,2207,2207,025-156,III/2
2023-12-21_10:45:00.000000,2023-12-21,10:45:00.000000,1040,1044,047-180,III/2
2023-12-24_08:15:00.000000,2023-12-24,08:15:00.000000,0812,0816,025-180,III/2
2023-12-24_11:15:00.000000,2023-12-24,11:15:00.000000,1112,1113,050-180,III/2
2023-12-25_01:15:00.000000,2023-12-25,01:15:00.000000,0108,0115,025-100,III/2
2023-12-25_12:45:00.000000,2023-12-25,12:45:00.000000,1239,1240,025-180,III/2
2023-12-25_23:30:00.000000,2023-12-25,23:30:00.000000,2324,2325,025-155,III/2
2023-12-25_23:30:00.000000,2023-12-25,23:30:00.000000,2324,2324,025-180,III/2
2023-12-25_23:45:00.000000,2023-12-25,23:45:00.000000,2343,2344,025-050,III/2
2023-12-26_09:45:00.000000,2023-12-26,09:45:00.000000,0949,0949,025-180,III/2
2023-12-28_03:30:00.000000,2023-12-28,03:30:00.000000,0336,0336,025-062,III/2
2023-12-28_04:00:00.000000,2023-12-28,04:00:00.000000,0357,0357,025-154,III/2
2024-01-05_15:30:00.000000,2024-01-05,15:30:00.000000,1525,1525,025-043,III/2
2024-01-08_15:15:00.000000,2024-01-08,15:15:00.000000,1513,1517,025-180,III/2
2024-01-08_16:30:00.000000,2024-01-08,16:30:00.000000,1626,1627,025-180,III/2
2024-01-09_15:30:00.000000,2024-01-09,15:30:00.000000,1524,1525,025-051,III/2
2024-01-09_18:00:00.000000,2024-01-09,18:00:00.000000,1754,1754,025-046,III/2
2024-01-10_07:00:00.000000,2024-01-10,07:00:00.000000,0657,0658,025-152,III/2
2024-01-10_21:15:00.000000,2024-01-10,21:15:00.000000,2119,2119,025-180,III/2
2024-01-10_22:00:00.000000,2024-01-10,22:00:00.000000,2155,2156,080-150,III/2
2024-01-11_01:30:00.000000,2024-01-11,01:30:00.000000,0124,0129,025-091,III/2
2024-01-11_03:00:00.000000,2024-01-11,03:00:00.000000,0307,0315,025-180,III/2
2024-01-12_03:00:00.000000,2024-01-12,03:00:00.000000,0257,0259,025-180,III/2
2024-01-12_11:30:00.000000,2024-01-12,11:30:00.000000,1133,1141,025-180,III/2
2024-01-13_00:45:00.000000,2024-01-13,00:45:00.000000,0040,0045,025-086,III/2
2024-01-13_07:15:00.000000,2024-01-13,07:15:00.000000,0719,0719,025-124,III/2
2024-01-13_08:45:00.000000,2024-01-13,08:45:00.000000,0838,0838,025-144,III/2
2024-01-13_12:00:00.000000,2024-01-13,12:00:00.000000,1202,1207,033-180,III/2
2024-01-13_14:00:00.000000,2024-01-13,14:00:00.000000,1357,1357,033-085,III/2
2024-01-15_11:15:00.000000,2024-01-15,11:15:00.000000,1121,1121,040-180,III/2
2024-01-16_02:00:00.000000,2024-01-16,02:00:00.000000,0203,0204,025-041,III/2
2024-01-17_12:00:00.000000,2024-01-17,12:00:00.000000,1202,1203,025-068,III/2
2024-01-17_12:45:00.000000,2024-01-17,12:45:00.000000,1240,1242,025-085,III/2
2024-01-19_23:30:00.000000,2024-01-19,23:30:00.000000,2323,2324,025-140,III/2
2024-01-21_09:15:00.000000,2024-01-21,09:15:00.000000,0915,0919,025-180,III/2
2024-01-21_10:00:00.000000,2024-01-21,10:00:00.000000,1005,1012,025-180,III/2
2024-01-22_01:00:00.000000,2024-01-22,01:00:00.000000,0057,0100,025-134,III/2
2024-01-22_12:30:00.000000,2024-01-22,12:30:00.000000,1229,1231,025-075,III/2
2024-01-23_16:30:00.000000,2024-01-23,16:30:00.000000,1623,1625,025-180,III/2
2024-01-23_21:00:00.000000,2024-01-23,21:00:00.000000,2057,2104,025-180,III/2
2024-01-23_22:30:00.000000,2024-01-23,22:30:00.000000,2231,2232,025-108,III/2
2024-01-24_00:00:00.000000,2024-01-24,00:00:00.000000,0002,0003,025-180,III/2
2024-01-24_09:00:00.000000,2024-01-24,09:00:00.000000,0855,0855,025-133,III/2
2024-01-24_11:00:00.000000,2024-01-24,11:00:00.000000,1057,1057,046-170,III/2
2024-01-24_23:00:00.000000,2024-01-24,23:00:00.000000,2303,2304,025-180,III/2
2024-01-25_01:45:00.000000,2024-01-25,01:45:00.000000,0141,0141,025-088,III/2
2024-01-25_07:30:00.000000,2024-01-25,07:30:00.000000,0734,0735,053-180,III/2
2024-01-26_12:15:00.000000,2024-01-26,12:15:00.000000,1218,1218,025-141,III/2
2024-01-28_06:30:00.000000,2024-01-28,06:30:00.000000,0635,0636,025-080,III/2
2024-01-28_10:00:00.000000,2024-01-28,10:00:00.000000,0958,1004,025-180,III/2
2024-01-29_02:15:00.000000,2024-01-29,02:15:00.000000,0209,0210,025-180,III/2
2024-01-29_10:15:00.000000,2024-01-29,10:15:00.000000,1009,1011,025-180,III/2
2024-01-29_15:00:00.000000,2024-01-29,15:00:00.000000,1506,1510,075-180,III/2
2024-01-30_00:45:00.000000,2024-01-30,00:45:00.000000,0046,0050,025-180,III/2
2024-01-30_01:00:00.000000,2024-01-30,01:00:00.000000,0101,0111,025-180,III/2
2024-01-30_02:30:00.000000,2024-01-30,02:30:00.000000,0231,0231,025-180,III/2
2024-01-30_09:45:00.000000,2024-01-30,09:45:00.000000,0939,0941,025-125,III/2
2024-01-31_00:45:00.000000,2024-01-31,00:45:00.000000,0046,0047,025-090,III/2
2024-01-31_04:15:00.000000,2024-01-31,04:15:00.000000,0415,0419,025-180,III/2
2024-01-31_06:30:00.000000,2024-01-31,06:30:00.000000,0629,0629,025-180,III/2
2024-01-31_09:15:00.000000,2024-01-31,09:15:00.000000,0911,0912,025-180,III/2
2024-01-31_12:30:00.000000,2024-01-31,12:30:00.000000,1231,1232,032-180,III/2
2024-01-31_15:30:00.000000,2024-01-31,15:30:00.000000,1527,1528,025-180,III/2
2024-02-01_15:00:00.000000,2024-02-01,15:00:00.000000,1458,1501,025-180,III/2
2024-02-02_10:15:00.000000,2024-02-02,10:15:00.000000,1021,1022,025-156,III/2
2024-02-02_11:00:00.000000,2024-02-02,11:00:00.000000,1053,1057,025-180,III/2
2024-02-02_16:30:00.000000,2024-02-02,16:30:00.000000,1630,1638,025-180,III/2
2024-02-03_09:15:00.000000,2024-02-03,09:15:00.000000,0916,0917,025-180,III/2
2024-02-03_11:15:00.000000,2024-02-03,11:15:00.000000,1119,1120,025-159,III/2
2024-02-04_11:00:00.000000,2024-02-04,11:00:00.000000,1102,1103,025-180,III/2
2024-02-04_13:15:00.000000,2024-02-04,13:15:00.000000,1313,1314,025-180,III/2
2024-02-05_06:15:00.000000,2024-02-05,06:15:00.000000,0620,0620,025-180,III/2
2024-02-05_07:30:00.000000,2024-02-05,07:30:00.000000,0732,0733,061-180,III/2
2024-02-05_12:45:00.000000,2024-02-05,12:45:00.000000,1246,1247,025-123,III/2
2024-02-07_08:00:00.000000,2024-02-07,08:00:00.000000,0759,0800,025-180,III/2
2024-02-07_08:45:00.000000,2024-02-07,08:45:00.000000,0850,0851,025-180,III/2
2024-02-07_10:00:00.000000,2024-02-07,10:00:00.000000,1002,1002,025-160,III/2
2024-02-07_11:30:00.000000,2024-02-07,11:30:00.000000,1128,1131,025-180,III/2
2024-02-07_23:45:00.000000,2024-02-07,23:45:00.000000,2346,2347,025-123,III/2
2024-02-08_23:30:00.000000,2024-02-08,23:30:00.000000,2332,2332,025-180,III/2
2024-02-09_13:00:00.000000,2024-02-09,13:00:00.000000,1303,1308,025-180,III/2
2024-02-10_06:15:00.000000,2024-02-10,06:15:00.000000,0622,0622,029-083,III/2
2024-02-10_14:15:00.000000,2024-02-10,14:15:00.000000,1418,1418,112-180,III/2
2024-02-10_20:30:00.000000,2024-02-10,20:30:00.000000,2023,2026,025-180,III/2
2024-02-10_23:00:00.000000,2024-02-10,23:00:00.000000,2256,2257,025-180,III/2
2024-02-11_05:00:00.000000,2024-02-11,05:00:00.000000,0459,0500,025-155,III/2
2024-02-11_06:45:00.000000,2024-02-11,06:45:00.000000,0641,0643,025-180,III/2
2024-02-11_07:15:00.000000,2024-02-11,07:15:00.000000,0720,0720,025-180,III/2
2024-02-12_18:30:00.000000,2024-02-12,18:30:00.000000,1831,1831,025-180,III/2
2024-02-12_19:30:00.000000,2024-02-12,19:30:00.000000,1927,1929,025-180,III/2
2024-02-14_00:15:00.000000,2024-02-14,00:15:00.000000,0021,0022,058-180,III/2
2024-02-14_10:00:00.000000,2024-02-14,10:00:00.000000,0953,1001,025-180,III/2
2024-02-14_13:30:00.000000,2024-02-14,13:30:00.000000,1323,1327,025-180,III/2
2024-02-14_14:45:00.000000,2024-02-14,14:45:00.000000,1451,1452,025-180,III/2
2024-02-15_11:45:00.000000,2024-02-15,11:45:00.000000,1150,1151,025-180,III/2
2024-02-15_21:45:00.000000,2024-02-15,21:45:00.000000,2140,2148,025-180,III/2
2024-02-16_08:45:00.000000,2024-02-16,08:45:00.000000,0851,0853,025-163,III/2
2024-02-16_18:45:00.000000,2024-02-16,18:45:00.000000,1846,1846,025-050,III/2
2024-02-17_13:15:00.000000,2024-02-17,13:15:00.000000,1319,1327,030-180,III/2
2024-02-20_05:45:00.000000,2024-02-20,05:45:00.000000,0542,0548,025-180,III/2
2024-02-21_17:30:00.000000,2024-02-21,17:30:00.000000,1734,1734,025-075,III/2
2024-02-21_20:30:00.000000,2024-02-21,20:30:00.000000,2033,2034,025-180,III/2
2024-02-21_22:45:00.000000,2024-02-21,22:45:00.000000,2240,2240,109-180,III/2
2024-02-21_23:30:00.000000,2024-02-21,23:30:00.000000,2334,2334,025-046,III/2
2024-02-22_03:45:00.000000,2024-02-22,03:45:00.000000,0350,0351,025-180,III/2
2024-02-22_12:00:00.000000,2024-02-22,12:00:00.000000,1204,1205,114-180,III/2
2024-02-22_16:30:00.000000,2024-02-22,16:30:00.000000,1634,1638,111-180,III/2
2024-02-24_13:30:00.000000,2024-02-24,13:30:00.000000,1336,1343,025-180,III/2
2024-02-24_14:30:00.000000,2024-02-24,14:30:00.000000,1435,1435,025-180,III/2
2024-02-25_10:15:00.000000,2024-02-25,10:15:00.000000,1009,1011,025-180,III/2
2024-02-26_17:45:00.000000,2024-02-26,17:45:00.000000,1746,1746,025-143,III/2
2024-02-27_01:00:00.000000,2024-02-27,01:00:00.000000,0105,0106,025-180,III/2
2024-02-27_04:00:00.000000,2024-02-27,04:00:00.000000,0407,0410,040-180,III/2
2024-02-27_17:15:00.000000,2024-02-27,17:15:00.000000,1721,1723,025-065,III/2
2024-02-28_02:45:00.000000,2024-02-28,02:45:00.000000,0249,0250,025-180,III/2
2024-02-28_05:45:00.000000,2024-02-28,05:45:00.000000,0541,0544,025-180,III/2
2024-02-28_06:00:00.000000,2024-02-28,06:00:00.000000,0559,0601,025-180,III/2
2024-02-28_07:15:00.000000,2024-02-28,07:15:00.000000,0715,0719,025-124,III/2
2024-03-01_20:30:00.000000,2024-03-01,20:30:00.000000,2029,2030,025-115,III/2
2024-03-04_02:30:00.000000,2024-03-04,02:30:00.000000,0230,0243,025-180,III/2
2024-03-04_06:45:00.000000,2024-03-04,06:45:00.000000,0652,0655,045-180,III/2
2024-03-04_08:15:00.000000,2024-03-04,08:15:00.000000,0817,0818,025-120,III/2
2024-03-05_01:00:00.000000,2024-03-05,01:00:00.000000,0100,0100,025-075,III/2
2024-03-05_10:30:00.000000,2024-03-05,10:30:00.000000,1036,1037,025-083,III/2
2024-03-05_23:45:00.000000,2024-03-05,23:45:00.000000,2346,2349,025-180,III/2
2024-03-06_02:00:00.000000,2024-03-06,02:00:00.000000,0207,0209,025-058,III/2
2024-03-07_05:15:00.000000,2024-03-07,05:15:00.000000,0508,0509,025-180,III/2
2024-03-07_10:00:00.000000,2024-03-07,10:00:00.000000,0957,0958,025-156,III/2
2024-03-08_03:30:00.000000,2024-03-08,03:30:00.000000,0335,0338,025-180,III/2
2024-03-08_23:45:00.000000,2024-03-08,23:45:00.000000,2351,2351,025-110,III/2
2024-03-12_06:15:00.000000,2024-03-12,06:15:00.000000,0617,0618,025-180,III/2
2024-03-13_23:00:00.000000,2024-03-13,23:00:00.000000,2303,2304,075-170,III/2
2024-03-15_05:15:00.000000,2024-03-15,05:15:00.000000,0514,0515,025-126,III/2
2024-03-17_11:00:00.000000,2024-03-17,11:00:00.000000,1107,1107,025-084,III/2
2024-03-19_21:30:00.000000,2024-03-19,21:30:00.000000,2134,2134,025-048,III/2
2024-03-21_22:15:00.000000,2024-03-21,22:15:00.000000,2210,2210,025-063,III/2
2024-03-22_08:45:00.000000,2024-03-22,08:45:00.000000,0850,0857,025-180,III/2
2024-03-22_09:45:00.000000,2024-03-22,09:45:00.000000,0942,0943,150-180,III/2
2024-03-22_14:30:00.000000,2024-03-22,14:30:00.000000,1433,1438,040-180,III/2
2024-03-22_22:45:00.000000,2024-03-22,22:45:00.000000,2249,2253,025-180,III/2
2024-03-23_13:45:00.000000,2024-03-23,13:45:00.000000,1342,1343,025-180,III/2
2024-03-23_20:00:00.000000,2024-03-23,20:00:00.000000,1953,1953,025-074,III/2
2024-03-24_07:15:00.000000,2024-03-24,07:15:00.000000,0713,0716,025-180,III/2
2024-03-24_19:45:00.000000,2024-03-24,19:45:00.000000,1947,1948,025-180,III/2
2024-03-25_00:00:00.000000,2024-03-25,00:00:00.000000,0004,0010,025-180,III/2
2024-03-25_03:15:00.000000,2024-03-25,03:15:00.000000,0315,0316,069-180,III/2
2024-03-25_06:15:00.000000,2024-03-25,06:15:00.000000,0618,0618,075-180,III/2
2024-03-25_20:15:00.000000,2024-03-25,20:15:00.000000,2012,2012,059-180,III/2
2024-03-25_20:45:00.000000,2024-03-25,20:45:00.000000,2047,2048,065-180,III/2
2024-03-25_21:15:00.000000,2024-03-25,21:15:00.000000,2116,2116,065-180,III/2
2024-03-25_22:15:00.000000,2024-03-25,22:15:00.000000,2211,2212,025-180,III/2
2024-03-26_00:15:00.000000,2024-03-26,00:15:00.000000,0009,0014,025-180,III/2
2024-03-26_02:15:00.000000,2024-03-26,02:15:00.000000,0220,0226,025-180,III/2
2024-03-26_03:00:00.000000,2024-03-26,03:00:00.000000,0300,0303,067-180,III/2
2024-03-26_05:30:00.000000,2024-03-26,05:30:00.000000,0524,0525,050-180,III/2
2024-03-26_07:45:00.000000,2024-03-26,07:45:00.000000,0745,0747,025-140,III/2
2024-03-26_23:00:00.000000,2024-03-26,23:00:00.000000,2305,2305,123-180,III/2
2024-03-27_09:45:00.000000,2024-03-27,09:45:00.000000,0942,0946,025-180,III/2
2024-03-27_11:30:00.000000,2024-03-27,11:30:00.000000,1124,1132,025-180,III/2
2024-03-27_15:00:00.000000,2024-03-27,15:00:00.000000,1500,1503,025-180,III/2
2024-03-28_17:00:00.000000,2024-03-28,17:00:00.000000,1700,1703,025-161,III/2
2024-03-28_22:15:00.000000,2024-03-28,22:15:00.000000,2216,2217,056-180,III/2
2024-03-28_22:30:00.000000,2024-03-28,22:30:00.000000,2227,2228,025-161,III/2
2024-03-29_03:45:00.000000,2024-03-29,03:45:00.000000,0340,0347,025-180,III/2
2024-03-30_03:15:00.000000,2024-03-30,03:15:00.000000,0317,0318,025-166,III/2
2024-03-30_05:00:00.000000,2024-03-30,05:00:00.000000,0507,0545,025-180,III/2
2024-03-30_18:30:00.000000,2024-03-30,18:30:00.000000,1830,1833,025-180,III/2
2024-03-30_22:30:00.000000,2024-03-30,22:30:00.000000,2230,2231,025-154,III/2
2024-03-31_18:45:00.000000,2024-03-31,18:45:00.000000,1841,1841,025-085,III/2
2024-04-01_10:00:00.000000,2024-04-01,10:00:00.000000,1003,1010,025-180,III/2
2024-04-01_20:00:00.000000,2024-04-01,20:00:00.000000,2004,2009,025-075,III/2
2024-04-07_10:15:00.000000,2024-04-07,10:15:00.000000,1018,1019,025-180,III/2
2024-04-09_19:30:00.000000,2024-04-09,19:30:00.000000,1930,1934,025-180,III/2
2024-04-09_19:30:00.000000,2024-04-09,19:30:00.000000,1931,1934,025-169,III/2
2024-04-10_00:15:00.000000,2024-04-10,00:15:00.000000,0011,0012,025-135,III/2
2024-04-10_23:45:00.000000,2024-04-10,23:45:00.000000,2346,2348,025-154,III/2
2024-04-11_04:45:00.000000,2024-04-11,04:45:00.000000,0451,0456,025-180,III/2
2024-04-11_09:45:00.000000,2024-04-11,09:45:00.000000,0952,1002,025-180,III/2
2024-04-11_20:30:00.000000,2024-04-11,20:30:00.000000,2029,2030,025-066,III/2
2024-04-12_06:45:00.000000,2024-04-12,06:45:00.000000,0649,0651,025-180,III/2
2024-04-12_15:30:00.000000,2024-04-12,15:30:00.000000,1537,1539,025-180,III/2
2024-04-12_19:30:00.000000,2024-04-12,19:30:00.000000,1926,1935,025-180,III/2
2024-04-12_19:30:00.000000,2024-04-12,19:30:00.000000,1936,1944,025-180,III/2
2024-04-12_19:45:00.000000,2024-04-12,19:45:00.000000,1942,1943,025-180,III/2
2024-04-13_05:00:00.000000,2024-04-13,05:00:00.000000,0459,0503,025-180,III/2
2024-04-13_13:30:00.000000,2024-04-13,13:30:00.000000,1331,1333,025-180,III/2
2024-04-14_21:15:00.000000,2024-04-14,21:15:00.000000,2114,2114,025-084,III/2
2024-04-15_02:00:00.000000,2024-04-15,02:00:00.000000,0155,0204,025-180,III/2
2024-04-15_02:30:00.000000,2024-04-15,02:30:00.000000,0226,0227,025-180,III/2
2024-04-15_19:15:00.000000,2024-04-15,19:15:00.000000,1920,1924,025-075,III/2
2024-04-15_21:45:00.000000,2024-04-15,21:45:00.000000,2141,2142,025-180,III/2
2024-04-15_23:15:00.000000,2024-04-15,23:15:00.000000,2317,2318,025-145,III/2
2024-04-16_04:15:00.000000,2024-04-16,04:15:00.000000,0416,0422,025-180,III/2
2024-04-16_07:30:00.000000,2024-04-16,07:30:00.000000,0735,0735,025-180,III/2
2024-04-17_05:00:00.000000,2024-04-17,05:00:00.000000,0504,0506,025-180,III/2
2024-04-17_21:00:00.000000,2024-04-17,21:00:00.000000,2103,2104,025-180,III/2
2024-04-18_04:30:00.000000,2024-04-18,04:30:00.000000,0425,0429,025-139,III/2
2024-04-18_09:30:00.000000,2024-04-18,09:30:00.000000,0924,0929,025-180,III/2
2024-04-18_11:15:00.000000,2024-04-18,11:15:00.000000,1113,1119,025-151,III/2
2024-04-18_15:30:00.000000,2024-04-18,15:30:00.000000,1529,1535,025-143,III/2
2024-04-18_17:00:00.000000,2024-04-18,17:00:00.000000,1700,1702,025-180,III/2
2024-04-19_13:00:00.000000,2024-04-19,13:00:00.000000,1301,1303,025-180,III/2
2024-04-19_14:00:00.000000,2024-04-19,14:00:00.000000,1401,1403,025-180,III/2
2024-04-19_14:30:00.000000,2024-04-19,14:30:00.000000,1433,1435,025-180,III/2
2024-04-19_16:45:00.000000,2024-04-19,16:45:00.000000,1640,1640,025-180,III/2
2024-04-20_14:45:00.000000,2024-04-20,14:45:00.000000,1451,1452,025-180,III/2
2024-04-20_16:15:00.000000,2024-04-20,16:15:00.000000,1620,1620,025-180,III/2
2024-04-20_20:00:00.000000,2024-04-20,20:00:00.000000,2001,2252,025-180,III/2
2024-04-21_02:15:00.000000,2024-04-21,02:15:00.000000,0218,0227,025-129,III/2
2024-04-21_04:30:00.000000,2024-04-21,04:30:00.000000,0429,0431,025-180,III/2
2024-04-21_05:15:00.000000,2024-04-21,05:15:00.000000,0520,0522,025-180,III/2
2024-04-21_06:15:00.000000,2024-04-21,06:15:00.000000,0610,0613,025-084,III/2
2024-04-21_12:45:00.000000,2024-04-21,12:45:00.000000,1246,1247,025-180,III/2
2024-04-21_14:15:00.000000,2024-04-21,14:15:00.000000,1412,1413,025-142,III/2
2024-04-22_06:15:00.000000,2024-04-22,06:15:00.000000,0622,0623,025-180,III/2
2024-04-22_16:30:00.000000,2024-04-22,16:30:00.000000,1627,1627,025-085,III/2
2024-04-23_00:45:00.000000,2024-04-23,00:45:00.000000,0039,0042,025-101,III/2
2024-04-23_02:45:00.000000,2024-04-23,02:45:00.000000,0250,0251,025-075,III/2
2024-04-23_07:00:00.000000,2024-04-23,07:00:00.000000,0700,0703,025-180,III/2
2024-04-23_11:30:00.000000,2024-04-23,11:30:00.000000,1130,1131,025-180,III/2
2024-04-23_16:15:00.000000,2024-04-23,16:15:00.000000,1617,1617,025-123,III/2
2024-04-23_22:30:00.000000,2024-04-23,22:30:00.000000,2231,2235,025-133,III/2
2024-04-24_05:45:00.000000,2024-04-24,05:45:00.000000,0540,0541,025-083,III/2
2024-04-24_10:00:00.000000,2024-04-24,10:00:00.000000,0954,0958,025-180,III/2
2024-04-24_14:00:00.000000,2024-04-24,14:00:00.000000,1404,1409,025-180,III/2
2024-04-25_05:30:00.000000,2024-04-25,05:30:00.000000,0533,0534,037-168,III/2
2024-04-25_10:30:00.000000,2024-04-25,10:30:00.000000,1023,1024,025-180,III/2
2024-04-25_12:00:00.000000,2024-04-25,12:00:00.000000,1200,1201,025-180,III/2
2024-04-25_17:15:00.000000,2024-04-25,17:15:00.000000,1710,1713,025-180,III/2
2024-04-25_23:30:00.000000,2024-04-25,23:30:00.000000,2333,2336,025-180,III/2
2024-04-26_08:00:00.000000,2024-04-26,08:00:00.000000,0800,0801,025-145,III/2
2024-04-26_11:45:00.000000,2024-04-26,11:45:00.000000,1148,1151,025-165,III/2
2024-04-27_14:45:00.000000,2024-04-27,14:45:00.000000,1445,1454,025-180,III/2
2024-04-27_15:45:00.000000,2024-04-27,15:45:00.000000,1544,1546,025-084,III/2
2024-04-27_21:30:00.000000,2024-04-27,21:30:00.000000,2130,2132,025-180,III/2
2024-04-28_13:45:00.000000,2024-04-28,13:45:00.000000,1349,1352,025-083,III/2
2024-04-28_16:30:00.000000,2024-04-28,16:30:00.000000,1637,1639,025-150,III/2
2024-04-29_07:15:00.000000,2024-04-29,07:15:00.000000,0718,0719,052-180,III/2
2024-04-30_23:30:00.000000,2024-04-30,23:30:00.000000,2327,2329,025-057,III/2
2024-05-02_06:45:00.000000,2024-05-02,06:45:00.000000,0639,0641,025-123,III/2
2024-05-02_11:15:00.000000,2024-05-02,11:15:00.000000,1115,1116,025-180,III/2
2024-05-02_17:00:00.000000,2024-05-02,17:00:00.000000,1657,1659,025-180,III/2
2024-05-02_21:00:00.000000,2024-05-02,21:00:00.000000,2053,2056,025-180,III/2
2024-05-02_23:15:00.000000,2024-05-02,23:15:00.000000,2308,2316,025-180,III/2
2024-05-03_02:15:00.000000,2024-05-03,02:15:00.000000,0219,0223,025-180,III/2
2024-05-03_15:30:00.000000,2024-05-03,15:30:00.000000,1535,1540,025-180,III/2
2024-05-03_18:15:00.000000,2024-05-03,18:15:00.000000,1818,1854,025-180,III/2
2024-05-03_18:45:00.000000,2024-05-03,18:45:00.000000,1845,1854,025-180,III/2
2024-05-03_22:00:00.000000,2024-05-03,22:00:00.000000,2156,2206,025-180,III/2
2024-05-03_23:30:00.000000,2024-05-03,23:30:00.000000,2323,2331,025-180,III/2
2024-05-04_14:30:00.000000,2024-05-04,14:30:00.000000,1423,1425,025-180,III/2
2024-05-04_16:00:00.000000,2024-05-04,16:00:00.000000,1600,1602,025-180,III/2
2024-05-05_08:45:00.000000,2024-05-05,08:45:00.000000,0847,0851,025-180,III/2
2024-05-05_11:15:00.000000,2024-05-05,11:15:00.000000,1108,1117,025-145,III/2
2024-05-05_13:45:00.000000,2024-05-05,13:45:00.000000,1346,1347,025-083,III/2
2024-05-05_16:30:00.000000,2024-05-05,16:30:00.000000,1629,1629,034-180,III/2
2024-05-06_06:45:00.000000,2024-05-06,06:45:00.000000,0651,0700,031-180,III/2
2024-05-06_23:30:00.000000,2024-05-06,23:30:00.000000,2328,2328,025-059,III/2
2024-05-07_05:30:00.000000,2024-05-07,05:30:00.000000,0524,0525,025-180,III/2
2024-05-07_19:00:00.000000,2024-05-07,19:00:00.000000,1905,1905,025-085,III/2
2024-05-07_19:45:00.000000,2024-05-07,19:45:00.000000,1947,1953,025-144,III/2
2024-05-08_04:15:00.000000,2024-05-08,04:15:00.000000,0413,0418,025-180,III/2
2024-05-08_04:45:00.000000,2024-05-08,04:45:00.000000,0443,0444,025-180,III/2
2024-05-08_08:30:00.000000,2024-05-08,08:30:00.000000,0832,0836,025-180,III/2
2024-05-08_17:00:00.000000,2024-05-08,17:00:00.000000,1654,1703,025-180,III/2
2024-05-08_20:15:00.000000,2024-05-08,20:15:00.000000,2019,2024,025-180,III/2
2024-05-10_14:00:00.000000,2024-05-10,14:00:00.000000,1401,1406,025-180,III/2
2024-05-11_06:30:00.000000,2024-05-11,06:30:00.000000,0631,0632,025-180,III/2
2024-05-11_09:00:00.000000,2024-05-11,09:00:00.000000,0857,0857,055-180,III/2
2024-05-11_15:30:00.000000,2024-05-11,15:30:00.000000,1524,1531,025-180,III/2
2024-05-12_04:15:00.000000,2024-05-12,04:15:00.000000,0415,0416,025-180,III/2
2024-05-12_05:15:00.000000,2024-05-12,05:15:00.000000,0515,0526,056-165,III/2
2024-05-12_06:45:00.000000,2024-05-12,06:45:00.000000,0649,0650,025-135,III/2
2024-05-12_08:00:00.000000,2024-05-12,08:00:00.000000,0806,0807,025-053,III/2
2024-05-12_10:15:00.000000,2024-05-12,10:15:00.000000,1015,1016,025-180,III/2
2024-05-12_20:15:00.000000,2024-05-12,20:15:00.000000,2010,2017,025-059,III/2
2024-05-13_22:00:00.000000,2024-05-13,22:00:00.000000,2154,2159,025-180,III/2
2024-05-14_01:45:00.000000,2024-05-14,01:45:00.000000,0140,0147,025-118,III/2
2024-05-14_04:15:00.000000,2024-05-14,04:15:00.000000,0422,0424,025-114,III/2
2024-05-14_11:45:00.000000,2024-05-14,11:45:00.000000,1145,1145,025-053,III/2
2024-05-14_17:00:00.000000,2024-05-14,17:00:00.000000,1704,1710,025-089,III/2
2024-05-14_18:00:00.000000,2024-05-14,18:00:00.000000,1805,1806,025-180,III/2
2024-05-14_23:30:00.000000,2024-05-14,23:30:00.000000,2337,2337,025-065,III/2
2024-05-15_20:30:00.000000,2024-05-15,20:30:00.000000,2037,2044,025-180,III/2
2024-05-17_13:00:00.000000,2024-05-17,13:00:00.000000,1259,1302,025-180,III/2
2024-05-17_19:30:00.000000,2024-05-17,19:30:00.000000,1937,1943,025-180,III/2
2024-05-17_20:15:00.000000,2024-05-17,20:15:00.000000,2013,2015,025-180,III/2
2024-05-18_04:15:00.000000,2024-05-18,04:15:00.000000,0417,0516,025-180,III/2
2024-05-18_09:45:00.000000,2024-05-18,09:45:00.000000,0946,0946,025-180,III/2
2024-05-19_02:45:00.000000,2024-05-19,02:45:00.000000,0251,0251,025-180,III/2
2024-05-19_05:00:00.000000,2024-05-19,05:00:00.000000,0506,0507,025-180,III/2
2024-05-19_09:30:00.000000,2024-05-19,09:30:00.000000,0932,0933,025-180,III/2
2024-05-19_12:15:00.000000,2024-05-19,12:15:00.000000,1209,1210,025-180,III/2
2024-05-19_15:15:00.000000,2024-05-19,15:15:00.000000,1520,1522,025-180,III/2
2024-05-19_22:00:00.000000,2024-05-19,22:00:00.000000,2154,2156,025-180,III/2
2024-05-20_14:00:00.000000,2024-05-20,14:00:00.000000,1406,1409,025-180,III/2
2024-05-22_22:15:00.000000,2024-05-22,22:15:00.000000,2220,2222,025-075,III/2
2024-05-24_01:15:00.000000,2024-05-24,01:15:00.000000,0116,0117,025-046,III/2
2024-05-24_07:00:00.000000,2024-05-24,07:00:00.000000,0659,0701,025-180,III/2
2024-05-25_19:00:00.000000,2024-05-25,19:00:00.000000,1857,1859,025-142,III/2
2024-05-25_22:00:00.000000,2024-05-25,22:00:00.000000,2206,2212,025-180,III/2
2024-05-26_02:30:00.000000,2024-05-26,02:30:00.000000,0233,0235,025-163,III/2
2024-05-26_10:15:00.000000,2024-05-26,10:15:00.000000,1019,1020,025-180,III/2
2024-05-27_07:00:00.000000,2024-05-27,07:00:00.000000,0659,0703,025-180,III/2
2024-05-27_17:45:00.000000,2024-05-27,17:45:00.000000,1749,1751,025-180,III/2
2024-05-29_14:45:00.000000,2024-05-29,14:45:00.000000,1438,1439,030-084,III/2
2024-05-30_07:15:00.000000,2024-05-30,07:15:00.000000,0720,0720,025-115,III/2
2024-06-03_10:45:00.000000,2024-06-03,10:45:00.000000,1052,1101,025-084,III/2
2024-06-03_14:15:00.000000,2024-06-03,14:15:00.000000,1414,1415,025-144,III/2
2024-06-03_16:45:00.000000,2024-06-03,16:45:00.000000,1641,1649,025-180,III/2
2024-06-05_09:15:00.000000,2024-06-05,09:15:00.000000,0914,0916,025-134,III/2
2024-06-08_07:30:00.000000,2024-06-08,07:30:00.000000,0726,0727,025-084,III/2
2024-06-08_17:15:00.000000,2024-06-08,17:15:00.000000,1714,1715,025-075,III/2
2024-06-09_00:15:00.000000,2024-06-09,00:15:00.000000,0017,0020,025-154,III/2
2024-06-10_11:00:00.000000,2024-06-10,11:00:00.000000,1105,1107,025-180,III/2
2024-06-11_16:45:00.000000,2024-06-11,16:45:00.000000,1638,1639,025-151,III/2
2024-06-12_16:30:00.000000,2024-06-12,16:30:00.000000,1624,1624,114-180,III/2
2024-06-12_17:30:00.000000,2024-06-12,17:30:00.000000,1729,1730,114-180,III/2
2024-06-15_16:15:00.000000,2024-06-15,16:15:00.000000,1617,1626,025-180,III/2
2024-06-17_16:45:00.000000,2024-06-17,16:45:00.000000,1647,1648,025-180,III/2
2024-06-17_23:00:00.000000,2024-06-17,23:00:00.000000,2255,2255,025-180,III/2
2024-06-19_06:00:00.000000,2024-06-19,06:00:00.000000,0556,0557,025-180,III/2
2024-06-19_07:30:00.000000,2024-06-19,07:30:00.000000,0734,0736,025-180,III/2
2024-06-19_09:00:00.000000,2024-06-19,09:00:00.000000,0904,0905,025-180,III/2
2024-06-19_21:00:00.000000,2024-06-19,21:00:00.000000,2107,2107,025-180,III/2
2024-06-20_02:15:00.000000,2024-06-20,02:15:00.000000,0219,0225,025-075,III/2
2024-06-20_17:15:00.000000,2024-06-20,17:15:00.000000,1721,1731,025-180,III/2
2024-06-20_21:30:00.000000,2024-06-20,21:30:00.000000,2129,2130,025-061,III/2
2024-06-21_06:00:00.000000,2024-06-21,06:00:00.000000,0554,0559,025-087,III/2
2024-06-21_14:00:00.000000,2024-06-21,14:00:00.000000,1355,1357,025-151,III/2
2024-06-21_16:00:00.000000,2024-06-21,16:00:00.000000,1554,1557,025-180,III/2
2024-06-21_22:45:00.000000,2024-06-21,22:45:00.000000,2251,2253,025-124,III/2
2024-06-22_10:00:00.000000,2024-06-22,10:00:00.000000,1002,1002,025-180,III/2
2024-06-22_11:00:00.000000,2024-06-22,11:00:00.000000,1054,1059,025-180,III/2
2024-06-22_11:15:00.000000,2024-06-22,11:15:00.000000,1122,1126,025-168,III/2
2024-06-22_20:00:00.000000,2024-06-22,20:00:00.000000,1956,1956,025-075,III/2
2024-06-22_22:45:00.000000,2024-06-22,22:45:00.000000,2240,2242,025-180,III/2
2024-06-23_01:00:00.000000,2024-06-23,01:00:00.000000,0105,0115,025-180,III/2
2024-06-24_21:00:00.000000,2024-06-24,21:00:00.000000,2053,2059,025-075,III/2
2024-06-24_23:15:00.000000,2024-06-24,23:15:00.000000,2319,2323,025-075,III/2
2024-06-25_01:00:00.000000,2024-06-25,01:00:00.000000,0101,0106,025-180,III/2
2024-06-25_08:15:00.000000,2024-06-25,08:15:00.000000,0820,0823,025-180,III/2
2024-06-25_09:45:00.000000,2024-06-25,09:45:00.000000,0947,0956,025-151,III/2
2024-06-25_11:00:00.000000,2024-06-25,11:00:00.000000,1106,1114,025-180,III/2
2024-06-25_19:45:00.000000,2024-06-25,19:45:00.000000,1946,1948,025-180,III/2
2024-06-26_16:30:00.000000,2024-06-26,16:30:00.000000,1630,1632,025-143,III/2
2024-06-26_19:30:00.000000,2024-06-26,19:30:00.000000,1928,1928,142-180,III/2
2024-06-27_05:15:00.000000,2024-06-27,05:15:00.000000,0513,0515,025-180,III/2
2024-06-27_06:30:00.000000,2024-06-27,06:30:00.000000,0631,0637,025-180,III/2
2024-06-27_11:30:00.000000,2024-06-27,11:30:00.000000,1135,1138,025-180,III/2
2024-06-27_13:30:00.000000,2024-06-27,13:30:00.000000,1330,1334,025-180,III/2
2024-06-27_19:15:00.000000,2024-06-27,19:15:00.000000,1916,1916,025-051,III/2
2024-06-27_23:45:00.000000,2024-06-27,23:45:00.000000,2343,2350,025-180,III/2
2024-06-28_03:30:00.000000,2024-06-28,03:30:00.000000,0323,0331,025-180,III/2
2024-06-29_02:30:00.000000,2024-06-29,02:30:00.000000,0225,0230,025-128,III/2
2024-06-29_06:45:00.000000,2024-06-29,06:45:00.000000,0646,0647,025-180,III/2
2024-06-30_05:30:00.000000,2024-06-30,05:30:00.000000,0526,0528,025-084,III/2
2024-06-30_07:30:00.000000,2024-06-30,07:30:00.000000,0726,0729,025-118,III/2
2024-07-01_11:00:00.000000,2024-07-01,11:00:00.000000,1057,1103,025-180,III/2
2024-07-02_06:45:00.000000,2024-07-02,06:45:00.000000,0640,0644,025-146,III/2
2024-07-04_05:00:00.000000,2024-07-04,05:00:00.000000,0507,0508,025-061,III/2
2024-07-04_12:30:00.000000,2024-07-04,12:30:00.000000,1236,1237,025-180,III/2
2024-07-04_20:00:00.000000,2024-07-04,20:00:00.000000,1955,2001,025-069,III/2
2024-07-05_00:00:00.000000,2024-07-05,00:00:00.000000,0006,0007,025-075,III/2
2024-07-05_13:00:00.000000,2024-07-05,13:00:00.000000,1307,1308,025-051,III/2
2024-07-05_15:15:00.000000,2024-07-05,15:15:00.000000,1509,1511,025-180,III/2
2024-07-05_16:30:00.000000,2024-07-05,16:30:00.000000,1626,1627,025-083,III/2
2024-07-06_09:00:00.000000,2024-07-06,09:00:00.000000,0904,0905,025-180,III/2
2024-07-06_10:30:00.000000,2024-07-06,10:30:00.000000,1024,1024,025-180,III/2
2024-07-06_19:30:00.000000,2024-07-06,19:30:00.000000,1925,1925,025-051,III/2
2024-07-07_15:15:00.000000,2024-07-07,15:15:00.000000,1509,1510,025-180,III/2
2024-07-08_11:15:00.000000,2024-07-08,11:15:00.000000,1109,1112,025-180,III/2
2024-07-08_13:00:00.000000,2024-07-08,13:00:00.000000,1301,1302,025-180,III/2
2024-07-08_14:45:00.000000,2024-07-08,14:45:00.000000,1440,1450,025-180,III/2
2024-07-08_22:00:00.000000,2024-07-08,22:00:00.000000,2155,2155,025-075,III/2
2024-07-09_03:00:00.000000,2024-07-09,03:00:00.000000,0303,0309,025-180,III/2
2024-07-13_04:00:00.000000,2024-07-13,04:00:00.000000,0359,0359,025-075,III/2
2024-07-13_10:45:00.000000,2024-07-13,10:45:00.000000,1040,1040,060-180,III/2
2024-07-14_00:45:00.000000,2024-07-14,00:45:00.000000,0045,0046,025-139,III/2
2024-07-14_02:30:00.000000,2024-07-14,02:30:00.000000,0233,0233,025-105,III/2
2024-07-14_04:00:00.000000,2024-07-14,04:00:00.000000,0405,0414,025-180,III/2
2024-07-14_17:30:00.000000,2024-07-14,17:30:00.000000,1734,1735,075-180,III/2
2024-07-15_19:15:00.000000,2024-07-15,19:15:00.000000,1919,1923,025-180,III/2
2024-07-16_21:45:00.000000,2024-07-16,21:45:00.000000,2150,2153,025-057,III/2
2024-07-17_02:30:00.000000,2024-07-17,02:30:00.000000,0237,0238,025-180,III/2
2024-07-17_22:30:00.000000,2024-07-17,22:30:00.000000,2236,2237,025-180,III/2
2024-07-18_04:30:00.000000,2024-07-18,04:30:00.000000,0430,0432,025-180,III/2
2024-07-18_12:30:00.000000,2024-07-18,12:30:00.000000,1226,1226,025-180,III/2
2024-07-18_16:30:00.000000,2024-07-18,16:30:00.000000,1624,1628,041-180,III/2
2024-07-19_06:00:00.000000,2024-07-19,06:00:00.000000,0558,0558,055-180,III/2
2024-07-20_07:00:00.000000,2024-07-20,07:00:00.000000,0654,0654,025-159,III/2
2024-07-20_14:30:00.000000,2024-07-20,14:30:00.000000,1433,1433,025-180,III/2
2024-07-20_15:15:00.000000,2024-07-20,15:15:00.000000,1520,1522,037-180,III/2
2024-07-20_22:15:00.000000,2024-07-20,22:15:00.000000,2208,2208,025-044,III/2
2024-07-20_23:15:00.000000,2024-07-20,23:15:00.000000,2308,2311,025-180,III/2
2024-07-21_13:30:00.000000,2024-07-21,13:30:00.000000,1329,1331,025-180,III/2
2024-07-21_16:00:00.000000,2024-07-21,16:00:00.000000,1600,1604,025-180,III/2
2024-07-21_16:15:00.000000,2024-07-21,16:15:00.000000,1620,1629,025-180,III/2
2024-07-21_19:45:00.000000,2024-07-21,19:45:00.000000,1942,1943,025-073,III/2
2024-07-22_03:15:00.000000,2024-07-22,03:15:00.000000,0310,0311,025-180,III/2
2024-07-22_06:00:00.000000,2024-07-22,06:00:00.000000,0554,0555,025-180,III/2
2024-07-22_13:00:00.000000,2024-07-22,13:00:00.000000,1303,1305,025-180,III/2
2024-07-22_15:00:00.000000,2024-07-22,15:00:00.000000,1457,1458,042-180,III/2
2024-07-24_07:00:00.000000,2024-07-24,07:00:00.000000,0654,0659,025-180,III/2
2024-07-24_10:45:00.000000,2024-07-24,10:45:00.000000,1046,1053,025-180,III/2
2024-07-24_11:45:00.000000,2024-07-24,11:45:00.000000,1151,1156,025-142,III/2
2024-07-24_12:45:00.000000,2024-07-24,12:45:00.000000,1249,1259,025-076,III/2
2024-07-26_08:30:00.000000,2024-07-26,08:30:00.000000,0833,0850,025-180,III/2
2024-07-26_17:15:00.000000,2024-07-26,17:15:00.000000,1721,1722,025-180,III/2
2024-07-26_21:00:00.000000,2024-07-26,21:00:00.000000,2103,2114,025-180,III/2
2024-07-26_21:15:00.000000,2024-07-26,21:15:00.000000,2118,2121,025-180,III/2
2024-07-27_00:30:00.000000,2024-07-27,00:30:00.000000,0029,0030,025-075,III/2
2024-07-27_01:30:00.000000,2024-07-27,01:30:00.000000,0136,0139,025-180,III/2
2024-07-27_07:00:00.000000,2024-07-27,07:00:00.000000,0653,0655,075-180,III/2
2024-07-27_10:45:00.000000,2024-07-27,10:45:00.000000,1049,1052,025-180,III/2
2024-07-27_20:45:00.000000,2024-07-27,20:45:00.000000,2045,2048,025-180,III/2
2024-07-28_10:45:00.000000,2024-07-28,10:45:00.000000,1039,1042,025-180,III/2
2024-07-29_05:15:00.000000,2024-07-29,05:15:00.000000,0514,0518,025-180,III/2
2024-07-29_06:00:00.000000,2024-07-29,06:00:00.000000,0600,0601,025-083,III/2
2024-07-31_13:45:00.000000,2024-07-31,13:45:00.000000,1350,1352,025-083,III/2
2024-07-31_18:15:00.000000,2024-07-31,18:15:00.000000,1820,1831,025-180,III/2
2024-07-31_21:45:00.000000,2024-07-31,21:45:00.000000,2148,2149,025-180,III/2
2024-07-31_23:15:00.000000,2024-07-31,23:15:00.000000,2319,2320,025-180,III/2
2024-08-01_02:45:00.000000,2024-08-01,02:45:00.000000,0249,0250,025-180,III/2
2024-08-01_04:45:00.000000,2024-08-01,04:45:00.000000,0439,0440,025-180,III/2
2024-08-01_06:00:00.000000,2024-08-01,06:00:00.000000,0555,0555,025-163,III/2
2024-08-01_07:00:00.000000,2024-08-01,07:00:00.000000,0701,0709,025-180,III/2
2024-08-01_12:15:00.000000,2024-08-01,12:15:00.000000,1213,1215,025-075,III/2
2024-08-02_00:45:00.000000,2024-08-02,00:45:00.000000,0043,0045,025-180,III/2
2024-08-02_02:30:00.000000,2024-08-02,02:30:00.000000,0233,0240,025-140,III/2
2024-08-02_04:30:00.000000,2024-08-02,04:30:00.000000,0428,0431,025-180,III/2
2024-08-02_05:15:00.000000,2024-08-02,05:15:00.000000,0508,0508,068-180,III/2
2024-08-03_15:00:00.000000,2024-08-03,15:00:00.000000,1453,1455,025-083,III/2
2024-08-04_08:00:00.000000,2024-08-04,08:00:00.000000,0756,0756,025-117,III/2
2024-08-04_08:45:00.000000,2024-08-04,08:45:00.000000,0845,0851,025-180,III/2
2024-08-04_17:45:00.000000,2024-08-04,17:45:00.000000,1741,1747,025-180,III/2
2024-08-05_14:15:00.000000,2024-08-05,14:15:00.000000,1418,1419,025-180,III/2
2024-08-05_17:00:00.000000,2024-08-05,17:00:00.000000,1655,1714,025-180,III/2
2024-08-05_18:30:00.000000,2024-08-05,18:30:00.000000,1835,1839,025-180,III/2
2024-08-05_19:15:00.000000,2024-08-05,19:15:00.000000,1922,1923,025-180,III/2
2024-08-05_20:00:00.000000,2024-08-05,20:00:00.000000,1956,1957,025-180,III/2
2024-08-05_20:45:00.000000,2024-08-05,20:45:00.000000,2048,2049,025-120,III/2
2024-08-06_05:30:00.000000,2024-08-06,05:30:00.000000,0537,0538,025-180,III/2
2024-08-06_09:30:00.000000,2024-08-06,09:30:00.000000,0929,0930,025-180,III/2
2024-08-06_23:15:00.000000,2024-08-06,23:15:00.000000,2312,2316,025-180,III/2
2024-08-07_13:30:00.000000,2024-08-07,13:30:00.000000,1333,1335,025-180,III/2
2024-08-07_15:45:00.000000,2024-08-07,15:45:00.000000,1545,1550,025-180,III/2
2024-08-07_18:45:00.000000,2024-08-07,18:45:00.000000,1839,1844,025-180,III/2
2024-08-07_20:45:00.000000,2024-08-07,20:45:00.000000,2041,2043,025-180,III/2
2024-08-08_04:15:00.000000,2024-08-08,04:15:00.000000,0408,0411,025-180,III/2
2024-08-08_05:45:00.000000,2024-08-08,05:45:00.000000,0552,0553,025-180,III/2
2024-08-08_07:00:00.000000,2024-08-08,07:00:00.000000,0707,0707,025-180,III/2
2024-08-08_19:30:00.000000,2024-08-08,19:30:00.000000,1923,1932,025-180,III/2
2024-08-09_08:30:00.000000,2024-08-09,08:30:00.000000,0825,0827,025-180,III/2
2024-08-09_14:45:00.000000,2024-08-09,14:45:00.000000,1444,1447,025-180,III/2
2024-08-09_15:15:00.000000,2024-08-09,15:15:00.000000,1508,1510,025-180,III/2
2024-08-09_19:45:00.000000,2024-08-09,19:45:00.000000,1950,2000,025-180,III/2
2024-08-09_20:45:00.000000,2024-08-09,20:45:00.000000,2048,2052,025-180,III/2
2024-08-09_23:15:00.000000,2024-08-09,23:15:00.000000,2310,2310,025-170,III/2
2024-08-10_21:00:00.000000,2024-08-10,21:00:00.000000,2100,2101,025-180,III/2
2024-08-10_22:45:00.000000,2024-08-10,22:45:00.000000,2248,2249,025-180,III/2
2024-08-12_00:45:00.000000,2024-08-12,00:45:00.000000,0038,0043,025-180,III/2
2024-08-12_04:30:00.000000,2024-08-12,04:30:00.000000,0426,0432,025-160,III/2
2024-08-12_05:30:00.000000,2024-08-12,05:30:00.000000,0524,0524,025-180,III/2
2024-08-12_08:15:00.000000,2024-08-12,08:15:00.000000,0809,0809,025-083,III/2
2024-08-12_14:00:00.000000,2024-08-12,14:00:00.000000,1402,1403,025-082,III/2
2024-08-12_18:30:00.000000,2024-08-12,18:30:00.000000,1829,1830,025-152,III/2
2024-08-13_07:00:00.000000,2024-08-13,07:00:00.000000,0700,0701,025-180,III/2
2024-08-13_08:00:00.000000,2024-08-13,08:00:00.000000,0802,0803,025-083,III/2
2024-08-13_16:15:00.000000,2024-08-13,16:15:00.000000,1609,1611,030-154,III/2
2024-08-14_08:00:00.000000,2024-08-14,08:00:00.000000,0755,0756,025-138,III/2
2024-08-14_08:15:00.000000,2024-08-14,08:15:00.000000,0819,0819,025-127,III/2
2024-08-14_15:45:00.000000,2024-08-14,15:45:00.000000,1546,1547,052-180,III/2
2024-08-15_03:30:00.000000,2024-08-15,03:30:00.000000,0333,0334,025-180,III/2
2024-08-15_06:15:00.000000,2024-08-15,06:15:00.000000,0619,0622,025-180,III/2
2024-08-16_13:15:00.000000,2024-08-16,13:15:00.000000,1317,1321,025-180,III/2
2024-08-17_07:15:00.000000,2024-08-17,07:15:00.000000,0715,0716,053-180,III/2
2024-08-17_07:30:00.000000,2024-08-17,07:30:00.000000,0732,0732,025-180,III/2
2024-08-17_10:30:00.000000,2024-08-17,10:30:00.000000,1027,1031,025-180,III/2
2024-08-17_10:45:00.000000,2024-08-17,10:45:00.000000,1041,1044,025-180,III/2
2024-08-17_23:00:00.000000,2024-08-17,23:00:00.000000,2304,2305,025-180,III/2
2024-08-18_00:30:00.000000,2024-08-18,00:30:00.000000,0033,0033,025-150,III/2
2024-08-18_04:45:00.000000,2024-08-18,04:45:00.000000,0445,0447,025-180,III/2
2024-08-18_04:45:00.000000,2024-08-18,04:45:00.000000,0446,0447,025-180,III/2
2024-08-18_05:30:00.000000,2024-08-18,05:30:00.000000,0527,0553,025-180,III/2
2024-08-19_00:30:00.000000,2024-08-19,00:30:00.000000,0034,0041,025-180,III/2
2024-08-20_08:30:00.000000,2024-08-20,08:30:00.000000,0833,0837,025-060,III/2
2024-08-20_09:15:00.000000,2024-08-20,09:15:00.000000,0910,0910,025-083,III/2
2024-08-20_21:45:00.000000,2024-08-20,21:45:00.000000,2141,2141,025-072,III/2
2024-08-22_04:15:00.000000,2024-08-22,04:15:00.000000,0416,0424,025-135,III/2
2024-08-22_07:30:00.000000,2024-08-22,07:30:00.000000,0727,0735,025-180,III/2
2024-08-22_17:30:00.000000,2024-08-22,17:30:00.000000,1723,1729,025-180,III/2
2024-08-22_22:30:00.000000,2024-08-22,22:30:00.000000,2237,2239,025-180,III/2
2024-08-22_23:15:00.000000,2024-08-22,23:15:00.000000,2318,2319,025-180,III/2
2024-08-23_01:00:00.000000,2024-08-23,01:00:00.000000,0101,0101,025-118,III/2
2024-08-25_15:15:00.000000,2024-08-25,15:15:00.000000,1519,1523,025-180,III/2
2024-08-26_22:45:00.000000,2024-08-26,22:45:00.000000,2238,2238,025-056,III/2
2024-08-28_09:00:00.000000,2024-08-28,09:00:00.000000,0857,0905,025-147,III/2
2024-08-30_00:30:00.000000,2024-08-30,00:30:00.000000,0033,0106,025-180,III/2
2024-08-30_02:30:00.000000,2024-08-30,02:30:00.000000,0236,0236,062-180,III/2
2024-08-30_05:00:00.000000,2024-08-30,05:00:00.000000,0459,0459,025-067,III/2
2024-08-31_05:15:00.000000,2024-08-31,05:15:00.000000,0510,0510,025-068,III/2
2022-05-12_13:00:00.000000,2022-05-12,13:00:00.000000,1253,1257,025-180,III/3
2022-05-21_14:30:00.000000,2022-05-21,14:30:00.000000,1429,1436,025-180,III/3
2022-06-22_17:15:00.000000,2022-06-22,17:15:00.000000,1715,1720,025-180,III/3
2022-07-03_08:30:00.000000,2022-07-03,08:30:00.000000,0828,0832,025-180,III/3
2022-07-03_16:15:00.000000,2022-07-03,16:15:00.000000,1619,1623,025-180,III/3
2022-07-08_11:30:00.000000,2022-07-08,11:30:00.000000,1123,1125,025-180,III/3
2022-10-11_10:45:00.000000,2022-10-11,10:45:00.000000,1049,1053,025-180,III/3
2022-10-12_14:15:00.000000,2022-10-12,14:15:00.000000,1418,1418,025-180,III/3
2022-11-11_07:15:00.000000,2022-11-11,07:15:00.000000,0709,0712,025-180,III/3
2022-11-11_09:30:00.000000,2022-11-11,09:30:00.000000,0929,0930,025-180,III/3
2022-11-11_13:45:00.000000,2022-11-11,13:45:00.000000,1349,1349,025-180,III/3
2022-12-13_12:15:00.000000,2022-12-13,12:15:00.000000,1210,1211,025-180,III/3
2022-12-19_08:15:00.000000,2022-12-19,08:15:00.000000,0817,0818,025-180,III/3
2022-12-25_07:00:00.000000,2022-12-25,07:00:00.000000,0655,0702,025-180,III/3
2022-12-28_09:15:00.000000,2022-12-28,09:15:00.000000,0913,0918,025-180,III/3
2023-02-23_07:45:00.000000,2023-02-23,07:45:00.000000,0747,0750,025-180,III/3
2023-02-23_08:15:00.000000,2023-02-23,08:15:00.000000,0808,0810,025-180,III/3
2023-02-23_15:15:00.000000,2023-02-23,15:15:00.000000,1510,1516,025-180,III/3
2023-04-20_12:15:00.000000,2023-04-20,12:15:00.000000,1217,1219,025-180,III/3
2023-05-06_12:30:00.000000,2023-05-06,12:30:00.000000,1237,1240,025-180,III/3
2023-05-07_06:30:00.000000,2023-05-07,06:30:00.000000,0630,0633,025-180,III/3
2023-05-08_08:30:00.000000,2023-05-08,08:30:00.000000,0823,0831,025-180,III/3
2023-05-09_14:00:00.000000,2023-05-09,14:00:00.000000,1401,1402,025-180,III/3
2023-05-25_13:00:00.000000,2023-05-25,13:00:00.000000,1253,1255,025-180,III/3
2023-05-27_13:00:00.000000,2023-05-27,13:00:00.000000,1307,1308,025-180,III/3
2023-06-28_16:45:00.000000,2023-06-28,16:45:00.000000,1643,1643,025-180,III/3
2023-07-04_06:30:00.000000,2023-07-04,06:30:00.000000,0637,0641,025-180,III/3
2023-07-15_07:30:00.000000,2023-07-15,07:30:00.000000,0727,0731,025-180,III/3
2023-07-15_10:00:00.000000,2023-07-15,10:00:00.000000,1006,1010,025-180,III/3
2023-07-16_08:15:00.000000,2023-07-16,08:15:00.000000,0822,0825,025-180,III/3
2023-07-16_17:45:00.000000,2023-07-16,17:45:00.000000,1738,1745,025-180,III/3
2023-07-30_06:15:00.000000,2023-07-30,06:15:00.000000,0615,0620,025-180,III/3
2023-08-06_22:30:00.000000,2023-08-06,22:30:00.000000,2235,2243,025-116,III/3
2023-08-07_21:30:00.000000,2023-08-07,21:30:00.000000,2133,2135,025-180,III/3
2023-08-12_08:30:00.000000,2023-08-12,08:30:00.000000,0826,0828,025-180,III/3
2023-08-19_06:45:00.000000,2023-08-19,06:45:00.000000,0644,0648,025-180,III/3
2023-08-22_10:15:00.000000,2023-08-22,10:15:00.000000,1022,1030,025-180,III/3
2023-09-05_22:15:00.000000,2023-09-05,22:15:00.000000,2217,2222,025-180,III/3
2023-09-21_06:00:00.000000,2023-09-21,06:00:00.000000,0556,0557,025-180,III/3
2023-09-21_23:15:00.000000,2023-09-21,23:15:00.000000,2312,2313,025-180,III/3
2023-09-23_07:15:00.000000,2023-09-23,07:15:00.000000,0720,0721,025-180,III/3
2023-10-01_01:45:00.000000,2023-10-01,01:45:00.000000,0144,0147,025-180,III/3
2023-10-11_07:30:00.000000,2023-10-11,07:30:00.000000,0733,0738,025-180,III/3
2023-11-08_06:00:00.000000,2023-11-08,06:00:00.000000,0605,0605,025-119,III/3
2023-11-14_03:30:00.000000,2023-11-14,03:30:00.000000,0332,0336,025-180,III/3
2023-11-14_23:00:00.000000,2023-11-14,23:00:00.000000,2301,2305,025-180,III/3
2023-11-16_01:00:00.000000,2023-11-16,01:00:00.000000,0054,0056,025-180,III/3
2023-11-24_07:45:00.000000,2023-11-24,07:45:00.000000,0744,0746,025-180,III/3
2023-11-26_01:30:00.000000,2023-11-26,01:30:00.000000,0134,0135,025-134,III/3
2023-11-26_05:45:00.000000,2023-11-26,05:45:00.000000,0538,0539,025-180,III/3
2023-11-28_22:30:00.000000,2023-11-28,22:30:00.000000,2233,2237,025-180,III/3
2023-11-29_07:30:00.000000,2023-11-29,07:30:00.000000,0724,0725,025-180,III/3
2023-11-29_08:15:00.000000,2023-11-29,08:15:00.000000,0808,0808,025-180,III/3
2023-12-02_03:45:00.000000,2023-12-02,03:45:00.000000,0338,0339,025-180,III/3
2024-01-10_19:00:00.000000,2024-01-10,19:00:00.000000,1858,1905,025-180,III/3
2024-01-13_02:00:00.000000,2024-01-13,02:00:00.000000,0201,0206,025-180,III/3
2024-01-22_06:15:00.000000,2024-01-22,06:15:00.000000,0613,0619,025-180,III/3
2024-02-02_13:30:00.000000,2024-02-02,13:30:00.000000,1324,1334,025-180,III/3
2024-02-04_15:15:00.000000,2024-02-04,15:15:00.000000,1515,1517,054-180,III/3
2024-02-19_03:45:00.000000,2024-02-19,03:45:00.000000,0340,0346,025-180,III/3
2024-03-25_22:30:00.000000,2024-03-25,22:30:00.000000,2229,2230,025-180,III/3
2024-03-26_00:30:00.000000,2024-03-26,00:30:00.000000,0034,0037,025-180,III/3
2024-03-28_06:00:00.000000,2024-03-28,06:00:00.000000,0602,0604,025-180,III/3
2024-03-28_09:45:00.000000,2024-03-28,09:45:00.000000,0940,0948,025-180,III/3
2024-04-11_23:45:00.000000,2024-04-11,23:45:00.000000,2339,2347,025-180,III/3
2024-04-19_15:00:00.000000,2024-04-19,15:00:00.000000,1459,1501,025-180,III/3
2024-04-19_16:30:00.000000,2024-04-19,16:30:00.000000,1632,1640,025-180,III/3
2024-04-19_16:30:00.000000,2024-04-19,16:30:00.000000,1637,1637,025-180,III/3
2024-04-20_15:45:00.000000,2024-04-20,15:45:00.000000,1543,1548,025-180,III/3
2024-04-21_15:15:00.000000,2024-04-21,15:15:00.000000,1508,1514,025-180,III/3
2024-04-21_21:45:00.000000,2024-04-21,21:45:00.000000,2142,2155,025-180,III/3
2024-04-22_05:30:00.000000,2024-04-22,05:30:00.000000,0533,0536,025-180,III/3
2024-04-22_15:45:00.000000,2024-04-22,15:45:00.000000,1542,1548,025-180,III/3
2024-04-22_21:15:00.000000,2024-04-22,21:15:00.000000,2112,2115,025-180,III/3
2024-04-23_17:30:00.000000,2024-04-23,17:30:00.000000,1735,1742,025-180,III/3
2024-05-03_00:15:00.000000,2024-05-03,00:15:00.000000,0014,0016,025-180,III/3
2024-05-03_23:15:00.000000,2024-05-03,23:15:00.000000,2312,2314,025-180,III/3
2024-05-04_06:15:00.000000,2024-05-04,06:15:00.000000,0614,0622,025-180,III/3
2024-05-05_06:00:00.000000,2024-05-05,06:00:00.000000,0556,0600,025-180,III/3
2024-05-08_18:30:00.000000,2024-05-08,18:30:00.000000,1829,1833,025-180,III/3
2024-05-09_08:15:00.000000,2024-05-09,08:15:00.000000,0810,0812,025-180,III/3
2024-05-09_12:00:00.000000,2024-05-09,12:00:00.000000,1153,1156,025-180,III/3
2024-05-14_16:45:00.000000,2024-05-14,16:45:00.000000,1646,1655,025-180,III/3
2024-05-15_08:15:00.000000,2024-05-15,08:15:00.000000,0815,0821,025-180,III/3
2024-05-18_10:45:00.000000,2024-05-18,10:45:00.000000,1050,1053,025-180,III/3
2024-05-19_12:30:00.000000,2024-05-19,12:30:00.000000,1233,1235,025-180,III/3
2024-05-19_13:15:00.000000,2024-05-19,13:15:00.000000,1316,1319,025-180,III/3
2024-05-19_13:45:00.000000,2024-05-19,13:45:00.000000,1342,1346,025-180,III/3
2024-05-19_16:00:00.000000,2024-05-19,16:00:00.000000,1554,1600,025-180,III/3
2024-05-20_08:00:00.000000,2024-05-20,08:00:00.000000,0757,0758,025-180,III/3
2024-06-08_21:00:00.000000,2024-06-08,21:00:00.000000,2057,2104,025-180,III/3
2024-06-21_14:15:00.000000,2024-06-21,14:15:00.000000,1415,1418,025-180,III/3
2024-06-22_10:30:00.000000,2024-06-22,10:30:00.000000,1027,1028,025-180,III/3
2024-06-23_01:45:00.000000,2024-06-23,01:45:00.000000,0150,0152,025-180,III/3
2024-06-26_02:15:00.000000,2024-06-26,02:15:00.000000,0218,0221,025-180,III/3
2024-07-17_06:15:00.000000,2024-07-17,06:15:00.000000,0609,0612,025-180,III/3
2024-07-24_07:30:00.000000,2024-07-24,07:30:00.000000,0732,0738,025-180,III/3
2024-07-24_17:15:00.000000,2024-07-24,17:15:00.000000,1714,1721,025-180,III/3
2024-07-26_21:30:00.000000,2024-07-26,21:30:00.000000,2130,2131,025-180,III/3
2024-07-27_04:45:00.000000,2024-07-27,04:45:00.000000,0439,0445,025-180,III/3
2024-07-28_06:45:00.000000,2024-07-28,06:45:00.000000,0646,0648,025-180,III/3
2024-07-28_18:15:00.000000,2024-07-28,18:15:00.000000,1811,1817,025-180,III/3
2024-07-29_12:45:00.000000,2024-07-29,12:45:00.000000,1249,1258,025-180,III/3
2024-07-29_17:15:00.000000,2024-07-29,17:15:00.000000,1722,1725,025-180,III/3
2024-07-31_17:15:00.000000,2024-07-31,17:15:00.000000,1710,1711,025-180,III/3
2024-08-04_15:15:00.000000,2024-08-04,15:15:00.000000,1512,1515,025-180,III/3
2024-08-04_22:15:00.000000,2024-08-04,22:15:00.000000,2208,2214,025-180,III/3
2024-08-05_05:15:00.000000,2024-08-05,05:15:00.000000,0520,0524,025-180,III/3
2024-08-05_09:00:00.000000,2024-08-05,09:00:00.000000,0858,0859,039-180,III/3
2024-08-06_08:45:00.000000,2024-08-06,08:45:00.000000,0843,0846,025-180,III/3
2024-08-06_22:15:00.000000,2024-08-06,22:15:00.000000,2222,2225,025-180,III/3
2024-08-07_02:30:00.000000,2024-08-07,02:30:00.000000,0223,0226,025-180,III/3
2024-08-08_06:30:00.000000,2024-08-08,06:30:00.000000,0630,0634,025-180,III/3
2024-08-08_06:30:00.000000,2024-08-08,06:30:00.000000,0632,0634,025-180,III/3
2024-08-09_07:30:00.000000,2024-08-09,07:30:00.000000,0727,0731,025-180,III/3
2024-08-09_12:00:00.000000,2024-08-09,12:00:00.000000,1157,1204,025-180,III/3
2024-08-11_02:45:00.000000,2024-08-11,02:45:00.000000,0248,0250,025-180,III/3
2024-08-22_16:15:00.000000,2024-08-22,16:15:00.000000,1613,1618,025-180,III/3
2024-08-22_21:00:00.000000,2024-08-22,21:00:00.000000,2056,2058,025-180,III/3
2024-08-23_00:15:00.000000,2024-08-23,00:15:00.000000,0017,0018,025-180,III/3
2024-08-31_01:30:00.000000,2024-08-31,01:30:00.000000,0128,0133,025-180,III/3
2022-05-04_10:00:00.000000,2022-05-04,10:00:00.000000,0955,2212,114-180,IV/1
2022-05-04_15:15:00.000000,2022-05-04,15:15:00.000000,1512,1738,075-180,IV/1
2022-05-25_18:30:00.000000,2022-05-25,18:30:00.000000,1824,1853,113-180,IV/1
2022-08-18_10:30:00.000000,2022-08-18,10:30:00.000000,1023,1317,025-180,IV/1
2022-09-23_13:45:00.000000,2022-09-23,13:45:00.000000,1350,1432,075-180,IV/1
2022-11-11_07:15:00.000000,2022-11-11,07:15:00.000000,0714,1525,075-180,IV/1
2022-11-11_12:00:00.000000,2022-11-11,12:00:00.000000,1202,1550,112-180,IV/1
2022-11-19_13:00:00.000000,2022-11-19,13:00:00.000000,1254,1624,025-180,IV/1
2023-02-09_07:30:00.000000,2023-02-09,07:30:00.000000,0729,1054,043-180,IV/1
2023-02-09_09:00:00.000000,2023-02-09,09:00:00.000000,0853,1030,071-180,IV/1
2023-05-04_09:45:00.000000,2023-05-04,09:45:00.000000,0946,1504,025-180,IV/1
2023-05-05_10:00:00.000000,2023-05-05,10:00:00.000000,1002,1742,025-180,IV/1
2023-05-24_09:30:00.000000,2023-05-24,09:30:00.000000,0925,1608,025-180,IV/1
2023-07-15_20:00:00.000000,2023-07-15,20:00:00.000000,2006,2027,025-085,IV/1
2023-07-16_19:30:00.000000,2023-07-16,19:30:00.000000,1927,2359,025-180,IV/1
2023-07-17_00:00:00.000000,2023-07-17,00:00:00.000000,0000,0256,025-180,IV/1
2023-07-18_17:45:00.000000,2023-07-18,17:45:00.000000,1739,1748,039-084,IV/1
2023-07-23_14:30:00.000000,2023-07-23,14:30:00.000000,1424,1943,025-180,IV/1
2023-09-19_22:45:00.000000,2023-09-19,22:45:00.000000,2238,2359,025-180,IV/1
2023-09-20_00:00:00.000000,2023-09-20,00:00:00.000000,0000,0420,025-180,IV/1
2023-09-20_20:30:00.000000,2023-09-20,20:30:00.000000,2025,2359,025-180,IV/1
2023-09-21_00:00:00.000000,2023-09-21,00:00:00.000000,0000,0419,025-180,IV/1
2023-11-26_07:45:00.000000,2023-11-26,07:45:00.000000,0748,0843,075-180,IV/1
2024-05-03_02:30:00.000000,2024-05-03,02:30:00.000000,0225,0253,065-143,IV/1
2024-05-03_20:30:00.000000,2024-05-03,20:30:00.000000,2035,2334,111-180,IV/1
2024-05-04_06:30:00.000000,2024-05-04,06:30:00.000000,0627,0704,062-148,IV/1
2024-05-08_09:45:00.000000,2024-05-08,09:45:00.000000,0940,2140,040-180,IV/1
2024-05-08_16:15:00.000000,2024-05-08,16:15:00.000000,1609,2359,025-180,IV/1
2024-05-11_04:15:00.000000,2024-05-11,04:15:00.000000,0420,1746,025-180,IV/1
2024-05-11_09:30:00.000000,2024-05-11,09:30:00.000000,0937,2343,025-180,IV/1
2024-05-11_17:00:00.000000,2024-05-11,17:00:00.000000,1706,2359,025-180,IV/1
2024-05-12_00:00:00.000000,2024-05-12,00:00:00.000000,0000,0056,025-180,IV/1
2024-05-14_16:45:00.000000,2024-05-14,16:45:00.000000,1647,1718,025-180,IV/1
2024-05-15_08:30:00.000000,2024-05-15,08:30:00.000000,0827,0911,025-180,IV/1
2024-05-15_14:30:00.000000,2024-05-15,14:30:00.000000,1427,1523,025-180,IV/1
2024-05-27_07:00:00.000000,2024-05-27,07:00:00.000000,0705,0804,045-180,IV/1
2024-05-29_14:45:00.000000,2024-05-29,14:45:00.000000,1448,1550,025-084,IV/1
2024-06-01_19:30:00.000000,2024-06-01,19:30:00.000000,1933,2203,111-180,IV/1
2024-06-02_00:00:00.000000,2024-06-02,00:00:00.000000,0000,0501,025-075,IV/1
2024-07-16_22:15:00.000000,2024-07-16,22:15:00.000000,2220,2259,025-075,IV/1
2024-07-17_07:15:00.000000,2024-07-17,07:15:00.000000,0722,0746,040-180,IV/1
2024-07-27_06:45:00.000000,2024-07-27,06:45:00.000000,0643,0936,025-180,IV/1
2024-07-29_13:15:00.000000,2024-07-29,13:15:00.000000,1316,1328,040-054,IV/1
2024-08-02_04:45:00.000000,2024-08-02,04:45:00.000000,0452,0700,025-180,IV/1
2024-08-09_23:00:00.000000,2024-08-09,23:00:00.000000,2304,2359,025-180,IV/1
2024-08-14_06:45:00.000000,2024-08-14,06:45:00.000000,0639,0915,025-180,IV/1
2022-10-04_13:00:00.000000,2022-10-04,13:00:00.000000,1307,1434,025-180,IV/2
2023-05-04_08:45:00.000000,2023-05-04,08:45:00.000000,0848,1506,025-180,IV/2
2023-05-05_07:45:00.000000,2023-05-05,07:45:00.000000,0739,1739,025-180,IV/2
2023-05-23_11:00:00.000000,2023-05-23,11:00:00.000000,1059,2355,025-151,IV/2
2023-05-23_11:15:00.000000,2023-05-23,11:15:00.000000,1120,1757,025-180,IV/2
2023-07-16_15:15:00.000000,2023-07-16,15:15:00.000000,1509,1524,025-180,IV/2
2023-09-01_03:00:00.000000,2023-09-01,03:00:00.000000,0303,0408,025-180,IV/2
2023-12-14_17:15:00.000000,2023-12-14,17:15:00.000000,1708,2058,025-180,IV/2
2023-12-14_17:15:00.000000,2023-12-14,17:15:00.000000,1715,2034,025-180,IV/2
2023-12-15_07:30:00.000000,2023-12-15,07:30:00.000000,0729,0831,025-180,IV/2
2024-02-06_03:15:00.000000,2024-02-06,03:15:00.000000,0314,0334,025-046,IV/2
2024-02-09_13:00:00.000000,2024-02-09,13:00:00.000000,1303,1340,025-180,IV/2
2024-02-12_06:30:00.000000,2024-02-12,06:30:00.000000,0635,0733,025-105,IV/2
2024-02-14_04:00:00.000000,2024-02-14,04:00:00.000000,0400,0441,025-180,IV/2
2024-02-16_07:00:00.000000,2024-02-16,07:00:00.000000,0653,0721,025-180,IV/2
2024-02-22_12:00:00.000000,2024-02-22,12:00:00.000000,1158,1622,075-180,IV/2
2024-04-24_14:45:00.000000,2024-04-24,14:45:00.000000,1440,1715,025-180,IV/2
2024-05-08_05:15:00.000000,2024-05-08,05:15:00.000000,0508,1743,025-180,IV/2
2024-05-09_09:45:00.000000,2024-05-09,09:45:00.000000,0939,1519,025-180,IV/2
2024-05-11_01:15:00.000000,2024-05-11,01:15:00.000000,0113,0339,025-180,IV/2
2024-05-14_02:15:00.000000,2024-05-14,02:15:00.000000,0220,0251,075-105,IV/2
2024-05-17_21:15:00.000000,2024-05-17,21:15:00.000000,2111,2226,025-180,IV/2
2024-06-08_01:30:00.000000,2024-06-08,01:30:00.000000,0129,0316,050-180,IV/2
2024-06-11_16:45:00.000000,2024-06-11,16:45:00.000000,1638,1639,025-180,IV/2
2024-07-16_13:45:00.000000,2024-07-16,13:45:00.000000,1343,1451,025-083,IV/2
2024-07-24_07:45:00.000000,2024-07-24,07:45:00.000000,0744,0759,025-140,IV/2
2024-07-29_14:15:00.000000,2024-07-29,14:15:00.000000,1421,1645,025-180,IV/2
2024-07-31_18:30:00.000000,2024-07-31,18:30:00.000000,1827,1915,025-138,IV/2
2024-08-01_07:15:00.000000,2024-08-01,07:15:00.000000,0708,0755,025-180,IV/2
2024-02-10_23:00:00.000000,2024-02-10,23:00:00.000000,2305,2330,025-180,IV/3
2024-05-08_23:00:00.000000,2024-05-08,23:00:00.000000,2258,2359,025-180,IV/3
2024-05-09_00:00:00.000000,2024-05-09,00:00:00.000000,0000,0942,025-180,IV/3
2024-05-09_09:15:00.000000,2024-05-09,09:15:00.000000,0910,1527,025-180,IV/3
2023-12-13_14:15:00.000000,2023-12-13,14:15:00.000000,1421,1426,025-180,V/1
2022-07-02_15:00:00.000000,2022-07-02,15:00:00.000000,1454,1457,025-180,V/2
2022-07-02_16:45:00.000000,2022-07-02,16:45:00.000000,1638,1643,025-180,V/2
2022-08-15_16:00:00.000000,2022-08-15,16:00:00.000000,1553,1557,025-180,V/2
2023-01-08_12:45:00.000000,2023-01-08,12:45:00.000000,1249,1250,025-180,V/2
2023-03-17_13:00:00.000000,2023-03-17,13:00:00.000000,1304,1305,025-180,V/2
2023-05-11_09:00:00.000000,2023-05-11,09:00:00.000000,0853,0856,025-180,V/2
2023-05-17_15:15:00.000000,2023-05-17,15:15:00.000000,1508,1511,025-180,V/2
2023-06-29_14:15:00.000000,2023-06-29,14:15:00.000000,1412,1414,025-180,V/2
2023-07-03_21:00:00.000000,2023-07-03,21:00:00.000000,2104,2109,025-180,V/2
2023-07-15_20:00:00.000000,2023-07-15,20:00:00.000000,1957,2001,025-180,V/2
2023-07-16_15:00:00.000000,2023-07-16,15:00:00.000000,1507,1509,025-180,V/2
2023-10-07_05:15:00.000000,2023-10-07,05:15:00.000000,0515,0521,025-180,V/2
2023-12-02_02:30:00.000000,2023-12-02,02:30:00.000000,0237,0238,025-062,V/2
2023-12-26_03:15:00.000000,2023-12-26,03:15:00.000000,0312,0315,025-180,V/2
2024-01-14_00:15:00.000000,2024-01-14,00:15:00.000000,0014,0022,025-160,V/2
2024-01-20_06:00:00.000000,2024-01-20,06:00:00.000000,0554,0557,025-097,V/2
2024-01-28_02:30:00.000000,2024-01-28,02:30:00.000000,0228,0232,025-180,V/2
2024-01-31_06:30:00.000000,2024-01-31,06:30:00.000000,0629,0630,025-180,V/2
2024-02-01_20:45:00.000000,2024-02-01,20:45:00.000000,2043,2044,025-180,V/2
2024-02-16_06:45:00.000000,2024-02-16,06:45:00.000000,0646,0653,025-180,V/2
2024-02-28_02:00:00.000000,2024-02-28,02:00:00.000000,0205,0206,025-180,V/2
2024-03-05_22:30:00.000000,2024-03-05,22:30:00.000000,2228,2235,075-180,V/2
2024-03-23_16:00:00.000000,2024-03-23,16:00:00.000000,1556,1558,025-180,V/2
2024-04-21_05:15:00.000000,2024-04-21,05:15:00.000000,0521,0523,025-180,V/2
2024-04-24_02:30:00.000000,2024-04-24,02:30:00.000000,0236,0238,025-180,V/2
2024-05-17_20:15:00.000000,2024-05-17,20:15:00.000000,2013,2014,025-180,V/2
2024-05-24_10:00:00.000000,2024-05-24,10:00:00.000000,1004,1005,025-180,V/2
2024-06-07_19:00:00.000000,2024-06-07,19:00:00.000000,1853,1901,025-140,V/2
2024-06-21_16:00:00.000000,2024-06-21,16:00:00.000000,1554,1557,025-180,V/2
2024-06-27_15:15:00.000000,2024-06-27,15:15:00.000000,1517,1519,025-180,V/2
2024-07-22_09:15:00.000000,2024-07-22,09:15:00.000000,0917,0919,025-180,V/2
2024-07-27_00:30:00.000000,2024-07-27,00:30:00.000000,0029,0030,025-153,V/2
2024-08-04_22:15:00.000000,2024-08-04,22:15:00.000000,2208,2212,025-180,V/2
2024-08-05_12:15:00.000000,2024-08-05,12:15:00.000000,1214,1217,025-160,V/2
2024-08-12_18:30:00.000000,2024-08-12,18:30:00.000000,1836,1838,025-076,V/2
2022-10-11_08:45:00.000000,2022-10-11,08:45:00.000000,0840,0845,025-180,V/3
2022-12-19_08:15:00.000000,2022-12-19,08:15:00.000000,0817,0818,025-180,V/3
2023-07-16_17:45:00.000000,2023-07-16,17:45:00.000000,1738,1752,025-180,V/3
2023-07-28_15:45:00.000000,2023-07-28,15:45:00.000000,1541,1551,025-180,V/3
2023-08-25_03:30:00.000000,2023-08-25,03:30:00.000000,0323,0325,025-180,V/3
2023-09-28_09:00:00.000000,2023-09-28,09:00:00.000000,0905,0908,025-180,V/3
2023-11-14_04:15:00.000000,2023-11-14,04:15:00.000000,0420,0422,025-180,V/3
2023-11-30_22:30:00.000000,2023-11-30,22:30:00.000000,2231,2232,025-138,V/3
2024-02-05_06:15:00.000000,2024-02-05,06:15:00.000000,0619,0621,025-180,V/3
2024-02-14_07:30:00.000000,2024-02-14,07:30:00.000000,0729,0735,025-180,V/3
2024-02-28_11:00:00.000000,2024-02-28,11:00:00.000000,1105,1107,025-180,V/3
2024-03-10_12:15:00.000000,2024-03-10,12:15:00.000000,1208,1216,025-180,V/3
2024-03-26_00:30:00.000000,2024-03-26,00:30:00.000000,0034,0041,025-180,V/3
2024-04-01_07:00:00.000000,2024-04-01,07:00:00.000000,0658,0700,025-180,V/3
2024-04-17_20:00:00.000000,2024-04-17,20:00:00.000000,2001,2009,025-180,V/3
2024-04-18_02:45:00.000000,2024-04-18,02:45:00.000000,0244,0250,025-180,V/3
2024-04-21_15:15:00.000000,2024-04-21,15:15:00.000000,1508,1513,025-180,V/3
2024-04-23_10:45:00.000000,2024-04-23,10:45:00.000000,1043,1045,025-180,V/3
2024-04-24_01:15:00.000000,2024-04-24,01:15:00.000000,0108,0109,025-086,V/3
2024-04-25_13:00:00.000000,2024-04-25,13:00:00.000000,1305,1307,025-180,V/3
2024-06-27_23:45:00.000000,2024-06-27,23:45:00.000000,2344,2349,025-180,V/3
2024-07-17_06:15:00.000000,2024-07-17,06:15:00.000000,0609,0612,025-180,V/3
2024-07-21_02:00:00.000000,2024-07-21,02:00:00.000000,0153,0157,025-180,V/3
2024-07-21_02:00:00.000000,2024-07-21,02:00:00.000000,0153,0157,025-180,V/3
2024-07-24_07:30:00.000000,2024-07-24,07:30:00.000000,0735,0740,025-180,V/3
2024-08-01_01:45:00.000000,2024-08-01,01:45:00.000000,0147,0151,025-180,V/3
2024-08-04_15:15:00.000000,2024-08-04,15:15:00.000000,1512,1517,025-180,V/3
2024-08-05_09:00:00.000000,2024-08-05,09:00:00.000000,0858,0900,025-180,V/3
2024-08-05_15:30:00.000000,2024-08-05,15:30:00.000000,1523,1531,025-180,V/3
2024-08-06_06:15:00.000000,2024-08-06,06:15:00.000000,0612,0617,025-180,V/3
2024-08-06_22:30:00.000000,2024-08-06,22:30:00.000000,2223,2226,025-180,V/3
2024-08-09_00:15:00.000000,2024-08-09,00:15:00.000000,0018,0021,025-180,V/3
2024-08-09_07:30:00.000000,2024-08-09,07:30:00.000000,0727,0732,025-180,V/3
2024-08-25_04:45:00.000000,2024-08-25,04:45:00.000000,0442,0443,025-180,V/3
